sku,titulo,variante,Unidad,Unidades x dosis,contenido,dosis_totales,confianza,fuente,evidencia
VHMX00007,"Vitamina D-3 5000 UI Alta Potencia| Apoya sistema inmune y huesos | 30, 120 y 240 Cápsulas Blandas",30 cápsulas,Softgels,1,30,30,alta,texto,Tomar 1 cápsula blanda
VHMX00009,"Vitamina D-3 5000 UI Alta Potencia| Apoya sistema inmune y huesos | 30, 120 y 240 Cápsulas Blandas",240 cápsulas,Softgels,1,240,240,alta,texto,Tomar 1 cápsula blanda
VHMX00018,Vitamina D-3 Líquida de NOW Foods | Apoyo para la función Ósea y Sistema Inmune | 59ml,59ml,Gotas,4,59,132,alta,imagen,etiqueta: Serving Size 4 Drops (approx. 0.112 mL); 59ml / 0.448ml por serving ≈ 132 porciones
VHMX00024,Citrato de Magnesio 400 mg de NOW Foods | Apoyo al Sistema Nervioso y Energía | 90 Y 120 cápsulas vegetarianas,90 Cápsulas,Cápsulas vegetales,3,90,30,alta,texto,Tomar 3 cápsulas vegetales
VHMX00023,Citrato de Magnesio 400 mg de NOW Foods | Apoyo al Sistema Nervioso y Energía | 90 Y 120 cápsulas vegetarianas,120 Cápsulas,Cápsulas vegetales,3,120,40,alta,texto,Tomar 3 cápsulas vegetales
VHMX00332,"Mezcla de Electrolitos con Vitaminas Esenciales Hydration I.V. de Trace Minerals |  Hidratación Eficaz y Rápida, Bajo en",256g,Sticks,1,256,16,alta,imagen,etiqueta: Serving Size 1 packet (16g); 256g ÷ 16g = 16 porciones
VHMX00382,Berberina 400mg de Swanson | Apoyo del Sistema Cardiovascular y Metabólico | 60 cápsulas vegetales,60 cápsulas,Cápsulas,1,60,60,alta,texto,Tomar 1 cápsula
VHMX00010,"Vitamina D-3 2000 UI de NOW Foods | Fortalecimiento Óseo y del Sistema Inmune | 30, 120 y 240 cápsulas blandas",30 cápsulas,Softgels,1,30,30,alta,texto,Tomar 1 cápsula blanda
VHMX00011,"Vitamina D-3 2000 UI de NOW Foods | Fortalecimiento Óseo y del Sistema Inmune | 30, 120 y 240 cápsulas blandas",120 Cápsulas,Softgels,1,120,120,alta,texto,Tomar 1 cápsula blanda
VHMX00012,"Vitamina D-3 2000 UI de NOW Foods | Fortalecimiento Óseo y del Sistema Inmune | 30, 120 y 240 cápsulas blandas",240 Cápsulas,Softgels,1,240,240,alta,texto,Tomar 1 cápsula blanda
VHMX00013,Vitamina D2 1000 UI de NOW Foods | Apoyo para Huesos y Sistema Inmunológico |  120 Cápsulas vegetarianas,120 cápsulas,Cápsulas,1,120,120,alta,texto,Tomar 1 cápsula vegetal
VHMX00017,Vitamina D3 10.000 UI de NOW Foods | Apoyo del Sistema Inmunitario y Ósea | 240 cápsulas blandas,240 Cápsulas,Cápsulas,1,240,240,alta,texto,Tomar 1 cápsula
VHMX00471,"Beta Alanina, L-Citrulina y Rhodiola, 287.5g de Humble | Pre - Entrenamiento con Energía y Enfoque | 25 servicios",287.5g,Medidas,1,287.5,25,alta,imagen,"etiqueta: Serving Size 11.5 Grams (Approx. 1 Scoop), Servings Per Container 25; contenido corregido a 287.5g"
VHMX00472,"Vitamina C Liposomal 1,450 mg de Humble | Absorción Mejorada y Fortalece el Sistema Inmune | 60 cápsulas vegetales",60 cápsulas,Cápsulas,2,60,30,alta,texto,Tomar 2 cápsulas
VHMX00473,"Glicinato de Magnesio 400 mg de Humble | Alta Absorción, Relajación Muscular | 60 Cápsulas",60 cápsulas,Cápsulas,2,60,30,alta,texto,Tomar 2 cápsulas
VHMX00474,Probióticos 60 Mil Millones UFC + Prebióticos + Enzimas Digestivas de Humble | Bienestar Digestivo | 30 Cápsulas,30 cápsulas,Cápsulas,1,30,30,alta,texto,Tomar 1 cápsula
VHMX00475,EPA 625 mg - DHA 244 mg | Aceite de Pescado Molecularmente Destilado 1360mg de Humble | Apoyo Cardiovascular y Cognitivo,60 cápsulas,Softgels,1,60,60,alta,texto,Tomar 1 cápsula blanda
VHMX00476,"Multivitamínico Infantil con Vitaminas A, C, D, Zinc, Biotina de Humble - Better Bears | Apoyo Inmunológico y Energía | ",60 gomitas,Gomitas,60,60,1,alta,texto,tomar Multivitamínico Better Bears de Humble 60 gomitas
VHMX00477,"Colágeno Multi con Vitaminas C, Biotina, Silicio y Ácido Hialurónico de Humble | Apoyo para Uñas, Cabello y Piel | 60 go",60 gomitas,Gomitas,2,60,30,alta,texto,Tomar 2 gomitas
VHMX00210,Vitamina D3 125mcg 5000 UI de Life Extension | Fortalece el Sistema Óseo y el Sistema Inmunológico  | 60 cápsulas blanda,60 cápsulas,Softgels,1,60,60,alta,texto,Tomar 1 cápsula blanda
VHMX00019,Vitamina D3 5000 UI de NOW Foods | Apoyo para la función Ósea y Sistema Inmunitario | 120 gomitas masticables vegetarian,120 gomitas,Tabletas masticables,1,120,120,alta,imagen,etiqueta: Serving Size 1 Chewable Tablet; 120 tabletas → 120 porciones
VHMX00211,NAD suplemento | NAD + regenerador celular 100 mg de Life extension | Regeneración celular - Longevidad y Vitalidad | 30,30 cápsulas,Cápsulas,1,30,30,alta,texto,Tomar 1 cápsula
VHMX00020,"Vitamina D-3 50,000 UI de NOW Foods - Máxima Potencia Soporte Estructural, No-GMO | Fortalece el sistema inmunológico | ",50 cápsulas,Cápsulas,1,50,50,alta,texto,Tomar 1 cápsula
VHMX00021,"Vitamina D-3 & K-2, 1000 IU - 45 mcg de NOW Foods - Apoyo para la función ósea, cardiovascular y absorción de calcio | 1",120 cápsulas,Cápsulas,1,120,120,alta,texto,Tomar 1 cápsula vegetal
VHMX00212,"Metilcobalamina, Vitamina B12 de 1mg Life Extension | Apoyo de la función cardiovascular y formación de glóbulos rojos |",60 cápsulas,Tabletas,1,60,60,alta,imagen,etiqueta: Serving Size 1 Vegetarian Lozenge (pastilla/lozenge = tableta); 60 unidades → 60 porciones
VHMX00022,"Mega D-3 5000 IU y MK-7 180 mcg, Vitaminas D-3 y K-2 de NOW Foods para Huesos y Sistema Cardiovascular | 60 Cápsulas Veg",60 Cápsulas,Cápsulas,1,60,60,alta,texto,Tomar 1 cápsula vegetal
VHMX00025,"Probiótico-10, 25 Mil Millones, 10 Cepas Probióticas de NOW Foods | 30 y 50 Cápsulas Vegetales",30 cápsulas,Cápsulas,1,30,30,alta,texto,Tomar 1 cápsula vegetal
VHMX00026,"Probiótico-10, 25 Mil Millones, 10 Cepas Probióticas de NOW Foods | 30 y 50 Cápsulas Vegetales",50 cápsulas,Cápsulas,1,50,50,alta,texto,Tomar 1 cápsula vegetal
VHMX00213,Complejo de Vitaminas B  enzimáticamente activo de Life Extension | Proporciona energía y Vitalidad | 60 cápsulas vegeta,60 cápsulas,Cápsulas,2,60,30,alta,texto,Tomar 2 cápsulas
VHMX00214,NAC (N-Acetil-L-Cisteína) 600mg de Life Extension | Apoya la desintoxicación del hígado | 60 cápsulas vegetales,60 cápsulas,Cápsulas,1,60,60,alta,texto,Tomar 1 cápsula
VHMX00215,"Multivitamínico con Colina, Ácido fólico, DHA + vitaminas y minerales de Life Extension | Nutrientes para la mamá y los ",120 cápsulas,Cápsulas,4,120,30,alta,texto,Tomar 4 cápsulas
VHMX00585,"Ginkgo Biloba 590mg en Gotas de Mary Ruth's 0.5ml por porción | Diseñado para apoyar la función cerebral, promover una c",60 ml,ml,0.5,60,120,alta,imagen,"etiqueta: Serving Size 0.5 mL, Servings Per Container About 60; dosis_totales corregido a 120 (60ml ÷ 0.5ml)"
VHMX00620,"Sauco (Elderberry) 35mg para bebés de Mary Ruth's | Poder antioxidante y antiviral de los arándanos y saúco, fórmula que",30 ml,Gotas,7,30,128,alta,imagen,"etiqueta: Serving Size 7 Drops (0.23 mL), Servings Per Container 128; corregido desde ml/dosis=30 incorrecto"
VHMX00535,Prenatal DHA - Omega 3 + VitD | Suplemento | Desarrollo Neurológico,90 capsulas,Softgels,2,90,45,alta,imagen,"etiqueta: Serving Size 2 Soft Gels, Servings Per Container 45"
VHMX00536,DHA 830 mg de Nordic Naturals | Esencial para la función cardiovascular y cognitiva | 90 cápsulas blandas sabor Fresa,90 cápsulas,Cápsulas,2,90,45,alta,texto,Tomar 2 cápsulas
VHMX00537,"Omega 3 1280mg de Nordic Naturals | Apoyo de la función Cerebral, Ocular y Cardiovascular | 60 cápsulas blandas sabor Li",60 cápsulas,Softgels,2,60,30,alta,texto,Tomar 2 cápsulas blandas
VHMX00538,"Omega 3 2840mg de Nordic Naturals | Apoyo de la función Cerebral, Ocular y Cardiovascular | 119ml sabor Limón",119 ml,Cucharaditas,1,119,24,alta,imagen,"etiqueta: Serving Size 1 Teaspoon (5 mL), Servings Per Container 24"
VHMX00539,"Daily Omega Kids | Suplemento | Salud Cerebral, Ocular, Cardiovascular",30 capsulas / Fresa,Softgels,1,30,30,alta,imagen,"etiqueta: Serving Size 1 Soft Gel, Servings per container 30"
VHMX00540,"Omega-3 690 mg de Nordic Naturals | Apoyo para la función Cerebral, Ocular y cardiovascular | 120 cápsulas blandas sabor",120 capsulas,Softgels,2,120,60,alta,texto,Tomar 2 cápsulas blandas
VHMX00541,"Omega-3 1560 mg de Nordic Naturals | Apoyo de la función Cerebral, Ocular y Cardiovascular | 237ml sabor a limón",237 ml,Cucharaditas,1,237,48,alta,imagen,"etiqueta: Serving Size 1 Teaspoon (approx 5 mL), Servings Per Container 48"
VHMX00542,Omega-3 - Gomitas 82mg de Nordic Naturals | Promueve la función cardiovascular  y cognitiva en niños | 60 gomitas sabor,60 gomitas,Gomitas,2,60,30,alta,imagen,"etiqueta: Serving Size 2 Gummies, Servings per container 30"
VHMX00543,Omega-3 1660 mg DHA Xtra Nordic Naturals | Apoya el desarrollo y mantenimiento cerebral | 60 cápsulas,60 capsulas / Fresa,Softgels,2,60,30,alta,texto,Tomar 2 cápsulas blandas
VHMX00216,Cromo Optimizado con Crominex® 3+ 500 mcg de Life Extension | Contribuye en el aumento a la sensibilidad a la insulina |,60 cápsulas,Cápsulas,1,60,60,alta,texto,Tomar 1 cápsula
VHMX00217,Citrato de Magnesio 100mg de Life Extension | Apoyo Cardiovascular y Muscular | 100 cápsulas vegetarianas,100 cápsulas,Cápsulas,1,100,100,alta,texto,Tomar 1 cápsula
VHMX00218,"Extracto de Ashwagandha Optimizada 125mg de Life Extension | Ayuda a reducir el estrés y la ansiedad, contribuyendo al d",60 cápsulas,Cápsulas,1,60,60,alta,texto,Tomar 1 cápsula
VHMX00219,Litio 1000 mcg de Life Extension | Apoyo de la función Cerebral y Cognitiva | 100 cápsulas vegetales,100 cápsulas,Cápsulas,1,100,100,alta,texto,Tomar 1 cápsula
VHMX00220,Folato Optimizado 1700 mcg DFE de Life Extension  | Promueve el bienestar durante el embarazo | 100 cápsulas vegetariana,100 cápsulas,Tabletas vegetales,1,100,100,alta,imagen,etiqueta: Serving Size 1 Vegetarian Tablet; unidad corregida a Tabletas vegetales; 100 unidades → 100 porciones
VHMX00221,Súper Enzimas digestivas 140mg con Probióticos 10mg de Life Extension | Contribuye en la digestión y absorción de nutrie,60 cápsulas,Cápsulas,1,60,60,alta,texto,Tomar 1 cápsula vegetal
VHMX00222,Vitamina C 1000mg y Bio-Quercetina 15mg de Life Extension | Promueve la función del sistema inmunológico | 60 tabletas v,60 tabletas,Tabletas,1,60,60,alta,texto,Tomar 1 tableta
VHMX00223,Vitaminas D y K con Complejo de Yodo Marino de Life Extension | Fortalecimiento Óseo e Inmune | 60 cápsulas vegetarianas,60 cápsulas,Cápsulas,1,60,60,alta,texto,Tomar 1 cápsula
VHMX00224,DHEA 25mg de Life Extension | Fortalece el Sistema Inmune y Hormonal | 100 cápsulas vegetales,100 cápsulas,Cápsulas,1,100,100,alta,texto,Tomar 1 cápsula
VHMX00027,Probiótic-10 de NOW Foods | Apoya la digestión y absorción de nutrientes | 50 cápsulas,50 Cápsulas,Cápsulas,1,50,50,alta,texto,Tomar 1 cápsula vegetal
VHMX00028,"Probiótico 100 Mil Millones UFC con 10 Cepas Diferentes para el Cuidado Digestivo - NOW Foods | Libre de Lácteos, Soya y",30 cápsulas,Cápsulas,1,30,30,alta,texto,Tomar 1 cápsula
VHMX00030,Probiótico Femenino 20 Mil Millonesde NOW Foods | Ayuda a mantener el equilibrio de la flora vaginal | 50 Cápsulas Vegan,50 cápsulas,Cápsulas,1,50,50,alta,texto,Tomar 1 cápsula
VHMX00031,Omega 3 Molecularmente Destilado 1000 mg de Now Foods | Apoya la salud cardiovascular | 100 Cápsulas,100 Cápsulas,Softgels,2,100,50,alta,texto,Tomar 2 cápsulas blandas
VHMX00034,"Ultra Omega-3, Concentrado de Aceite de Pescado con 500 mg de EPA y 250 mg de DHA de NOW Foods | Apoyo Cardiovascular y ",90 Cápsulas,Cápsulas,1,90,90,alta,texto,Tomar 1 cápsula
VHMX00035,DHA 250 mg con EPA 125 mg de NOW Foods | Aceite de Pescado Molecularmente Destilado | Apoya la Función Cerebral y Cardio,120 cápsulas,Cápsulas,2,120,60,alta,texto,Tomar 2 cápsulas
VHMX00036,"DHA-500, 500 mg de DHA y 250 mg de EPA de NOW Foods | Soporte para la Función del Cerebro y Cardiovascular | 90 Cápsulas",90 Cápsulas,Softgels,1,90,90,alta,texto,Tomar 1 cápsula blanda
VHMX00037,Aceite de Kril Neptune 500 mg de NOW Foods| Apoyo Cardiovascular | 60 Cápsulas Blandas,60 cápsulas,Cápsulas,2,60,30,alta,texto,Tomar 2 cápsulas
VHMX00038,Ultra Omega-3 con Vitamina D-3 600 mg EPA - 300 mg DHA | Apoyo Cardiovascular | 90 y 180 Cápsulas Blandas,90 cápsulas,Cápsulas,1,90,90,alta,texto,Tomar 1 cápsula
VHMX00039,Ultra Omega-3 con Vitamina D-3 600 mg EPA - 300 mg DHA | Apoyo Cardiovascular | 90 y 180 Cápsulas Blandas,180 Cápsulas,Cápsulas,1,180,180,alta,texto,Tomar 1 cápsula
VHMX00042,Vitamina C-1000 con Bioflavonoides 100mg de Now Foods | Protección Antioxidante - Fortalece Sistema Inmunológico | 100 C,100 cápsulas vegetales,Cápsulas vegetales,1,100,100,alta,texto,Tomar 1 cápsula
VHMX00043,"Vitamina C (1,000 mg) y Zinc (15 mg) NOW Foods para el Apoyo Inmunológico | 90 y 180 Cápsulas Vegetales",90 cápsulas,Cápsulas,1,90,90,alta,texto,Tomar 1 cápsula vegetal
VHMX00044,"Vitamina C (1,000 mg) y Zinc (15 mg) NOW Foods para el Apoyo Inmunológico | 90 y 180 Cápsulas Vegetales",180  Cápsulas,Cápsulas,1,180,180,alta,texto,Tomar 1 cápsula vegetal
VHMX00225,Súper Omega-3 con EPA + DHA 2000mg de Life Extension | Promueve la función cerebral y cardiovascular | 240 cápsulas blan,240 cápsulas,Cápsulas,4,240,60,alta,texto,Tomar 4 cápsulas
VHMX00478,Alga DHA 100mg con Vitamina A 180mg y Luteína de Child Life | Apoya el desarrollo cognitivo en niños en crecimiento | 60,60 Cápsulas,Softgels,2,60,30,alta,imagen,"etiqueta: Serving Size 1 softgel; 2 softgels / Servings Per Container 60; 30 — tomado el máximo (2 softgels, 30 porciones)"
VHMX00226,Extracto de Cúrcuma 500mg de Life Extension | Apoyo de la función Cardiovascular | 60 cápsulas vegetarianas,60 cápsulas,Cápsulas,1,60,60,alta,texto,Tomar 1 cápsula
VHMX01204,BCAAs + Electrolitos + Antioxidantes de Quenut - Strength | Nutrición Deportiva | Apoyo Muscular - Recuperación | Presen,Mora | 500g,Medidas,1,500,50,alta,imagen,"etiqueta: Por porción 10g (1 scoop), 500g neto → 50 porciones"
VHMX01202,BCAAs + Electrolitos + Antioxidantes de Quenut - Strength | Nutrición Deportiva | Apoyo Muscular - Recuperación | Presen,Jamaica | 500g,Medidas,1,500,50,alta,imagen,"etiqueta: Por porción 10g (1 scoop), 500g neto → 50 porciones (misma fórmula que VHMX01204)"
VHMX01203,BCAAs + Electrolitos + Antioxidantes de Quenut - Strength | Nutrición Deportiva | Apoyo Muscular - Recuperación | Presen,Lychee | 500g,Medidas,1,500,50,alta,imagen,"etiqueta: Por porción 10g (1 scoop), 500g neto → 50 porciones (misma fórmula que VHMX01204)"
VHMX01205,BCAAs + Electrolitos + Antioxidantes de Quenut - Strength | Nutrición Deportiva | Apoyo Muscular - Recuperación | Presen,Naranja- Mandarina | 500g,Medidas,1,500,50,alta,imagen,"etiqueta: Por porción 10g (1 scoop), 500g neto → 50 porciones (misma fórmula que VHMX01204)"
VHMX00228,"Bone Restore de Life extension con Vitamina K2, D3, Magnesio, Calcio Restauración Ósea, Fortalecimiento de los Huesos | ",120 cápsulas,Cápsulas,4,120,30,alta,texto,Tomar 4 cápsulas
VHMX00229,Folato Bioactivo 680mcg y Vitamina B12 300mcg de Life Extension | Apoyo del Sistema Cardiovascular | 90 cápsulas vegetar,90 cápsulas,Cápsulas,1,90,90,alta,texto,Tomar 1 cápsula
VHMX00230,"Glutatión, Cisteína y Vitamina C de Life Extension | Promueve la fortaleza del sistema inmunológico  | 100 cápsulas vege",100 cápsulas,Cápsulas,1,100,100,alta,texto,Tomar 1 cápsula
VHMX00231,L-Glutamina 500mg de Life Extension | Promueve el bienestar digestivo y el sistema inmunológico | 100 cápsulas vegetales,100 cápsulas,Cápsulas,1,100,100,alta,texto,Tomar 1 cápsula
VHMX00232,"Súper Ubiquinol CoQ10 100mg de Life Extension | Apoyo de la función Cardiovascular, aumentando los niveles de energía | ",60 cápsulas,Softgels,1,60,60,alta,texto,Tomar 1 cápsula blanda
VHMX00479,"Vitamina D3, Calcio, Magnesio y Zinc en líquido de ChildLife Essentials | Apoya el desarrollo de huesos y dientes fuerte",473ml,Cucharadas,1,473,32,alta,imagen,"etiqueta: Serving Size 1 tsp (5mL); 2 tsp (10mL); 1 tbsp (15mL) / Servings Per Container 95; 47; 32 — tomado el máximo (1 tbsp = Cucharada, 32 porciones)"
VHMX00233,Extracto de Rhodiola 250mg de Life Extension | Contribuye a disminuir el estrés y ansiedad | 60 cápsulas vegetarianas,60 cápsulas,Cápsulas,1,60,60,alta,texto,Tomar 1 cápsula
VHMX00480,Raíz de Equinácea Orgánica para Niños de Child Life | Apoyo Inmunológico | 30ml - Fórmula líquida con sabor a naranja na,30ml,ml,0.5,30,60,alta,imagen,"etiqueta: Serving Size 0.25 mL; 0.5 mL / Servings Per Container 120; 60 — tomado el máximo (0.5 mL, 60 porciones)"
VHMX00234,Aceite de Comino Negro 500mg de Life Extension | Apoyo del Sistema Inmunitario con acción antioxidante | 60 cápsulas bla,60 cápsulas,Softgels,1,60,60,alta,texto,Tomar 1 cápsula blanda
VHMX00481,Zinc + Hierbas Naturales - Primera Defensa para Niños de Child Life | Apoyo Inmunológico - Fuerte y Equilibrado | Líquid,118 ml,Cucharaditas,1,118,24,alta,imagen,"etiqueta: Serving Size 1/2 tsp (2.5mL); 1 tsp (5mL). Servings Per Container: About 47; 24. Dosis máxima = 1 tsp, 24 porciones."
VHMX00235,"Vitamina D3 25mcg 1000 UI de Life Extension | Fortalecimiento de huesos, dientes y del sistema Inmunológico | 250 cápsul",250 cápsulas,Softgels,1,250,250,alta,texto,Tomar 1 cápsula blanda
VHMX00483,Hierro Líquido para niños de Child Life | Impulsa la formación de glóbulos rojos y el transporte de oxígeno - Energía |,118 ml,Cucharaditas,1,118,24,alta,imagen,"etiqueta: Serving Size 1/2 tsp (2.5mL); 1 tsp (5mL). Servings Per Container: About 47; 24. Dosis máxima = 1 tsp, 24 porciones."
VHMX00236,Melatonina líquida 3mg sabor citrus - vainilla de Life Extension  | Contribuye a promover un sueño y descanso reparador,59 ml,ml,1,59,59,alta,imagen,"etiqueta: Serving Size 1 mL, Servings Per Container About 59. Dosis y dosis_totales ya venían del batch, confirmadas."
VHMX00237,"L- Treonato de Magnesio 144mg Neuro-Mag - de Life Extension | Apoya la función neurológica, contribuyendo a la memoria y",90 cápsulas,Cápsulas,3,90,30,alta,texto,Tomar 3 cápsulas
VHMX00238,"Minerales traza, Zinc, Manganeso, Molibdeno de Life Extension |  Fortalece el Sistema Inmunitario | 90 cápsulas vegetari",90 cápsulas,Cápsulas,1,90,90,alta,texto,Tomar 1 cápsula
VHMX00239,Melissa Oficinalis y L-Teanina 300 mg de Life Extension | Contribuye en el alivio del estrés y la ansiedad | 30 Cápsulas,30 cápsulas,Cápsulas,1,30,30,alta,texto,Tomar 1 cápsula vegetal
VHMX00241,Creatina monohidratada 1000mg + Vitamina C 11mg de Life Extension | Fortalecimiento Muscular y Metabólico | 120 cápsulas,120 cápsulas,Cápsulas,2,120,60,alta,texto,Tomar 2 cápsulas
VHMX00243,MacuGuard® 173mg con Azafrán y Extracto de Grosella Negra Europea | Soporte Ocular y Visión con Luteína y Zeaxantina | 6,60 cápsulas,Softgels,1,60,60,alta,texto,Tomar 1 cápsula blanda
VHMX00244,Vitamina C 100mg + Bio-Quercetina 15mg de Life Extension | Promueve la fortaleza del sistema inmunológico | 250 cápsulas,250 cápsulas,Tabletas vegetales,1,250,250,alta,imagen,etiqueta: Serving Size 1 Vegetarian Tablet. Contenido 250 tabs. No indica servings per container pero dosis=1 → 250 totales. Unidad corregida de Tabletas a Tabletas vegetales.
VHMX00245,Curcumina Avanzada Elite 500mg de Life Extension | Apoyo Cardiovascular e Inmune que favorece la función celular | 30 cá,30 cápsulas,Softgels,1,30,30,alta,texto,Tomar 1 cápsula blanda
VHMX00246,"Vitamina C Liposomal 24 Horas 350mg con Lipo-Cmax 1000mg y Ascorbato de Calcio, Fórmula Hydrogel de Life Extension |  Ap",60 tabletas,Tabletas,1,60,60,alta,texto,Tomar 1 tableta
VHMX00045,Vitamina C Liposomal 1.000mg de NOW Foods | Defensas y Fortalecimiento del Sistema Inmune | 120 cápsulas vegetarianas,120 cápsulas,Cápsulas vegetales,2,120,60,alta,texto,Tomar 2 cápsulas vegetales
VHMX00048,NAC (N-Acetil Cisteína) 600 mg con Selenio y Molibdeno de NOW Foods - Protección contra Radicales Libres y Sistema Inmun,100 tabletas,Cápsulas vegetales,1,100,100,alta,imagen,etiqueta: Serving Size 1 Capsule. Other ingredients: Hypromellose (cellulose capsule) = cápsula vegetal. Unidad corregida de Cápsulas a Cápsulas vegetales.
VHMX00924,Magnesio ULTRA | Citrato + Glicinato + Oroato + Gluconato con Vitamina B6 de Vida Labs - Relajación Muscular y Reducción,60 cápsulas,Cápsulas,2,60,30,alta,texto,Tomar 2 cápsulas
VHMX00925,Probióticos Avanzados con Enzimas Digestivas de Wohl Laboratorios | Promueve el Bienestar intestinal  | 60 cápsulas vege,60 cápsulas,Cápsulas,2,60,30,alta,texto,Tomar 2 cápsulas
VHMX00049,"Extracto de Ginseng Panax, 1,000 mg de Now Foods | Mejora la concentración y el rendimiento cognitivo | 100 y 250 Cápsul",100 cápsulas,Cápsulas,2,100,50,alta,texto,Tomar 2 cápsulas
VHMX00050,"Extracto de Ginseng Panax, 1,000 mg de Now Foods | Mejora la concentración y el rendimiento cognitivo | 100 y 250 Cápsul",250 Cápsulas,Cápsulas,2,250,125,alta,texto,Tomar 2 cápsulas
VHMX00051,Vitamina B-12 5000mcg de NOW Foods - Apoyo para la función del Sistema Nervioso | 60 pastillas veganas,60 pastillas,Tabletas,1,60,60,alta,texto,Tomar 1 tableta
VHMX00926,"Ultra Omega 3 EPA y DHA de Vida Labs | Apoyo de la Función Cardiovascular y Reduce la Inflamación, Ayudando a Aliviar Do",30 cápsulas,Softgels,1,30,30,alta,imagen,etiqueta: Por porción: Una cápsula de softgel (1g). Porciones por envase: 30 cápsulas. Unidad corregida de Cápsulas a Softgels.
VHMX00053,Vitamina B12 2000 mcg de NOW Foods | Ayuda a favorecer al funcionamiento del sistema nervioso central | 100 pastillas ve,100 pastillas,Tabletas masticables,1,100,100,alta,texto,Tomar 1 tableta masticable
VHMX00054,Vitamina B12 Metilada 5000 mcg Now Foods con Folato | Soporte al Sistema Nervioso | 120 cápsulas,120 pastillas,Tabletas,1,120,120,alta,texto,Disolver 1 tableta
VHMX00930,"Citrato de Potasio 500mg de VidaLabs |  Apoya la función muscular, ayudando a prevenir calambres y favoreciendo la contr",60 cápsulas,Cápsulas,2,60,30,alta,texto,Tomar 2 cápsulas
VHMX00056,"Biotina 5,000 mcg de NOW Foods | Apoyo energético y fortalecimiento del cabello, piel y uñas | 60 cápsulas vegetales",60 cápsulas,Cápsulas,1,60,60,alta,texto,Tomar 1 cápsula
VHMX00057,Glicinato de Magnesio 200mg de NOW Foods | Soporte para el Sistema Nervioso | 180 Tabletas,180 cápsulas,Tabletas,2,180,90,alta,imagen,"etiqueta: Serving Size 2 Tablets, Servings Per Container 90. Dosis ya venía correcta del batch."
VHMX00059,"Enzimas BioCore® DPP IV 274 mg de NOW Foods, para la Digestión de Gluten y Cereales | Apoyo Gastrointestinal | 60 Cápsul",60 cápsulas,Cápsulas,1,60,60,alta,texto,Tomar 1 cápsula vegetal
VHMX00060,"CLA 800 mg Aceite Nutricional de Cártamo de NOW Foods, No GMO| Fuente de ácido linoleico conjugado no OGM | 90 Cápsulas ",90 cápsulas,Softgels,3,90,30,alta,texto,Tomar 3 cápsulas blandas
VHMX01011,Bisglicinato de Magnesio Quelado y Óxido de Magnesio Magno Complex Matter | Alta Biodisponibilidad | 100 Cápsulas,100 cápsulas,Cápsulas,1,100,100,alta,texto,Tomar 1 cápsula
VHMX01012,Bifidobacterium lactis B420™ Lactobacillus acidophilus NCFM® Extracto de Cáscara de Canela Probivos Lean Matter | 30 Cáp,30 cápsulas,Cápsulas,1,30,30,alta,texto,Tomar 1 cápsula
VHMX01013,Probióticos Glutamina Probivos Fem Matter 50 Billones de UFC | Bienestar Digestivo Femenino | 30 Cápsulas Vegetales,30 cápsulas,Cápsulas,1,30,30,alta,texto,Tomar 1 cápsula
VHMX01014,Complejo B con Metil Folato (Quatrefolic®) y Vitamina B12 Besties Matter | Energía y Bienestar Diario | 60 Cápsulas Vege,60 cápsulas,Cápsulas,1,60,60,alta,texto,Tomar 1 cápsula
VHMX01015,Enzimas Digestivas con TCM y Cúrcuma Multizyme Matter 750 mg,100 cápsulas,Cápsulas,1,100,100,alta,texto,Tomar 1 cápsula
VHMX01016,"Fórmula Exclusiva con ALA, I3C, NAC, Vitamina C, Vitamina E, Selenio y Glicina 860mg - Antioxidantes Megantiox Matter | ",60 cápsulas,Cápsulas,1,60,60,alta,texto,Tomar 1 cápsula
VHMX01017,"Inositol, Vitaminas y Minerales Diaria Matter Fem 890 mg | Bienestar Femenino Diario | 60 Cápsulas vegetales",60 cápsulas,Cápsulas,1,60,60,alta,texto,Tomar 1 cápsula
VHMX01018,Glutatión Setria y AstraGin Forever Young  Matter | Protección Antioxidante y Energía Celular | 45 Cápsulas vegetales,45 cápsulas,Cápsulas,1,45,45,alta,texto,Tomar 1 cápsula
VHMX01019,"Gomitas con Fibra, Vitaminas y Minerales Quelados Diaria Kids Matter Sabor Cereza Natural | Bienestar Infantil Diario | ",60 gomitas,Gomitas,2,60,30,alta,texto,Tomar 2 gomitas
VHMX01020,Citrato de Magnesio Quelado Magno-Cit Matter 820 mg | Bienestar Muscular y Nervioso | 120 Cápsulas Vegetales,120 cápsulas,Cápsulas,1,120,120,alta,texto,Tomar 1 cápsula
VHMX01021,Palmitato de Retinol Vitamina A 2500 UI Retinol-A Matter 60 ml | Apoyo para la Salud de la Piel,60 ml,Gotas,1,60,1200,alta,imagen,"etiqueta: Tamaño de la porción 1 gota (0.05ml). Porciones por envase: 1200. Unidad confirmada = Gotas, dosis confirmada = 1."
VHMX01022,"NutroxSun, Astaxantina y Genisteína Buddy Sun Matter 757 mg | Protección Solar y Salud de la Piel | 60 Cápsulas Vegetale",60 cápsulas,Cápsulas,1,60,60,alta,texto,Tomar 1 cápsula
VHMX00812,"Vitamina A, C, D, Betaglucanos y Zinc 4g Pro D-Fence de Súluu | Fortalece el Sistema Inmunológico, Ayudando en la Recupe",60 gomitas,Gomitas,2,60,30,alta,texto,Tomar 2 gomitas
VHMX00813,"Ácido fólico, Vitaminas y Minerales Prenacim 4g de Súluu | Bienestar femenino, fortalece el sistema inmunológico | 240g ",60 gomitas,Gomitas,2,60,30,alta,texto,Tomar 2 gomitas
VHMX00814,"Vitaminas A, C, D, E, Calcio, Magnesio, Yodo, Zinc, Inositol, Vitaminas del complejo B - Multivitamínico para niños 4g d",60 gomitas,Gomitas,2,60,30,alta,imagen,etiqueta: Tamaño de porción 2 gomitas (4g c/u). Porciones por envase: 30. Corregido: unidad era Gramos y dosis era 4 (gramos); en realidad son 2 gomitas de 4g c/u.
VHMX00815,"Vitaminas del complejo B, Calcio, Hierro y Vitamina C, D y K 4g de Súluu | Diseñado con el fin de promover la fortaleza ",60 gomitas,Gomitas,2,60,30,alta,texto,Tomar 2 gomitas
VHMX00816,"Cafeína natural + Taurina + Vitaminas y Minerales 4g Bolt Boost de Súluu | Aumento del Rendimiento Físico, Potenciando l",60 Gomitas,Gomitas,2,60,30,alta,texto,Tomar 2 gomitas
VHMX00817,"Manzanilla + L-Teanina + Magnesio y Zinc 4g Multivitamínico Relaha de Súluu | Ayuda a reducir el estrés y la ansiedad, p",60 Gomitas,Gomitas,2,60,30,alta,texto,Tomar 2 gomitas
VHMX00818,"Luteína + Betacarotenos + Vitamins y Minerales 4g Luz Azul de Súluu | Contribuye a la reducción del estrés ocular, mante",60 gomitas,Gomitas,2,60,30,alta,texto,Tomar 2 gomitas
VHMX00819,"Extracto de Té Verde  Vitaminas y Minerales 4g Neuro Focus Nootrópico de Súluu | Promueve la función cognitiva, contribu",60 gomitas,Gomitas,2,60,30,alta,texto,Tomar 2 gomitas
VHMX00820,"Vitamina A, C, E + Biotina, Selenio y Zinc 4g Beau de Súluu | Ayuda a mejorar la elasticidad, tonificación y aspecto gen",60 gomitas,Gomitas,2,60,30,alta,texto,Tomar 2 gomitas
VHMX00821,"GABA + Magnesio + Pasiflora y Manzanilla 4g Media Luna de Súluu | Promueve un sueño profundo y reparador, actuando sobre",60 Gomitas,Gomitas,2,60,30,alta,texto,Tomar 2 gomitas
VHMX00544,"Betaína HCI de Acción Rápida con Extracto de Higo Chumbo y Hoja de Olivo, Enzimas Veganas de Enzymedica para la Digestió",60 cápsulas,Cápsulas,2,60,30,alta,texto,Tomar de 1 a 2 cápsulas
VHMX00545,Candidase™  (equivalente Candida Support) Enzimas Digestivas + Probióticos de Enzymedica -Fuerza Extra | Diseñado para p,42 cápsulas,Cápsulas,1,42,42,alta,texto,Tomar 1 cápsula
VHMX00920,50 Billones Probióticos + Prebióticos Bioflora | Suplemento  | Salud Digestiva,35 cápsulas,Cápsulas,1,35,35,alta,texto,Tomar 1 cápsula
VHMX00921,30 Billones Probióticos + Prebióticos con Vitamina C 426mg de Bioflora | Ayuda a restaurar la flora intestinal | 35 cáps,35 cápsulas,Cápsulas,1,35,35,alta,texto,Tomar 1 cápsula
VHMX00922,Probióticos + Prebióticos 20 Billones de UFC 430mg WOMAN de Bioflora | Bienestar Digestivo Femenina | 35 Cápsulas Ácido,35 cápsulas,Cápsulas,1,35,35,alta,texto,Tomar 1 cápsula
VHMX00923,Probióticos + Prebióticos 20 Billones WOMAN CRANBERRY Bioflora | Apoya la función urinaria y previene infecciones | 60 c,60 cápsulas,Cápsulas,2,60,30,alta,texto,Tomar 2 cápsulas
VHMX00832,"Multivitamínico con Magnesio, Probióticos, Colágeno de Vitativa - Elemental | Apoyo Inmunológico + Energía | Presentació",Uva,Medidas,2,200,20,alta,imagen,"etiqueta (img_3): Tamaño de porción 2 Scoops diarios, dosis 5g c/u = 10g total. Contenido 200g → 200÷10 = 20 porciones."
VHMX00831,"Multivitamínico con Magnesio, Probióticos, Colágeno de Vitativa - Elemental | Apoyo Inmunológico + Energía | Presentació",Fresa - limon,Medidas,2,200,20,alta,imagen,"mismo producto que VHMX00832 (Elemental Vitativa), variante Fresa-limón. Tabla confirmada en VHMX00832 img_3: 2 scoops de 5g = 10g, 200g envase → 20 porciones."
VHMX00833,"Multivitamínico con Magnesio, Probióticos, Colágeno de Vitativa - Elemental | Apoyo Inmunológico + Energía | Presentació",Naranja y Mandarina,Medidas,2,200,20,alta,imagen,"mismo producto que VHMX00832 (Elemental Vitativa), variante Naranja y Mandarina. Tabla confirmada en VHMX00832 img_3: 2 scoops de 5g = 10g, 200g envase → 20 porciones."
VHMX00839,"Citrato de Magnesio y Potasio, Multivitamínico con Aminoácidos de Vitativa - Vulcano Metabolic | Diseñado para contribui",Fresa,Medidas,2,300,30,alta,imagen,"etiqueta (img_3): Tamaño de porción 2 Scoops diarios, dosis 5g c/u = 10g total. Contenido 300g → 300÷10 = 30 porciones. Variante Fresa."
VHMX00840,"Citrato de Magnesio y Potasio, Multivitamínico con Aminoácidos de Vitativa - Vulcano Metabolic | Diseñado para contribui",Uva,Medidas,2,300,30,alta,imagen,"etiqueta (img_3): idéntica a VHMX00839. Tamaño de porción 2 Scoops, 5g c/u = 10g. 300g → 30 porciones. Variante Uva."
VHMX00841,"Citrato de Magnesio y Potasio, Multivitamínico con Aminoácidos de Vitativa - Vulcano Metabolic | Diseñado para contribui",Naranja,Medidas,2,300,30,alta,imagen,"etiqueta (img_3): idéntica a VHMX00839. Tamaño de porción 2 Scoops, 5g c/u = 10g. 300g → 30 porciones. Variante Naranja."
VHMX00842,"Multivitamínico con Minerales, Aminoácidos, Hongos Adaptógenos para Hombres de Vitativa - Viggo Testo | Bienestar Mascul",Fresa,Medidas,2,230,23,media,imagen,"no hay imagen trasera con tabla nutrimental disponible. Misma línea Vitativa polvo, patrón 2 scoops de 5g = 10g inferido. Contenido 230g → 23 porciones calculadas (230÷10). Variante Fresa."
VHMX00843,"Multivitamínico con Minerales, Aminoácidos, Hongos Adaptógenos para Hombres de Vitativa - Viggo Testo | Bienestar Mascul",Uva,Medidas,2,230,23,media,imagen,"no hay imagen trasera con tabla nutrimental disponible. Misma línea Vitativa polvo, patrón 2 scoops de 5g = 10g inferido. Contenido 230g → 23 porciones calculadas (230÷10). Variante Uva."
VHMX00844,"Multivitamínico con Minerales, Aminoácidos, Hongos Adaptógenos para Hombres de Vitativa - Viggo Testo | Bienestar Mascul",Naranja,Medidas,2,230,23,media,imagen,"no hay imagen trasera con tabla nutrimental disponible. Misma línea Vitativa polvo, patrón 2 scoops de 5g = 10g inferido. Contenido 230g → 23 porciones calculadas (230÷10). Variante Naranja."
VHMX00546,Immune Defense™ de Enzymedica | Refuerza la función del sistema inmune | 90 cápsulas,90 cápsulas,Cápsulas,1,90,90,alta,texto,Tomar 1 cápsula
VHMX00547,"Fórmula Completa para la Digestión de Lácteos de Enzymedica, con Lactasa y Proteasa | Favorece la digestión de productos",30 cápsulas,Cápsulas,1,30,30,alta,texto,Tomar 1 cápsula
VHMX00548,"Fórmula Completa de Enzimas Digestivas de Enzymedica | para Soporte Digestivo Mejorado, con Amilasa, Proteasa, Lipasa y ",30 cápsulas,Cápsulas,1,30,30,alta,texto,Tomar 1 cápsula
VHMX00549,"Enzimas Digestivas Digest Basic de Enzymedica | Apoyo Suave para Digestión, Reducción de Gases e Hinchazón | 30 Cápsulas",30 cápsulas,Cápsulas,1,30,30,alta,texto,Tomar 1 cápsula
VHMX00551,Digest Gold™ Mezcla de enzimas + ATPro  de Enzymedica | Favorece la digestión | 45 cápsulas,45 cáps,Cápsulas,1,45,45,alta,texto,Tomar 1 cápsula
VHMX00552,"Enzimas digestivas y probióticos, Digest Gold™ + Probióticos Enzymedica | Apoyo Digestivo | 45 cápsulas",45 cápsulas,Cápsulas,1,45,45,alta,texto,Tomar 1 cápsula
VHMX00553,"Enzimas Digestivas Especializadas para Soporte en la Digestión de Gluten, Lactosa, Fenoles y Caseína de Enzymedica Diges",90 cápsulas,Cápsulas,2,90,45,alta,texto,Tomar 2 cápsulas
VHMX00554,"Enzimas digestivas, GlutenEase™  Extra Fuerte Enzymedica | Digestion del Gluten | 30 cápsulas",30 cápsulas,Cápsulas,1,30,30,alta,texto,Tomar 1 cápsula
VHMX00556,Enzimas Digestivas para Niños de Enzymedica | Apoyo Digestivo Suave Natural | 90 Tabletas Masticables Veganas y Kosher,90 tabletas,Tabletas,1,90,90,alta,texto,Masticar 1 tableta
VHMX02662,Enzimas Digestivas para Niños de Enzymedica | Apoyo Digestivo Suave Natural | 90 Tabletas Masticables Veganas y Kosher,60 tabletas,Tabletas,1,60,60,alta,texto,Masticar 1 tableta
VHMX00558,Enzimas Digestivas Avanzadas Lacto™ de Enzymedica para Intolerancia a la Lactosa y Caseína | Soporte Completo para la Di,30 cápsulas,Cápsulas,1,30,30,alta,texto,Tomar 1 cápsula
VHMX00559,Enzimas Digestivas Lypo Gold de Enzymedica con Lipasa de Alta Potencia para Digestión de Grasas y Apoyo Cardiovascular |,60 cápsulas,Cápsulas,1,60,60,alta,texto,Tomar 1 cápsula
VHMX00560,"Complejo de Enzimas, Zinc 2mg, L-Leucina 30mg de Enzymedica Acid Soothe | para Alivio de Acidez e Indigestión | 60 Table",60 tabletas,Tabletas,1,60,60,alta,texto,Masticar 1 tableta
VHMX00561,"Enzima Alfa Galactosidasa 300 GalU BeanAssist™  de Enzyedica | Ayuda a mantener un sistema digestivo equilibrado, reduci",30 cápsulas,Cápsulas,1,30,30,alta,texto,Tomar 1 cápsula
VHMX00484,Minerales y Multivitaminas con Inositol para Niños de Child Life | Apoya el crecimiento y desarrollo saludable | Fórmula,273 ml,Cucharaditas,3,273,18,alta,imagen,etiqueta: Serving Size 1 tsp (5mL); 2 tsp (10mL); 3 tsp (15mL). Servings Per Container: 47; 24. Dosis máxima = 3 tsp (niños 4+). 273ml ÷ 15ml = 18.2 ≈ 18 porciones.
VHMX00485,Vitamina D3 Orgánica 400 IU por gota de Child Life | Apoyo del Sistema Inmunitario para Niños | Liquido de 6.25 ml Sabor,6.25 ml,Gotas,2,25,100,alta,imagen,"etiqueta: Serving Size 1 Drop (0.03mL); 2 Drops (0.06mL). Servings Per Container: About 200; 100. Dosis máxima = 2 drops, 100 porciones."
VHMX00486,Vitamina K2 Orgánica 5mcg por gota de Child Life | Contribuye al desarrollo y fortalecimiento de los huesos | Liquido de,7.5 ml,Gotas,6,7.5,40,alta,imagen,"etiqueta: Serving Size 1 Drop (0.03 mL); 3 Drops (0.09 mL); 6 Drops (0.18 mL). Servings Per Container: About 240; 80; 40. Máximo = 6 gotas, 40 porciones."
VHMX00487,Omega 3 500mg por cápsula - Prenatal DHA de Child Life | Apoya el desarrollo cerebral del bebé y Proporciona ácidos gras,30 cápsulas,Cápsulas,1,30,30,alta,texto,Tomar 1 cápsula
VHMX00488,DHA Puro 90mg y EPA 60mg de Child Life | Apoyo de la función Cerebral - Cognitiva Infantil | 90 cápsulas blandas Sabor N,90 cápsulas,Softgels,9,90,10,alta,imagen,"etiqueta: Serving Size 3 softgels; 6 softgels; 9 softgels. Servings Per Container: 30; 15; 10. Máximo = 9 softgels, 10 porciones. Corregido unidad de Cápsulas a Softgels."
VHMX00489,"Passiflora, Melissa Officinalis, Valeriana, L-Teanina de Child Life - Sueño Esencial | Ayuda a la mejora del sueño y bue",59 ml,ml,3,59,20,alta,imagen,"etiqueta: Serving Size 1 mL; 2 mL; 3 mL. Servings Per Container: About 59; 30; 20. Máximo = 3 mL, 20 porciones."
VHMX00490,Vitamina C Líquida para niños de Child Life | Apoyo del Sistema Inmunológico | 118ml fórmula líquida con sabor a naranja,118 ml,Cucharaditas,2,118,12,alta,imagen,"etiqueta: Serving Size 1/4 tsp (1.25 mL); 1 tsp (5 mL); 2 tsp (10 mL). Servings Per Container: 94; 24; 12. Máximo = 2 cucharaditas, 12 porciones. Corregido unidad de ml a Cucharaditas."
VHMX00491,Vitamina D3 Líquida 500UI de Child'Life | Fortalece los huesos y Apoya el Sistema Inmunológico | Gotero de 30ml Sabor a,30ml,Gotas,8,30,115,alta,imagen,etiqueta: Serving Size 8 Drops. Servings Per Container: 115. Corregido unidad de ml a Gotas.
VHMX00492,"Zinc Plus Líquido de ChildLife | Favorece el crecimiento y desarrollo infantil, sistema inmune | 118 ml",118 ml,Cucharaditas,2,118,12,alta,imagen,"etiqueta: Serving Size 1/2 tsp (2.5 mL); 1 tsp (5 mL); 2 tsp (10 mL). Servings Per Container: About 48; 24; 12. Máximo = 2 cucharaditas, 12 porciones. Corregido unidad de ml a Cucharaditas."
VHMX00494,Hierbas Naturales - Jarabe para la tos para Niños de Child Life | Apoyo de la función Inmunitaria | Líquido de 118.5 ml,118.5 ml,Cucharaditas,2,118.5,,alta,imagen,Drug Facts (no Supplement Facts): Children 5-11 yrs: 1-2 teaspoons every 3 hrs. Máximo rango = 2 cucharaditas. Sin porciones totales declaradas. Batch traía dosis=1 corregido a 2 (máximo del rango).
VHMX00496,Probiótico 5 Mil Millones de UFC de Child Life | Refuerzo del Sistema Inmunológico y Soporte Digestivo Infantil | 30 tab,30 tabletas,Tabletas masticables,1,30,30,alta,imagen,etiqueta: Serving Size 1 Tablet. Servings Per Container: 30. Contiene xylitol y flavores — tableta masticable. Corregido unidad de Tabletas a Tabletas masticables.
VHMX00061,Acetil L-Carnitina 500 mg de Now Foods | Ayuda en la producción de energía celular| 200 Cápsulas Vegetales,200 cápsulas,Cápsulas,2,200,100,alta,texto,Tomar 2 cápsulas
VHMX00062,"Selenio 200 mcg de NOW Foods | Contribuye al fortalecimiento del sistema inmunológico | Mineral Esencial, Libre de Levad",90 cápsulas,Cápsulas,1,90,90,alta,texto,Tomar 1 cápsula vegetal
VHMX00063,"Fosfatidilserina, Colina e Inositol, 100 mg de NOW Foods | Mejora la Memoria y la Función Cerebral, Apoyo Cognitivo | 60",60 cápsulas,Cápsulas,1,60,60,alta,texto,Tomar 1 cápsula
VHMX00065,Calcio y Magnesio con Vitamina D-3 y Zinc de NOW Foods | Soporte para la Salud Ósea y Mejor Absorción | 120 Cápsulas Bla,120 cápsulas,Softgels,2,120,60,alta,texto,Tomar 2 cápsulas blandas
VHMX00066,"Saw Palmetto Ortiga Zinc, Licopeno de Now Foods | Apoyo para la prostáta | 90 cápsulas blandas, con 45 servicios",90 cápsulas,Softgels,2,90,45,alta,texto,Tomar 2 cápsulas blandas
VHMX00067,Citrato de Potasio 99 mg de NOW Foods | Apoyo al Balance Electrolítico y Contracción Muscular | 180 Cápsulas Veganas,180 cápsulas,Cápsulas,1,180,180,alta,texto,Tomar 1 cápsula
VHMX00068,"Ácido Pantoténico 500 mg - Vitamina B5 Complejo B de NOW Foods para el Metabolismo Celular, Producción de Energía y Apoy",100 cápsulas,Cápsulas,1,100,100,alta,texto,Tomar 1 cápsula
VHMX00069,"Ácido Gamma-Aminobutírico con Vitamina B6, GABA 500 mg de NOW Foods | Ayuda a equilibrar los niveles de estrés y favorec",100 cápsulas,Cápsulas,1,100,100,alta,texto,Tomar 1 cápsula
VHMX00070,Ácido Gamma-Aminobutírico 750 mg - NOW Foods | Apoyo para la Relajación y el Equilibrio del Sistema Nervioso | 100 y 200,100 cápsulas,Cápsulas,1,100,100,alta,texto,Tomar 1 cápsula vegetal
VHMX00071,Ácido Gamma-Aminobutírico 750 mg - NOW Foods | Apoyo para la Relajación y el Equilibrio del Sistema Nervioso | 100 y 200,200 Cápsulas,Cápsulas,1,200,200,alta,texto,Tomar 1 cápsula vegetal
VHMX00072,5-HTP 100 mg de Now Foods | Apoya la regulación del sueño | 60 y 120 cápsulas vegetales,60 cápsulas,Cápsulas,1,60,60,alta,texto,Tomar 1 cápsula
VHMX00073,5-HTP 100 mg de Now Foods | Apoya la regulación del sueño | 60 y 120 cápsulas vegetales,120 Cápsulas,Cápsulas,1,120,120,alta,texto,Tomar 1 cápsula
VHMX00074,SAMe 400 mg de NOW Foods - Apoyo al Sistema Nervioso | 60 Tabletas Veganas Pequeñas Estabilizadas,60 cápsulas,Tabletas,1,60,60,alta,imagen,"etiqueta: Serving Size 1 Tablet. Sin servings per container declarado, calculado: 60 ÷ 1 = 60."
VHMX00075,NAC N-Acetil Cisteína 1000 mg de NOW Foods - Protección Celular y Sistema Inmunológico | 120 tabletas veganas,120 tabletas,Tabletas,1,120,120,alta,texto,Tomar 1 tableta
VHMX00076,"Vitamina A 10,000 IU de NOW Foods - Apoya la Salud Ocular y Función Inmunológica Saludable | 100 Cápsulas blandas",100 cápsulas,Softgels,1,100,100,alta,texto,Tomar 1 cápsula blanda
VHMX00077,"Vitamina A 25,000 UI de NOW Foods - Soporte Ocular y Función Inmunitaria | 100 Cápsulas Blandas",100 cápsulas,Softgels,1,100,100,alta,texto,Tomar 1 cápsula blanda
VHMX00078,Vitamina B1 100 mg de NOW Foods | Apoyo para el Sistema Nervioso y Energetico | 100 tabletas veganas,100 cápsulas,Tabletas,1,100,100,alta,imagen,"etiqueta: Serving Size 1 Tablet. Sin servings per container declarado, calculado: 100 ÷ 1 = 100."
VHMX00080,Vitamina B6 100 mg NOW Foods | Apoyo Cardiovascular y Función Nerviosa | 100 Cápsulas Vegetarianas,100 cápsulas,Cápsulas,1,100,100,alta,texto,Tomar 1 cápsula vegetal
VHMX00081,Ácido Fólico 800 mcg con Vitamina B-12 de NOW Foods | Complejo de Vitamina B para Metabolismo de la Homocisteína | 250 T,250 cápsulas,Tabletas,1,250,250,alta,imagen,"etiqueta: Serving Size 1 Tablet. Sin servings per container declarado, calculado: 250 ÷ 1 = 250."
VHMX00273,Perlas Probióticas Inmunitarias 7mg + Lactoferrina 10mg de Nature's Way | Contribuye a reforzar el sistema inmunológico,30 cápsulas,Softgels,1,30,30,alta,texto,Tomar 1 cápsula blanda
VHMX00275,Fem V 400mg de Nature's Way | Apoyo para el bienestar del ciclo menstrual - Promueve el bienestar general | 100 y 320 cá,320 cápsulas,Cápsulas,1,320,320,alta,texto,Tomar 1 cápsula
VHMX00274,Fem V 400mg de Nature's Way | Apoyo para el bienestar del ciclo menstrual - Promueve el bienestar general | 100 y 320 cá,100 cápsulas,Cápsulas,1,100,100,alta,texto,Tomar 1 cápsula
VHMX00276,Aceite MCT Orgánico Coco de Nature's Way | Aumenta la Energía y la Resistencia | 480ml - 32 servicios,480ml,Cucharadas,1,480,32,alta,imagen,etiqueta: Serving Size 1 Tablespoon (15 mL). Servings per Container 32.
VHMX00277,"Omega-3, 500mg NutraVege de Nature's Way  | Apoyo de la función cardiovascular | 30 cápsulas blandas",30 cápsulas,Softgels,1,30,30,alta,texto,Tomar 1 cápsula blanda
VHMX00280,Extracto de Ashwagandha 500mg de Nature's Way  | Contribuye a reducir la ansiedad y el estrés | 60 cápsulas veganas,60 cápsulas,Cápsulas,1,60,60,alta,texto,Tomar 1 cápsula
VHMX00281,Resveratrol Mezcla Premium 650mg de Nature's Way | Proporciona una potente acción antioxidante y apoya la función cardio,60 cápsulas,Cápsulas,2,60,30,alta,texto,Tomar 2 cápsulas
VHMX00282,"Raíz de Valeriana 1590mg de Nature's Way  | Contribuye a aliviar la ansiedad y el estrés, promoviendo un sueño reparador",100 cápsulas,Cápsulas,3,100,33.3,alta,texto,Tomar 3 cápsulas
VHMX00283,Citrato de Calcio 500mg de Nature's Way  | Contribuye a fortalecer los huesos y las articulaciones | 100 cápsulas vegana,100 cápsulas,Cápsulas,2,100,50,alta,texto,Tomar 2 cápsulas
VHMX00284,"Gluconato de Hierro 18mg de Nature's Way  | Fortalece Sistema Inmune, contribuyendo a aumentar energía y reducir fatiga ",100 cápsulas,Cápsulas,1,100,100,alta,texto,Tomar 1 cápsula
VHMX00285,"Glicinato de Hierro Líquido 18mg de Nature's Way  | Contribuye a aumentar la energía y reduce la fatiga | 480ml, 32 serv",480ml,Cucharadas,1,480,32,alta,imagen,etiqueta: Serving Size 1 Tablespoon (Tbsp) (15 mL / ½ fl oz). Servings per Container 32.
VHMX00286,Mega DHA 1.000mg Omega 3 de Nature's Way | Apoya y promueve la función cognitiva y ocular | 60 cápsulas blandas,60 cápsulas,Cápsulas,2,60,30,alta,texto,Tomar 2 cápsulas
VHMX00082,"Metil Folato 1,000 mcg de NOW Foods | Apoya la salud neurológica y la división celular | 90 tabletas vegetales",90 cápsulas,Tabletas,1,90,90,alta,imagen,"etiqueta: Serving Size 1 Tablet. Sin servings per container declarado, calculado: 90 ÷ 1 = 90."
VHMX00083,"Metil Folato 5,000 mcg de NOW Foods | Apoya la salud neurológica y la división celular | 50 cápsulas vegetales",50 cápsulas,Cápsulas,1,50,50,alta,texto,Tomar 1 cápsula
VHMX00084,"Vitamina E-400 IU, D-Alfa Tocoferol, Derivado de Plantas de NOW Foods | Apoya la función inmune | 100 Cápsulas Blandas",100 cápsulas,Softgels,1,100,100,alta,texto,Tomar 1 cápsula blanda
VHMX00085,"Vitamina K-2 100 mcg de NOW Foods - Soporte Óseo, Forma Biológicamente Activa Menaquinona-4 (MK-4), Metabolismo del Calc",100 cápsulas,Cápsulas,1,100,100,alta,texto,Tomar 1 cápsula vegetal
VHMX00087,Berberina Soporte de Glucosa 400mg + MCT de NOW Foods | Apoyo al Metabolismo de la Glucosa | 90 cápsulas blandas,90 cápsulas,Softgels,1,90,90,alta,texto,Tomar 1 cápsula blanda
VHMX00088,"Complejo de Hierro con Vitamina C 50mg y Hierro Bisglicinato 27mg de NOW Foods | Fuente Bio-disponible, Ayuda con el Est",100 tabletas,Tabletas,1,100,100,alta,texto,Tomar 1 tableta
VHMX00089,"Minerales de Espectro Completo - Fórmula Multimineral para el  Sistema Óseo, con Alto Contenido de Calcio y Sin Hierro d",120 cápsulas,Cápsulas vegetales,2,120,60,alta,texto,Tomar 2 cápsulas vegetales
VHMX00094,"Aislado de Proteína de Suero con 25g de Proteína por Scoop | Apoyo Muscular, Sin Soya, Con BCAA de NOW Sport | 19 Servic",544g,Medidas,1,544,19,alta,imagen,etiqueta: Serving size 1 level scoop (28g). About 19 servings per container.
VHMX00095,MCT Oil 1000 mg de NOW Sports |Ideal para deportistas de alto rendimiento | 150 cápsulas blandas,150 cápsulas,Softgels,3,150,50,alta,texto,Tomar 3 cápsulas blandas
VHMX00096,"Aceite de MCT 100% triglicéridos de cadena media, 15 ml por cucharada | Termogénico con 32 servicios, sin sabor | 473 ml",473ml,Cucharadas,1,473,32,alta,imagen,etiqueta: Serving Size 1 Tablespoon (15 mL). Servings Per Container about 32.
VHMX00097,"Betaína HCl 648 mg de NOW Foods | Soporte Digestivo, Fórmula Vegetariana | 120 Cápsulas Vegetales",120 cápsulas,Cápsulas,1,120,120,alta,texto,Tomar 1 cápsula
VHMX00098,"Bromelina 2400 GDU/g – 500 mg de NOW Foods | Enzima Proteolítica Natural, Apoya Digestión Saludable y Confort Articular ",60 Cápsulas,Cápsulas,1,60,60,alta,texto,Tomar 1 cápsula
VHMX00099,"Bromelina 2400 GDU/g – 500 mg de NOW Foods | Enzima Proteolítica Natural, Apoya Digestión Saludable y Confort Articular ",120 Cápsulas,Cápsulas,1,120,120,alta,texto,Tomar 1 cápsula
VHMX00100,"Enzimas Digestivas, Pancreatina 2000mg de NOW Foods | Digestión de Proteínas, Grasas y Carbohidratos, | 100 Cápsulas veg",100 cápsulas,Cápsulas,1,100,100,alta,texto,Tomar 1 cápsula
VHMX00101,"NAC 1.000mg, Quercetina 500mg y Zinc 15mg de Now Foods -  para Soporte Inmunológico y Respiratorio | 90 Cápsulas Vegetal",90 cápsulas,Cápsulas vegetales,2,90,45,alta,texto,Tomar 2 cápsulas vegetales
VHMX00102,DMAE 250 mg (Dimetiletanolamina Bitartrato) de NOW Foods | Apoyo para la Producción de Neurotransmisores y Función Cogni,100 cápsulas,Cápsulas,1,100,100,alta,texto,Tomar 1 cápsula
VHMX00103,Extracto de Dopa Plus Estandarizado 800 mg con 15% L-Dopa de NOW Foods | Estimula la función cerebral | 90 Cápsulas Vega,90 cápsulas,Cápsulas vegetales,2,90,45,alta,texto,Tomar 2 cápsulas vegetales
VHMX00104,"Melatonina Líquida Extra Fuerza 3 mg, 59 ml de NOW Foods | Regula el Ciclo del Sueño",59ml,ml,0.9,59,66,alta,imagen,etiqueta: Serving Size 0.9 mL (approx. 1/4 teaspoon) (~20 drops). Servings Per Container about 66.
VHMX00106,Melatonina 5mg de NOW Foods para el Sueño y Descanso | 60 cápsulas Vegetales,60 cápsulas,Cápsulas,1,60,60,alta,texto,Tomar 1 cápsula
VHMX00107,"Melatonina Extra Fuerte 10 mg de NOW Foods |  Apoyo al Sueño Saludable, Proporciona apoyo antioxidante adicional | 100 C",100 cápsulas,Cápsulas,1,100,100,alta,texto,Tomar 1 cápsula
VHMX00109,"Dong Quai, Cohosh Negro, Soja de Now Foods | Apoyo para la Menopausia | 90 cápsulas vegetales, 30 servicios",90 cápsulas,Cápsulas,3,90,30,alta,texto,Tomar 3 cápsulas
VHMX00110,Dong Quai 520 mg de NOW Foods | Extracto de Raíz de Angelica Sinensis | Apoyo Hormonal y Menstrual | 100 Cápsulas Vegana,100 cápsulas,Cápsulas,2,100,50,alta,texto,Tomar 2 cápsulas
VHMX00136,"Mezcla de Enzimas Digestivas con Bromelina, Bilis de Buey, Pancreatina y Papaína de NOW Foods | Enzimas para la Absorció",90 cápsulas,Cápsulas,1,90,90,alta,texto,Tomar 1 cápsula
VHMX00112,Equinácea 400 mg Extracto de Raíz Púrpura de NOW Foods | Apoya el sistema inmunológico | 100 Cápsulas Vegetales,100 cápsulas,Cápsulas vegetales,2,100,50,alta,texto,Tomar 2 cápsulas vegetales
VHMX00113,Extracto de Chasteberry 300mg con Dong Quai  150mg de NOW Foods | Contribuye al equilibrio hormonal femenino | 90 Cápsul,90 cápsulas,Cápsulas,1,90,90,alta,texto,Tomar 1 cápsula
VHMX00114,Bisglicinato de Hierro 18 mg de NOW Foods | Suave y No Estriñe - Apoyo Energético e Inmunológico | 120 Cápsulas Vegetale,120 cápsulas,Cápsulas,1,120,120,alta,texto,Tomar 1 cápsula
VHMX00115,"Hierro Bisglicinato 36 mg de NOW Foods | Suave y Sin Estreñimiento, Hierro Doble Fuerza | 90 Cápsulas Vegetales",90 cápsulas,Cápsulas,1,90,90,alta,texto,Tomar 1 cápsula
VHMX00090,"Proteína de Chícharo Orgánica, Sin Lácteos ni Soya de NOW Sports | En sus presentaciones de 340,680 y 907g, Sin sabor y ",340gr Sin sabor,Medidas,1,340,10,media,imagen,"Imágenes del set muestran formato 907g con Serving size 1 level scoop (33g), ~27 servings. Para 340g calculado: 340 ÷ 33 ≈ 10 porciones. No se pudo ver etiqueta trasera específica de esta presentación."
VHMX00093,"Proteína de Chícharo Orgánica, Sin Lácteos ni Soya de NOW Sports | En sus presentaciones de 340,680 y 907g, Sin sabor y ",608 gr Sin sabor,Medidas,1,608,18,media,imagen,"Imágenes del set muestran formato 907g con Serving size 1 level scoop (33g), ~27 servings. Para 608g calculado: 608 ÷ 33 ≈ 18 porciones. No se pudo ver etiqueta trasera específica de esta presentación."
VHMX00091,"Proteína de Chícharo Orgánica, Sin Lácteos ni Soya de NOW Sports | En sus presentaciones de 340,680 y 907g, Sin sabor y ",907 gr Sin sabor,Medidas,1,907,27,alta,imagen,etiqueta: Serving size 1 level scoop (33g). About 27 servings per container. Presentación 907g confirmada en etiqueta.
VHMX00092,"Proteína de Chícharo Orgánica, Sin Lácteos ni Soya de NOW Sports | En sus presentaciones de 340,680 y 907g, Sin sabor y ",907 gr Vainilla Toffe,Medidas,1,907,27,alta,imagen,"etiqueta: Serving size 1 level scoop (33g), About 27 servings per container, NET WT. 2 LBS. (907g)"
VHMX00383,"Citrato de Potasio 99 mg de Swanson  | Apoya la función muscular, ayudando a prevenir calambres y mejorando el rendimien",120 cápsulas,Cápsulas,1,120,120,alta,texto,Tomar 1 cápsula
VHMX00384,"Ashwagandha 450mg de Swanson | Combate el estrés y la ansiedad, promoviendo el bienestar general | 100 cápsulas vegetale",100 Cápsulas,Cápsulas,1,100,100,alta,texto,Tomar 1 cápsula
VHMX00385,Complejo Triple de Magnesio 400mg de Swanson | Fortalecimiento óseo y dental - Aumenta energía y vitalidad | 120 cápsula,100 cápsulas,Cápsulas,1,100,100,alta,texto,Tomar 1 cápsula
VHMX00386,L-Arginina 500 mg de Swanson | Apoyo Cardiovascular y del Sistema Inmunológico | 100 cápsulas vegetales,100 cápsulas,Cápsulas,1,100,100,alta,texto,Tomar 1 cápsula
VHMX00387,"Vitamina D3 5000 UI 125mcg de Swanson | Apoya la absorción de calcio, asegurando que el cuerpo utilice eficientemente es",250 cápsulas,Softgels,1,250,250,alta,texto,Tomar 1 cápsula blanda
VHMX00388,"Melatonina de Triple Potencia 10mg de Swanson |  Ayuda a regular el ciclo del sueño, favoreciendo un ritmo circadiano sa",60 cápsulas,Cápsulas,1,60,60,alta,texto,Tomar 1 cápsula
VHMX00389,"Raíz de Rhodiola Rosea 400mg de Swanson | Aumenta la energía y la resistencia, ayudando a mejorar el rendimiento físico ",100 cápsulas,Cápsulas,1,100,100,alta,texto,Tomar 1 cápsula
VHMX00390,"Vitamina B12 500 mcg de Swanson |  Producción de energía, combatiendo la fatiga - Favorece la función cerebral, contribu",100 cápsulas,Cápsulas,1,100,100,alta,texto,Tomar 1 cápsula
VHMX00392,"Ultra 5-HTP 100mg de Swanson  | Proporciona un descanso reparador, que ayuda a la relajación y buen estado de ánimo | 60",60 cápsulas,Cápsulas,1,60,60,alta,texto,Tomar 1 cápsula
VHMX00393,"Inositol 650mg de Swanson | Promueve la función Cerebral y Cognitiva, apoyando al equilibrio emocional | 100 cápsulas ve",100 cápsulas,Cápsulas,1,100,100,alta,texto,Tomar 1 cápsula
VHMX00394,"Saw Palmetto 540mg de Swanson | Bienestar masculino, que apoya el equilibrio hormonal | 100 y 250 cápsulas vegetales",100 cápsulas,Softgels,1,100,100,alta,texto,Tomar 1 cápsula blanda
VHMX02655,"Saw Palmetto 540mg de Swanson | Bienestar masculino, que apoya el equilibrio hormonal | 100 y 250 cápsulas vegetales",250 cápsulas,Softgels,1,250,250,alta,texto,Tomar 1 cápsula blanda
VHMX00396,"Saw Palmetto 160 mg de Swanson | Bienestar masculino, ayuda a mantener una próstata saludable | 120 cápsulas vegetales",120 cápsulas,Cápsulas,1,120,120,alta,texto,Tomar 1 cápsula
VHMX00040,Super Omega 360 mg EPA + 240 mg DHA por cápsula de NOW Foods | Apoyo Cardiovascular | 240 Cápsulas blandas,240 cápsulas,Softgels,2,240,120,alta,texto,Tomar 2 cápsulas blandas
VHMX01286,"Test genético ""Gen Test"" de Nutrición + Envío",1 kit / Sin programa nutricional,N/A,,,,na,imagen,Test genético — no es consumible con porción
VHMX01287,Test genético de Skin Care + Envío,1 kit / Sin health-coaching,N/A,,,,na,imagen,Test genético — no es consumible con porción
VHMX00046,"Extracto de Ashwaganda 450mg de Now | Reduce Cortisol, Balance Hormonal| 90 Capsulas Vegetales",90 cápsulas,Cápsulas,1,90,90,alta,texto,Tomar 1 cápsula
VHMX00047,Extracto de Ashwagandha de Now Foods | Apoya el manejo del estrés ocasional | 59 ml,59ml,Goteros,1,59,59,alta,imagen,"etiqueta: Serving Size 1 Dropperful (approx. 1 mL), Servings Per Container about 59, 2 FL. OZ. (59 mL)"
VHMX00052,Metil B-12 1000mcg de Now Foods  | Apoyo al Sistema Nervioso - Contribuye en la función cognitiva y la memoria | 100 pas,100 pastillas,Tabletas masticables,1,100,100,alta,imagen,"etiqueta: Serving Size 1 Lozenge, 100 Lozenges — pastillas para chupar/masticar, no tabletas tragables"
VHMX00064,Candida Support de Now Ácido Caprílico 500mg + Pau D'Arco 300mg + Aceite de orégano 200mg | Contribuye a la función inte,90 cápsulas,Cápsulas,2,90,45,alta,texto,Tomar 2 cápsulas
VHMX00079,Vitamina B2 100 mg Riboflavina de NOW | Suplemento Alimenticio | Potencia la Energía,100 cápsulas,Cápsulas,1,100,100,alta,texto,Tomar 1 cápsula
VHMX00086,Bisglicinato de Magnesio de Now Foods | Apoya el funcionamiento del sistema nervioso | Polvos 227 gr,227g,Cucharaditas,1,227,91,alta,imagen,"etiqueta: Serving Size 1 Level Teaspoon (approx 2.5g), Servings Per Container about 91, NET WT. 8 OZ. (227g)"
VHMX00105,"Melatonina 1mg de Now Foods | Apoya el sistema nervioso y la relajación, Favorece un ciclo de sueño saludable | 100 Cáps",100 tabletas,Tabletas,1,100,100,alta,texto,Tomar 1 tableta
VHMX00108,"Soy Isoflavones de Now Foods | Favorece la salud cardiovascular, Apoya el equilibrio hormonal natural | 120 Cápsulas",120 cápsulas,Cápsulas,1,120,120,alta,texto,Tomar 1 cápsula
VHMX00111,Extracto de Equinácea de Now Foods | Apoyo al Sistema Inmune | 59 ml,59ml,Goteros,2,59,37,alta,imagen,"etiqueta: Serving Size 2 Droppersful (1.6 mL), Servings Per Container about 37, 2 FL. OZ. (59 mL)"
VHMX00497,Probiótico 5 Mil Millones de UFC con Calostro de Child Life - ChildBiotics  | Apoyo Inmunológico y Soporte Digestivo par,92 tabletas,Tabletas masticables,4,92,23,alta,imagen,"etiqueta: Serving Size 4 Tablets, Servings Per Container 23 — chewable tablets para niños, contenido 92 tabs"
VHMX00499,Aceite de hígado de bacalao para niños de Child Life | Favorece el desarrollo cerebral y cognitivo - Cardiovascular | Li,273ml,Cucharaditas,2,273,24,alta,imagen,"etiqueta: Serving Size 1/2 tsp / 1 tsp / 2 tsp; Servings 95/47/24 — dosis máxima (Children 4+ yrs) = 2 tsp, 24 servings"
VHMX00500,Multivitamínico + Zinc y Selenio en gomitas para niños de Child Life | Fortalece el Sistema Inmune | 27 cápsulas blandas,27 cápsulas,Gomitas,1,27,27,alta,imagen,"etiqueta: Serving Size 1 Tablet, Servings Per Container 27 — producto llamado 'SoftChew Gummies' en etiqueta; batch decía Cápsulas pero son gomitas masticables"
VHMX00501,"Vitamina C, D, Fruto de Saúco de Child Life | Diseñado para fortalecer el sistema inmunológico | 27 gomitas masticables ",27 gomitas,Gomitas,2,27,14,alta,imagen,"etiqueta: Serving Size 1 Tablet; 2 Tablets — max para teens 13+; Servings 27/About 14 — SoftChew Gummies; dosis máxima=2, ~14 porciones"
VHMX00398,"L-Glutamina 500mg de Swanson | Ayuda en la recuperación muscular, aumentando los niveles de energía | 100 cápsulas veget",100 cápsulas,Cápsulas,1,100,100,alta,texto,Tomar 1 cápsula
VHMX00400,DHEA 25mg de Swanson | Fortalecimiento Óseo y Promueve un envejecimiento saludable | 120 cápsulas vegetales,120 cápsulas,Cápsulas,1,120,120,alta,texto,Tomar 1 cápsula
VHMX00401,"Biotina 5000 mcg de Swanson| Promueve el Cuidado del Cabello, Piel y Uñas | 100 cápsulas vegetales",100 cápsulas,Cápsulas,1,100,100,alta,texto,Tomar 1 cápsula
VHMX00402,"Vitamina C con rosa mosqueta 500mg de Swanson |  Refuerza el sistema inmune, ayudando al cuerpo a defenderse contra enfe",100 cápsulas,Cápsulas,1,100,100,alta,texto,Tomar 1 cápsula
VHMX00403,"GABA + Melatonina Esencial para dormir con Valeriana y Pasiflora de Swanson | Proporciona un descanso y sueño reparador,",60 cápsulas,Cápsulas,1,60,60,alta,texto,Tomar 1 cápsula vegetal
VHMX00404,"Hongo Melena de León 500 mg de Swanson | Promueve la función cognitiva, la concentración y la memoria | 60 cápsulas vege",60 cápsulas,Cápsulas,1,60,60,alta,texto,Tomar 1 cápsula
VHMX00405,"Centella Asiática de Espectro Completo 435 mg de Swanson | Favorece la circulación saguínea, aumentando la energía y vit",60 cápsulas,Cápsulas,1,60,60,alta,texto,Tomar 1 cápsula
VHMX00407,Vitamina K2 100 mcg de Swanson | Esencial para la correcta coagulación sanguínea y para prevenir la calcificación arteri,30 cápsulas,Softgels,1,30,30,alta,texto,Tomar 1 cápsula blanda
VHMX00408,"Mezcla de Enzimas patentadas 28mg + Pancreatina 145mg y Bioperina 5mg de Swanson | Bienestar digestivo, ayuda a reducir ",60 cápsulas,Cápsulas,1,60,60,alta,texto,Tomar 1 cápsula
VHMX00410,Complejo de 14 Hongos Adaptógenos de Swanson | Soporte para la función del Sistema Inmunológico | 60 cápsulas veganas,60 cápsulas,Cápsulas,1,60,60,alta,texto,Tomar 1 cápsula vegetal
VHMX00411,Tongkat Ali 800mg por porción Swanson | Suplemento para Energía y Salud Hormonal,120 cápsulas,Cápsulas,2,120,60,alta,texto,Tomar 2 cápsulas
VHMX00412,"Extracto de Ginkgo Biloba estandarizado 30mg de Swanson | Promueve el funcionamiento cognitivo, concentración y memoria ",30 cápsulas,Cápsulas,1,30,30,alta,texto,Tomar 1 cápsula
VHMX00413,Betacaroteno Vitamina A 25.000 UI 7500mcg de Swanson | Contribuye a mejorar la visión y mantener una piel saludable | 10,100 cápsulas,Softgels,1,100,100,alta,texto,Tomar 1 cápsula blanda
VHMX00414,"Ácido Fólico 800 mcg de Swanson |  Fortalece el sistema inmunológico, vital para la producción celular y del ADN| 250 cá",250 cápsulas,Cápsulas,1,250,250,alta,texto,Tomar 1 cápsula
VHMX00416,"Vitaminas del complejo B + Colina + Inositol + PABA de Swanson | Apoya un metabolismo saludable, con energía y vitalidad",100 cápsulas,Cápsulas,1,100,100,alta,texto,Tomar 1 cápsula
VHMX00418,Vitaminas del complejo B + Colina + Inositol + PABA de Swanson | Promueve un metabolismo saludable con energía y vitalid,100 cápsulas,Cápsulas,1,100,100,alta,texto,Tomar 1 cápsula
VHMX00419,"Biotina 5000 mcg de Swanson | Promueve el cuidado del cabello, piel y uñas | 30 cápsulas vegetales",30 cápsulas,Cápsulas,1,30,30,alta,texto,Tomar 1 cápsula
VHMX00421,"Melatonina 3 mg de Swanson | Contribuye a reducir el insomnio, promoviendo un descanso reparador | 120 cápsulas vegetale",120 cápsulas,Cápsulas,1,120,120,alta,texto,Tomar 1 cápsula
VHMX00422,"Enzimas Digestivas 545mg de Swanson | Bienestar del Sistema Digestivo, aumentando la absorción de nutrientes  | 90 cápsu",90 tabletas,Tabletas,1,90,90,alta,texto,Tomar 1 tableta
VHMX00423,"NAC (N-Acetil Cisteína) 600 mg de Swanson |  Ayuda a aumentar los niveles de glutatión, un antioxidante crucial en el cu",100 cápsulas,Cápsulas,1,100,100,alta,texto,Tomar 1 cápsula
VHMX00426,Epic Pro 25 Probiótico 30mil millones UFC de Swanson | Ayuda a equilibrar la flora intestinal y brinda apoyo al sistema,30 cápsulas,Cápsulas,1,30,30,alta,texto,Tomar 1 cápsula vegetal
VHMX00430,Probiótico 7 cepas específicas 9.8 mil millones de UFC para Mujeres de Swanson | Ayuda a equilibrar la flora vaginal - P,60 cápsulas,Cápsulas,1,60,60,alta,texto,Tomar una cápsula
VHMX00116,L-Arginina 1000 mg de Now Foods | Contribuye en la recuperación muscular | 120 Tabletas,120 cápsulas,Tabletas,1,120,120,alta,imagen,etiqueta: Serving Size 1 Tablet — sin servings per container visible; calculado: 120 tabs ÷ 1 = 120 porciones
VHMX00117,L-Glutamina 500 mg de NOW Foods | Apoyo a Función Inmune | 120 Cápsulas Vegetales,120 cápsulas,Cápsulas,1,120,120,alta,texto,Tomar 1 cápsula
VHMX00118,L-Glutamina 1000 mg de NOW Sport - Apoya el sistema inmunológico | 120 cápsulas vegetales,120 cápsulas,Cápsulas,1,120,120,alta,texto,Tomar 1 cápsula
VHMX00120,Glutatión 500 mg con Extracto de Cardo Mariano y Ácido Alfa Lipoico de Now Foods | 30 y 60 Cápsulas Vegetales,30 Cápsulas,Cápsulas,1,30,30,alta,texto,Tomar 1 cápsula
VHMX00121,Glutatión 500 mg con Extracto de Cardo Mariano y Ácido Alfa Lipoico de Now Foods | 30 y 60 Cápsulas Vegetales,60 cápsulas,Cápsulas,1,60,60,alta,texto,Tomar 1 cápsula
VHMX00122,L-Tirosina 500 mg Aminoácido de Now Foods | Apoya la Capacidad de Respuesta al Estrés | 120 Cápsulas,120 cápsulas,Cápsulas,1,120,120,alta,texto,Tomar 1 cápsula
VHMX00123,L-Tirosina 750 mg Aminoácido de Now Foods | Apoya la Capacidad de Respuesta al Estrés | 90 Cápsulas,90 cápsulas,Cápsulas,1,90,90,alta,texto,Tomar 1 cápsula
VHMX00124,Aminoácido L-TPF 500 mg de NOW Foods | Mejora el Estado de Ánimo y el Sueño | 120 Cápsulas Veganas,120 cápsulas,Cápsulas,2,120,60,alta,texto,Tomar 2 cápsulas
VHMX00126,Colina 250 mg e Inositol 250 mg de NOW Foods | Apoya la Transmisión Nerviosa y el Metabolismo de Ácidos Grasos | 100 Cáp,100 cápsulas,Cápsulas,1,100,100,alta,texto,Tomar 1 cápsula
VHMX00127,"Inositol 500 mg para el Apoyo la Función  Celular de Now Foods | Cápsulas Vegetales, 100 Unidades",100 cápsulas,Cápsulas,1,100,100,alta,texto,Tomar 1 cápsula
VHMX00128,Inositol en Polvo 730 mg de Now Foods | Mantenimiento de la función celular y el equilibrio de calcio dentro de las célu,227g,Cápsulas vegetales,1,227,,media,imagen,"etiqueta visible: Serving Size 1 Veg Capsule, Inositol 500mg — CONTRADICE batch (unidad=Cucharaditas); las imágenes muestran frasco de cápsulas, no polvo. contenido en gramos no aplica a cápsulas — dosis_totales no determinable sin count de cápsulas"
VHMX00131,"Tribulus terrestris 1,000 mg + Calcio 130 mg de NOW Sports | Extracto Estandarizado, Doble Fuerza | 90 tabletas",90 cápsulas,Tabletas,1,90,90,alta,imagen,"etiqueta: Serving Size 1 Tablet, 90 TABLETS visible en frente; calculado 90 ÷ 1 = 90 porciones"
VHMX00135,Mezcla enzimática BioCore Optimum™ - Optimal Digestive System de NOW Foods | Favorece la absorción eficiente de nutrient,90 cápsulas,Cápsulas,2,90,45,alta,texto,Tomar 2 cápsulas
VHMX00140,"Enzimas vegetales, con lactasa, proteasa, papaína y bromelina de Now Foods | Apoya la digestión saludable | 120 cápsulas",120 cápsulas,Cápsulas,1,120,120,alta,texto,Tomar 1 cápsula
VHMX00142,Coenzima Q10 (CoQ10) 200 mg de NOW Foods | Apoyo Cardiovascular y Producción de Energía Celular | 60 cápsulas vegetales,60 cápsulas,Cápsulas,1,60,60,alta,texto,Tomar 1 cápsula vegetal
VHMX00144,"ForsLean, Super Citrimax, L-Carnitina y Té Verde - Apoyo Dietético de Now Foods | Energía Celular | 120 Cápsulas Vegetal",120 cápsulas,Cápsulas,2,120,60,alta,texto,Tomar 2 cápsulas
VHMX00145,"Extracto de plantas antioxidantes, Super Antioxidantes de  NOW Foods | Apoya la función cerebral y la memoria | 120 cáps",120 cápsulas,Cápsulas,2,120,60,alta,texto,Tomar 2 cápsulas
VHMX01178,"Colágeno Hidrolizado + Ácido Hialurónico con Antioxidantes, Vitaminas y Omegas 24g por porción de Silvia Strauss",1200g,Medidas,24,1200,50,alta,imagen,"etiqueta nutrimental: Tamaño de la Porción 24g, Porciones por envase 50; Cont. Neto 1,200g — unidad corregida a Medidas (scoop de polvo)"
VHMX01179,"Colágeno Hidrolizado + Ácido Hialurónico con Antioxidantes, Vitaminas y Omegas 24g por porción de Silvia Strauss",24g,Sticks,1,24,1,alta,imagen,"imagen del empaque: '20 sobres de 24gr' — variante es un solo stick/sobre de 24g; unidad=Sticks, dosis=1 sobre, contenido=24g, dosis_totales=1"
VHMX00147,"Resveratrol con extracto de vino tinto, 200 mg de NOW Foods | Favorece el Antienvejecimiento Celular | 60 cápsulas vegan",60 cápsulas,Cápsulas,1,60,60,alta,texto,Tomar 1 cápsula
VHMX00148,"Colesterol Pro™ con Bergamota 500mg y Policosanol 10mg de NOW Foods | Apoyo Cardiovascular, Niveles Saludables de Colest",120 tabletas,Tabletas,2,120,60,alta,texto,Tomar 2 tabletas
VHMX00149,Extracto de Boswellia 500 mg por porción + Cúrcuma | Respuesta Inmunitaria Equilibrada de NOW Foods | 120 cápsulas veget,120 cápsulas,Cápsulas,2,120,60,alta,texto,Tomar 2 cápsulas
VHMX00150,Extracto de Boswellia 500mg de NOW Foods | Apoya una respuesta inmune equilibrada | 90 cápsulas,90 cápsulas,Cápsulas,1,90,90,alta,texto,Tomar 1 cápsula
VHMX01180,"Proteína de origen vegetal Plant Based Vainilla, Silvia Strauss | Diseñado para apoyar la función y el desarrollo muscul",900g,Medidas,1,900,30,alta,imagen,"etiqueta nutrimental: Tamaño de la porción 30g (1 scoop), Porciones por envase 30; contenido 900g"
VHMX00151,Curcumina de Extracto de Cúrcuma 95% + Curcuminoides 665 mg por cápsula  de NOW Foods | Ayuda a mantener la salud articu,60 cápsulas,Cápsulas,1,60,60,alta,texto,Tomar 1 cápsula
VHMX01181,"Omega 3 EPA - DHA + Vitamina E 1400mg, Hello Vitality! Silvia Strauss | Apoyo Cardiovascular, Ocular y Cerebral con prop",100 cápsulas,Cápsulas,1,100,100,alta,texto,Tomar 1 cápsula
VHMX00153,Aceite de Orégano 181 mg de Now Foods| Contribuye al equilibrio de la flora intestinal | 90 cápsulas blandas,90 cápsulas,Softgels,1,90,90,alta,texto,Tomar 1 cápsula blanda
VHMX01182,Probióticos 60 Billones 11 Cepas 650mg Hello Gut Health! Silvia Strauss | Formulado para apoyar la función intestinal y,90 cápsulas,Cápsulas,2,90,45,alta,texto,Tomar 2 cápsulas
VHMX01183,"Vitamina D3 y K2 con Aceite de aguacate, Linaza y Germen de Trigo 650mg de Silvia Strauss | 110 cápsulas vegetales",110 cápsulas,Cápsulas,1,110,110,alta,texto,Tomar 1 cápsula
VHMX01184,Vitamina C Hello Radiance! Silvia Strauss | Refuerza el sistema inmune de forma natural | 100 cápsulas vegetales,100 cápsulas,Tabletas,2,100,50,alta,imagen,"etiqueta: Tamaño de la porción 2 cápsulas (2000mg), Porciones por envase: 100 cápsulas — frente dice '100 Tabletas | 600mg cada una'; dosis_totales=100÷2=50"
VHMX00247,Magnesio 500mg de Life Extension | Fortalecimiento Muscular y Apoyo Cardiovascular | 100 cápsulas vegetales,100 cápsulas,Cápsulas,1,100,100,alta,texto,Tomar 1 cápsula
VHMX00248,Súper Selenio 200mcg + Vitamina E de Life Extension | Apoya la función metabólica y cardiovascular | 100 cápsulas vegeta,100 cápsulas,Cápsulas vegetales,1,100,100,alta,texto,Tomar 1 cápsula vegetariana
VHMX00249,Zinc Caps de alta potencia 50mg de Life Extensión | Apoyo Cardiovascular y del Sistema Inmune | 90 cápsulas vegetarianas,90 cápsulas,Cápsulas,1,90,90,alta,texto,Tomar 1 cápsula
VHMX00250,Omega-3 con EPA - DHA 2000mg de Life Extension + Lignanos de Sésamo y Extracto de Oliva | Promueve la función cerebral y,60 cápsulas,Softgels,2,60,30,alta,texto,Tomar 2 cápsulas blandas
VHMX00251,NAD+ 300 mg con Resveratrol de Life Extension | Regenerador celular - Contribuye a aumentar y potenciar la energía y la,30 cápsulas,Cápsulas,1,30,30,alta,texto,Tomar 1 cápsula
VHMX00252,Extracto de Té Verde 725mg de Life Extension | Promueve la función Metabólica y Antioxidante | 100 cápsulas vegetales,100 cápsulas,Cápsulas,1,100,100,alta,texto,Tomar 1 cápsula
VHMX00255,Clovinol 250mg y Delphinol 200mg de Life Extension Protector Glucémico™ | Optimizado para regular glucosa después de las,30 cápsulas,Cápsulas,1,30,30,alta,texto,Tomar 1 cápsula
VHMX00256,Multivitamínico - Mezcla de fórmula para niños de Life Extension | Contribuye a reforzar el sistema inmunológico infanti,120 cápsulas,Tabletas masticables,2,120,60,alta,imagen,"etiqueta: Serving Size 2 Tablets, Servings Per Container 60; 120 tabs total"
VHMX00258,NAD+ Regenerador celular 300 mg de Life extension | Ayuda en la producción de energía celular y el funcionamiento óptimo,30 cápsulas,Cápsulas,1,30,30,alta,texto,Tomar 1 cápsula
VHMX00154,Extracto de Palma Enana Americana 320 mg de NOW Foods con aceite de semilla de calabaza | Soporte para la función de la,90 cápsulas,Softgels,1,90,90,alta,texto,Tomar 1 cápsula blanda
VHMX00155,Extracto de Bayas de Palma Enana Americana 550 mg de NOW Foods | Soporte para la Función de la Próstata | 100 Cápsulas V,100 cápsulas,Cápsulas vegetales,2,100,50,alta,texto,Tomar 2 cápsulas vegetales
VHMX00432,Vitamina C 1000 mg con Rosa Mosqueta Swanson  | Apoya el sistema inmunológico y ayuda en la absorción de hierro | 90 cáp,90 cápsulas,Cápsulas,1,90,90,alta,texto,Tomar 1 cápsula
VHMX00156,Rhodiola 500 mg - Adaptógeno Natural de NOW Foods | Extracto Estandarizado al 3% de Rosavinas | 60 Cápsulas Vegetales,60 cápsulas,Cápsulas,1,60,60,alta,texto,Tomar 1 cápsula
VHMX00436,L-Arginina 850 mg de Swanson |  Apoyo Cardiovascular y del Sistema Inmunológico que proporciona energía y resistencia |,90 cápsulas,Cápsulas,1,90,90,alta,texto,Tomar una cápsula
VHMX00157,"Hongos con Biomasa Micelial y Extracto de Astrágalo, 3.5 oz (99 g) de NOW Foods - Polvo Inmuno Renovador Vegano | Apoyo ",99g,Cucharaditas,1,99,47,alta,imagen,"etiqueta: Serving Size 1 Level Teaspoon (approx. 2.1g), Servings Per Container about 47; NET WT. 3.5 oz (99g)"
VHMX00158,"Aceite de Orégano 30ml, 100% Puro de NOW Foods Essential Oils | Aceite Esencial para Revitalizar Cuerpo y Mente",30ml,N/A,,,,na,imagen,"Aceite esencial de orégano 100% puro NOW Essential Oils — uso aromático/tópico, sin tabla nutricional de porción consumible. No aplica sistema de dosis."
VHMX00159,L-Teanina 100 mg con Té Verde Descafeinado de NOW Foods | Apoya la función cognitiva saludable | 90 Cápsulas Vegetariana,90 cápsulas,Cápsulas,1,90,90,alta,texto,Tomar 1 cápsula
VHMX00160,L-Teanina Doble Fuerza 200 mg de NOW Foods con Inositol | Ayuda a mantener la función cognitiva | 120 Cápsulas Vegetales,120 cápsulas,Cápsulas,1,120,120,alta,texto,Tomar 1 cápsula
VHMX00438,"MSM, Extracto de cola de caballo y Colina | Soporte para Cabello, Piel y Uñas, Aporta nutrientes esenciales | 60 Tableta",60 tabletas,Tabletas,1,60,60,alta,texto,Tomar una tableta
VHMX00162,"Niacinamida 500 mg, Vitamina B-3 No Flush de NOW Foods | Apoya el sistema nervioso | 100 Cápsulas Vegetales",100 cápsulas,Cápsulas,1,100,100,alta,texto,Tomar 1 cápsula
VHMX00433,Resveratrol 100 mg de Swanson | Apoyo cardiovascular y proporciona potentes beneficios antioxidantes | 30 cápsulas veget,30 cápsulas,Cápsulas,1,30,30,alta,texto,Tomar 1 cápsula
VHMX00163,"Biotina Extra Fuerte 10 mg (10,000 mcg) de Now Foods | Soporte para la Producción de Energía | 120 cápsulas vegetales",120 cápsulas,Cápsulas,1,120,120,alta,texto,Tomar 1 cápsula
VHMX00435,"GABA 250 mg de Swanson | Soporte para la relajación, sueño y descanso | 60 cápsulas vegetales",60 cápsulas,Cápsulas,1,60,60,alta,texto,Tomar una cápsula
VHMX00164,Cristales de Vitamina C Ácido Ascórbico en Polvo de NOW Foods | Apoya la función inmunológica | 227 g,227 gr,Cucharaditas,,227,413,media,imagen,"etiqueta: Serving Size 1/4 Level Teaspoon (1.1g), Servings Per Container about 413. La dosis es fracción (1/4) y no puede expresarse como entero; dosis_totales=413 confirmado. Contenido 227g sin cambio."
VHMX00169,"Aceite de Hígado de Bacalao 1,000 mg de Now Foods | Apoya la función cardiovascular | 90 cápsulas blandas",90 cápsulas,Softgels,1,90,90,alta,texto,Tomar 1 cápsula blanda
VHMX00170,"Aceite de ajo 1500 mg Garlic Oil de NOW Foods | Favorece la función cardiovascular, contribuye al bienestar inmunológico",100 cápsulas,Softgels,3,100,33.3,alta,texto,Tomar 3 cápsulas blandas
VHMX00171,"Creatina Monohidratada Pura en Polvo 5,000 mg por porción | Aumenta la Masa Muscular | 45 servicios de NOW Sports",227g,Cucharaditas,2,227,45,alta,imagen,"etiqueta: Serving Size 1 1/2 Level Teaspoons (approx. 5g), Servings Per Container about 45. Rango máximo redondeado: 2 cucharaditas. Batch traía Gramos/5 pero etiqueta indica cucharaditas."
VHMX00439,Vinagre de Sidra de Manzana 200mg de Swanson | Formulado para apoyar la detoxificación del cuerpo | 120 tabletas vegetal,120 tabletas,Tabletas,1,120,120,alta,texto,Tomar una tableta
VHMX00172,"Té Verde con 700 mg de Extracto de Té Verde, 350 mg de EGCG de NOW Foods | Apoya un metabolismo saludable y activo | 90 ",90 cápsulas,Cápsulas,1,90,90,alta,texto,Tomar 1 cápsula
VHMX00440,Garcinia Cambogia 250 mg de Swanson |  Contribuye a mejorar el metabolismo | 120 cápsulas vegetales,120 cápsulas,Cápsulas vegetales,2,120,60,alta,texto,Tomar dos cápsulas vegetales
VHMX00173,"Polen de Abeja 500 mg de NOW Foods | Suplemento Nutricional Natural, Fuente Rica en Nutrientes y Antioxidantes | Apoya l",90 cápsulas,Cápsulas,2,90,45,alta,texto,Tomar 2 cápsulas
VHMX00441,Complejo Supremo de DHEA con Zinc y plantas de Swanson | Apoyo en la Vitalidad Sexual | 45 cápsulas vegetales,45 tabletas,Tabletas,1,45,45,alta,texto,Tomar 1 tableta
VHMX00444,Cardo Mariano 700mg + Diente de León 250mg de Swanson | Proporciona Bienestar Digestivo y Desintoxicación | 120 cápsulas,120 cápsulas,Cápsulas,1,120,120,alta,texto,Tomar una cápsula
VHMX00174,D-Mannosa 500 mg de NOW Foods | Apoya el Tracto Urinario Saludable | 120 Cápsulas Vegetales,120 cápsulas,Cápsulas,3,120,40,alta,texto,Tomar 3 cápsulas
VHMX00175,"Inulina Orgánica Certificada en Polvo, Prebiótico de NOW Foods | Apoyo Intestinal y Bajo Índice Glucémico | Polvos 227g",227g,Cucharaditas,1,227,81,alta,imagen,"etiqueta: Serving Size 1 Level Teaspoon (approx. 2.8g), Servings Per Container about 81. Confirma batch."
VHMX00176,"Colágeno BioCell Hidrolizado Tipo II 1,000 mg de Now Foods |  Favorece la flexibilidad de articulaciones, Apoya la hidra",120 cápsulas,Cápsulas,2,120,60,alta,texto,Tomar 2 cápsulas
VHMX00179,Ubiquinol 100 mg - CoQ10 de NOW Foods | Activo de Alta Biodisponibilidad para el Apoyo Cardiovascular y Protección Antio,60 cápsulas,Cápsulas,1,60,60,alta,texto,Tomar 1 cápsula
VHMX00259,"Boro, complejo de quelato avanzado 3mg de Life Extension | Fortalecimiento Óseo | 100 cápsulas vegetarianas",100 cápsulas,Cápsulas,1,100,100,alta,texto,Tomar 1 cápsula vegetal
VHMX01288,"Vitamina C-1000 con Rosa Mosqueta y Bioflavonoides, 1000 mg, de NOW Foods | Protección Antioxidante para el Sistema Inmu",100 cápsulas,Tabletas,1,100,100,alta,imagen,etiqueta: Serving Size 1 Tablet. Contenido 100 tabletas. dosis_totales calculado: 100÷1=100. Confirma batch.
VHMX00630,Probiótico Infantil 8.33 mg - 2.5 mil millones de UFC de Mary Ruth's | Apoyo para el Bienestar Digestivo de los Infantes,60 gomitas,Gomitas,1,60,60,alta,texto,Tomar 1 gomita
VHMX00265,Multivitamínico One Per Day de Life Extension | Apoyo para la función Inmunológica y Cardiovascular | 60 tabletas vegeta,60 tabletas,Tabletas,1,60,60,alta,texto,Tomar 1 tableta
VHMX00260,Taurina 1000mg de Life Extension | Apoya la función Cardiovascular y el equilibrio electrolítico | 90 cápsulas vegetaria,90 cápsulas,Cápsulas,1,90,90,alta,texto,Tomar 1 cápsula vegetal
VHMX00269,"Pregnenolone 100 mg de Life Extension | Contribuye a memoria y balance hormonal | 100 cápsulas vegetales sin Gluten, Ni ",100 cápsulas,Cápsulas,1,100,100,alta,texto,Tomar 1 cápsula
VHMX00261,TMG 1000 mg por porción de Life Extension | Apoyo para el funcionamiento cardiovascular y hepático | 60 cápsulas liquida,60 cápsulas,Cápsulas,2,60,30,alta,texto,Tomar 2 cápsulas
VHMX00262,"MaquiBright 60 mg, Apoyo para Lágrimas de Life Extension | Promueve la Producción Saludable de Lágrimas y la Hidratación",30 cápsulas,Cápsulas,1,30,30,alta,texto,Tomar 1 cápsula vegetal
VHMX00493,"Vitamina C, Zinc, Amla, Semillas de uva  - Antialérgico para niños de Child Life | Apoyo Inmunitario | 118 ml fórmula lí",118 ml,Cucharaditas,2,118,12,alta,imagen,etiqueta: Serving Size 1 tsp (5mL); 2 tsp (10mL) — dos rangos por edad. Regla: máximo = 2 cucharaditas. Servings Per Container: About 24; 12 → con dosis máxima = 12 porciones.
VHMX00333,Citrato de Magnesio + Calcio + Potasio Max-Hydrate Endurance de Trace Minerals | Rehidrata tras ejercicio intenso | 10 t,10 tabletas,Tabletas,1,10,10,alta,texto,Tomar 1 tableta
VHMX02661,Citrato de Magnesio + Calcio + Potasio Max-Hydrate Endurance de Trace Minerals | Rehidrata tras ejercicio intenso | 10 t,Caja 8 tubos,Tabletas,1,10,10,alta,texto,Tomar 1 tableta
VHMX00335,"L-Teanina, GABA y Mezcla de Hierbas Relajantes Natural Rest Plus+ de Trace Minerals | Fórmula Nocturna para Apoyar un Su",60 tabletas,Tabletas,2,60,30,alta,texto,Tomar 2 tabletas
VHMX00336,"Electrolitos en Polvo PowerPak de Trace Minerals - Vitaminas C, B6, B12 y Minerales Esenciales para potenciar la Energía",Limón,Sticks,1,30,30,alta,texto,Disolver 1 sobre
VHMX00337,"Electrolitos en Polvo PowerPak de Trace Minerals - Vitaminas C, B6, B12 y Minerales Esenciales para potenciar la Energía",Naranja,Sticks,1,30,30,alta,texto,Disolver 1 sobre
VHMX00338,"Electrolitos en Polvo PowerPak de Trace Minerals - Vitaminas C, B6, B12 y Minerales Esenciales para potenciar la Energía",Uva,Sticks,1,30,30,alta,texto,Disolver 1 sobre
VHMX00339,"Electrolitos en Polvo PowerPak de Trace Minerals - Vitaminas C, B6, B12 y Minerales Esenciales para potenciar la Energía",Frambuesa,Sticks,1,30,30,alta,texto,Disolver 1 sobre
VHMX00340,"Electrolitos en Polvo PowerPak de Trace Minerals - Vitaminas C, B6, B12 y Minerales Esenciales para potenciar la Energía",Arándano,Sticks,1,30,30,alta,texto,Disolver 1 sobre
VHMX00343,"Electrolitos en Polvo PowerPak de Trace Minerals - Vitaminas C, B6, B12 y Minerales Esenciales para potenciar la Energía",Acai,Sticks,1,30,30,alta,texto,Disolver 1 sobre
VHMX00344,"Electrolitos en Polvo PowerPak de Trace Minerals - Vitaminas C, B6, B12 y Minerales Esenciales para potenciar la Energía",Frutos Rojos,Sticks,1,30,30,alta,texto,Disolver 1 sobre
VHMX00347,"Electrolitos en Polvo PowerPak de Trace Minerals - Vitaminas C, B6, B12 y Minerales Esenciales para potenciar la Energía",Maracuyá,Sticks,1,30,30,alta,texto,Disolver 1 sobre
VHMX00348,"Electrolitos en Polvo PowerPak de Trace Minerals - Vitaminas C, B6, B12 y Minerales Esenciales para potenciar la Energía",Sandía,Sticks,1,30,30,alta,texto,Disolver 1 sobre
VHMX00451,Semilla de Uva Espectro Completo 380mg de Swanson | Potente antioxidante para protección celular | 100 cápsulas vegetale,100 cápsulas,Cápsulas,1,100,100,alta,texto,Tomar 1 cápsula
VHMX00447,"Complejo Adaptogénico a base de Ashwagandha, Rhodiola y Ginseng de Swanson | Manejo del Estrés, aumentando energía y vit",60 cápsulas,Cápsulas,1,60,60,alta,texto,Tomar 1 cápsula
VHMX00453,L-Metionina 100% pura 500 mg de Swanson | Soporte antioxidante para el organismo y detoxificación | 30 cápsulas vegetale,30 cápsulas,Cápsulas,1,30,30,alta,texto,Tomar 1 cápsula
VHMX00206,Magnesio L-Treonato - Magtein 144 mg de NOW Foods | Apoyo Cognitivo para la Memoria y el Aprendizaje | 90 Cápsulas Veget,90 cápsulas,Cápsulas,3,90,30,alta,texto,Tomar 3 cápsulas
VHMX00456,Cúrcuma y Pimienta Negra 605mg de Swanson | Apoyo cardiovascular y función de las articulaciones | 60 cápsulas veganas,60 cápsulas,Cápsulas,1,60,60,alta,texto,Tomar 1 cápsula
VHMX00183,Vinagre de Sidra de Manzana 450 mg de NOW Foods | 180 Cápsulas Veganas para Apoyo Digestivo y Control de Peso,180 cápsulas,Cápsulas vegetales,2,180,90,alta,texto,Tomar 1 a 2 cápsulas vegetales
VHMX00198,"Extracto de Hongos Reishi y Shiitake 270 mg, Rei-Shi Mushrooms de NOW Foods | Apoyo Inmunológico y Vitalidad | 100 Cápsu",100 cápsulas,Cápsulas,2,100,50,alta,texto,Tomar 2 cápsulas
VHMX00199,Extracto de Cardo Mariano 150 mg con Silimarina 120 mg y Cúrcuma de NOW Foods | Contribuye a la desintoxicación del híga,60 cápsulas,Cápsulas,2,60,30,alta,texto,Tomar 2 cápsulas
VHMX00460,Cáscara Premium de Psyllium 610mg de Swanson | Bienestar Digestivo - Favorece la regularidad intestinal | 100 cápsulas v,100 cápsulas,Cápsulas,1,100,100,alta,texto,Tomar 1 cápsula
VHMX00207,"Extracto de Cardo Mariano 150 mg, Silimarina (120 mg), con Cúrcuma de NOW Foods  | Apoyo a la Función Hepática | 120 Cáp",120 cápsulas,Cápsulas,2,120,60,alta,texto,Tomar 2 cápsulas
VHMX00263,Extracto de Cardo Mariano Avanzado 760mg + fosfolípidos | Promueve la desintoxicación hepática | 120 cápsulas blandas,120 cápsulas,Softgels,2,120,60,alta,texto,Tomar 2 cápsulas blandas
VHMX00200,Extracto de Cardo Mariano Doble Fuerza 300 mg de NOW Foods con Alcachofa y Diente de León | Apoya procesos naturales de,50 cápsulas,Cápsulas,1,50,50,alta,texto,Tomar 1 cápsula vegetal
VHMX00201,"Raíz de Valeriana, 500 mg de NOW Foods - Suplemento Herbal Tradicional, Ayuda para el Sueño Natural, No-GMO | 100 Cápsul",100 cápsulas,Cápsulas,2,100,50,alta,texto,Tomar 2 cápsulas
VHMX00448,Picolinato de Cromo 200 mcg de Swanson | Apoya la función metabólica | 100 y 200 cápsulas vegetales,100 cápsulas,Cápsulas,1,100,100,alta,texto,Tomar 1 cápsula
VHMX00455,Picolinato de Cromo 200 mcg de Swanson | Apoya la función metabólica | 100 y 200 cápsulas vegetales,200 Cápsulas,Cápsulas,1,200,200,alta,texto,Tomar 1 cápsula
VHMX00264,Ceramidas restauradoras de la piel 350mg de Life Extension | Contribuye a mejorar la hidratación de la piel | 30 cápsula,30 cápsulas,Cápsulas,1,30,30,alta,texto,Tomar 1 cápsula
VHMX00266,"Multivitamínico de Alta Potencia Two-Per-Day con Minerales Esenciales de Life Extension | Sin OGM, Certificado Libre de ",120 cápsulas,Cápsulas,2,120,60,alta,texto,Tomar 2 cápsulas
VHMX00267,Super Vitamina K1 + K2 2600mcg de Life Extension | Apoyo del Sistema Cardiovascular y Óseo | 90 cápsulas blandas,90 cápsulas,Softgels,1,90,90,alta,texto,Tomar 1 cápsula blanda
VHMX00461,Cúrcuma Amplio Espectro 720 mg de Swanson | Propiedades antiinflamatorias y antioxidante | 100 cápsulas vegetales,100 cápsulas,Cápsulas,1,100,100,alta,texto,Tomar 1 cápsula
VHMX00271,"Citicolina CDP 250g de Life Extension | Apoya la función Cognitiva, promoviendo la concentración y memoria | 60 cápsulas",60 cápsulas,Cápsulas,1,60,60,alta,texto,Tomar 1 cápsula vegetal
VHMX00182,"Ñame Silvestre y Dong Quai, Fórmula Herbal de NOW Foods | Equilibrio Femenino, Ayuda a balancear el sistema hormonal de ",90 cápsulas,Cápsulas,1,90,90,alta,texto,Tomar 1 cápsula
VHMX00446,"Cardo Mariano 500 mg de Swanson | Propiedades hepatoprotectoras, ayudando a proteger el hígado contra el daño oxidativo ",100 cápsulas,Cápsulas,1,100,100,alta,texto,Tomar una cápsula
VHMX00185,"Ácido Caprílico 600 mg de NOW Foods - Triglicéridos de Cadena Media (MCT) 1,000 mg de Aceite MCT | Favorece la absorción",100 cápsulas,Cápsulas,1,100,100,alta,texto,Tomar 1 cápsula
VHMX00449,Complejo de Selenio Albion 200 mcg de Swanson | Favorece la función metabólica y promueve una potente acción antioxidant,90 cápsulas,Cápsulas,1,90,90,alta,texto,Tomar 1 cápsula
VHMX00186,"Complejo B + 120 mg, Cafeína Natural + Malato de Magnesio de NOW Sports | Aumenta Energía y Enfoque - 45 servicios | 90 ",90 cápsulas,Cápsulas,2,90,45,alta,texto,Tomar 2 cápsulas
VHMX00187,"Biotina 5000 mcg, Zinc, Ácido Hialurónico, Vitamina C y E, NOW Foods | Soporte Nutricional para Cabello, Piel y Uñas | 9",90 cápsulas,Cápsulas,3,90,30,alta,texto,Tomar 3 cápsulas
VHMX00452,"Complejo B Super Estrés con Vitamina C de Swanson | Promueve la función metabólica, aumentando los niveles de Energía | ",240 cápsulas,Cápsulas,1,240,240,alta,texto,Tomar 1 cápsula
VHMX00191,"Té Verde Matcha Orgánico - 85 Porciones, 85 g de NOW Foods - Apoyo Digestivo y Energético, Rico en Polifenoles y L-Teani",85g,Cucharaditas,,85,85,media,imagen,"etiqueta: Serving Size 1/2 bsp (1g), Servings About 85. Dosis es fracción (1/2 cucharadita), no expresable como entero. dosis_totales=85 confirmado. Batch traía dosis=2 que no coincide con etiqueta."
VHMX00454,Vitamina D3 400 UI de Swanson | Favorece la absorción de calcio en el cuerpo | 250 cápsulas,250 cápsulas,Cápsulas,1,250,250,alta,texto,Tomar 1 cápsula
VHMX00457,"Citrato de Magnesio en Polvo 630 mg de Swanson | Promueve la relajación muscular, y ayuda en la absorción de calcio | 24",244 g,Medidas,1,244,58,alta,imagen,"etiqueta: Serving Size 1 Scoop (4.2g), Servings Per Container 58. Corrige unidad de Cucharadas a Medidas (scoop). dosis=1, dosis_totales=58."
VHMX00459,Aceite de Ajo Concentrado 1mg de Swanson | Soporte cardiovascular - Contribuye a reforzar el sistema inmunológico | 250,250 cápsulas,Perlas,1,250,250,alta,texto,Tomar 1 perla
VHMX00462,"Extracto de Fruta de Arándano, Vitamina B12, Ácido Pantoténico, L-Metionina - Kidney Essentials de Swanson | Aporta anti",60 cápsulas,Cápsulas,1,60,60,alta,texto,Tomar 1 cápsula vegetal
VHMX00463,Extracto de Frijol Blanco 500mg de Swanson | Complemento ideal para hábitos saludables | 180 cápsulas vegetales,180 cápsulas,Cápsulas,2,180,90,alta,texto,Tomar 2 cápsulas
VHMX00192,"Extracto de Cúrcuma con Meriva 500 mg de NOW Foods | Alta biodisponibilidad, apoya la flexibilidad y movilidad articular",60 cápsulas,Cápsulas,1,60,60,alta,texto,Tomar 1 cápsula
VHMX00195,Raíz de Jengibre 550 mg de Now Foods |  Apoyo Digestivo y Cardiovascular | 100 Cápsulas Vegetales,100 cápsulas,Cápsulas,2,100,50,alta,texto,Tomar 2 cápsulas
VHMX00196,Raíz de Maca 750 mg de NOW Foods - Apoyo Reproductivo y Energético para Hombres y Mujeres | 90 Cápsulas Vegetales,90 cápsulas,Cápsulas,1,90,90,alta,texto,Tomar 1 cápsula vegetal
VHMX00197,Raíz de Maca 500 mg de NOW Foods - Apoyo Reproductivo y Energético para Hombres y Mujeres | 100 Cápsulas Vegetales,100 cápsulas,Cápsulas,1,100,100,alta,texto,tomar 1 cápsula
VHMX00204,"Gluconato de Zinc 50 mg de NOW Foods | Soporte Inmunológico, Funciones Enzimáticas | 100 y 250 Tabletas",100 Tabletas,Tabletas,1,100,100,alta,texto,Tomar 1 tableta
VHMX00205,"Gluconato de Zinc 50 mg de NOW Foods | Soporte Inmunológico, Funciones Enzimáticas | 100 y 250 Tabletas",250 Tabletas,Tabletas,1,250,250,alta,texto,Tomar 1 tableta
VHMX00208,"Extracto Doble Fuerza de Cardo Mariano 300 mg, Silimarina 240 mg de NOW Foods | Apoyo para la Desintoxicación y Función ",100 cápsulas,Cápsulas,1,100,100,alta,texto,Tomar 1 cápsula vegetal
VHMX00209,"Psyllium Husk  500 mg de NOW Foods | Bienestar Intestinal, Fibra Soluble Natural para la Regularidad Intestinal | 200 Cá",200 cápsulas,Cápsulas,3,200,66.7,alta,texto,Tomar 3 cápsulas
VHMX00139,"Enzimas Digestivas para Lácteos de Now Foods, Dairy Digest Complete | Ayuda a la digestión de la lactosa, proteínas y gr",90 cápsulas,Cápsulas,1,90,90,alta,texto,Tomar 1 cápsula
VHMX00467,"Ultra Selenio 200 mcg de Swanson |  Protección antioxidante, fortalece el sistema inmunológico y ayuda a regular la func",60 cápsulas,Cápsulas,1,60,60,alta,texto,Tomar 1 cápsula vegetal
VHMX00466,Maca 500 mg de Swanson |  Ayuda a mejorar el estado de ánimo y el enfoque | 60 cápsulas vegetales,60 cápsulas,Cápsulas,1,60,60,alta,texto,Tomar 1 cápsula
VHMX00468,P-5-P (piridoxal-5-fosfato) Doble Concentración 40 mg de Swanson | Apoyo cardiovascular y promueve el metabolismo energé,60 cápsulas,Cápsulas,1,60,60,alta,texto,Tomar 1 cápsula
VHMX00469,"Ácido Alfa Lipoico 300mg de Swanson | Apoyo de la función metabólica, ayudando a regular los niveles de azúcar en sangre",120 cápsulas,Cápsulas,1,120,120,alta,texto,Tomar 1 cápsula
VHMX00470,Resveratrol 250 mg de Swanson | Apoyo cardiovascular y potente antioxidante | 30 cápsulas vegetales,30 cápsulas,Cápsulas,1,30,30,alta,texto,Tomar 1 cápsula
VHMX00287,Equinácea + Astrágalo + Reishi 1200mg de Nature's Way  | Contribuye a reforzar el sistema inmunológico - Propiedades ant,100 cápsulas,Cápsulas,3,100,33.3,alta,texto,Tomar 3 cápsulas
VHMX00288,Vitamina D3 y Calcio Alive! Gomas de Fruta con Mezcla de Vegetales Orchard 100mg | Soporte Óseo e Inmunológico | 60 Gomi,60 gomitas,Gomitas,2,60,30,alta,texto,Masticar 2 gomitas
VHMX00289,"Probiótico Fortify + Prebióticos para mujeres mayores de 50 años, 30 mil millones CFU de Nature's Way con 10 cepas | 30 ",30 cápsulas,Cápsulas,1,30,30,alta,texto,Tomar 1 cápsula
VHMX00290,"Probiótico + prebióticos para mujeres, 30 mil millones de cultivos vivos, 10 cepas de Nature's Way | Apoyo para el Biene",30 cápsulas,Cápsulas,1,30,30,alta,texto,Tomar 1 cápsula
VHMX00291,Cascara Sagrada 270mg de Nature's Way  para el Bienestar Digestivo y la Detoxificación | 100 cápsulas veganas,100 cápsulas,Cápsulas,1,100,100,alta,texto,Tomar 1 cápsula
VHMX00292,Raíz de Ñame silvestre 850mg de Nature's Way  | Equilibrio hormonal femenino | 100 cápsulas veganas,100 cápsulas,Cápsulas,2,100,50,alta,texto,Tomar 2 cápsulas
VHMX00293,Inositol 500 mg de Nature's Way  | Contribuye a aliviar el estrés y la ansiedad | 100 cápsulas veganas,100 cápsulas,Cápsulas,1,100,100,alta,texto,Tomar 1 cápsula
VHMX00294,Potasio 99mg de Nature's Way  | Apoyo Cardiovascular y Metabólico | 100 cápsulas veganas,100 cápsulas,Cápsulas,1,100,100,alta,texto,Tomar 1 cápsula
VHMX00295,Complejo de Calcio y Magnesio 750mg de Nature's Way  | Contribuye en la función Ósea y Muscular | 250 cápsulas veganas,250 cápsulas,Cápsulas,3,250,83.3,alta,texto,Tomar 3 cápsulas
VHMX00296,Extracto de Boswellia Premium 307mg de Nature's Way  | Fortalecimiento de las articulaciones | 60 cápsulas veganas,60 cápsulas,Tabletas,1,60,60,alta,imagen,"etiqueta: Serving Size 1 Tablet, Boswellia 307mg. Sin Servings per Container visible; calculado: 60÷1=60. Batch decía Tabletas pero el título dice cápsulas veganas — la etiqueta confirma 'Tablet'."
VHMX00297,"Extracto de Raíz de Cohosh Negro + Fórmula AM/PM de Nature’s Way | Bienestar femenino, apoya el equilibrio emocional | 6",60 tabletas,Tabletas,1,60,60,alta,texto,Tomar 1 tableta
VHMX00298,Micro Alga Espirulina 760mg de Nature's Way  | Apoyo del Sistema Inmunológico | 100 cápsulas veganas,100 cápsulas,Cápsulas,2,100,50,alta,texto,Tomar 2 cápsulas
VHMX00299,"Mezcla de Aloe Vera, 340g de Nature's Way para el Bienestar Digestivo | 100 cápsulas veganas",100 cápsulas,Cápsulas,1,100,100,alta,texto,Tomar 1 cápsula
VHMX00300,Clorofila Líquida 132mg de Nature's Way  | Sabor a menta natural - Fortalece el Sistema Inmune | 480ml,480 ml,Cucharadas,2,480,16,alta,imagen,"etiqueta: Serving Size 2 Tablespoons (1 fl oz / 30mL), Servings per Container 16. Confirma batch. dosis_totales=16."
VHMX00302,GABA 250 mg de Nature's Way  | Contribuye a aliviar el estrés y la ansiedad | 60 cápsulas veganas,60 cápsulas,Cápsulas,1,60,60,alta,texto,Tomar 1 cápsula
VHMX00303,Extracto de Regaliz Deglicirrizado (DGL) 75 mg con Glicina de Nature's Way | Ayuda en el alivio de la acidez estomacal |,100 cápsulas,Tabletas masticables,3,100,33,alta,imagen,"etiqueta: Serving Size 3 Chewable Tablets, Servings per Container 33. Confirma batch. dosis_totales=33."
VHMX00304,Raíz de Astrágalo 1410mg de  Nature's Way | Contribuye a fortalecer el sistema inmunológico | 100 cápsulas veganas,100 cápsulas,Cápsulas,3,100,33.3,alta,texto,Tomar 3 cápsulas
VHMX00305,Raíz de Remolacha 1000mg de Nature's Way  | Apoyo Cardiovascular y Promueve la circulación sanguínea | 100 cápsulas vega,100 cápsulas,Cápsulas,2,100,50,alta,texto,Tomar 2 cápsulas
VHMX00307,Complejo de Vitaminas B - Multivitamínico en Gomitas para Mujeres |  Energía y Apoyo para el Metabolismo y Cabello | 130,130 gomitas,Gomitas,2,130,65,alta,texto,Masticar 2 gomitas
VHMX00308,"Vitaminas B, Multivitamínico para Mujeres 50+ | Energía y Fortalecimiento Óseo | 130 Gomitas de  Alive! Nature's Way",130 gomitas,Gomitas,2,130,65,alta,texto,Tomar 2 gomitas
VHMX00309,Raíz de Eleuthero Siberiano 1275mg de Nature's Way  | Contribuye a reducir la ansiedad y estrés | 100 cápsulas veganas,100 cápsulas,Cápsulas,3,100,33.3,alta,texto,Tomar 3 cápsulas
VHMX00310,Multivitamínico Completo para Hombres con Extractos de Frutas y Verduras 100mg - Alive! Nature's Way | Fortalecimiento d,50 cápsulas,Tabletas,1,50,50,alta,imagen,etiqueta: Serving Size 1 Tablet (Alive! Men's 50+). Confirma batch. dosis_totales calculado: 50÷1=50.
VHMX00311,"Multivitamínico completo para mujeres 100mg de Alive! Nature's Way, 100% de vitaminas y minerales | Fortalece el sistema",50 cápsulas,Tabletas,1,50,50,media,imagen,Solo imagen frontal disponible (img_0): '50 Tablets'. No se pudo leer tabla nutricional. Batch decía Tabletas/1/50 — coherente con frontal. dosis_totales calculado: 50÷1=50.
VHMX00312,"Colina 55mg y Fosfatidilserina 25mg, Brain Builder de Nature's Way | Apoya la memoria y el aprendizaje | 60 gomitas sabo",60 gomitas,Gomitas,2,60,30,media,imagen,Solo imagen frontal (img_0): '60 Gummies'. Sin tabla nutricional visible. Dosis 2 gomitas es estándar para este tipo de producto kids; dosis_totales estimado 60÷2=30. Confianza media por falta de etiqueta.
VHMX00313,"Raíz de Kudzu 1226mg de Nature's Way  | Apoya el equilibrio hormonal femenino, aliviando los síntomas de la menopausia |",50 cápsulas,Cápsulas,2,50,25,alta,texto,Tomar 2 cápsulas
VHMX00314,"Hoja de bálsamo de limón Melissa 1500mg de Nature's Way | Promueve la mejora del sueño y el descanso, relajando cuerpo y",100 cápsulas,Cápsulas,3,100,33.3,alta,texto,Tomar 3 cápsulas
VHMX00665,Berberina + Magnesio 700mg de WU Nutrition | Apoyo en la regulación del azúcar en sangre | 120 cápsulas vegetales,120 cápsulas,Cápsulas,2,120,60,alta,texto,Tomar 2 cápsulas
VHMX00666,Probióticos 60 Billones 700mg de WU Nutrition |  Promueve el Bienestar intestinal y de la piel  | 120 cápsulas vegetales,120 cápsulas,Cápsulas,2,120,60,alta,texto,Tomar 2 cápsulas
VHMX00668,"Colágeno Hidrolizado + Biotina y Vitaminas A, B, D, E, K 700mg Querida de Wu Nutrition | Fortalece uñas, cabello y energ",120 cápsulas,Cápsulas,2,120,60,alta,texto,Tomar 2 cápsulas
VHMX00671,Myo Inositol y D-Chiro Inositol Andrés Plus de WU Nutrition | Apoyo para fertilidad y SOP | 120 cápsulas vegetales,120 cápsulas,Cápsulas,1,120,120,alta,texto,Tomar 1 cápsula
VHMX00673,Vitamina D3 400 UI + Aceite de Cártamo 0.25g Activa de WU Nutrition  | Contribuye a fortalecer los huesosy mantener un s,250 cápsulas,Softgels,1,250,250,alta,texto,Tomar 1 cápsula blanda
VHMX00315,DIM-plus 100mg de  Nature's Way  | Promueve el equilibrio hormonal y la desintoxicación del cuerpo | 60 cápsulas veganas,60 cápsulas,Cápsulas,2,60,30,alta,texto,Tomar 2 cápsulas
VHMX00674,"Citrato, Óxido y Gluconato de Magnesio + Mora azul 600mg Magnífico de WU Nutrition | Contribuye a mejorar la calidad del",120 cápsulas,Cápsulas,1,120,120,alta,texto,Tomar 1 cápsula
VHMX00675,Resveratrol + Açaí + Semillas de Uva + Magnesio con Vitamina C y Pimienta 700mg de WU Nutrition | Su composición contrib,120 cápsulas,Cápsulas,2,120,60,alta,texto,Tomar 2 cápsulas
VHMX00318,Fruta de Arándano 930mg de Nature's Way  | Ayuda a prevenir infecciones del tracto urinario  | 180 cápsulas veganas,180 cápsulas,Cápsulas,2,180,90,alta,texto,Tomar 2 cápsulas
VHMX00319,Colina + Inositol 1.000mg de Nature's Way  | Contribuye a favorecer la memoria y el aprendizaje | 100 cápsulas veganas,100 cápsulas,Cápsulas,2,100,50,alta,texto,Tomar 2 cápsulas
VHMX00681,"Creatina + BCAA´s + Vitaminas A,B, D, E y K 600mg Alpha de WU Nutrition | Ayuda a mejorar tu fuerza y resistencia, ademá",120 cápsulas,Cápsulas,1,120,120,alta,texto,Tomar 1 cápsula
VHMX00320,Complejo de Magnesio 500mg de Nature's Way  | Contribuye a mejorar la función muscular | 100 cápsulas veganas,100 cápsulas,Cápsulas,2,100,50,alta,texto,Tomar 2 cápsulas
VHMX00322,Mezcla Premium de hierbas con Arándano 1260mg de Nature's Way  | Promueve la función del tracto urinario | 100 cápsulas,100 cápsulas,Cápsulas,3,100,33.3,alta,texto,Tomar 3 cápsulas
VHMX01279,Vinagre de Sidra de Manzana 700mg Manzanita de WU Nutrition |  Ayuda a mantener saludable el sistema inmunitario y dismi,120 cápsulas,Cápsulas,1,120,120,alta,texto,Tomar 1 cápsula
VHMX00323,"Glucosamina 2000mg, Condroitina 1200mg, MSM y Vitamina D3 - Join Movement de Nature's Way   | Fortalecimiento Muscular y",480 ml,Cucharadas,2,480,16,alta,imagen,"etiqueta: Serving Size 2 Tablespoons (1 fl oz / 30mL), Servings per Container 16. Confirma batch. dosis_totales=16."
VHMX00324,Mezcla Premium de Hierbas Tradicionales para el Riñón y la Vejiga 900mg de Nature's Way |  Favorece el correcto funciona,100 cápsulas,Cápsulas,2,100,50,alta,texto,Tomar 2 cápsulas
VHMX00326,Complejo de Boro 3mg de Nature's Way  | Contribuye a fortalecer los huesos | 100 cápsulas veganas,100 cápsulas,Cápsulas,1,100,100,alta,texto,Tomar 1 cápsula
VHMX00327,Ácido Alfa Lipoico 600mg de Nature's Way  para la función Metabólica del organismo | 60 cápsulas veganas,60 cápsulas,Cápsulas,3,60,20,alta,texto,Tomar de 1 a 3 cápsulas
VHMX00329,Extracto de Albahaca Sagrada de 450mg | Nature's Way - Apoyo al Estrés | 60 cápsulas veganas,60 cápsulas,Cápsulas,1,60,60,alta,texto,Tomar 1 cápsula
VHMX01281,"Mezcla de Hongos Adaptógenos, Reishi, Melena de León, Cordyceps, Chaga, entre otros 700mg Adapta de WU Nutrition  | Acci",120 cápsulas,Cápsulas,3,120,40,alta,texto,Tomar 3 cápsulas
VHMX01282,"Hongo Melena de León 700mg - Ruge de Wu Nutrition | Promueve la función del sistema nervioso,  a nivel cognitivo y memor",120 cápsulas,Cápsulas,2,120,60,alta,texto,Tomar 2 cápsulas
VHMX01023,"DHEA 25 mg, GOU Medical 300 mg | Apoya el equilibrio hormonal en hombres y mujeres | 60 cápsulas",60 cápsulas,Cápsulas,1,60,60,alta,texto,Tomar 1 cápsula
VHMX01025,"Apoyo tiroideo, Thyroid Max Support | GOU Medical | 90 cápsulas de 490 mg",90 cápsulas,Cápsulas,3,90,30,alta,texto,Tomar 3 cápsulas
VHMX01026,"Magnesio bisglicinato, malato y taurato, Tri-Magnesium Ultra, GOU Medical | Contribuye al equilibrio del sistema nervios",60 cápsulas,Cápsulas,2,60,30,alta,texto,Tomar 2 cápsulas
VHMX01027,Berberina: Sinergia de glucosa 580mg de Gou Medical | Ofrece apoyo metabólico para una mejor absorción de la glucosa y l,60 cápsulas,Cápsulas,1,60,60,alta,texto,Tomar 1 cápsula
VHMX01028,D3 10.000 UI + K2 300mg de Gou Medical | Apoya la función cardiovascular saludable y fortalece los huesos | 60 cápsulas,60 cápsulas,Cápsulas,1,60,60,alta,texto,Tomar 1 cápsula
VHMX01029,Sauzgatillo - Fem V 400mg de Gou Medical  | Bienestar femenino | 90 cápsulas vegetales,60 cápsulas,Cápsulas,1,60,60,alta,texto,Tomar 1 cápsula
VHMX01030,L-Glutamina 5mg por porción de Gou Medical | Aminoácido que interviene en la composición de las proteínas que mantienen,300g,Cucharadas,1,300,60,alta,imagen,"etiqueta: Tamaño de la porción 1 cucharada (5g), Porciones por envase 60. Confirma batch. dosis_totales=60."
VHMX00937,"Cúrcuma, Glicinato de Magnesio, Pimienta y Vitamina D de NutriADN - Endo Support | Diseñado para mujeres que padecen de ",60 cápsulas,Cápsulas,2,60,30,alta,texto,Tomar 2 cápsulas
VHMX00938,Berberina + Glicinato de Magnesio + Ácido Alfa Lipoico de NutriADN | Ayuda a reducir los niveles de triglicéridos y cole,60 cápsulas,Cápsulas,3,60,20,alta,texto,Tomar 3 cápsulas
VHMX00939,"Stress Support  Rhodiola Rosea 400mg, Fostfatidilserina 400mg y Glicinato de Magnesio 300mg de NutriADN | Apoyo al estré",60 cápsulas,Cápsulas,2,60,30,alta,texto,Tomar 2 cápsulas
VHMX00940,"Inositol + Myo y D-Chiro + NAC NutriADN  | Apoyo para SOP y Resistencia a la Insulina | 600g, 60 Porciones",300g,Medidas,1,300,60,alta,imagen,"etiqueta: Tamaño de la porción 5 gramos (1 scoop), Porciones por envase 60. Confirma batch (Medidas/1/300). dosis_totales=60."
VHMX00941,Soporte de Omega 3 con DHA + EPA 720mg de NutriADN | Contribuye en la acción antiinflamatoria del cuerpo | 60 Cápsulas B,60 cápsulas,Cápsulas,2,60,30,alta,texto,Tomar 2 cápsulas
VHMX00942,"Glicinato de Magnesio, GABA, L-Teanina, 5HTP y Vitamina B 6 de NutriADN | Apoyo para el Sueño y Buen Descanso - Relaja a",60 cápsulas,Cápsulas,1,60,60,alta,texto,Tomar 1 cápsula
VHMX00943,"NAC (N Acetil Cisteína), Glutatión, Cardo Mariano, Vitamina C, E y Cúrcuma 645mg Detox Support de NutriADN | Alto poder ",120 cápsulas,Cápsulas,4,120,30,alta,texto,Tomar 4 cápsulas
VHMX00944,"Metilfolato, NAC, Vitamina E, C + Coenzima Q10 y Ácido Alfa Lipoico de NutriADN | Complemento ideal para una rutina de b",60 cápsulas,Cápsulas,1,60,60,alta,texto,Tomar 1 cápsula
VHMX00945,Soporte de L-Metilfolato 1000mcg + Colágeno Hidrolizado 500mg de NutriADN | Diseñado para mujeres con el fin de ayudar a,60 cápsulas,Cápsulas,1,60,60,alta,texto,Tomar 1 cápsula
VHMX00946,"L-Metil Folato, Colina y Coenzima Q10 - Multivitamínico de NutriADN | Aporta nutrientes clave durante el embarazo | 90 C",90 cápsulas,Cápsulas,1,90,90,alta,texto,Tomar 1 cápsula
VHMX00947,Ácido caprílico + Aceite de menta + Berberina 650mg de NutriADN | Apoya la digestión y la función intestinal | 90 cápsul,90 cápsulas,Cápsulas,3,90,30,alta,texto,Tomar 3 cápsulas
VHMX00948,Iron Plus con Vitamina C 50mg de NutriADN | Refuerza el sistema inmunológico | 120 cápsulas vegetales,120 cápsulas,Cápsulas,1,120,120,alta,texto,Tomar 1 cápsula
VHMX00952,Shatavari de Commons 1g por porción | Bienestar femenino | Polvos de 100 y 50g,100g,Gramos,1,100,100,alta,imagen,"etiqueta: Tamaño de la porción 1 gramo, 100 Porciones por envase. Confirma batch. dosis_totales=100."
VHMX00953,Extracto de Schisandra + Calcio de Commons | Contribuye a la protección celular antioxidante | Polvos de 100 y 50g,100g,Gramos,1,100,100,alta,imagen,"frontal: 100g cont. neto, 100 porciones. Confirma batch (Gramos/1/100). dosis_totales=100."
VHMX00954,Extracto de Cola de Pavo + Calcio de Commons 1g por porción | Inmunidad y Digestión (probióticos) | Polvos de 100 y 50g,100g,Gramos,1,100,100,alta,imagen,"etiqueta: Tamaño de la porción 1 gramo, 100 Porciones por envase. Confirma batch. dosis_totales=100."
VHMX00955,Extracto de Eleuthero de Commons 1g por porción | Proporciona Energía Sostenida y Resistencia Física | Polvos de 100 y 5,100g,Gramos,1,100,100,alta,imagen,"etiqueta frontal: 100g cont. neto, 100 porciones, extracto en polvo de Eleuthero"
VHMX00959,Extracto de Ashwagandha Commons | Reduce el estrés físico y mental | Polvos de 90 y 45g,90g,Gramos,1,90,90,alta,imagen,"etiqueta frontal: 90g cont. neto, 90 porciones, Ashwagandha extracto en polvo"
VHMX02761,Extracto de Ashwagandha Commons | Reduce el estrés físico y mental | Polvos de 90 y 45g,120 cápsulas,Cápsulas vegetales,2,120,60,alta,imagen,"etiqueta frontal: 120 cápsulas 500mg c/u, 60-120 porciones (máximo = 2 cápsulas por porción = 60 porciones)"
VHMX00962,"Extracto de Melena de León 1g por porción de Commons | Apoyo para la Memoria y Enfoque, Nootrópico | Polvos de 100 y 50g",100g,Gramos,1,100,100,alta,imagen,"etiqueta nutrimental: Tamaño de la porción 1 gramo, 100 Porciones por envase, envase 100g"
VHMX00748,Aceite de Aguacate Extra Virgen con Vitamina E de NBF | Prensado en Frío - Apoyo Cardiovascular | Aceite de 260ml,260 ml,ml,100,260,2,media,imagen,etiqueta nutrimental: Tamaño de la Porción 100 ml. Servings per container no indicado explícitamente; calculado 260÷100=2.6 redondeado a 2. Batch tenía Cucharadas/1 pero etiqueta contradice con 100ml.
VHMX00965,Extracto de Cordyceps 100 gr de Commons | Resistencia para Deporte e Inmunidad | Polvos de 100 y 50g,100g,Gramos,1,100,100,alta,imagen,"etiqueta frontal: 100g cont. neto, 100 porciones, Cordyceps extracto en polvo"
VHMX00994,Mezcla Maestra de Hongos Adaptógenos 650mg por cápsula de Commons |  Ayuda a reducir la fatiga y el agotamiento mental |,160 cápsulas,Cápsulas,2,160,80,alta,texto,Tomar 2 cápsulas
VHMX00502,5-HTP Sinergia 50mg + Vitamina B6 de Designs for Health | Apoyo para la relajación y evitar el estrés | 90 Cápsulas Vege,90 cápsulas,Cápsulas,1,90,90,alta,texto,Tomar 1 cápsula
VHMX00515,DIM-Evail™ 100mg de Designs for Health | Equilibrio Hormonal y Desintoxicación | 60 y 120 Cápsulas Blandas etales,60 cápsulas,Softgels,1,60,60,alta,texto,Tomar 1 cápsula blanda
VHMX00506,Citrato de Magnesio en Polvo 300mg de Designs For Health | Promueve un Bienestar Intestinal de Relajación y Regularidad,240g,Medidas,1,240,60,alta,imagen,"etiqueta Supplement Facts: Serving Size 4 grams (approx. one scoop), Servings Per Container 60. Batch tenía Sticks/1; corregido a Medidas (scoop)."
VHMX00508,Complejo de Curcumina C3 400mg de Designs For Health | Propiedades antioxidantes - Tres formas bioactivas diferentes de,60 cápsulas,Cápsulas,1,60,60,alta,texto,Tomar 1 cápsula
VHMX00510,Fórmula Digestiva de Enzimas Vegetales Designs for Health | Favorece la digestión de alimentos complejos | 90 cápsulas,90 cápsulas,Cápsulas,1,90,90,alta,texto,Tomar 1 cápsula
VHMX00511,"Vitamina B6, B 12, Inositol, GABA, y más NeuroCalm™ de Designs for Health | Estado de Ánimo Saludable - Sensación de Bie",60 cápsulas,Cápsulas,2,60,30,alta,texto,Tomar 2 cápsulas
VHMX00512,"Vitamina B6, L-Tirosina, L-Glutamina, GABA y más Neurolink™ de  Designs for Health | Promueve la Función Cerebral y Cogn",180 cápsulas,Cápsulas,6,180,30,alta,texto,Tomar de 2 a 6 cápsulas
VHMX00513,Mezcla de Probióticos 350mg 50 Mil Millones de UFC ProbioMed™ 50 de Designs for Health | Bienestar Digestivo e Inmunitar,30 cápsulas,Cápsulas,1,30,30,alta,texto,Tomar 1 cápsula
VHMX00514,Calcio & Magnesio 2:1 450mg de Designs for Health | Apoyo de la función Óseo - Muscular | 180 Cápsulas Vegetales,180 cápsulas,Cápsulas,2,180,90,alta,texto,Tomar 2 cápsulas
VHMX00517,"Vitamina B6, N-Acetil-L-Tirosina, Té Verde y Quercetina DopaBoost™ de Designs for Health | Apoyo del Sistema Nervioso Ce",60 cápsulas,Cápsulas,1,60,60,alta,texto,Tomar 1 cápsula
VHMX00518,"Fosfatidilcolina 420mg de Designs For Health | Bienestar Integral que apoya la función digestiva, cardiovascular y cogni",180 cápsulas,Softgels,1,180,180,alta,texto,Tomar 1 cápsula blanda
VHMX00519,Inositol en polvo 700mg de Designs for Health | Apoyo para el Buen Sueño y Descanso - Sistema Nervioso | 250g Apto Vegan,250g,Cucharaditas,1,250,345,media,imagen,"etiqueta Supplement Facts: Serving Size 725 mg (approx. 1/4 teaspoon), Servings Per Container about 345. La porción real es 1/4 cucharadita; se mantiene unidad Cucharaditas del batch con dosis=1 por limitación del vocabulario."
VHMX00520,L-5-MTHF (5-Metiltetrahidrofolato) 1700mcg de Designs for Health | Apoyo para el Desarrollo Fetal - Cardiovascular y Men,120 cápsulas,Cápsulas,1,120,120,alta,texto,Tomar 1 cápsula
VHMX00521,Omega 3 EPA - DHA OmegAvail™ Hi-Po de Designs for Health | Apoyo Cardiovascular | 60 Cápsulas Vegetales,60 cápsulas,Softgels,2,60,30,alta,texto,Tomar 2 cápsulas blandas
VHMX00522,Quelato de Magnesio 200mg de Designs For Health | Apoyo de la función Ósea y Muscular - Alivio del Estrés | 120 tabletas,120 cápsulas,Tabletas,2,120,60,alta,imagen,"etiqueta Supplement Facts: Serving Size 2 tablets, Servings Per Container 60. Coincide con batch."
VHMX00523,"Tirosina, Vitamina A, B2, Zinc, Selenio Thyroid Synergy™ de Designs for Health | Apoyo de la Función Tiroidea | 120 Cáps",120 cápsulas,Cápsulas,2,120,60,alta,texto,Tomar 2 cápsulas
VHMX00526,"Cordyceps, Astrágalo, Ginseng - Kidney Korrect™ de Designs for Health | Apoyo de la Función Renal | 60 Cápsulas Vegetari",60 cápsulas,Cápsulas,1,60,60,alta,texto,Tomar 1 cápsula
VHMX00527,"Extracto de polen de flores 252mg, Arándano 250mg y Extracto de polifenoles de granada 200mg - Prostect™  de Designs For",60 cápsulas,Cápsulas,2,60,30,alta,texto,Tomar 2 cápsulas
VHMX00528,Quercetina 200mg + Ortigas 200mg de Designs For Health |  Fortalece el sistema inmunológico y ayuda a controlar los nive,90 cápsulas,Cápsulas,3,90,30,alta,texto,Tomar 3 cápsulas
VHMX00529,Aminoácido Taurina 1 g por porción de Designs For Health | Diseñado para potenciar la energía y resistencia física | 120,120 cápsulas,Cápsulas,3,120,40,alta,texto,Tomar 1 a 3 cápsulas
VHMX00530,"Aceite de Orégano 60mg de Designs For Health | Apoyo del Sistema Inmunológico, contribuye al bienestar digestivo | 120 C",120 cápsulas,Softgels,1,120,120,alta,texto,Tomar 1 cápsula blanda
VHMX00532,Ubiquinol 200mg y transgeranilgeraniol (GG) 120mg de Designs For Health | Apoya la función Cardiovascular y del Sistema,60 cápsulas,Softgels,1,60,60,alta,texto,Tomar 1 cápsula blanda
VHMX00533,Arroz de Levadura Roja 1.2g de Designs For Health | Apoyo del Sistema Cardiovascular - Acción Antioxidante | 180 Cápsula,180 cápsulas,Cápsulas,2,180,90,alta,texto,Tomar 2 cápsulas
VHMX00350,"Minerales en gotas de Trace Minerals | Apoya la función ósea y articular  | Presentaciones de 15, 59, 118 y 237ml",15ml,Gotas,40,15,6,alta,imagen,"etiqueta Supplement Facts: Serving Size 1/2 tsp (about 40 drops), Servings Per Container 6. Envase 15ml (0.5 fl oz)."
VHMX00351,"Minerales en gotas de Trace Minerals | Apoya la función ósea y articular  | Presentaciones de 15, 59, 118 y 237ml",59 ml,Gotas,40,59,24,alta,imagen,misma fórmula que VHMX00350; etiqueta frontal indica '24-Day Supply'. Serving size 40 drops = 1/2 tsp ≈ 2.5ml; 59÷2.5≈24 porciones.
VHMX00352,"Minerales en gotas de Trace Minerals | Apoya la función ósea y articular  | Presentaciones de 15, 59, 118 y 237ml",118 ml,Gotas,40,118,48,alta,imagen,misma fórmula; etiqueta frontal indica '48-day supply'. 118÷2.5≈47.2≈48 porciones.
VHMX00353,"Minerales en gotas de Trace Minerals | Apoya la función ósea y articular  | Presentaciones de 15, 59, 118 y 237ml",237 ml,Gotas,40,237,96,alta,imagen,misma fórmula; etiqueta frontal indica '96-Day | 3-Month Supply'. 237÷2.5≈94.8≈96 porciones.
VHMX00357,Magnesio + Cloruro + Potasio + Boro Mega-Mag 400mg - Oligoelementos iónicos de Trace Minerals | Apoya la función del sis,118ml,Goteros,4,118,30,alta,imagen,"etiqueta Supplement Facts: Serving size 4mL (4 full droppers; 0.8 tsp), Servings per container About 30. Batch tenía unidad=ml; corregido a Goteros."
VHMX00366,"Potasio Iónico Líquido 99mg + Magnesio + Calcio de Trace Minerals | Apoyo del Sistema Nervioso, Cardiovascular y Cogniti",59ml,ml,1,59,59,alta,imagen,"etiqueta Supplement Facts: Serving Size 1mL (0.2 tsp; 20 drops), Servings Per Container 59. Batch tenía dosis=4; corregido a 1ml."
VHMX00367,Selenio Iónico Líquido 300mcg de Trace Minerals | Acción antioxidante y de apoyo para la función cardiovascular y hormon,59ml,ml,1.25,59,48,alta,imagen,"etiqueta Supplement Facts: Serving Size 1.25 mL (1/4 tsp; 25 drops), Servings Per Container About 48. Coincide con batch."
VHMX00368,"Zinc Iónico Líquido 50mg de Trace Minerals | Refuerza el sistema inmunológico, es esencial para el crecimiento y desarro",59ml,ml,1.25,59,48,alta,imagen,"etiqueta Supplement Facts: Serving Size 1.25 ml (1/4 teaspoons; 1/4 dropper), Servings Per Container About 48. Coincide con batch."
VHMX00372,"Concentrado Electrolítico 40000 Volts de Trace Minerals | Producto vegano que potencia la energía, brindando mayor rendi",237ml,Cucharaditas,1,237,48,alta,imagen,"etiqueta Supplement Facts: Serving Size 1 teaspoon, Servings Per Container 48. Coincide con batch."
VHMX00374,"Boro Iónico con Magnesio, Cloruro y Complejo de Minerales Iónicos de Trace Minerals | Soporte para Huesos, Músculos y Fu",59ml,ml,1.25,59,48,alta,imagen,"etiqueta Supplement Facts: Serving Size 1.25 mL (1/4 tsp; 25 drops), Servings Per Container About 48. Coincide con batch."
VHMX00375,Ácido Fúlvico Iónico 250mg + Magnesio de Trace Minerals | Para el bienestar digestivo y proporcionar energía y vitalidad,59ml,ml,1,59,59,alta,imagen,"etiqueta Supplement Facts: Serving Size 1 mL (0.2 tsp.), Servings Per Container 59. Coincide con batch."
VHMX00381,"Magnesio 25mg, Cloruro 65mg, Litio y Boro de Trace Minerals | Minerales de apoyo para mantener el equilibrio del pH corp",30ml,Gotas,4,30,120,alta,imagen,"etiqueta: Serving Size 4 drops (0.25mL), Servings Per Container About 120, contenido 30ml"
VHMX00377,Citrato de Magnesio 84mg en Gomitas de Trace Minerals | Fortalece el Sistema Cardiovascular e Inmunológico | 120 gomitas,Mandarina,Gomitas,4,120,30,alta,texto,Tomar 1 a 4 gomitas
VHMX00378,Citrato de Magnesio 84mg en Gomitas de Trace Minerals | Fortalece el Sistema Cardiovascular e Inmunológico | 120 gomitas,Durazno,Gomitas,4,120,30,alta,texto,Tomar 1 a 4 gomitas
VHMX00379,Citrato de Magnesio 84mg en Gomitas de Trace Minerals | Fortalece el Sistema Cardiovascular e Inmunológico | 120 gomitas,Sandía,Gomitas,4,120,30,alta,texto,Tomar 1 a 4 gomitas
VHMX01206,Mezcla de Electrolitos con Vitamina C  y D - Carbs Mix de Quenut | Nutrición Deportiva | Apoyo de la función Muscular +,Piña-coco 700g,Gramos,45,700,15,alta,imagen,"etiqueta: Declaración Nutrimental, Por porción 45g; frente indica Cont. Neto ~675g; variante dice 700g; dosis_totales calculado 700/45≈15"
VHMX01207,Mezcla de Electrolitos con Vitamina C  y D - Carbs Mix de Quenut | Nutrición Deportiva | Apoyo de la función Muscular +,Sin sabor 700g,Gramos,45,700,15,alta,imagen,"misma fórmula que VHMX01206 (Quenut Hydro-Fuel), etiqueta comparte tabla: Por porción 45g, variante 700g"
VHMX01208,Mezcla de Electrolitos con Vitamina C  y D - Carbs Mix de Quenut | Nutrición Deportiva | Apoyo de la función Muscular +,Jamaica 700g,Gramos,45,700,15,alta,imagen,"misma fórmula que VHMX01206 (Quenut Hydro-Fuel), etiqueta comparte tabla: Por porción 45g, variante 700g"
VHMX01209,Mezcla de Electrolitos con Vitamina C  y D - Carbs Mix de Quenut | Nutrición Deportiva | Apoyo de la función Muscular +,Limonada 700g,Gramos,45,700,15,alta,imagen,"misma fórmula que VHMX01206 (Quenut Hydro-Fuel), etiqueta comparte tabla: Por porción 45g, variante 700g"
VHMX01300,Albahaca Sagrada 500mg de Tibet Natura | Apoya la función cognitiva y tiene propiedades antioxidantes | 60 cápsulas vege,60 cápsulas,Cápsulas,1,60,60,alta,texto,Tomar 1 cápsula
VHMX01301,"AMLA, fruto de 500mg por porción de Tibet Natura | Propiedades antioxidantes, que ayuda a mejorar el bienestar digestivo",60 cápsulas,Cápsulas,1,60,60,alta,texto,Tomar 1 cápsula
VHMX01302,"Astrágalo 500mg de Tibet Natura | Apoyo integral para la respuesta inmune del cuerpo, con propiedades antioxidantes | 60",30 cápsulas,Cápsulas,1,30,30,alta,texto,Tomar 1 cápsula
VHMX01304,Glucosamina + Colágeno hidrolizado + Cloruro de Magnesio 1000mg por porción Joint in three de Tibet Natura | Apoyo de la,100 cápsulas,Cápsulas,2,100,50,alta,texto,Tomar 2 cápsulas
VHMX01306,NAD+ 500 mg de Tibet Natura | Apoyo Antioxidante y Reparación Celular | 30 Cápsulas Vegetales,30 cápsulas,Cápsulas,1,30,30,alta,texto,Tomar 1 cápsula
VHMX01308,NMN suplemento | Nicotinamida Mononucleótido 500mg de Tibet Natura | Apoya la función metabólica y la producción de ener,30 cápsulas,Cápsulas,1,30,30,alta,texto,Tomar 1 cápsula
VHMX01309,"GABA, Pasiflora, Reishi, Ashwagandha 1000mg por porción Peace In Five Tibet Natura | Formulado para reducir el estrés y ",100 cápsulas,Cápsulas,2,100,50,alta,texto,Tomar 2 cápsulas
VHMX01310,"Rhodiola Rosea Hongo Adaptógeno 500mg de Tibet Natura | Ayuda a reducir el estrés y la ansiedad, aumentar la energía y l",60 cápsulas,Cápsulas,1,60,60,alta,texto,Tomar 1 cápsula
VHMX01312,Shatavari 500mg de Tibet Natura  | Hongo Adaptógeno | Apoya el Equilibrio Hormonal Femenino  | 60 cápsulas vegetales,60 cápsulas,Cápsulas,1,60,60,alta,texto,Tomar 1 cápsula
VHMX01032,Citrato de Magnesio | B-Life | Fortalecimiento Óseo | 240 cápsulas,240 cápsulas,Cápsulas,3,240,80,alta,texto,Tomar 3 cápsulas
VHMX01316,Tongkat Ali 1000mg por porción de Tibet Natura | Contribuye al Bienestar Hormonal y Potencia la Energía |  60 cápsulas v,60 cápsulas,Cápsulas,2,60,30,alta,texto,Tomar 2 cápsulas
VHMX01033,Omega 3 Aceite Puro de Salmón | B-Life | Apoyo Cardiovascular | 180 cápsulas,180 cápsulas,Cápsulas,1,180,180,alta,texto,tomar Omega 3 Aceite de Salmón B-Life? Se recomienda consumir 1 cápsula
VHMX01034,Myo & D-Chiro Inositol Platinum | B-Life | Contribuye en la Salud Femenina | 240 cápsulas,240 cápsulas,Cápsulas,4,240,60,alta,texto,tomar 4 cápsulas
VHMX01035,Glicinato de Magnesio | B-Life | Fortalecimiento Muscular | 180 cápsulas,240 cápsulas,Cápsulas,4,240,60,alta,texto,Consumir 4 cápsulas
VHMX01036,"B-Life | Resveratrol |Apoyo Antioxidante, Longevidad | 180 cápsulas",180 cápsulas,Cápsulas,2,180,90,alta,texto,Consumir 2 cápsulas
VHMX01037,Aceite de Coco + Vitaminas D3 y K2 | B-Life | Apoyo Cardiovascular | 300 cápsulas,300 cápsulas,Cápsulas,1,300,300,alta,texto,Tomar 1 cápsula
VHMX01038,"3 Mag Blend | B-Life | Citrato, Óxido y Gluconato de Magnesio | Fortalecimiento Muscular | 200 cápsulas",200 cápsulas,Cápsulas,1,200,200,alta,texto,Tomar 1 cápsula
VHMX01039,Mens T Platinum | B-Life | Fórmula para Hombres con Creatina y Acido aspártico | 240 cápsulas,240 cápsulas,Cápsulas,8,240,30,alta,texto,Consumir 8 cápsulas
VHMX01040,Probióticos 60 Billones + Inulina | B-Life | Bienestar Digestivo | 120 cápsulas,120 cápsulas,Cápsulas vegetales,1,120,120,alta,imagen,"etiqueta: Tamaño de la porción 1 Cápsula (0.5g), Porciones por envase 120; cápsulas DRcaps de origen vegetal (HPMC)"
VHMX01041,Icelandic Krill Oil | B-Life | Aceite de Krill EPA y DHA | Apoyo Cardiovascular | 150 cápsulas,150 cápsulas,Cápsulas,1,150,150,alta,texto,tomar 1 cápsula
VHMX01317,Péptidos Bioactivos de Colágeno Hidrolizado con vitaminas y minerales 10g de Tibet Natura | Fortalece las articulaciones,1 kg,Gramos,10,1000,100,alta,imagen,"etiqueta: Tamaño de la porción 10g, Porciones por envase 100, Cont. Neto 1 Kg; batch traía contenido=10 (error, corregido a 1000)"
VHMX01303,Cúrcuma orgánica + Extracto de Curcumina + Pimienta negra 500mg Curcupi de Tibet Natura | Apoyo del bienestar digestivo,90 cápsulas,Cápsulas,1,90,90,alta,texto,Tomar 1 cápsula
VHMX01305,Metil Folato - Vitamina B9 + Levadura nutricional 500mg de Tibet Natura | Apoya la función cerebral y cardiovascular al,60 cápsulas,Cápsulas,1,60,60,alta,texto,Tomar 1 cápsula
VHMX01185,"Biotina 10,000mcg + Ácido hialurónico + Colágeno - 500mg por cápsula de Natsa | Fortalece Piel, Uñas y Cabello | 100 cáp",100 cápsulas,Cápsulas,1,100,100,alta,texto,Tomar 1 cápsula
VHMX01186,Cúrcuma 500mg y Raíz de Jengibre 500mg de Natsa | Alivio de la inflamación estomacal - Bienestar Digestivo | 100 cápsula,100 cápsulas,Cápsulas,2,100,50,alta,texto,Tomar 2 cápsulas
VHMX01187,Treonato de magnesio 1000 mg por porción de Natsa | Apoyo de la Función Cognitiva | 60 cápsulas vegetales,60 cápsulas,Cápsulas,2,60,30,alta,texto,Tomar 2 cápsulas
VHMX01188,Citrato de magnesio 1000mg por porción de Natsa | Contribuye en la Función Muscular y de los Huesos | 100 cápsulas veget,100 cápsulas,Cápsulas,2,100,50,alta,texto,Tomar 2 cápsulas
VHMX01189,Citrato de Potasio 1000mg por porción de Natsa | Regula la Presión Arterial - Equilibrio de Electrolitos | 100 cápsulas,100 cápsulas,Cápsulas,2,100,50,alta,texto,Tomar 2 cápsulas
VHMX01192,Vinagre de Manzana 1000mg por porción de Natsa | Bienestar Digestivo - Control de peso | 100 cápsulas vegetales,100 cápsulas,Cápsulas,2,100,50,alta,texto,Tomar 2 cápsulas
VHMX01193,"Colágeno Hidrolizado Puro Tipo 1 & 3 - 10g por porción de Natsa | Promueve el fortalecimiento de piel, cabello y uñas | ",1kg,Gramos,10,1000,100,alta,imagen,"etiqueta Natsa: Tamaño de porción 10g, Porciones por envase 100; variante 1kg → contenido 1000g; batch traía contenido=10 (error, corregido)"
VHMX02025,"Colágeno Hidrolizado Puro Tipo 1 & 3 - 10g por porción de Natsa | Promueve el fortalecimiento de piel, cabello y uñas | ",500 gr,Gramos,10,500,50,alta,imagen,"etiqueta Natsa: Tamaño de porción 10g, Porciones por envase 100 (en 1kg); variante 500g → dosis_totales calculado 500/10=50"
VHMX01307,"NADH+, Colágeno hidrolizado y Citrato de magnesio 500 mg de Tibet Natura | Incrementa la Energía Celular mejorando la Re",30 cápsulas,Cápsulas,1,30,30,alta,texto,Tomar 1 cápsula
VHMX01195,Citrato de Magnesio 3g por porción de Natsa | Fortalecimiento Muscular y Óseo | Presentación en bolsa de 1kg y 500g - Sa,1kg,Gramos,3,1000,333,alta,imagen,"etiqueta Natsa Citrato Mg: Tamaño de porción 3g, Porciones por envase 333; frente dice 1 Kg 333 porciones; batch traía contenido=500 (error, corregido a 1000)"
VHMX01194,Citrato de Magnesio 3g por porción de Natsa | Fortalecimiento Muscular y Óseo | Presentación en bolsa de 1kg y 500g - Sa,500 gr,Gramos,3,500,166,alta,imagen,"etiqueta Natsa Citrato Mg: Tamaño de porción 3g, 333 porciones en 1kg; variante 500g → dosis_totales calculado 500/3≈166"
VHMX01311,"Equinácea + Vitamina C + Jengibre con Zinc y Vitamina D SAFE IN SIX de Tibet Natura, 1000mg por porción | Fortalece el s",100 cápsulas,Cápsulas,2,100,50,alta,texto,Tomar 2 cápsulas
VHMX01197,Citrato de Potasio 3000 mg por porción de NATSA | Suplemento Mineral 100 % Puro | Bolsa de 1 kg y 500 g,1kg,Gramos,3,1000,333,alta,imagen,"etiqueta Natsa Citrato K: Tamaño de porción 3g, Porciones por envase 166; frente dice 1 Kg 333 porciones; batch traía contenido=500 (error, corregido a 1000)"
VHMX01196,Citrato de Potasio 3000 mg por porción de NATSA | Suplemento Mineral 100 % Puro | Bolsa de 1 kg y 500 g,500gr,Gramos,3,500,166,alta,imagen,"etiqueta Natsa Citrato K: Tamaño de porción 3g, Porciones por envase 166; variante 500g ✓"
VHMX01313,Shilajit 500mg de Tibet Natura | Promueve la función sexual y ayuda a aumentar la energía y vitalidad | 60 cápsulas vege,60 cápsulas,Cápsulas,1,60,60,alta,texto,Tomar 1 cápsula
VHMX01198,"Aguaje, Fenogreco, Maca e Hinojo 500mg de Supplement Factory - Woman Curves | Equilibrio Hormonal y Soporte Femenino | 6",60 cápsulas,Cápsulas,3,60,20,alta,texto,Tomar 3 cápsulas
VHMX01314,"Schizandra Fruta 500mg de Tibet Natura |  Ayuda a mejorar la función hepática, promoviendo la desintoxicación y el biene",60 cápsulas,Cápsulas,1,60,60,alta,texto,Tomar 1 cápsula
VHMX01199,"Maca, Tribulus y Zinc MEN TESTO Supplement Factory | Apoya la vitalidad y energía diaria | 100 Cápsulas Vegetales",100 cápsulas,Cápsulas,2,100,50,alta,texto,Tomar 2 cápsulas
VHMX01315,Treonato de magnesio + Colágeno hidrolizado + BCAAS 1000mg por porción de Tibet Natura |  Diseñado para apoyar la funció,60 cápsulas,Cápsulas,2,60,30,alta,texto,Tomar 2 cápsulas
VHMX01191,Creatina Monohidratada 100% PURA - 5g por porción de Supplement Factory | Potenciar el Rendimiento Físico | Polvo de 1kg,1kg,Gramos,5,1000,200,alta,imagen,"frente Supplement Factory Creatina: 200 porciones, Cont. Net. 1 Kg; dosis 5g confirmada por título; batch traía contenido=500 (error, corregido a 1000)"
VHMX01190,Creatina Monohidratada 100% PURA - 5g por porción de Supplement Factory | Potenciar el Rendimiento Físico | Polvo de 1kg,500 gr,Gramos,5,500,100,alta,imagen,misma fórmula Supplement Factory Creatina 5g/porción; variante 500g → dosis_totales calculado 500/5=100
VHMX01318,Ajo negro + Jengibre + Ortiga 1500mg por porción de Flow Supplements |  Propiedades antioxidantes y apoyo de la función,90 cápsulas,Cápsulas,3,90,30,alta,texto,Tomar 3 cápsulas
VHMX01319,"Ashwagandha 1500mg por porción de Flow Supplement | Ayuda a reducir la ansiedad y el estrés, promoviendo la relajación |",90 cápsulas,Cápsulas,3,90,30,alta,texto,Tomar 3 cápsulas
VHMX01321,"Berberina 500mg de Flow Supplements |  Ayuda a regular los niveles de glucosa en sangre, mejorando así la función metabó",90 cápsulas,Cápsulas,1,90,90,alta,texto,Tomar 1 cápsula
VHMX01323,"Citrato de Magnesio 250mg de Flow Supplements, por porción 1500mg |  Apoyo de la función y fortalecimiento óseo y muscul",90 cápsulas,Cápsulas,2,90,45,alta,texto,Tomar 2 cápsulas
VHMX01324,Citrato de Potasio + Proteína de soya + Citrato de Magnesio 1000mg por porción de Flow Supplements | Apoya la función re,90 cápsulas,Cápsulas,2,90,45,alta,texto,Tomar 2 cápsulas
VHMX01322,Biotina + Colágeno + Vitamina C 1500mg por porción de Flow Supplements | Ideal para quienes buscan mantener su piel firm,90 cápsulas,Cápsulas,3,90,30,alta,texto,Tomar 3 cápsulas
VHMX01326,"Alga spirulina, L-Carnitina, Ácido alfa lipoico - Clorofila Plus - Flow Supplement | Apoyo para el bienestar digestivo, ",500 ml,ml,20,500,25,alta,imagen,"etiqueta Flow Clorofila: Tamaño de la porción 20ml, Porciones por envase 25, contenido 500ml"
VHMX01327,Cloruro de Magnesio + Calcio + Vitaminas K2 y D 500mg de Flow Supplements | Apoyo del Sistema Cardiovascular y Muscular,100 cápsulas,Cápsulas,1,100,100,alta,texto,Tomar 1 cápsula
VHMX01329,"Coenzima Q10 120mg + Golden Berry + Vitamina B6 de Flow Supplements | Apoya la función cardiovascular, promoviendo la ci",30 cápsulas,Cápsulas,1,30,30,alta,texto,Tomar 1 cápsula
VHMX01334,"Cúrcuma, Jengibre y Moringa 1500mg | Antiinflamatorio y Antioxidante | 90 Cápsulas Vegetales",90 cápsulas,Cápsulas,3,90,30,alta,texto,Tomar 3 cápsulas
VHMX01335,"Glicinato de Magnesio 500mg de Flow Supplements | Apoya la función muscular, ayudando a prevenir calambres y espasmos,  ",90 capsulas,Cápsulas,1,90,90,alta,texto,Tomar 1 cápsula
VHMX01336,"Grenetina Hidrolizada Glicina + Prolina con Vitamina C y D 15g de Flow Supplement  | Fortalece Cabello, Piel y Uñas | Po",500 g,Gramos,15,500,33,alta,imagen,"etiqueta Flow Grenetina: Tamaño de porción 15g, Porciones por envase 33.3, Cont. Neto 500g"
VHMX01332,"Colágeno Hidrolizado + Omegas + granada 11g y vitaminas de Flow Supplements | Fortalece el cabello, la piel y las uñas |",330 g,Gramos,11,330,30,alta,imagen,"etiqueta Flow Colágeno+Omegas: Tamaño de porción 11g, Porciones por envase 30, Cont. Neto 330g"
VHMX01330,"Colágeno Hidrolizado + Mangostán con vitaminas y minerales  15g de Flow Supplements | Fortalece el cabello, la piel y la",500 g,Gramos,15,500,33,alta,imagen,"etiqueta Flow Colágeno+Mangostán: Tamaño de porción 15g, Porciones por envase 33.3, Cont. Neto 500g"
VHMX01356,"Extracto de Rhodiola, Colina y Vitaminas del Complejo B 786mg - BioBest de Bioptimizado | Potencia la Energía y la Funci",60 cápsulas,Cápsulas,1,60,60,alta,texto,Tomar 1 cápsula
VHMX01357,Vitamina D3 + K2 20mcg Bio-DK de Bioptimizado | Vitaminas esenciales para la función ósea y cardiovascular además del ap,30ml,Gotas,1,30,1800,alta,imagen,"etiqueta Bio-DK: Tamaño de la porción 1 gota (0.033ml), Porciones por envase 1800, frasco gotero 30ml; batch traía dosis=10 (incorrecto, corregido a 1)"
VHMX01359,"Calostro de Bovino & L-Glutamina 870mg BioIgG de Bioptimizado | Rico en anticuerpos y factores de crecimiento, fortalece",100 cápsulas,Cápsulas,6,100,16.7,alta,texto,Tomar de 2 a 6 cápsulas
VHMX01358,Glucosamina + Condroitina + MSM + Boswellia 945mg BioFlex de Bioptimizado | Contribuye en la función articular | 100 cáp,100 cápsulas,Cápsulas,4,100,25,alta,texto,Tomar 4 cápsulas
VHMX01360,"Glicinato de Magnesio Quelado 662mg BioMag de Bioptimizado | Promueve la función muscular y Ósea, como asi también el Su",100 cápsulas,Cápsulas,2,100,50,alta,texto,Tomar 2 cápsulas
VHMX01361,"Berberina, Melón Amargo, Canela & Cromo 930mg BioMetabolix de Bioptimizado | Apoyo de la función metabólica, mejorando l",60 cápsulas,Cápsulas,2,60,30,alta,texto,Tomar 2 cápsulas
VHMX01362,"Extracto de Cúrcuma, Menta, Qubracho, Castaño de Indias y Quercetina - Mezcla propia 947mg BioPhenol de Bioptimizado | A",90 cápsulas,Cápsulas,2,90,45,alta,texto,Ingerir 2 cápsulas
VHMX01363,Betaína HCI & Extracto de Cúrcuma 730mg BioZyme de Bioptimizado | Compuesto por Enzimas Digestivas que facilitan la desc,100 cápsulas,Cápsulas,1,100,100,alta,texto,Tomar 1 cápsula
VHMX01331,"Colágeno Hidrolizado + Cloruro de Magnesio + Acaí 15g de Flow Supplements | Fortalece huesos y articulaciones, apoyando ",500 g,Gramos,15,500,33,alta,imagen,"etiqueta img_2: Tamaño de porción 15g, Porciones por envase 33.3, Cont. Neto 500g"
VHMX01333,Colágeno Hidrolizado + Alga Spirulina 15mg con vitaminas de Flow Supplement |  Formulado para fortalecer huesos y articu,500 g,Gramos,15,500,33,alta,imagen,"etiqueta img_2: Tamaño de porción 15g, Porciones por envase 33.3, Cont. Neto 500g"
VHMX01337,L-Glutatión + Vitamina C 1500mg por porción de Flow Supplement | Refuerzo del sistema inmune - Desintoxicación celular |,90 cápsulas,Cápsulas,3,90,30,alta,texto,Tomar 3 cápsulas
VHMX01338,L-Lisina 1500mg por porción de Flow Supplements | Promueve la función del sistema inmunológico y cardiovascular | 90 cáp,90 cápsulas,Cápsulas,3,90,30,alta,texto,Tomar 3 cápsulas
VHMX01339,Garcinia Cambogia + Mango africano + Cetonas de frambuesa 1500mg por porción META de Flow Supplements | Fórmula pensada,90 cápsulas,Cápsulas,3,90,30,alta,texto,Tomar 3 cápsulas
VHMX01340,"Multivitamínico para la mujer con colágeno, Calcio, Ácido fólico 1500mg por porción de Flow Supplement  | Apoyo de la fu",90 cápsulas,Cápsulas,3,90,30,alta,texto,Tomar 3 cápsulas
VHMX01341,"Multivitamínico para hombres con creatina, colágeno, magnesio 1500mg por porción de Flow Supplement | Apoyo de la funció",90 cápsulas,Cápsulas,3,90,30,alta,texto,Tomar 3 cápsulas
VHMX01342,Myo Inositol + Ácido fólico + Vitamina D3 1500mg por porción de Flow Supplement | Apoyo de la función Hormonal y fortale,90 cápsulas,Cápsulas,1,90,90,alta,texto,Tomar 1 cápsula
VHMX01343,"NAC (N-Acetil-L-Cisteína) 600mg de Flow Supplement | Antioxidante, que ayuda en la desintoxicación del hígado | 60 cápsu",90 cápsulas,Cápsulas,1,90,90,alta,texto,Tomar 1 cápsula
VHMX01352,"Vitamina D3 1500mg por porción de Flow Supplement | Apoyo de la función Ósea y Dental, que contribuye a la absorción de ",90 cápsulas,Cápsulas,3,90,30,alta,texto,Tomar 3 cápsulas
VHMX01353,ZINC 500mg de Flow Supplement | Apoyo de la función cardiovascular y del sistema inmune | 60 cápsulas vegetales,60 cápsulas,Cápsulas,1,60,60,alta,texto,Tomar 1 cápsula
VHMX01344,"Glucosamina, Colágeno, Condroitina con vitaminas 1000mg por porción NATUFLEX de Flow Supplements | Promueve la función a",90 cápsulas,Cápsulas,2,90,45,alta,texto,Tomar 2 cápsulas
VHMX01354,"Plata Coloidal de Flow | Bienestar general, higiene bucal | Liquido 500 ml",500 ml,ml,10,500,50,alta,imagen,"etiqueta img_2: Una porción de 10ml, Aprox. 50 porciones por envase, Cont. Neto 500ml"
VHMX01345,"Vitamina B3 - Niacina 500mg de Flow Supplements | Apoya la función cardiovascular y metabólica, aumentando la energía | ",90 cápsulas,Cápsulas,1,90,90,alta,texto,Tomar 1 cápsula
VHMX01346,"Omega 3, Aceite de salmón + Vitamina E 1200mg de Flow Supplement | Apoyo Cardiovascular, Ocular y Cerebral | 60 cápsulas",60 cápsulas,Cápsulas,1,60,60,alta,texto,Tomar 1 cápsula
VHMX01347,Quercetina 500mg de Flow Supplement | Apoyo de la función Inmunológica y respiratoria | 60 cápsulas vegetales,60 cápsulas,Cápsulas,2,60,30,alta,texto,Tomar 2 cápsulas
VHMX01348,Nopal + Neem + Hierbas naturales 1500mg por porción SINDAB de Flow Supplements | Bienestar digestivo  | 90 cápsulas vege,90 cápsulas,Cápsulas,3,90,30,alta,texto,Tomar 3 cápsulas
VHMX01349,"Ajo negro, Ajo chino y Cebolla morada 1500mg por porción TRIAJO de Flow Supplements | Fortalece el sistema inmune, comba",90 cápsulas,Cápsulas,3,90,30,alta,texto,Tomar 3 cápsulas
VHMX01350,Polvo de TRIPHALA + Calcio + Vitamina C 1000mg por porción de Flow Supplements | Bienestar digestivo que promueve la des,60 cápsulas,Cápsulas,2,60,30,alta,texto,Tomar 2 cápsulas
VHMX01351,"Vitamina C + Equinácea 1500mg por porción de Flow Supplement |  Refuerza el sistema Inmunológico, protegiendo contra gri",90 cápsulas,Cápsulas,3,90,30,alta,texto,Tomar 3 cápsulas
VHMX01364,"Vitamina A, Zinc , Mezcla propia con L-Glutamina, Aloe Vera y Polvo de Malvavisco 751mg BioZincar Plus de Bioptimizado |",60 cápsulas,Cápsulas,2,60,30,alta,texto,Tomar 2 cápsulas
VHMX01365,"NAC (N Acetil Cisteína) + L-Glicina 970mg Glynac de Bioptimizado |  Apoya la desintoxicación del hígado, fortalece el si",90 cápsulas,Cápsulas,2,90,45,alta,texto,Tomar 2 cápsulas
VHMX01366,Creatina Monohidratada + Cloruro Calcio + Malato de Magnesio 8.8g Ketolitos de Bioptimizado | Los electrolitos aseguran,264g,Medidas,1,264,30,media,imagen,img_0 solo muestra frente (Contenido neto 264g); porción de 8.8g implica ~30 porciones según título; sin tabla nutrimental visible
VHMX00825,"Aceite MCT, L-Carnitina, Vinagre de manzana y Omega 3 1400mg por porción Burn Baby, Burn de Moods | Ayudar en la energía",60 cápsulas,Cápsulas,2,60,30,alta,texto,Tomar 2 cápsulas
VHMX00826,"Vitamina C, D, B12 con antioxidantes y hongos adaptógenos 1400mg por porción Shields Up!  de Moods | Multivitamínico par",60 cápsulas,Cápsulas,2,60,30,alta,texto,Tomar 2 cápsulas
VHMX00827,"Vitamina C, Calcio, Zinc con Bacopa y Diente de león 1000mg por porción Unstoppable Mind de Moods | Ayuda a la concentra",60 cápsulas,Cápsulas,2,60,30,alta,texto,Tomar 2 cápsulas
VHMX00828,"L-Teanina, GABA, Inositol con vitaminas y magnesio 1000mg por porción Peace Out de Moods | Contribuye en la conciliación",60 cápsulas,Cápsulas,2,60,30,alta,texto,Tomar 2 cápsulas
VHMX00829,"Glucosamina, Condroitina, MSM y cúrcuma 1000mg por porción You Got The Moves de Moods | Promueve el buen descanso, forta",60 cápsulas,Cápsulas,2,60,30,alta,texto,Tomar 2 cápsulas
VHMX01355,Vitamina D3+K2 500mg con extracto de baya de Flow Supplement | Apoyo de la función cardiovascular e Inmunológica | 90 cá,90 cápsulas,Cápsulas,1,90,90,alta,texto,Tomar 1 cápsula
VHMX01371,Glicinato de Magnesio 560mg Alta Biodisponibilidad de Abitu | Relajación Muscular y Nerviosa| 30 cápsulas veganas,30 cápsulas,Cápsulas,1,30,30,alta,texto,Tomar 1 cápsula
VHMX01372,Enzimas Digestivas Ciruela y Papaya Happibelly 05 ABITÜ | Bienestar Digestivo Diario | 30 Cápsulas Veganas,30 cápsulas,Cápsulas,1,30,30,alta,texto,Tomar 1 cápsula
VHMX01373,Semilla de uva 300mg + GABA 200mg + Bálsamo de limón 200mg con aminoácidos - Just Chillin' de Moods | Promueve la relaja,60 cápsulas,Cápsulas,2,60,30,alta,texto,Tomar 2 cápsulas
VHMX01374,"Colágeno hidrolizado, Glutatión y Ácido hialurónico con vitaminas 10g Forever Young de Moods | Promueve la elasticidad d",300 g,Medidas,1,300,30,alta,imagen,"etiqueta img_1: Tamaño de porción 1 Scoop (10g), 300g contenido → 30 porciones calculadas"
VHMX01375,"Glicinato, Citrato y Gluconato de Magnesio 164mg de Moods | Proporciona relajación y buen descanso, mejorando la función",120 cápsulas,Cápsulas,2,120,60,alta,texto,Tomar 2 cápsulas
VHMX01376,Berberina 500mg de Nutrasana | Apoya la función cardiovascular al mantener niveles saludables de colesterol y triglicéri,60 tabletas,Cápsulas vegetales,1,60,60,alta,imagen,"etiqueta img_0: Contenido 60 Cápsulas vegetales, Berberina 500mg; unidad corregida de Cápsulas a Cápsulas vegetales"
VHMX01378,Myo Inositol 600mg de Nutrasana | Formulado para contribuir en la función reproductiva y metabólica | 120 tabletas veget,120 tabletas,Tabletas,2,120,60,alta,texto,Tomar 2 tabletas
VHMX01383,"Péptidos Bioactivos de Colágeno 10g de Nutraceutix | Diseñado para mejorar el aspecto de la piel, fortalecer el cabello ",400 g,Medidas,1,400,40,alta,imagen,"etiqueta img_0: Tamaño de porción 1 cucharada sopera (10g), Contenido 400g → 40 porciones calculadas"
VHMX01417,Womens Mult Matur3 | B-Life | Multivitamínico para Mujeres +40 | 180 cápsulas,180 cápsulas,Cápsulas,2,180,90,alta,imagen,"etiqueta img_1: Tamaño de porción 2 Cápsulas (1g), Porciones por envase 90, contenido 180 cápsulas; unidad corregida de Gramos a Cápsulas"
VHMX01418,Berberina Pure | B-Life | Bienestar Digestivo y Metabólico | 180 cápsulas,180 cápsulas,Cápsulas,2,180,90,alta,texto,tomar 2 cápsulas
VHMX01419,Probióticos 80 Billones Platinum | B-Life | Bienestar Digestivo | 120 cápsulas,120 cápsulas,Cápsulas,1,120,120,alta,texto,tomar 1 cápsula
VHMX01420,Probióticos 200 Billones + Inulina | B-Life | Bienestar Digestivo | 120 cápsulas,120 cápsulas,Cápsulas,1,120,120,alta,texto,tomar Probióticos 200 Billones + Inulina | B-Life ? Tomar una cápsula
VHMX01421,"3 Mag Platinum | B-Life | Citrato, Glicinato y Treonato de Magnesio | Función Muscular | 240 cápsulas",240 cápsulas,Cápsulas,3,240,80,alta,texto,Tomar tres cápsulas
VHMX01422,Enzym Blend | Enzimas Digestivas | Bienestar Digestivo | 180 cápsulas,180 cápsulas,Cápsulas,3,180,60,alta,imagen,"etiqueta img_1: Tamaño de porción 3 Cápsulas (1.8g), Porciones por envase 60, contenido 180 cápsulas"
VHMX01423,"Mezcla de Colágeno + Ácido Hialurónico | B-Life | Fortalece Piel, Cabello y Uñas | 180 cápsulas",180 cápsulas,Cápsulas,2,180,90,alta,texto,tomar 2 cápsulas
VHMX01424,Womens Blend | Colágeno + Vitaminas | Apoyo del sistema  Inmune | 180 cápsulas,180 cápsulas,Cápsulas,1,180,180,alta,texto,tomar una cápsula
VHMX01425,Citrato de Potasio de B Life | Fortalecimiento Muscular | 240 cápsulas,240 cápsulas,Cápsulas,4,240,60,alta,texto,Tomar 4 cápsulas
VHMX01426,Myo Inositol | B-Life | Fortalece la Salud Hormonal y Metabólica | 180 cápsulas,180 cápsulas,Cápsulas,180,180,1,alta,texto,tomar Myo Inositol B Life® 180 cápsulas
VHMX01427,Mens Mult Matur3 | B-Life | Multivitamínico para Hombres | Energía y Vitalidad | 180 cápsulas,180 cápsulas,Cápsulas,2,180,90,alta,texto,tomar 2 cápsulas
VHMX01428,"Omega 3-6-9 | B-Life | Salud Cardiovascular, Cognitiva | 180 cápsulas",180 cápsulas,Cápsulas,1,180,180,alta,texto,tomar 1 cápsula
VHMX01429,"Joint Blend | B-Life | Glucosamina, Condroitina, MSM | Articulaciones | 200 cápsulas",200 cápsulas,Cápsulas,2,200,100,alta,texto,Tomar 2 cápsulas
VHMX01430,"Night Blend | B-Life | Gaba, L-Teanina, Reishi, Magnesio y 5 HTP | Sueño y Descanso | 180 cápsulas",180 cápsulas,Cápsulas,2,180,90,alta,texto,tomar 2 cápsulas
VHMX01431,C Blend Vitamina C | B-Life | Fortalece Sistema Inmune | 240 cápsulas,240 cápsulas,Cápsulas,1,240,240,alta,texto,tomar 1 cápsula
VHMX01432,Ácido Alfa Lipoico B Life | Apoyo Antioxidante | 180 cápsulas,180 cápsulas,Cápsulas,2,180,90,alta,imagen,"etiqueta img_1: Tamaño de porción 2 Cápsulas (1g), Porciones por envase 90, contenido 180 cápsulas; unidad corregida de Gramos a Cápsulas"
VHMX01433,"Colágeno + Vitaminas | B-Life | Cuidado de Piel, Cabello y Uñas | 180 cápsulas",180 cápsulas,Cápsulas,2,180,90,alta,texto,Tomar 2 cápsulas
VHMX01434,"Mezcla de Hongos Adaptógenos | B-Life | Energía, Concentración | 180 cápsulas",180 cápsulas,Cápsulas,3,180,60,alta,texto,tomar 3 cápsulas
VHMX01435,Mens Blend | B-Life | Suplemento Multivitamínico para Hombres | 180 cápsulas,180 cápsulas,Cápsulas,1,180,180,alta,texto,Tomar 1 cápsula
VHMX01436,Vinagre de Sidra de Manzana | B-Life | Bienestar Digestivo | 180 cápsulas,180 cápsulas,Cápsulas,3,180,60,alta,texto,Tomar 3 cápsulas
VHMX01437,"Z Blend | B-Life | Zinc, Colágeno y Vitamina C | Sistema Inmune | 200 cápsulas",200 cápsulas,Cápsulas,1,200,200,alta,texto,"tomar Z Blend | B-Life | Zinc, Colágeno y Vitamina C ? Tomar una cápsula"
VHMX01438,"Collagen Bio | B-Life | Colágeno + Biotina | Fortalece Piel, Cabello y Uñas | 200 cápsulas",200 cápsulas,Cápsulas,1,200,200,alta,texto,Tomar 1 cápsula
VHMX01439,Cúrcuma + Jengibre | B-Life | Ayuda a reducir la Inflamación | 180 cápsulas,180 cápsulas,Cápsulas,2,180,90,alta,texto,tomar 2 cápsulas
VHMX01440,"Maca, Isoflavonas y Ñame Silvestre Womens ZEN de B-Life | Bienestar Femenino | 150 cápsulas",150 cápsulas,Cápsulas,2,150,75,alta,texto,Tomar 2 cápsulas
VHMX01441,Levadura de Cerveza | B-Life | Complejo B | Contribuye a tu Metabolismo | 180 cápsulas,180 cápsulas,Cápsulas,1,180,180,alta,texto,Tomar 1 cápsula
VHMX01385,Vitamina C + Magnesio 500mg de 5H8 Nutrition - C 300 | Fortalece el Sistema Inmune - Antioxidante | 120 Cápsulas,120 cápsulas,Cápsulas,1,120,120,alta,texto,Tomar 1 cápsula
VHMX01386,"Magnesio COMPLEX : Citrato, Glicinato, Gluconato, Óxido de Magnesio 680mg de 5H8 Nutrition | Apoyo de la función Ósea, M",120 cápsulas,Cápsulas,1,120,120,alta,texto,Tomar 1 cápsula
VHMX01388,"Omega 3 - EPA + DHA 1440MG Fish Oil de 5H8 Nutrition | Apoyo Cardiovascular, Ocular, Cerebral | 90 Cápsulas",90 cápsulas,Cápsulas,2,90,45,alta,texto,Tomar 1 a 2 cápsulas
VHMX01387,"Glutatión + Cardo Mariano + Ácido Alfa Lipoico 850mg por porción de 5H8 Nutrition | Longevidad, Sistema Inmune | 60 cáps",60 cápsulas,Cápsulas,2,60,30,alta,texto,Tomar 2 cápsulas
VHMX01389,"Complejo de Hongos Adaptógenos 500mg de 5H8 Nutrition |  Ayuda a aumentar la resistencia al estrés, mejora la energía y ",90 cápsulas,Cápsulas,3,90,30,alta,texto,Tomar 3 cápsulas
VHMX01390,Multivitamínico con Minerales 600mg - Multi Vit de 5H8 Nutrition | Bienestar General y Energía | 90 Cápsulas,90 cápsulas,Cápsulas,1,90,90,alta,texto,Tomar 1 cápsula
VHMX01391,Coenzima Q10 + Cúrcuma + Vitamina D y Magnesio 1200mg por porción de 5H8 Nutrition | Función Muscular y Cardiovascular |,90 cápsulas,Cápsulas,2,90,45,alta,texto,Tomar 2 cápsulas
VHMX01392,Ácido Hialurónico + Magnesio 300mg por porción de 5H8 Nutrición | Cuidado y Elasticidad de la Piel - Longevidad | 60 Cáp,60 cápsulas,Cápsulas,2,60,30,alta,texto,Tomar 2 cápsulas
VHMX01412,CLA + L-Carnitina 4500mg por porción 5H8 Nutrition | Diseñado para potenciar la acción termogénica del cuerpo | 90 Cápsu,90 cápsulas,Cápsulas,3,90,30,alta,texto,Tomar 3 cápsulas
VHMX01394,Vinagre de Manzana + Magnesio 500mg de 5H8 Nutrition | Formulado para apoyar la detoxificación del cuerpo y promover el,120 cápsulas,Cápsulas,2,120,60,alta,texto,Tomar 2 cápsulas
VHMX01395,"Zinc, Vitamina B1 y B6 250mg de 5H8 Nutrition ZN 20 | Refuerza el Sistema Inmune, la Piel - Energía | 120 Cápsulas",120 cápsulas,Cápsulas,1,120,120,alta,texto,Tomar 1 cápsula
VHMX01396,"Ashwagandha, Passiflora, Valeriana y Manzanilla 600mg Calm de 5H8 Nutrition | Promueve el buen Sueño y Descanso - Relaja",90 cápsulas,Cápsulas,1,90,90,alta,texto,Tomar 1 cápsula
VHMX01414,"Gomitas de Vinagre de Manzana 6g por porción de 5H8 Nutrition | Bienestar Digestivo, Detoxificación - Control de peso | ",60 gomitas,Gomitas,2,60,30,alta,texto,Tomar 2 gomitas
VHMX01398,"Colágeno, Ácido hialurónico, Biotina y Vitamina E 500mg Beauty de 5H8 Nutrition | Cuidado del Cabello, Piel y Uñas | 90 ",90 cápsulas,Cápsulas,1,90,90,alta,texto,Tomar 1 cápsula
VHMX01399,Reishi Hongo Adaptógeno 500mg de 5H8 Nutrition | Ayuda a reducir el estrés y la ansiedad | 90 cápsulas,90 cápasulas,Cápsulas,1,90,90,alta,texto,Tomar 1 cápsula
VHMX01400,Cordyceps Hongo Adaptógeno 450mg con Magnesio de 5H8 | Promueve la función Respiratoria - Inmunológica | 90 Cápsulas,90 cápsulas,Cápsulas,1,90,90,alta,texto,Tomar 1 cápsula
VHMX01401,"Hongo Adaptógeno Melena de León y Magnesio 400mg de 5H8 Nutrition | Función Cognitiva, Memoria - Concentración | 90 cáps",90 cápsulas,Cápsulas,1,90,90,alta,texto,Tomar 1 cápsula
VHMX01413,"Vitamina B1, B6, Calcio, Magnesio y Enzimas Digestivas NZ Max Plus de 5H8 Nutrition | Apoyo de la función Articular y Ós",120 cápsulas,Cápsulas,1,120,120,alta,texto,Tomar 1 cápsula
VHMX01415,Fruto de Árandano + Vitamina C y E 950mg por porción de 5H8 Nutrition | Antioxidante - Apoya la función del tracto urina,90 cápsulas,Cápsulas,2,90,45,alta,texto,Tomar 2 cápsulas
VHMX01411,"Hongo Adaptógeno Shilajit, Acaí, Semilla de Uva 500mg de 5H8 Nutrition | Antioxidante, Antiinflamatorio | 90 Cápsulas",90 cápsulas,Cápsulas,1,90,90,alta,texto,Tomar 1 cápsula
VHMX01405,"FLEX Glucosamina, Condroitina, Calcio y Colágeno 650mg de 5H8 Nutrition |  Fortalece huesos y articulaciones | 90 Cápsul",90 cápsulas,Cápsulas,1,90,90,alta,texto,Tomar 1 cápsula
VHMX01406,"Vinagre de Manzana, Cúrcuma, Cardo Mariano y Aloe Vera DTOX de 5H8 Nutrition | Bienestar Digestivo - Desintoxicación | 9",90 cápsulas,Cápsulas,2,90,45,alta,texto,Tomar 2 cápsulas
VHMX01407,"Resveratrol, Biotina, Vitamina C y Selenio 1160mg por porción de 5H8 Nutrition | Apoyo Cardiovascular - Longevidad | 90 ",90 cápsulas,Cápsulas,2,90,45,alta,texto,Tomar 2 cápsulas
VHMX01408,Glucosamina + Condroitina 1180mg por porción de 5H8 Nutrition | Apoyo para el Bienestar de Huesos y Articulaciones | 90,90 cápsulas,Cápsulas,2,90,45,alta,texto,Tomar 2 cápsulas
VHMX01409,L-Carnitina + Vitamina C 500mg de 5H8 Nutrition | Diseñado para potenciar la energía y apoyar el control de peso | 120 C,120 cápsulas,Cápsulas,1,120,120,alta,texto,Tomar 1 cápsula
VHMX01410,Canela Orgánica y Picolinato de Cromo 800mg por porciónde 5H8 Nutrition - Cinnamon | Acción Antiinflamatoria | 90 Cápsul,90 cápsulas,Cápsulas,2,90,45,alta,texto,Tomar 2 cápsulas
VHMX01451,"MSM (metilsulfonilmetano) 500mg de Adaptoheal | Fortalece Articulaciones, Cabello, Piel y Uñas | 150 Cápsulas Vegetales",150 cápsulas,Cápsulas,2,150,75,alta,texto,Tomar 2 cápsulas
VHMX01228,Creatina monohidratada micronizada Birdman Sin sabor |  Alto Rendimiento | 450g,450 g,Cucharadas,1,450,90,alta,imagen,"etiqueta img_1: Tamaño de porción 1 cucharada (5g), Porciones por envase 90, contenido 450g"
VHMX01229,"Birdman Falcon Performance sabor Chocolate y Vainilla | 50 Porciones | Mezcla de Proteínas Vegetales, Chícharo, Amaranto",Chocolate,Medidas,1,1900,45,alta,imagen,etiqueta img_2: Tamaño de porción 1 cucharada medidora (42g); img_1 frente: Cont. Net. 1.9kg → 1900g ÷ 42g ≈ 45 porciones
VHMX01230,"Birdman Falcon Performance sabor Chocolate y Vainilla | 50 Porciones | Mezcla de Proteínas Vegetales, Chícharo, Amaranto",Vainilla,Medidas,1,1900,45,alta,imagen,"etiqueta img_2: misma fórmula que VHMX01229 (Falcon Performance), Tamaño de porción 1 cucharada medidora (42g), Cont. Net. 1.9kg → 45 porciones"
VHMX01512,COMBO Test Genético Nutrición + Test Genético Skin Care + Envío + Sesión de interpretación de resultados,Sin programa nutricional,N/A,,,,na,imagen,COMBO Test Genético Nutrición + Skin Care — no es consumible con porción
VHMX01513,COMBO Test Genético Nutrición + Test Genético Skin Care + Envío + Sesión de interpretación de resultados,Con programa nutricional 3 meses,N/A,,,,na,imagen,COMBO Test Genético Nutrición + Skin Care con programa nutricional 3 meses — no es consumible con porción
VHMX01514,COMBO Test Genético Nutrición + Test Genético Skin Care + Envío + Sesión de interpretación de resultados,Con programa nutricional 6 meses,N/A,,,,na,imagen,COMBO Test Genético Nutrición + Skin Care con programa nutricional 6 meses — no es consumible con porción
VHMX01163,Mind & Stress Relief de Landa Adaptógenos | Ayuda a Reducir la Ansiedad y el Estrés | 90 cápsulas,90 cápsulas,Cápsulas,2,90,45,alta,texto,Tomar 2 cápsulas
VHMX01169,Té Matcha Orgánico Premium + Hongo Melena de León 5g de Landa Adaptógenos | Apoyo Cardiovascular - Antioxidante | 100g -,100g,Cucharadas,1,100,20,alta,imagen,etiqueta img_1 (back): instrucciones indican 1 cucharada; porción 5g confirmada por título '5g'; 100g ÷ 5g = 20 porciones
VHMX01171,"Cúrcuma, Canela, Pimienta, Cordyceps 5g Golden Milk de Landa Adaptógenos | Apoya la digestión y metabolismo | Bolsa de 1",150 g,Cucharadas,1,150,30,alta,imagen,etiqueta img_1 (back): instrucciones indican 1 cucharada; porción 5g por título; 150g ÷ 5g = 30 porciones
VHMX01173,Hongo Melena de León de Landa Adaptógenos | Apoyo Cognitivo - Memoria y Concentración | 30ml de Alta Biodisponibilidad,30 ml,Goteros,1,30,,media,imagen,"img_0: frasco 30ml con gotero, etiqueta img_2: 'Dosis recomendada: 1/2 gotero a 1 gotero al día'; tabla nutrimental Per 30ml (todo el envase); unidad corregida de ml a Goteros; dosis_totales no aplica (no hay porciones definidas en tabla)"
VHMX01174,"Hongo Cordyceps de Landa Adaptógenos | Estimula la oxigenación celular, apoya el sistema inmune | 30ml de Alta Biodispon",30ml,Goteros,1,30,,media,imagen,"img_0: frasco 30ml con gotero Cordyceps, etiqueta img_2: misma estructura que VHMX01173; 'Dosis recomendada: 1/2 gotero a 1 gotero al día'; unidad corregida de ml a Goteros"
VHMX01175,"Hongo Reishi de Landa Adaptógenos  | Apoyo para el Estrés, Sueño y Descanso | 30ml de Alta Biodisponibilidad",30ml,Gotas,40,30,,media,imagen,"etiqueta trasera (img_2): 'Dosis recomendada: tomar 10 gotas al día, como dosis correcta tomar 40 gotas al día'. Tabla nutrimental en img_1 ilegible por tamaño. Se usa máximo (40 gotas). Contenido 30ml del frasco. dosis_totales no calculable (unidades distintas). Batch traía dosis=2/ml, corregido por etiqueta."
VHMX01176,Hongo Cola de pavo de Landa Adaptógenos | Apoyo del Sistema Inmune - Bienestar Digestivo | 30ml de Alta Biodisponibilida,30ml,Goteros,1,30,,media,imagen,"etiqueta trasera (img_2): 'Dosis recomendada: 1/2 gotero al día. Como dosis correctiva tomar 1 gotero al día.' Se usa máximo = 1 gotero. Contenido 30ml. dosis_totales no calculable sin saber volumen de un gotero. Batch traía dosis=2/ml, corregido."
VHMX01177,Hongo Adaptógeno Chaga de Landa Adaptógenos | Contribuye con la acción antiinflamatoria | 30ml Alta Biodisponibilidad,30ml,Goteros,1,30,,media,imagen,"etiqueta trasera (img_2): 'Dosis recomendada: 1/2 gotero al día. Como dosis correctiva tomar 1 gotero al día.' Se usa máximo = 1 gotero. Contenido 30ml. dosis_totales no calculable. Batch traía dosis=1/ml, unidad corregida a Goteros."
VHMX01402,"NAD+, Quercetina y Resveratrol 375mg de 5H8 | Regenerador celular - Promueve la Longevidad y la Resistencia Física | 90 ",90 cápsulas,Cápsulas,1,90,90,alta,texto,Tomar 1 cápsula
VHMX01393,CLA (Ácido Linoleico Conjugado) 2000mg por porción de 5H8 Nutrition | Promueve la función Metabólica - Acción Antioxidan,90 cápsulas,Cápsulas,2,90,45,alta,texto,Tomar 2 cápsulas
VHMX01404,"Myo Inositol 550mg con colágeno hidrolizado +Biotina de 5H8 | Promueve el equilibrio hormonal, mejorando la sensibilidad",90 cápsulas,Cápsulas,1,90,90,alta,texto,Tomar 1 cápsula
VHMX01403,Myo Inositol + D-Chiro Inositol 2.04g por porción de 5H8 Nutrition | Apoya el equilibrio hormonal en hombres y mujeres |,120 cápsulas,Cápsulas,4,120,30,alta,texto,Tomar 4 cápsulas
VHMX01231,Proteína Vegetal Falcon 30g Double Chocolate Birdman para Rendimiento Físico 1.8 kg | 60 porciones,1.8 kg,Medidas,1,1800,60,alta,imagen,"etiqueta (img_1): 'Tamaño de porción: 1 cucharada (30g), 60 porciones'. Contenido real 1800g (variante 1.8kg). Batch traía contenido=30 (incorrecto, era el tamaño de porción). Corregido."
VHMX00330,"Magnesio, Cloruro, Potasio ENDURE Performance Electrolitos de Trace Minerals | Mezcla especial de electrolitos esenciale",30ml,Cucharaditas,1,30,12,alta,imagen,"etiqueta (img_1 back label): 'Serving size 1/2 tsp.; Servings per container 12'. Porción = 1 unidad de media cucharadita. Batch traía unidad=Gotas/dosis=48, corregido. 12 × ~2.5ml = 30ml confirma el contenido."
VHMX01453,Arándano Negro 500mg de Adaptoheal | Apoyo saludable para el Tracto Urinario - Antioxidante Natural | 150 Cápsulas Veget,150 cápsulas,Cápsulas,2,150,75,alta,texto,Tomar 2 cápsulas
VHMX01454,"Ashwagandha 500mg de Adapto Heal | Reduce Cortisol, Balance Hormonal | 150 Cápsulas Vegetales",150 cápsulas,Cápsulas,2,150,75,alta,texto,Tomar 2 cápsulas
VHMX01455,Astrágalo 500mg de Adapto Heal | Refuerzo del Sistema Inmune - Antioxidante | 150 Cápsulas Vegetales,150 cápsulas,Cápsulas,2,150,75,alta,texto,Tomar 2 cápsulas
VHMX01456,Cardo Mariano 500mg de Adapto Heal CRDM | Formulado para promover la detoxificación del hígado y apoyar la función hepát,150 cápsulas,Cápsulas,2,150,75,alta,texto,Tomar 2 cápsulas
VHMX01492,Vitex VTX  500 mg  Adaptoheal  | Bienestar femenino | 150 cápsulas Vegetales,150 cápsulas,Cápsulas,2,150,75,alta,texto,Tomar 2 cápsulas
VHMX01460,Citrato de Magnesio 500mg de Adapto Heal | Promueve la relajación muscular - Ayuda a reducir calambres y tensiones | 150,90 cápsulas,Cápsulas,2,90,45,alta,texto,Tomar 2 cápsulas
VHMX01461,"Colágeno Hidrolizado 500mg de Adapto Heal HIC | Cuidado de la Piel, Cabello y Uñas - Articulaciones | 150 Cápsulas Veget",150 cápsulas,Cápsulas,2,150,75,alta,texto,Tomar 2 cápsulas
VHMX01459,Chitosan 500mg de Adapto Heal - Fibra Natural para el Control de Peso - Metabolismo Saludable | 150 Cápsulas Vegetales,150 cápsulas,Cápsulas,2,150,75,alta,texto,Tomar 2 cápsulas
VHMX01462,Cordyceps Hongo Adaptógeno 500mg de Adapto Heal | Refuerza el sistema inmunológico - Promueve la función respiratoria |,150 cápsulas,Cápsulas,2,150,75,alta,texto,Tomar 2 cápsulas
VHMX01463,DHEA 100mg de Adaptoheal | Fortalecimiento Óseo y Longevidad | 150 Cápsulas Vegetales,150 cápsulas,Cápsulas,2,150,75,alta,texto,Tomar 2 cápsulas
VHMX01464,Diente de León 500mg de Adaptoheal | Bienestar Digestivo - Desintoxicación | 150 Cápsulas Vegetales,150 cápsulas,Cápsulas,2,150,75,alta,texto,Tomar 2 cápsulas
VHMX01458,"Castaño de Indias 500mg de Adapto Heal | Apoyo Cardiovascular, Circulación Sanguínea | 150 Cápsulas Vegetales",150 cápsulas,Cápsulas,2,150,75,alta,texto,Tomar 2 cápsulas
VHMX01465,Dong Quai 500mg de Adaptoheal | Diseñado para apoyar la función hormonal y reproductiva femenina | 150 Cápsulas Vegetale,150 cápsulas,Cápsulas,2,150,75,alta,texto,Tomar 2 cápsulas
VHMX01466,Equinácea 500mg de Adaptoheal | Apoyo de la función Inmunitaria - Propiedades Antiinflamatorias | 150 Cápsulas Vegetales,150 cápsulas,Cápsulas,2,150,75,alta,texto,Tomar 2 cápsulas
VHMX01468,Ginkgo Biloba 500mg de Adaptoheal | Apoyo de la función Cerebral - Antioxidante | 150 Cápsulas Vegetales,150 cápsulas,Cápsulas,2,150,75,alta,texto,Tomar 2 cápsulas
VHMX01476,Maca peruana MAK Adaptoheal 500 mg  | Apoyo de la función Hormonal y Sexual | 150 Cápsulas Vegetales,150 cápsulas,Cápsulas,2,150,75,alta,texto,Tomar 2 cápsulas
VHMX01485,Saw Palmetto SWTO 500 mg Adaptoheal | Apoya la función de la próstata - Bienestar Masculino | 150 Cápsulas Vegetales,150 cápsulas,Cápsulas,2,150,75,alta,texto,Tomar 2 cápsulas
VHMX01471,Ginseng Siberiano 500mg de Adaptoheal | Formulado para aumentar la energía y apoyar la resistencia al estrés | 150 Cápsu,150 cápsulas,Cápsulas,2,150,75,alta,texto,Tomar 2 cápsulas
VHMX01469,Ginseng Brasileño 500mg de Adaptoheal | Bienestar Mental y Cognitivo - Fortalece Sistema Inmunológico | 150 Cápsulas Veg,150 cápsulas,Cápsulas,2,150,75,alta,texto,Tomar 2 cápsulas
VHMX01473,Gotu Kola  Adaptóheal  | Potencia la Energía - Promueve la función Cognitiva y la Memoria | 150 Cápsulas Vegetales,150 cápsulas,Cápsulas,2,150,75,alta,texto,Tomar 2 cápsulas
VHMX01488,Raíz de Suma SU 500mg  Adaptóheal | Incrementa la Energía y Vitalidad - Refuerza Sistema Inmune | 150 Cápsulas Vegetales,150 cápsulas,Cápsulas,2,150,75,alta,texto,Tomar 2 cápsulas
VHMX01472,Golden Seal Hierba 500mg Adaptoheal | Promueve la función Inmune y Digestiva | 150 Cápsulas Vegetales,150 cápsulas,Cápsulas,2,150,75,alta,texto,Tomar 2 cápsulas
VHMX01474,Hierba del Sapo SHERB Adaptoheal | Apoyo de la función Cardiovascular y Hepática | 150 Cápsulas Vegetales,150 cápsulas,Cápsulas,2,150,75,alta,texto,Tomar 2 cápsulas
VHMX01475,Leuzea Adaptógena LZCTA Adaptoheal - Hierba | Potencia la Energía y Resistencia Física | 150 Cápsulas Vegetales,150 cápsulas,Cápsulas,2,150,75,alta,texto,Tomar 2 cápsulas
VHMX01494,Zarzaparrilla 500 mg Adaptoheal | Bienestar Digestivo y Urinaria | 150 Cápsulas Vegetales,150 cápsulas,Cápsulas,2,150,75,alta,texto,Tomar 2 cápsulas
VHMX01493,Yerba Mate YBM 500 mg Adaptoheal | Bienestar Digestivo - Energía y Control de peso | 150 Cápsulas Vegetales,150 cápsulas,Cápsulas,2,150,75,alta,texto,Tomar 2 cápsulas
VHMX01490,Uña de Gato UDG 500 mg Adaptoheal | Fortalece la función Óseo Articular - Antioxidante | 150 Cápsulas Vegetales,150 cápsulas,Cápsulas,2,150,75,alta,texto,Tomar 2 cápsulas
VHMX01486,Shiitake 500mg Adaptóheal |  Propiedades inmunológicas - Antioxidantes | 150 Cápsulas Vegetales,150 cápsulas,Cápsulas,2,150,75,alta,texto,Tomar 2 cápsulas
VHMX01487,Schizandra SHINR 500 mg Adaptoheal | Promueve el bienestar Hepático y la Vitalidad | 150 Cápsulas Vegetales,150 cápsulas,Cápsulas,2,150,75,alta,texto,Tomar 2 cápsulas
VHMX01477,Melissa cápsulas Adaptoheal 500 mg | Propiedades calmantes que ayudan a reducir el estrés y promover la relajación | 150,150 cápsulas,Cápsulas,2,150,75,alta,texto,Tomar 2 cápsulas
VHMX01479,Noni en cápsulas 500 mg Adaptoheal | Propiedades antioxidantes y antiinflamatorias - Sistema Inmune | 150 Cápsulas Veget,150 cápsulas,Cápsulas,2,150,75,alta,texto,Tomar 2 cápsulas
VHMX01480,Ñame Silvestre SILV Adaptoheal 500 mg  | Propiedades para equilibrar los niveles hormonales y aliviar síndrome premenstr,150 cápsulas,Cápsulas,2,150,75,alta,texto,Tomar 2 cápsulas
VHMX01481,Rhodiola Rosea 500mg Adaptoheal | Resistencia al Estrés y Vitalidad | 150 Cápsulas Vegetales,150 cápsulas,Cápsulas,2,150,75,alta,texto,Tomar 2 cápsulas
VHMX01482,Extracto de Palo de Arco Hierba -  500mg de Adaptoheal |  Apoyo al sistema inmunológico - Mantener el cuerpo libre de ra,150 cápsulas,Cápsulas,2,150,75,alta,texto,Tomar 2 cápsulas
VHMX01483,Reishi RSHI Adaptoheal 500mg  | Refuerzo del sistema inmunológico - Estrés y calidad del sueño | 150 Cápsulas Vegetales,150 cápsulas,Cápsulas,2,150,75,alta,texto,Tomar 2 cápsulas
VHMX01484,"Salvia SVIA 500 mg Adaptoheal | Apoyo a la función Cognitiva, Memoria y Concentración | 150 Cápsulas Vegetales",150 cápsulas,Cápsulas,2,150,75,alta,texto,Tomar 2 cápsulas
VHMX00482,Probiótico Infantil 2.6 mil millones de UFC en gotas de Child Life | Apoyo para el Bienestar Digestivo y la Inmunidad |,10.5ml,Gotas,5,10,35,alta,imagen,"etiqueta (img_1): 'Serving Size: 5 Drops (0.20 mL); Servings Per Container: About 35'. Contenido ~7ml según cálculo (35 × 0.2ml) pero variante dice 10.5ml; se mantiene contenido ~10. Batch traía dosis vacío/contenido=5, corregido."
VHMX00531,Myo & D-Chiro Inositol 1.6g + Ácido Alfa Lipoico 100mg Sensitol™ de Designs for Health | Sensibilidad a la Insulina - Fu,120 cápsulas,Cápsulas,2,120,60,alta,texto,Tomar 2 cápsulas
VHMX00442,Coenzima Q10 200mg de Swanson | Apoyo Cardiovascular y Antioxidante | 90 cápsulas vegetales,90 cápsulas,Cápsulas,1,90,90,alta,texto,Tomar 1 cápsula
VHMX00317,Raíz de Ñame Silvestre 850mg de Nature's Way  | Apoya el equilibrio hormonal femenino | 180 cápsulas veganas,180 cápsulas,Cápsulas,2,180,90,alta,texto,Tomar 2 cápsulas
VHMX00424,Saccharomyces Boulardii Probiótico de Swanson | Equilibra la flora intestinal saludable y previene el malestar digestivo,30 cápsulas,Cápsulas,1,30,30,alta,texto,Tomar 1 cápsula vegetal
VHMX00443,Vitamina K2 50 mcg de Swanson | Esencial para la correcta coagulación sanguínea y para prevenir la calcificación arteria,30 cápsulas,Softgels,1,30,30,alta,texto,Tomar una cápsula blanda
VHMX00458,DHEA 50mg de Swanson | Fortalecimiento Óseo y Promueve un envejecimieto saludable | 120 cápsulas vegetales,120 cápsulas,Cápsulas,1,120,120,alta,texto,Tomar 1 cápsula
VHMX00406,"Picolinato de Zinc 22mg de Swanson | Ayuda a la cicatrización de la piel, promoviendo el metabolismo celular | 60 cápsul",60 cápsulas,Cápsulas,1,60,60,alta,texto,Tomar 1 cápsula
VHMX00152,"Pau D'Arco 500 mg de NOW Foods | Corteza Interna, Apoyo Herbal Tradicional que Ayuda a reducir la inflamación | 100 Cáps",100 cápsulas,Cápsulas,2,100,50,alta,texto,Tomar 2 cápsulas
VHMX00503,"Vitamina C, B, PABA, Complejo Suprarrenal, N-Acetil-L-Tirosina de Designs for Health | Apoya la función suprarrenal salu",120 cápsulas,Cápsulas,2,120,60,alta,texto,Tomar 2 cápsulas
VHMX00202,Melena de León Orgánica 500 mg de Now Foods | Apoya el bienestar cognitivo | 60 Cápsulas Vegetales,60 cápsulas,Cápsulas,2,60,30,alta,texto,Tomar 2 cápsulas
VHMX00125,"Vitamina B-12, 1000 mcg con Ácido Fólico de NOW Foods para Energía y Apoyo al Sistema Nervioso | 100 Pastillas para Mast",100 pastillas,Tabletas,1,100,100,alta,texto,Tomar 1 pastilla
VHMX00534,Homocisteína Suprema™ + Vitaminas del Complejo B de Designs for Health | Apoyo Cardiovascular y Metabólico | 60 cápsulas,60 cápsulas,Cápsulas,2,60,30,alta,texto,Tomar 2 cápsulas
VHMX00138,Super Enzimas de NOW Foods | Bienestar general | 90 Tabletas Vegetales,90 tabletas,Tabletas,1,90,90,alta,texto,Tomar 1 tableta
VHMX00359,Vitamina B12 Iónico 1000mcg de Trace Minerals | Ayuda a favorecer al funcionamiento del sistema nervioso central | 59ml,59ml,ml,1,59,59,alta,imagen,etiqueta (img_1): 'Serving Size 1mL (0.2 tsp; 20 drops); Servings Per Container 59'. Todos los campos del batch confirmados. dosis_totales=59 agregado.
VHMX00362,Yodo Iónico 225mcg de Trace Minerals | Apoyo Metabólico | 59ml,59ml,Gotas,3,59,295,alta,imagen,etiqueta (img_1): 'Serving Size 0.2 mL (3 drops); Servings Per Container 295'. Batch confirmado. dosis_totales=295 agregado.
VHMX00364,Magnesio Iónico 400mg Potasio + Boro + Cloruro de Trace Minerals | Apoyo Muscular y Cardiovascular | 59 y 118ml,59ml,ml,4,59,30,alta,imagen,etiqueta (img_2): 'Serving Size 4mL (4 full droppers; 0.8 tsp); Servings Per Container About 30'. Batch confirmado. dosis_totales=30 agregado.
VHMX00365,Magnesio Iónico 400mg Potasio + Boro + Cloruro de Trace Minerals | Apoyo Muscular y Cardiovascular | 59 y 118ml,118ml,ml,4,118,30,alta,imagen,etiqueta (img_2): 'Serving Size 4mL (4 full droppers; 0.8 tsp); Servings Per Container About 30'. 118ml ÷ 4ml = 29.5 ≈ 30 confirma. Batch confirmado. dosis_totales=30 agregado.
VHMX00586,"Vitamina C, E, Biotina - Cabello, Piel y Uñas Gomitas de Mary Ruth's | Fortalece Piel, Uñas y Cabello | 60 gomitas Sabor",60 gomitas,Gomitas,2,60,30,alta,texto,Tomar 2 gomitas
VHMX00568,"Aceite de Comino Negro Orgánico 600mg de Mary Ruth's | Rico en antioxidantes, fortalece el sistema inmune y promueve el ",60ml,Gotas,20,60,90,alta,imagen,etiqueta (img_1): 'Serving Size 20 Drops (0.7 mL); Servings Per Container 90'. Batch confirmado. dosis_totales=90 agregado.
VHMX00569,Equinácea Orgánica de Mary Ruth's 1ml por porción | Fortalece el Sistema Inmunológico | Líquido de 30ml,30ml,Gotas,30,30,30,alta,imagen,etiqueta (img_1): 'Serving Size 30 Drops (1 mL); Servings Per Container 30'. Batch confirmado. dosis_totales=30 agregado.
VHMX00632,"Coenzima Q10 Liposomal 75mg, 5ml por porción de Mary Ruth's | Apoyo Cardiovascular y Antioxidante | Líquido de 225ml Sab",225ml,Cucharaditas,1,225,45,alta,imagen,etiqueta (img_1): 'Serving Size 1 Teaspoon (5 mL); Servings Per Container 45'. Batch confirmado. dosis_totales=45 agregado.
VHMX00602,Raíz de Maca Orgánica 590 mg de Mary Ruth's | Apoyo Hormonal | Gotero de 30ml,30 ml,Gotas,15,30,60,alta,imagen,"etiqueta (img_1): 'Serving Size 15 Drops (0.5 mL); Servings Per Container 60'. Batch traía dosis=30, corregido a 15. dosis_totales=60 agregado."
VHMX00605,Clorofila 50mg por Servicio de Mary Ruth's | Apoyo para la Piel | Gotero de 60ml Sabor Menta,60 ml,ml,2,60,30,alta,imagen,etiqueta (img_1): 'Serving Size 2 mL; Servings Per Container About 30'. Batch confirmado. dosis_totales=30 agregado.
VHMX00600,Gotas Herbales Orgánicas Para Riñón Y Vejiga 1ml de Mary Ruth's | Favorece la eliminación natural de toxinas y el equili,30ml,Gotas,30,30,30,alta,imagen,etiqueta (img_1): 'Serving Size 30 Drops (1 mL); Servings Per Container 30'. Batch confirmado. dosis_totales=30 agregado.
VHMX00591,Multivitamínico 30ml por porción Prenatal y Postnatal de Mary Ruth's | Apoyo nutricional para mujeres que cuidan su bien,946ml,ml,30,946,32,alta,imagen,"etiqueta (img_1): 'Serving Size 1 fl oz (approximately 30 mL); Servings Per Container 32'. Batch traía dosis=1, corregido a 30 (ml por porción). contenido corregido a 946ml (variante). dosis_totales=32 agregado."
VHMX00616,Arándano Orgánico para Niños 75mg de Mary Ruth's | Ayuda a reforzar el sistema inmunológico y la función respiratoria  |,30ml,Gotas,15,30,60,alta,imagen,"etiqueta (img_1): 'Serving Size 15 Drops (0.5 mL); Servings Per Container 60'. Batch traía dosis=30/ml, corregido a 15 Gotas. dosis_totales=60 agregado."
VHMX00609,"Zinc Iónico Líquido 3mg de Mary Ruth's |  Refuerza el sistema inmunológico, esencial para el crecimiento y desarrollo fí",120ml,Goteros,4,120,40,media,imagen,"etiqueta (img_1): múltiples serving sizes por edad — 6-12m: 1 pump (0.8mL)/150 servings; 1-3yr: 1 pump/150; 4+yr: 4 pumps (3mL)/40 servings; Embarazada: 4.5 pumps (3.5mL)/34. Se usa máximo (4+ años): dosis=4 pumps, dosis_totales=40. 'Pump' mapeado a Goteros (más cercano en vocabulario). Batch traía dosis=1, corregido."
VHMX00589,Zinc Liposomal Mora Azul 18mg + Vitamina E de Mary Ruth's | Fortalece el Sistema Inmune | Líquido de 450ml - Sabor Aránd,450ml,Cucharadas,1,450,30,alta,imagen,etiqueta (img_1): 'Serving Size 1 Tablespoon (15 mL); Servings Per Container 30'. Batch confirmado. dosis_totales=30 agregado.
VHMX00628,"Multivitamínico para Niños de Mary Ruth's | Contiene vitaminas y minerales esenciales para el crecimiento y desarrollo, ",60 gomitas,Gomitas,60,60,1,alta,texto,tomar Multivitamínico para Niños de Mary Ruth's 60 gomitas
VHMX00576,Complejo Vitamina B de Mary Ruth's 0.5ml por porción | Apoyo de la función Metabólica Integral | Gotero de 30ml Sabor Ce,30ml,Goteros,15,30,60,alta,imagen,"etiqueta: Serving Size 0.5 mL, Servings Per Container About 60. Producto de gotero líquido Vitamina B, 30 mL total."
VHMX00622,Zinc Iónico Orgánico 3mg Para Niños de Mary Ruth's | Apoya el crecimiento y desarrollo saludable | Gotero de 60ml Sabor,60ml,ml,2,60,30,alta,imagen,"etiqueta: Serving Size 3 Pumps (2 mL), Servings Per Container 30. Contenido 60 mL confirmado."
VHMX00610,Multivitamínico Infantil + Hierro + Zinc de Mary Ruth's | Fortalece el Sistema Inmunológico | Gotero de 60ml Sabor Naran,60ml,ml,2,60,30,alta,imagen,"etiqueta: Serving Size 2 mL, Servings Per Container About 30. Dosis en batch era 60 (incorrecto) — corregido a 2 mL."
VHMX00566,Raíz de Ashwagandha Orgánica 590 mg de Mary Ruth's | Ayuda a equilibrar el Cortisol - Proporciona un buen Sueño y Descan,30ml,Gotas,15,30,60,alta,imagen,"etiqueta: Serving Size 15 Drops (0.5 mL), Servings Per Container 60. Todo coincide con batch."
VHMX00587,"Bisglicinato de Magnesio, Mezcla Liposomal + Vitamina E de Mary Ruth's | Promueve el equilibrio del sistema nervioso | L",450ml,Cucharadas,1,450,30,alta,imagen,"etiqueta: Serving Size 1 Tablespoon (15 mL), Servings Per Container 30. Contenido 450 mL confirmado."
VHMX00599,Gotas Líquidas de Yodo de Mary Ruth's | Apoyo Metabólico | Gotero de 30ml Sin Sabor,30ml,Gotas,2,30,450,alta,imagen,"etiqueta: Serving Size 2 Drops (0.07 mL), Servings Per Container 450. Dosis en batch era 1 (incorrecto) — corregido a 2."
VHMX00592,"L-Lisina + Amla Fruta + Vitamina A y C - Gomitas Potenciadoras de Colágeno de Mary Ruth's | Apoyo para Cabello, Piel y U",90 gomitas,Gomitas,1,90,90,alta,texto,Tomar 1 gomita
VHMX00617,Extracto de Mezcla Orgánica Patentada 1180mg -  Enfoque y Atención de Niños de Mary Ruth's 1ml por porción | Apoya la co,30ml,Goteros,1,30,30,alta,imagen,"etiqueta: Serving Size 1 mL, Servings Per Container About 30. Producto gotero líquido enfoque niños."
VHMX00623,Coenzima Q10 120mg de Mary Ruth's |  Apoyo para la función Cardiovascular | 60 gomitas Sabor Frambuesa - 30 servicios,60 gomitas,Gomitas,2,60,30,alta,texto,Tomar 2 gomitas
VHMX00583,Mezcla Orgánica Patentada en Gotas para el Bienestar de la Mujer de Mary Ruth's 1ml por porción | Apoya el Equilibrio Ho,30ml,Gotas,30,30,30,alta,imagen,"etiqueta: Serving Size 30 Drops (1 mL), Servings Per Container 30. Unidad corregida de ml a Gotas; dosis corregida a 30."
VHMX00596,"Multimineral Nocturno para Niños de Mary Ruth´s | Bienestar Integral del Niño - Apoya la función ósea, muscular y el bie",946 ml |Piña,ml,30,946,30,alta,imagen,"etiqueta: Serving Size 14+ years = 2 tbsp (30 mL), Servings Per Container About 30. Contenido 946 mL (~32 fl oz) confirmado."
VHMX00597,"Multimineral Nocturno para Niños de Mary Ruth´s | Bienestar Integral del Niño - Apoya la función ósea, muscular y el bie",946 | Coco,ml,30,946,30,alta,imagen,"etiqueta: misma que VHMX00596 (Coconut Dream, mismo barcode) — Serving Size 14+ = 2 tbsp (30 mL), ~30 servings, 946 mL."
VHMX00593,"Vitaminas Complejo B, C,D,A - Multivitamínico Matutino de Mary Ruth's | Apoya la energía, el sistema inmunológico y el b",946ml | ponche de frutas,ml,30,946,30,alta,imagen,"etiqueta: Serving Size 14+ = 2 tbsp (30 mL), Servings Per Container ~15 para 14+. Variante 946ml ponche de frutas; dosis_totales ≈ 31."
VHMX00594,"Vitaminas Complejo B, C,D,A - Multivitamínico Matutino de Mary Ruth's | Apoya la energía, el sistema inmunológico y el b",450 ml | Frambuesa,ml,30,450,15,alta,imagen,etiqueta: misma fórmula MaryRuth Liquid Morning Multivitamin. Variante 450ml Frambuesa. Serving Size 14+ = 2 tbsp (30 mL) → 450/30 = 15 porciones.
VHMX00595,"Vitaminas Complejo B, C,D,A - Multivitamínico Matutino de Mary Ruth's | Apoya la energía, el sistema inmunológico y el b",946 ml | Frambuesa,ml,30,946,31,alta,imagen,etiqueta: misma fórmula MaryRuth Liquid Morning Multivitamin. Variante 946ml Frambuesa. Serving Size 14+ = 2 tbsp (30 mL) → 946/30 ≈ 31 porciones.
VHMX00604,Gotas de Aceite De Orégano Orgánico de Mary Ruth's 0.15ml por porción | Ayuda a combatir infecciones y mejorar la funció,30ml,Gotas,5,30,200,alta,imagen,"etiqueta: Serving Size 5 Drops (approx. 0.15 mL), Servings Per Container 200. Todo coincide con batch."
VHMX00631,Vitamina C 90mg Para Niños en Gomitas Orgánicas de Mary Ruth's | Fortalece el Sistema Inmune | 60 gomitas Sabor Naranja,60 gomitas,Gomitas,60,60,1,alta,texto,tomar Vitamina C para Niños de Mary Ruth's 60 gomitas
VHMX00627,"Multivitamínico Orgánicas Para Niños de Mary Ruth's | Estas gomitas apoyan el sistema inmunológico, la función cognitiva",60 gomitas,Gomitas,60,60,1,alta,texto,tomar Gomitas Multivitamínico Orgánico para Niños de Mary Ruth's 60 gomitas
VHMX00626,"Multivitamínico Para Niños En Gomitas con Zinc, Colina e Inositol de Mary Ruth's | Fortalece el Sistema Inmune | 60 gomi",60 gomitas,Gomitas,2,60,30,alta,texto,Tomar 2 gomitas
VHMX00625,Vitamina C + Zinc con Extracto de baya de saúco Europeo Orgánico de Mary Ruth's  | Antioxidantes y nutrientes que ayudan,60 gomitas,Gomitas,2,60,30,alta,texto,Masticar 2 gomitas
VHMX00014,"Vitamina D-3 1,000 IU Alta Potencia de NOW Foods | Apoyo Inmunológico y Óseo | 180 Cápsulas Blandas Vegetales",180 cápsulas,Softgels,1,180,180,alta,texto,Tomar 1 cápsula blanda
VHMX01523,"L-Arginina 1000mg de KAL | Apoya la circulación de flujo sanguíneo, la función cardiovascular y el desempeño deportivo |",60 Tabletas,Tabletas,1,60,60,alta,texto,Tomar 1 tableta
VHMX01524,Glicinato de Magnesio de KAL | Apoyo Cognitivo y Muscular | 160 Cápsulas Veganas,160 cápsulas,Cápsulas,4,160,40,alta,texto,Tomar 4 cápsulas
VHMX01547,Glicinato de Magnesio 350mg de Solaray | Apoyo Muscular y Relajación | 120 Cápsulas Veganas,120 cápsulas,Cápsulas,4,120,30,alta,texto,Tomar 4 cápsulas
VHMX01529,"Ultra Omega 3-6-9 Borraja, Pescado y Linaza de KAL con Vitamina E | Sistema cardiovascular, colesterol, triglicéridos y ",50 cápsulas,Cápsulas,1,50,50,alta,texto,Tomar 1 cápsula
VHMX01519,"Vitaminas del Complejo B con Calcio, Colina e Inositol de KAL | Apoyo Energético | 60 Tabletas",60 tabletas,Tabletas,2,60,30,alta,texto,Tomar 2 tabletas
VHMX01539,"Berberina 500mg de Solaray | Control del azúcar en sangre, Control del peso, Equilibrio del colesterol, Potente antioxid",60 cápsulas,Cápsulas,1,60,60,alta,texto,Tomar 1 cápsula
VHMX01550,"Raíz de Jengibre GINGER 550mg de Solaray | Apoyo digestivo, propiedades antiinflamatorias, apoyo al sistema inmunitario ",60 cápsulas,Cápsulas,2,60,30,alta,texto,Tomar 2 cápsulas
VHMX01531,"Vitamina C 300mg con Rosa Mosqueta de KAL | Sistema inmunológico, Antioxidante, Apoya el bienestar de la piel y la produ",100 cápsulas,Cápsulas,1,100,100,alta,texto,Tomar 1 cápsula
VHMX01525,"Metil Folato 400 mcg DFE de KAL | Función cardiovascular y cognitiva, Bienestar mental, Apoyo en el embarazo, Desarrollo",90 tabletas,Tabletas,1,90,90,alta,texto,Tomar 1 tableta
VHMX01520,"Citrato de Calcio 1000mg de KAL con Hoja de Berro, Diente de León y Extracto de Perejil | Apoyo Óseo | 120 Cápsulas Vege",120 cápsulas,Cápsulas,1,120,120,alta,texto,Tomar 1 cápsula
VHMX01521,"CMZ Max Calcio, Magnesio y Zinc de KAL | Apoyo Óseo y Muscular | 100 Cápsulas Vegetales",100 cápsulas,Cápsulas vegetales,3,100,33,alta,imagen,"etiqueta: Tamaño de porción 3 tabletas (4.59g), 33 porciones por envase. Producto VEGETARIAN. Unidad corregida de Tabletas a Cápsulas vegetales."
VHMX01528,Papaya Zyme de KAL Enzimas Digestivas | Proporciona enzimas naturales para una digestión más cómoda y eficiente | 100 Ta,100 tabletas masticables,Tabletas masticables,1,100,100,alta,texto,Tomar 1 tableta masticable
VHMX01532,"Z Max Quelato de Aminoácido de Zinc de KAL | Sistema inmunológico, Bienestar de la piel, Equilibrio hormonal, Antioxidan",100 tabletas,Tabletas,1,100,100,alta,texto,Tomar 1 tableta
VHMX01533,L-Glutamina en Polvo Fermentado de Fuente Vegana de MRM Nutrition | Apoyo Muscular y Digestivo | 325g,325g,Medidas,1,325,65,alta,imagen,"etiqueta: Serving Size 1 Scoop (5 grams), Servings Per Container 65. 65×5g=325g ✓."
VHMX01538,"Spirulina / Espirulina (Alga Entera Orgánica) 410 mg de Solaray | Funcionamiento cerebro-vascular, Mejora del sistema in",60 cápsulas,Cápsulas,1,60,60,alta,texto,Tomar 1 cápsula
VHMX01544,"Inositol 500mg de Solaray | Regulación de la ansiedad, Bienestar hormonal, Función cognitiva, Promueve la calma | 100 cá",100 cápsulas,Cápsulas,1,100,100,alta,texto,Tomar 1 cápsula
VHMX01563,"Myo-Inositol, D Chiro, Ácido R-Lipoico y Cinsulin® 5g SOP Complejo de Matter | Apoyo contra el Síndrome de Ovario Poliqu",225g,Medidas,1,225,45,alta,imagen,"etiqueta: Tamaño de la porción 1 medida (5g), Porciones por envase 45. 45×5g=225g ✓."
VHMX01551,"Selenio 100 mcg de L-Selenometionina Libre de Levadura de Solaray | Antioxidante, Función Tiroidea, Refuerza el Sistema ",90 cápsulas,Cápsulas,1,90,90,alta,texto,Tomar 1 cápsula
VHMX01606,"Melatonina, Citrato de Magnesio, Calcio, GABA y 5HTP de Michael's Health | Formula diseñada para apoyar el sueño y buen ",30 cápsulas,Cápsulas,3,30,10,alta,texto,Tomar 3 cápsulas
VHMX01607,"L-Arginina 2250mg, Citrulina 750mg & Betabel Orgánico de Michael´s Health | Promueve una mejor circulación y rendimiento",45 tabletas,Tabletas,3,45,15,alta,texto,Tomar 3 tabletas
VHMX01608,"Multivitamínico para Niños - Vitaminas del Complejo B, A,C, D3, E y Minerales de Michael's Health | Soporte nutricional ",60 masticables,Tabletas masticables,2,60,30,alta,imagen,etiqueta: Serving Size 1 Wafer (1-3yrs) / 2 Wafers (4-8yrs). Dosis máxima = 2. 60 tabletas / 2 = 30 porciones (dosis adulta/mayor).
VHMX01609,Enzimas Digestivas  600mg de Michael's Health | Apoya la recuperación muscular después del ejercicio y el Bienestar Dige,90 tabletas,Tabletas,6,90,15,alta,texto,Tomar 6 tabletas
VHMX01610,"Colina, B6, Inositol, Lecitina y otros compuestos de Michael's Health |  Apoyo en el metabolismo de las grasas y optimiz",90 tabletas,Tabletas,6,90,15,alta,texto,Tomar 6 tabletas
VHMX01676,Ubiquinol Coenzima Q10 100 mg Kaneka™  de Health Thru Nutrition | Actúa como antioxidante y energizante celular | 120 cá,120 cápsulas,Cápsulas,1,120,120,alta,texto,Tomar 1 cápsula
VHMX01611,"Multivitamínico para Hombres - Vitaminas A, C, D, E, Ginseng Asiático y Serenoa de Michael's Health | Apoyo integral par",90 tabletas,Cápsulas vegetales,3,90,30,alta,imagen,"etiqueta: Serving Size Three (3) Veggie Capsules, 30 servings per container. Todo coincide."
VHMX01612,"Vitamina C, D3, B3, B5, B6, Calcio, Panax Ginseng y otros compuestos de Michael's Health | Bienestar masculino | 60 tabl",60 tabletas,Tabletas,1,60,60,alta,texto,Tomar 1 tableta
VHMX01613,"Vitamina C,B5, B6, D3, Calcio, Yodo, Magnesio y Combinado de Hierbas de Micahel's Health | Extractos orgánicos formulado",90 tabletas,Tabletas,4,90,22.5,alta,texto,Tomar 4 tabletas
VHMX01677,"Cúrcuma 500 mg de Kaneka™ de Heath Thru Nutrition | Apoya la función articular, reduciendo la inflamación  | 120 y 60 cá",120 cápsulas,Cápsulas,2,120,60,alta,texto,Tomar 1 o 2 cápsulas
VHMX01614,"Rhodiola Rosea, Ashwagandha, Vitamina C, B12,B5, Calcio de Michael's Health | Apoya la respuesta al estrés y el equilibr",60 tabletas,Tabletas,3,60,20,alta,texto,Tomar 3 tabletas
VHMX01678,"PQQ (Pirroloquinolina quinona) 20 mg Kaneka™ de Health Thru Nutrition | Apoyo al sistema inmunológico, antioxidante | 12",120 cápsulas,Cápsulas,1,120,120,alta,texto,Tomar 1 cápsula
VHMX01734,Ácido Alfa Lipoico de Best Naturals 600 mg | Apoyo al Metabolismo de la Glucosa para la Energía Celular | 60 Cápsulas,60 Cápsulas,Cápsulas,1,60,60,alta,texto,Tomar 1 cápsula
VHMX01615,"Vitaminas B3, B6, D3, Colina, Magnesio y Mezcla Patentada de Michael's Health | Elaborado para promover el metabolismo s",90 tabletas,Tabletas,6,90,15,alta,texto,Tomar 6 tabletas
VHMX01735,Óxido de Magnesio de Best Naturals | Fortalecimiento Óseo y Función Muscular Óptima | 180 Tabletas de 500 mg,180 tabletas,Tabletas,1,180,180,alta,texto,Tomar 1 tableta
VHMX01736,Polvo de hoja de Alfalfa 500mg de Best Naturals  | Apoyo Nutricional y Bienestar Digestivo Integral |  180 Cápsulas,180 Cápsulas,Cápsulas,1,180,180,alta,texto,Tomar 1 cápsula
VHMX01616,"Diente de León, Semilla de Lino, Calabaza – Vitaminas, Minerales & Mezcla Patentada de Michael's Health | Formula que ap",84 cápsulas,Tabletas vegetales,3,84,28,alta,imagen,"etiqueta: Serving Size Three (3) Packets Daily, 84 Vegetarian Tablets total. 84/3 = 28 porciones."
VHMX01617,"Multivitamínico para Mujeres con Vitaminas A, C, D, E con Cardo Bendito y Dong Quai de Michael's Health | Formula diseña",90 tabletas,Cápsulas vegetales,3,90,30,alta,imagen,etiqueta: Serving Size Three (3) Veggie Capsules; contenido 90; 30 porciones calculadas (90÷3)
VHMX01618,"Eleuthero, Cúrcuma, Vitamina C, B12,B5, Calcio y Ácido Pantoténico de Michael's Health |  Apoya la función adrenal y ayu",60 tabletas,Tabletas,3,60,20,alta,imagen,"etiqueta: Serving Size Three (3) Tablets, 30 servings per container — pero contenido=60 tabletas y dosis=3 → 60÷3=20 dosis_totales. Etiqueta dice 30 servings, posible discrepancia con variante de 90 tabs; ajusto por contenido declarado"
VHMX01637,Cleanse & Flush 15 días de Nature’s Secret | Favorece la desintoxicación digestiva | 60 tabletas,60 Tabletas,Tabletas,2,60,30,alta,texto,Tomar 2 tabletas
VHMX01619,"Vitaminas B6, D3, Hawthorn Berry, Flor de Lúpulo, Calcio y Citrato Magnesio de Michael's Health | Factores™ de Presión A",60 tabletas,Tabletas,3,60,20,alta,texto,Tomar 3 tabletas
VHMX01620,"Calcio, Raíz de Malvavisco, Corteza de Cerezo Silvestre de Michael's Health | Apoya la digestión después de las comidas ",90 masticables,Tabletas masticables,3,90,30,alta,imagen,etiqueta: Serving Size Three (3) Chewable Wafers; contenido 90; dosis_totales calculadas 90÷3=30
VHMX01621,D3 5000 IU con Vitamina K2 90mcg de Michael's Health | Apoya el sistema inmunológico | 90 Masticables Vegetarianos Sabor,90 masticables,Tabletas masticables,1,90,90,alta,texto,Tomar 1 tableta masticable
VHMX01622,"Vitamina A 10.000 IU, Vitamina C, Vitamina D3, Zinc de Michael's Health | Soporte Integral que Fortalece el Sistema Inmu",60 Cápsulas,Tabletas,2,60,30,alta,imagen,"etiqueta: Serving Size Two (2) Tablets, 30 servings per container; contenido 60"
VHMX01623,"Ginkgo Biloba, Gotu Kola y Colina de Michael's Health -| Función Cognitiva, Memoria & Concentración | 60 Cápsulas Vegeta",60 tabletas,Tabletas,3,60,20,alta,texto,Tomar 3 tabletas
VHMX01624,"Calcio 300 mg, Magnesio 300 mg, Alfalfa de Michael's Health | Diseñadas para fortalecer los huesos, apoyar el sistema mu",90 masticables,Tabletas masticables,2,90,45,alta,texto,Tomar 2 tabletas masticables
VHMX01625,"Fenogreco, corteza de olmo resbaladizo, hoja de gordolobo 3300mg de Michael's Health | Diseñadas para ofrecer apoyo inte",60 tabletas,Tabletas,3,60,20,alta,texto,Tomar 3 tabletas
VHMX01680,L-Teanina 200 mg de Health Thru Nutrition | Promueve la Relajación y el Enfoque Mental | 60 cápsulas Blandas,60 cápsulas,Cápsulas,1,60,60,alta,texto,Tomar 1 cápsula
VHMX01681,Aceite de Semilla Negra (Black Seed Oil) 500 mg + 2% de Timoquinona de Health Thru Nutrition | Promueve el Bienestar Gen,100 cápsulas,Cápsulas,2,100,50,alta,texto,Tomar 1 o 2 cápsulas
VHMX01682,Luteína 20 mg + Zeaxantina 4 mg de Health Thru Nutrition | Actúa como antioxidante y energizante celular | 60 cápsulas B,60 cápsulas,Softgels,1,60,60,alta,texto,Tomar 1 cápsula blanda
VHMX01626,"Raíz de uva de Oregón, Equinácea, Vitamina A y Vitamina C, Calcio, Zinc de Michael's Health | Contribuye al funcionamien",60 tabletas,Tabletas,3,60,20,alta,texto,Tomar 3 tabletas
VHMX01683,Boswellia 300 mg de Health Thru Nutrition | Actúa como antiinflamatorio y antioxidante | 60 cápsulas Blandas,60 cápsulas,Cápsulas,1,60,60,alta,texto,Tomar 1 cápsula
VHMX01627,Skin Factors de Michael Health | Apoyo dérmico y antioxidante | 90 Cápsulas Vegetales,90 tabletas,Tabletas,3,90,30,alta,texto,Tomar 3 tabletas
VHMX01684,Enzimas Digestivas 520 mg + Calcio 120 mg de Health Thru Nutrition | Apoya la Digestión y Contribuye a la absorción de n,60 cápsulas,Cápsulas,1,60,60,alta,texto,Tomar 1 cápsula
VHMX01628,"Cardo mariano, Raíz de diente de león y Lecitina 1715mg + Vitaminas de Michael's Health | Estimula el metabolismo de gra",60 tabletas,Tabletas,3,60,20,alta,texto,Tomar 3 tabletas
VHMX01629,"Rhodiola, Ashwagandha, B5, B6, Calcio Thyrodrenal de Michael's Health | Contribuye a reducir el estrés, mejora el metabo",60 tabletas,Cápsulas vegetales,2,60,30,alta,imagen,etiqueta: Serving Size Two (2) Veggie Capsules; contenido 60; dosis_totales calculadas 60÷2=30
VHMX01685,Ácido Caprílico 600 mg de Health Thru Nutrition | Bienestar Digestivo y Soporte del Sistema Inmunológico | 100 cápsulas,100 cápsulas,Softgels,3,100,33.3,alta,texto,Tomar de 1 a 3 cápsulas blandas
VHMX01630,"Multivitamínico para adolescentes mujeres - Dong Quai, Diente de León + Vitaminas A, C, D, E de Michael's Health | Contr",60 tabletas,Tabletas,2,60,30,alta,imagen,"etiqueta: Serving Size Two (2) Tablets, 30 servings per container; contenido 60"
VHMX01631,"Cáscara de Nuez Negra, Semillas de Calabaza, Clavo y otras Hierbas 2620mg de Michael's Health | Diseñado para promover u",60 Cápsulas,Cápsulas,4,60,15,alta,texto,Tomar 4 cápsulas
VHMX01632,Vitamina B6 & Citrato de Potasio + Combinado de Hierbas 2700mg de Michael's Health | Apoyo para el Bienestar Digestivo |,60 tabletas,Tabletas,3,60,20,alta,texto,Tomar 3 tabletas
VHMX01633,"Vitamina B6, Manganeso y Cromo + Mezcla Patentada de Hierbas 600mg de Michael's Health | Favorece el equilibrio hormonal",60 cápsulas,Cápsulas,3,60,20,alta,texto,Tomar 3 cápsulas
VHMX01737,"Aceite de Orégano de Best Naturals | Propiedades Antimicrobianas, Antioxidantes y Digestivas | 250 mg 120 Cápsulas Bland",120 Capsulas,Softgels,1,120,120,alta,texto,Tomar 1 cápsula blanda
VHMX01738,Fruta de Vitex de Best Naturals | Bienestar Femenino | 400 mg 250 Cápsulas,250 capsulas,Cápsulas,1,250,250,alta,texto,Tomar 1 cápsula
VHMX01739,Extracto de Astrágalo de Best Naturals | Fortalecimiento del Sistema Inmunológico y Acción Antioxidante Poderosa | 1000,120 Capsulas,Cápsulas,2,120,60,alta,texto,Tomar 2 cápsulas
VHMX01740,Bromelina de Best Naturals | Digestión Óptima y Acción Antiinflamatoria Potente | 500 mg 120 Tabletas,120 tabletas,Tabletas,1,120,120,alta,texto,Tomar 1 tableta
VHMX01741,"Complejo de L-Arginina y L-Citrulina de Best Naturals | Mejora de la Circulación, Energía y Función Muscular | 1000 mg 1",120 tabletas,Tabletas,1,120,120,alta,texto,Tomar 1 tableta
VHMX01742,Extracto de Granada de Best Naturals | Antioxidante Potente y Soporte para el Sistema Cardiovascular | 250 mg 250 Cápsul,250 cápsulas,Cápsulas,2,250,125,alta,texto,Tomar 2 cápsulas
VHMX01743,Estroncio de Best Naturals | Fortalecimiento Óseo y Mantenimiento Articular | 680 mg por Porción 90 Cápsulas,90 cápsulas,Cápsulas,2,90,45,alta,texto,Tomar 2 cápsulas
VHMX01745,Enzima Lactasa de Best Naturals | Digestión Mejorada y Alivio de la Intolerancia a la Lactosa | 180 Tabletas,180 tabletas,Tabletas,1,180,180,alta,texto,Tomar 1 tableta
VHMX01744,L-Teanina de Best Naturals | Relajación Natural y Reducción del Estrés Cotidiano | 200 mg 120 Tabletas,120 tabletas,Tabletas,1,120,120,alta,texto,Tomar 1 tableta
VHMX01746,"Inositol de Best Naturals | Soporte Celular, Nervioso y Equilibrio Mental | 1000 mg 120 Tabletas",120 tabletas,Tabletas,1,120,120,alta,texto,Tomar 1 tableta
VHMX01747,"Boro de Best Naturals | Apoyo Óseo, Estructural y Metabólico Integral | 5 mg 240 Tabletas",240 Cápsulas,Tabletas,1,240,240,alta,imagen,"etiqueta: Serving Size 1 Tablet, Servings Per Container 240; contenido 240"
VHMX01748,Serrapeptasa de Best Naturals | Enzima Proteolítica y Apoyo Antiinflamatorio Completo | 40000 SPU 180 Cápsulas,180 Cápsulas,Cápsulas,1,180,180,alta,texto,Tomar 1 cápsula
VHMX01749,Complejo de Polen de Abeja de Best Naturals | Energía y Apoyo Nutricional | 120 Tabletas,120 tabletas,Tabletas,1,120,120,alta,texto,Tomar 1 tableta
VHMX01750,Acetil L-Carnitina y ALA de Best Naturals | Apoyo Energético y Antioxidante | 750 mg 120 Cápsulas,120 cápsulas,Cápsulas,1,120,120,alta,texto,Tomar 1 cápsula
VHMX01751,Ácido Hialurónico de Best Naturals | Apoyo a la Piel y Articulaciones | 100 mg 120 Cápsulas,120 cápsulas,Cápsulas,2,120,60,alta,texto,Tomar 2 cápsulas
VHMX01752,Resveratrol de Best Naturals | Antioxidante y Apoyo Cardiovascular | 500 mg 60 Cápsulas,60 cápsulas,Cápsulas,2,60,30,alta,texto,Tomar 2 cápsulas
VHMX01753,Betaína HCL de Best Naturals | Apoyo Digestivo | 648 mg 250 Cápsulas,250 cápsulas,Cápsulas,1,250,250,alta,texto,Tomar 1 cápsula
VHMX01754,Ácido Alfa Lipoico de Best Naturals | Potente Antioxidante y Apoyo Metabólico | 600 mg 120 Cápsulas,120 Cápsulas,Cápsulas,1,120,120,alta,texto,Tomar 1 cápsula
VHMX01755,L-Triptófano de Best Naturals | Apoyo al Estado de Ánimo y Sueño | 500 mg 120 Cápsulas,120 cápsulas,Cápsulas,1,120,120,alta,texto,Tomar 1 cápsula
VHMX01636,"Extracto de cúrcuma, Alfalfa, Potasio, Vitaminas D3,B3,B5, Magnesio de Michael's Health | Aporta antioxidantes y compues",60 tabletas,Tabletas,4,60,15,alta,texto,Tomar 4 tabletas
VHMX01635,"Multivitamínico para Adolescentes Varones - Vitaminas A, C, D, E, B y minerales esenciales de Michael's Health | Contrib",60 tabletas,Tabletas,2,60,30,alta,imagen,"etiqueta: Serving Size Two (2) Tablets, 30 servings per container; contenido 60"
VHMX01691,Resveratrol 100 mg de Health Thru Nutrition | Actúa como antiinflamatorio y antioxidante | 60 cápsulas Blandas,60 cápsulas,Softgels,1,60,60,alta,texto,Tomar una cápsula blanda
VHMX01696,"Berberina Fuerza Clínica 500 mg de Health Thru Nutrition | Beneficia la función intestinal, Apoya el metabolismo | 60 cá",60 cápsulas,Cápsulas,1,60,60,alta,texto,Tomar 1 cápsula
VHMX01634,"Zinc, Polen de Abeja y Extracto de baya Saw Palmetto con Vitaminas y Minerales de Michael's Health | Apoyo de la función",60 tabletas,Tabletas,4,60,15,alta,texto,Tomar 4 tabletas
VHMX01694,"Coenzima Q10 100 mg + BioPerina 5mg Health Thru Nutrition | Apoyo cardiovascular, Antioxidate | 120 cápsulas Blandas",120 cápsulas,Softgels,1,120,120,alta,texto,Tomar 1 cápsula blanda
VHMX01688,"PQQ (Pirroloquinolina quinona) 40 mg de Health Thru Nutrition | Apoyo al sistema inmunológico, antioxidante | 120 y 30 C",120 cápsulas,Cápsulas,1,120,120,alta,texto,Tomar 1 cápsula vegetal
VHMX01689,"Curcu-Gel Ultra 650 mg de Health Thru Nutrition | Apoyo cardiovascular, Antioxidate | 60 cápsulas Blandas",60 cápsulas,Softgels,1,60,60,alta,texto,Tomar 1 cápsula blanda
VHMX01759,Colágeno Hidrolizado de Tipo 1 y 3 10g por porción de Entera Pharma | Favorece la elasticidad y firmeza de la piel - Apo,500g,Gramos,10,500,50,alta,imagen,"etiqueta: Tamaño de la Porción 10g, Porciones por envase 50; contenido 500g"
VHMX01760,"Colágeno Hidrolizado tipo 2 con Calcio, Magnesio y Vitaminas C & D de Entera Pharma | Favorece la función y flexibilidad",300g,Gramos,10,300,30,alta,imagen,"etiqueta: Tamaño de la porción 10g, Porciones por envase 30; contenido 300g"
VHMX01761,"Colágeno Tipo I, II y III  9.75g & Bisglicinato Magnesio 250mg de Entera Pharma | Fortalece las articulaciones y los hue",300g,Gramos,10,300,30,alta,imagen,"etiqueta: Tamaño de la porción 10g, Porciones por envase 30; contenido 300g"
VHMX01690,PureQQ 20mg + Coenzima Q10 60mg + L-Arginina 400mg CelluRex 640 mg de Health Thru Nutrition | Apoya la circulación | 60,60 cápsulas,Cápsulas,2,60,30,alta,texto,Tomar 2 cápsulas
VHMX01692,"Pycnogenol 50 mg de Health Thru Nutrition | Apoyo articular, Refuerzo inmunológico | 30 cápsulas Blandas",30 cápsulas,Cápsulas,1,30,30,alta,texto,Tomar una cápsula vegetal
VHMX01693,"Curcu-Gel Ultra 325 mg de Health Thru Nutrition | Apoyo cardiovascular, Antioxidate | 60 cápsulas Blandas",60 cápsulas,Softgels,1,60,60,alta,texto,Tomar una cápsula blanda
VHMX01644,"Sunny Mood con Rhodiola de Irwin Naturals | Equilibrio Emocional, claridad mental y enfoque | 75 cápsulas",75 Cápsulas,Softgels,3,75,25,alta,texto,Tomar 3 cápsulas blandas
VHMX01756,Glicina de Best Naturals | Apoyo Relajante y Metabólico | 1000 mg 180 Cápsulas,180 Cápsulas,Cápsulas,1,180,180,alta,texto,Tomar 1 cápsula
VHMX01762,"Colágeno Hidrolizado (Péptidos de Colágeno Tipo I, II y III) de Entera Pharma | Fortalece las Articulaciones y los Hueso",300g,Gramos,10,300,30,alta,imagen,"etiqueta: Tamaño de la porción 10g, Porciones por envase 30; contenido 300g"
VHMX01763,Citrato de Magnesio + Fibra Prebiótica 4g por porción de Entera Pharma | Polvo de 360g Sabor Limón Frambuesa - 85 porcio,360g,Cucharadas,1,360,85,alta,imagen,"etiqueta: Tamaño de la Porción 4g (1 cucharada dosificadora), Porciones por envase 85; contenido 360g"
VHMX01764,"Citrato de Zinc, Selenio de metionina y Vitamina C en una matriz de fibra prebiótica 400mg de Entera Pharma | Apoya la f",60 tabletas,Tabletas,1,60,60,alta,texto,Tomar 1 tableta
VHMX01765,"K2+D3 + Aceite MCT 600mg de Entera Pharma | Soporte nutricional práctico en el mantenimiento de huesos, función muscular",180 cápsulas,Cápsulas,1,180,180,alta,texto,Tomar 1 cápsula
VHMX01679,Ubiquinol Coenzima Q10 50 mg Kaneka™  de Health Thru Nutrition | Actúa como antioxidante y energizante celular | 90 cáps,90 cápsulas,Softgels,1,90,90,alta,texto,Tomar 1 cápsula blanda
VHMX01641,Testosterona UP RED con Extracto de raíz de maca de Irwin Naturals | Incrementa la energía y favorece la vitalidad mascu,60 Cápsulas,Softgels,2,60,30,alta,texto,Tomar 2 cápsulas blandas
VHMX01642,3 in 1 Joint Fórmula de Irwin Naturals | Apoya la movilidad y flexibilidad articular | 90 cápsulas,90 Cápsulas,Softgels,6,90,15,alta,texto,Tomar 6 cápsulas blandas
VHMX01643,Healthy Brain All-Day Focus con Ginkgo Biloba de Irwin Naturals | Apoya la memoria y la claridad mental | 60 cápsulas,60 Cápsulas,Softgels,2,60,30,alta,texto,Tomar 2 cápsulas blandas
VHMX01646,Vision Sharp con Luteína de Irwin Naturals | Favorece el enfoque visual en adultos | 42 cápsulas,42 Cápsulas,Softgels,2,42,21,alta,texto,Tomar 2 cápsulas blandas
VHMX01647,Steel Líbido RED con L-Citrulina de Irwin Naturals | Contribuye al bienestar masculino | 75 cápsulas blandas,75 Cápsulas,Cápsulas,4,75,18.8,alta,texto,Tomar 4 cápsulas
VHMX01697,Té verde + Cafeína + Vitaminas del Complejo B de Nature's Answer | Shot energético diseñado para potenciar la energía de,60ml,ml,60,60,1,alta,imagen,"etiqueta: Serving Size 2 oz (60 mL), Servings Per Container 1; es un shot de dosis única"
VHMX01700,Extracto líquido de nuez 2ml por porción de Nature's Answer | Apoyo de la función digestiva e Inmunológica | 30ml - 15 s,30ml,Goteros,2,30,15,alta,imagen,"etiqueta: Serving Size 2 mL (approx. 81 drops), Servings Per Container 15; producto en gotero 30 mL"
VHMX01701,Cardo Mariano 2000mg por porción de Nature's Answer | Propiedades antioxidantes y apoyo a la función hepática - Detoxifi,30ml,Goteros,2,30,15,alta,imagen,"etiqueta: Serving Size 2 mL (approx. 56 drops), Servings Per Container 15; producto en gotero 30 mL"
VHMX01702,Extracto líquido de Raíz de Jengibre 1000mg de Nature's Answer | Contribuye al equilibrio intestinal | Gotero de 30ml,30ml,Goteros,1,30,30,alta,imagen,"etiqueta: Serving Size 1 mL (approx. 43 drops), Servings Per Container 30; producto en gotero 30 mL"
VHMX01703,Raíz de Ñame Silvestre (Wild Yam) 220mg por porción de Nature's Answer | Apoyo para el bienestar femenino - Efecto calma,60 cápsulas,Cápsulas,1,60,60,alta,texto,Tomar 1 cápsula
VHMX01704,Hongo Reishi 1000mg por porción de Nature's Answer | Fortalece el Sistema Inmunológico - Antioxidante Natural | 60 cápsu,60 cápsulas,Cápsulas,2,60,30,alta,texto,Tomar 2 cápsulas
VHMX01705,Extracto fluido de trébol rojo 2000mg por porción de Nature's Answer |  Apoyo a la menopausia | Gotero de 30ml,30ml,Goteros,2,30,15,alta,imagen,"etiqueta: Serving Size 2 mL (approx. 63 drops), Servings Per Container 15; producto en gotero 30 mL"
VHMX01706,"Extracto de Ortiga 2000mg por porción de Nature's Answer |  Antioxidante Natural, favorece eliminación de toxinas | Gote",30ml,Goteros,2,30,15,alta,imagen,"etiqueta: Serving Size 2 mL (approx. 87 drops), Servings Per Container 15; producto en gotero 30 mL"
VHMX01707,Aceite de Ajo 2000mg de Nature's Answer | Favorece el sistema cardiovascular | Gotero de 30ml,30ml,Goteros,2,30,15,alta,imagen,"etiqueta: Serving Size 2 mL (approx. 75 drops), Servings Per Container 15; producto en gotero 30 mL"
VHMX01708,"Extracto de Espino 2,000 mg por porción de Nature’s Answer | Apoyo del Sistema Cardiovascular y reduce la tensión nervio",30ml,ml,2,30,15,alta,imagen,"etiqueta: Serving Size 2 mL (approx. 73 drops), Servings Per Container 15"
VHMX01710,"Extracto de Raíz de Diente de León 1260mg por porción de Nature's Answer | Apoya la función hepática y desintoxicante, R",90 cápsulas,Cápsulas,2,90,45,alta,texto,Tomar 2 cápsulas
VHMX01709,VTEX (V. Agnus Castus) 40mg por porción de Nature's Answer | Formula diseñada para apoyar el equilibrio hormonal femenin,90 cápsulas,Cápsulas,1,90,90,alta,texto,Tomar 1 cápsula vegetal
VHMX01648,Beet Root RED™ de Irwin Naturals con Betalaínas | Contribuye al rendimiento físico | 60 cápsulas,60 Cápsulas,Cápsulas,4,60,15,alta,texto,Tomar 4 cápsulas
VHMX01649,Raíz de Maca y Ashwagandha con Ginsenósidos de Irwin Naturals | Apoya la respuesta adaptativa al estrés | 75 Cápsulas,75 Cápsulas,Cápsulas,4,75,18.8,alta,texto,Tomar 4 cápsulas
VHMX01711,Extracto de hoja de Gordolobo 2000mg por porción de Nature's Answer | Promueve una función respiratoria saludable | Gote,30ml,ml,2,30,15,alta,imagen,"etiqueta: Serving Size 2 mL (approx. 72 drops), Servings Per Container 15. Batch traía dosis=1, corregido a 2"
VHMX01712,"Cola de Caballo 2000mg de Nature's Answer | Fortalecimiento del Cabello, la Piel y las Uñas - Aporta antioxidantes natur",30ml,ml,1,30,,baja,imagen,"solo imagen frontal disponible (img_0.webp), sin tabla nutrimental legible. Campos del batch conservados sin cambio"
VHMX01714,"Extracto Liquido de Passiflora 2000mg por porción de Nature's Answer | Propiedades calmantes naturales, que ayudan a pro",30ml,ml,2,30,15,alta,imagen,"etiqueta: Serving Size 2 mL (approx. 74 drops), Servings Per Container 15. Batch traía dosis=1, corregido a 2"
VHMX01715,Raíz de Valeriana 1000mg de Nature's Answer  | Promueve la relajación y mejora la calidad del sueño - Apoyo en momentos,30ml,ml,1,60,60,alta,imagen,"etiqueta: Serving Size 1 mL (approx. 35 drops), Servings Per Container 60, Net 2 fl oz (60 mL). Batch traía contenido=30, corregido a 60"
VHMX01716,Raíz de Astrágalo 2000mg de  Nature's Answer |  Refuerza las defensas y apoya el cuerpo en momentos de fatiga | Gotero d,30ml,ml,2,30,15,alta,imagen,"etiqueta: Serving Size 2 mL (approx. 56 drops), Servings Per Container 15. Batch traía dosis=1, corregido a 2"
VHMX01717,Extracto de Raíz de Diente de León 2000mg por porción de Nature's Answer | Bienestar General | Gotero de 30ml,30ml,ml,2,30,15,alta,imagen,"etiqueta: Serving Size 2 mL (approx. 51 drops), Servings Per Container 15. Batch traía dosis=1, corregido a 2"
VHMX01718,Equinácea Purpurea de 1000mg de Nature's Answer | Fortalece el Sistema Inmunológico - Combate infecciones respiratorias,30ml,ml,1,30,30,alta,imagen,"etiqueta: Serving Size 1 mL (approx. 28 drops), Servings Per Container 30"
VHMX01719,Raíz de malvavisco 2000mg de Nature's Answer | Propiedades naturales que actúan como calmantes y beneficios para el sist,30ml,ml,2,30,15,alta,imagen,"etiqueta: Serving Size 2 mL (approx. 56 drops), Servings Per Container 15"
VHMX01720,Extracto de Sarsaparrilla 2000mg de Nature's Answer | Ayuda en el mantenimiento de niveles saludables de energía y el bi,30ml,ml,2,30,15,alta,imagen,"etiqueta: Serving Size 2 mL (approx. 49 drops), Servings Per Container 15. Batch traía dosis=1, corregido a 2"
VHMX01721,"Baya de Schisandra 2000mg de Nature's Answer |  Mejora la respuesta al estrés, apoya la energía y vitalidad  | Gotero de",30ml,ml,2,30,15,alta,imagen,"etiqueta: Serving Size 2 mL (approx. 69 drops), Servings Per Container 15. Batch traía dosis=1, corregido a 2"
VHMX01722,"Extracto de raíz de Bardana 2000mg de Nature's Answer | Apoya procesos de desintoxicación, estimula el sistema inmunológ",30ml,ml,2,30,15,alta,imagen,"etiqueta: Serving Size 2 mL (approx. 74 drops), Servings Per Container 15. Batch traía dosis=1, corregido a 2"
VHMX01733,Extracto de Hoja de Olivo Estandarizado 1500mg de Nature's Answer | Contribuye al bienestar general diario - Actúa como,60ml,ml,1.5,60,40,alta,imagen,"etiqueta: Serving Size 1.5 mL (63 drops), Servings Per Container 40. Batch traía dosis=2, corregido a 1.5"
VHMX01732,Glicinato y Malato de Magnesio 200mg de Nature's Answer | Favorece la función muscular de todo el organismo y contribuye,480 ml,Cucharadas,2,480,16,alta,imagen,"etiqueta: Serving Size 2 tablespoons (30 mL), Servings Per Container 16. Batch traía unidad=ml y dosis=30 (ml numérico); corregido a Cucharadas, dosis=2"
VHMX01731,"Mezcla natural de ingredientes herbales 500mg de Nature's Answer | Apoyo Respiratorio, ayuda a disolver y despejar mucos",60 ml,Sprays,8,60,60,alta,imagen,"etiqueta: Serving Size 8 Sprays (1 mL), Servings Per Container 60. Batch traía unidad=ml y dosis vacía; corregido a Sprays, dosis=8"
VHMX01730,Aceite de Orégano 150mg de Nature's Answer | Apoyo al bienestar  Intestinal e Inmunológico | 90 cápsulas blandas,90 Cápsulas,Softgels,1,90,90,alta,texto,Tomar 1 cápsula blanda
VHMX01726,"Extracto de Arándano, Ácido Caprílico, Uva Ursi 1955mg de Nature's Answer | Promueve la función del tracto urinario, pre",90 Cápsulas,Cápsulas,1,90,90,alta,texto,Tomar 1 Cápsula
VHMX01725,Extracto de Resina de Propóleo 1000mg de Nature's Answer | Apoyo al Sistema Inmunológico - Protegiendo al organismo de i,30 ml,ml,1,30,30,alta,imagen,"etiqueta: Serving Size 1 mL (approx. 40 drops), Servings Per Container 30. Batch traía dosis=2, corregido a 1"
VHMX01724,Raíz de Valeriana 1500mg de Nature's Answer | Promueve un sueño profundo y reparador que contribuye a la relajación | 90,90 Cápsulas,Cápsulas,2,90,45,alta,texto,Tomar 2 cápsulas
VHMX01723,Extracto Líquido de Raíz de Regaliz 525 mg - 1500mg por porción de Nature's Answer | Apoyo para el Bienestar Digestivo -,30 ml,ml,2,30,15,alta,imagen,"etiqueta: Serving Size 2 mL (approx. 67 drops), Servings Per Container 15. Batch traía dosis=1, corregido a 2"
VHMX01727,Aceite de Orégano 13mg de Nature's Answer | Apoyo para el bienestar Intestinal e Inmunológico del Organismo | Gotero de,30ml,Gotas,3,30,176,alta,imagen,"etiqueta: Serving Size 3 drops (0.17 mL), Servings Per Container approx 176. Batch traía unidad=ml y dosis=4; corregido a Gotas, dosis=3"
VHMX01728,"Extracto de Raíz de Diente de León 1350mg por porción de Nature's Answer | Apoya la función hepática y desintoxicante, R",60ml,ml,2,60,15,alta,imagen,"etiqueta: Serving Size 2 mL (approx. 77 drops), Servings Per Container 15"
VHMX01788,NMN Blend | Nicotinamida Mononucleotida 300mg por porción de B Life | 180 Cápsulas,180 cápsulas,Cápsulas,2,180,90,alta,texto,Tomar 2 cápsulas
VHMX01789,NADH Blend | Antioxidante Adicionado Con Citrato de Magnesio de B-Life | 180 Cápsulas,180 cápsulas,Cápsulas,1,180,180,alta,texto,Tomar 1 cápsula
VHMX01790,"Omega 3 Platinum, B Life, EPA 500 mg + DHA 200 mg, 180 cápsulas",180 cápsulas,Cápsulas,1,180,180,alta,texto,Tomar 1 cápsula
VHMX00119,Glutatión Aminoácidos 250mg de Now Foods | Desintoxicación y Apoyo de la función Antioxidante del Organismo | 60 cápsula,60 cápsulas,Cápsulas,1,60,60,alta,texto,Tomar 1 cápsula
VHMX01517,Multivitamínico Líquido con Lustriva para Mujeres de Mary Ruth's | Crecimiento Capilar y Cuidado de la Piel | 887 ml Sab,887ml,Cucharadas,2,887,30,alta,imagen,"etiqueta: Serving Size 2 Tbsp (30 mL), Servings Per Container About 30. Batch traía unidad=ml y dosis=30; corregido a Cucharadas, dosis=2"
VHMX01518,"Biotina, Ácido hialuronico, Selenio, Vitamina D - Mezcla patentada liposomal 15ml por sobre de Mary Ruth's | Diseñado pa",14 sobres de 15ml,Sticks,1,14,14,alta,texto,Tomar 1 sobre
VHMX01791,Cardo Mariano + Diente de León 550mg Mlk Thistle Blend de B-Life | 180 Cápsulas,180 cápsulas,Cápsulas,2,180,90,alta,imagen,"etiqueta img_1: Tamaño de la porción 2 Cápsulas (1.1g), Porciones por envase 90. Cápsula de gelatina → Cápsulas. Unidad corregida de Gramos."
VHMX01792,"Coenzima Q10, Cúrcuma, Vitamina C y Pimienta Negra Co Q-10 Blend de B-Life | 180 Cápsulas",180 cápsulas,Cápsulas,2,180,90,alta,imagen,"etiqueta img_1: Tomar 2 cápsulas (1g), tabla Por porción (1g). Cápsula de grenetina → Cápsulas. 180÷2=90 porciones. Unidad corregida de Gramos."
VHMX01793,"L-Treonato de Magnesio, Melena de León y Colágeno Hidrolizado Threonate Mag de B-Life | 180 Cápsulas",180 cápsulas,Cápsulas,3,180,60,alta,texto,Tomar 3 cápsulas
VHMX01794,Citrato de Magnesio en Polvo Citrate Mag Polvo de B-Life | 600 g -Limonada de Frambuesa,600g,Medidas,1,600,60,alta,imagen,"etiqueta img_1: Tamaño de la porción 1 medida (10g), Porciones por envase 60. Polvo en scoop → Medidas. Unidad corregida de Gramos."
VHMX01795,Fórmula a base de L-Tirosina y L-Teanina Clarity Platinum de B-Life | 240 cápsulas,240 cápsulas,Cápsulas,4,240,60,alta,imagen,"etiqueta img_1: Tamaño de la porción 4 Cápsulas (2g), Porciones por envase 60. Cápsula de gelatina. dosis corregida de vacío a 4."
VHMX01796,"Glutatión, L-Cisteína, L-Glutamina y L-Glicina - Glutathione Blend de B-Life | 180 cápsulas",180 cápsulas,Cápsulas,2,180,90,alta,imagen,"etiqueta img_1: Tamaño de la porción 2 Cápsulas (1g), Porciones por envase 90. Cápsula de gelatina → Cápsulas. Unidad corregida de Gramos."
VHMX01797,NAC - N-Acetilcisteína 100mg Por Porción (N-Acetyl Cysteine) de B-Life | 180 Cápsulas,180 cápsulas,Cápsulas,2,180,90,alta,imagen,"etiqueta img_1: Tamaño de la porción 2 Cápsulas (1g), Porciones por envase 90. Cápsula de gelatina → Cápsulas. Unidad corregida de Gramos."
VHMX00278,Raíz de Diente de León 1575 por servicio de Nature's Way | Apoyo de la función urinaria - Aporta antioxidantes naturales,100 cápsulas,Cápsulas,3,100,33.3,alta,texto,Tomar 3 cápsulas
VHMX01652,"Milk Thistle Liver Detox de Irwin Naturals, Silimarina (extracto de cardo mariano) | Contribuye a la protección celular ",60 Cápsulas,Cápsulas,2,60,30,alta,texto,Tomar 2 cápsulas
VHMX01656,"Triple-Source Magnesium + Ashwagandha Irwin Naturals, Magnesio y Ashwagandha | Reduce el estrés | 60 cápsulas",60 Cápsulas,Cápsulas,3,60,20,alta,texto,Tomar 3 cápsulas
VHMX01661,Ginkgo Smart + Colina + DMAE + omega-3 de Irwin Naturals | Estimula el enfoque y rendimiento diario |60 Cápsulas,60 Cápsulas,Softgels,2,60,30,alta,texto,Tomar 2 cápsulas blandas
VHMX01664,EstroPause Menopause Support de Irwin Naturals | Equilibrio hormonal | 80 Cápsulas,80 Cápsulas,Softgels,4,80,20,alta,texto,Tomar 2 a 4 softgels
VHMX01667,Mighty Moringa de Irwin Naturals | Contribuye al bienestar cardiovascular |60 Cápsulas,60 Cápsulas,Softgels,2,60,30,alta,texto,Tomar 2 cápsulas blandas
VHMX01668,One-Per-Day Mega B-12 de Irwin Naturals| Promueve energía física y mental con MCTs | 60 Cápsulas,60 Cápsulas,Softgels,1,60,60,alta,texto,Tomar 1 softgel
VHMX01670,Whole-Body Turmeric + Curcumin C3 Complex de Irwin Naturals | Aporta antioxidantes que combaten el estrés oxidativo | 60,60 Cápsulas,Softgels,2,60,30,alta,texto,Tomar 2 cápsulas blandas
VHMX01672,"Sinetrol, Toronja y Naranja Dulce - Stored Fat Belly Burner de Irwin Naturals | Favorece el metabolismo energético | 60 ",60 Cápsulas,Softgels,3,60,20,alta,texto,Tomar 3 cápsulas blandas
VHMX01673,Mega D3 &amp; K2 + Extracto de Curcuma de Irwin Naturals |  Apoya el funcionamiento adecuado del sistema nervioso | 60 C,60 Cápsulas,Softgels,2,60,30,alta,texto,Tomar 2 cápsulas blandas
VHMX01674,High Potency D3 & K2 Complex de Irwin Naturals: Apoyo Óseo y Cardiovascular | 60 Cápsulas,60 Cápsulas,Cápsulas,2,60,30,alta,texto,Tomar 2 cápsulas
VHMX01653,Fat Reduction Max Accelerator de Irwin Naturals con Sinetrol | Estimula el metabolismo de forma natural | 72 Cápsulas,72 Cápsulas,Cápsulas,3,72,24,alta,texto,Tomar 3 cápsulas
VHMX01638,NAC 600 mg Respiratory Support de Nature’s Secret | Refuerza las defensas respiratorias | 60 tabletas,60 tabletas,Tabletas,2,60,30,alta,texto,Tomar 2 tabletas
VHMX01639,Calcio + Cáscara Sagrada - Weekend Colon Flush de Natures Secret | Diseñado para apoyar la limpieza rápida del colon | 1,16 tabletas,Tabletas,2,16,8,alta,texto,Tomar 1 a 2 tabletas
VHMX01650,Suplemento de Cardo Mariano Liver Detox & Blood Refresh de Irwin Naturals |  Complementa procesos de detoxificación | 60,60 Capsulas Blandas,Softgels,2,60,30,alta,texto,Tomar 2 cápsulas blandas
VHMX01651,"L-Citrulina, Nitric Oxide Pre-Sport de Irwin Naturals | Aumenta la energía y el rendimiento físico | 60 cápsulas",60 Capsulas Blandas,Softgels,4,60,15,alta,texto,Tomar 4 cápsulas blandas
VHMX01654,Brain Awake con L-Teanina y MCT de Irwin Naturals | Apoya el suministro de energía física y mental |60 cápsulas,60 Capsulas Blandas,Softgels,3,60,20,alta,texto,Tomar 3 cápsulas blandas
VHMX00032,Omega-3 Molecularmente Destilado 1000 mg de Now Foods | Apoya la función cardiovascular |  Diferentes presentaciones en,200 Cápsulas,Softgels,2,200,100,alta,texto,Tomar 2 cápsulas blandas
VHMX00033,Omega-3 Molecularmente Destilado 1000 mg de Now Foods | Apoya la función cardiovascular |  Diferentes presentaciones en,200 Gomitas,Softgels,2,200,100,media,imagen,"etiqueta img_1 (frasco softgels): Serving Size 2 Softgels, Servings Per Container 50 — corresponde a presentación de 100 softgels. Variante del batch dice 200 Gomitas; etiqueta visible es de softgels. Contenido mantenido en 200 por variante; dosis_totales calculado 200÷2=100."
VHMX02220,Omega-3 Molecularmente Destilado 1000 mg de Now Foods | Apoya la función cardiovascular |  Diferentes presentaciones en,30 Cápsulas,Softgels,2,30,15,alta,texto,Tomar 2 cápsulas blandas
VHMX00007,"Vitamina D-3 5000 UI Alta Potencia, Soporte Inmunológico, Fortalece Dientes y Huesos, Mejora la Salud Muscular, No GMO |",30 cápsulas,Softgels,1,30,30,alta,texto,Tomar 1 cápsula blanda
VHMX00008,"Vitamina D-3 5000 UI Alta Potencia, Soporte Inmunológico, Fortalece Dientes y Huesos, Mejora la Salud Muscular, No GMO |",120 Cápsulas,Softgels,1,120,120,alta,texto,Tomar 1 cápsula blanda
VHMX01798,Ashwagandha 500mg VitaMX | Apoyo para el Manejo del Estrés y Bienestar General | 100 Cápsulas,100 capsulas,Cápsulas,2,100,50,alta,texto,Tomar 1 o 2 cápsulas
VHMX01803,Resveratrol Natsa | Antioxidante Natural | 100 cápsulas,100 Cápsulas,Cápsulas,2,100,50,alta,texto,Tomar 2 cápsulas
VHMX01800,"NAD Liposomal + CoQ10, Resveratrol y Vitamina C Natsa | Regeneración Celular y Vitalidad | 60 cápsulas",60 capsulas,Cápsulas,2,60,30,alta,texto,Tomar 2 cápsulas
VHMX01802,"Enzimas Digestivas con Bromelina, Papaina y Vitaminas B Natsa | Apoyo Digestivo Natural | 100 Cápsulas",100 capsulas,Cápsulas,2,100,50,alta,texto,Tomar 2 cápsulas
VHMX01801,"Valeriana, pasiflora, tila y manzanilla ZLP de NATSA | Apoyo para el sueño reparador | 100 cápsulas",100 comprimidos,Cápsulas,2,100,50,alta,imagen,"etiqueta img_1: Tamaño de porción 2 cápsulas (1g), Porciones por envase 50. Cápsula de gelatina → Cápsulas."
VHMX01799,Berberina HCL | NATSA | Apoyo Metabólico y Control de Azúcar | 60 cápsulas,60 Cápsulas,Cápsulas,2,60,30,alta,texto,Consumir 2 cápsulas
VHMX00949,Rhodiola Rosea de Commons  Hongo Adaptógeno | Reduce el impacto del estrés físico y mental | 100g,100 g,Gramos,1,100,100,alta,imagen,"etiqueta img_1: Tamaño de la porción 1 gramo, 100 Porciones por envase. Polvo sin mención de cucharadita → Gramos."
VHMX00950,"Reishi Hongo Adaptógeno Commons  | Estrés, Sueño y Descanso | Polvos 100g",100 gr,Cucharaditas,1,100,100,alta,imagen,etiqueta img_1: Tamaño de la Porción 1 cdita (1g). img_0 frente confirma 100g cont. neto y 100 porciones. Unidad corregida de Gramos a Cucharaditas.
VHMX00137,"Mezcla de Enzimas Digestivas con Bromelina, Bilis de Buey, Pancreatina y Papaína de NOW Foods | Enzimas para la Absorció",180 Cápsulas,Cápsulas,1,180,180,alta,imagen,etiqueta img_1: Serving Size 1 Capsule. Cápsula de gelatina. Servings per container no visible; calculado 180÷1=180. Unidad corregida de Tabletas a Cápsulas.
VHMX01815,NMN Puro 250 mg | Genex | Apoyo Premium a la Longevidad y Energía Celular | 60 Cápsulas Vegetales,60 Cápsulas,Cápsulas,2,60,30,alta,texto,Tomar 2 cápsula
VHMX01804,FemmeBalance | IVB Wellness Lab | Apoyo Hormonal y Equilibrio Femenino | 60 Cápsulas,60 Cápsulas,Cápsulas,2,60,30,alta,texto,Tomar 2 cápsulas
VHMX01806,TyroEnergy | IVB Wellness Lab | Apoyo para la Energía y la Función Tiroidea | 60 Cápsulas,60 Cápsulas,Cápsulas,2,60,30,alta,texto,Tomar 2 cápsulas
VHMX01808,Magnesio Total | IVB Wellness Lab | Bisglicinato y Malato | Apoyo Muscular y Nervioso | 60 Cápsulas,60 Cápsulas,Cápsulas,2,60,30,alta,texto,Tomar 2 cápsulas
VHMX01810,ZeroDol Palmitoiletanolamida 500 mg | IVB Wellness Lab | Bienestar articular y muscular | 60 Cápsulas,60 Cápsulas,Cápsulas,1,60,60,alta,texto,Tomar 1 cápsula
VHMX01811,"Vitamina D3 + K2  | IVB Wellness Lab | Soporte Óseo, Absorción de Calcio y Apoyo Cardiovascular | 60 Cápsulas",60 Cápsulas,Cápsulas,1,60,60,alta,texto,Tomar 1 cápsula
VHMX01814,Vegan Omega 3+ | IVB Wellness Lab | DHA y EPA de Microalgas | 60 Cápsulas,60 Cápsulas,Cápsulas,1,60,60,alta,texto,Tomar 1 cápsula
VHMX02631,Vegan Omega 3+ | IVB Wellness Lab | DHA y EPA de Microalgas | 60 Cápsulas,90 Cápsulas,Cápsulas,1,90,90,alta,texto,Tomar 1 cápsula
VHMX01816,"Collagenics | Metagenics  | Soporte para Colágeno, Piel, Articulaciones y Tejido Conectivo | 60 Tabletas",60 tabletas,Tabletas,1,60,60,alta,texto,Tomar 1 tableta
VHMX01817,"CoQ10 ST-100 | Metagenics | Coenzima Q10, Vitamina E y Zinc | 60 Cápsulas",60 cápsulas,Softgels,1,60,60,alta,texto,Tomar 1 cápsula blanda
VHMX01818,Mag Glycinate | Metagenics | Magnesio Bisglicinato | Sistema nervioso y muscular | 120 Tabletas,120 tabletas,Tabletas,2,120,60,alta,texto,Tomar 2 tabletas
VHMX01819,Vitamina B3 | Multigenics Intensive Care Formula | Metagenics | Energía y metabolismo | 120 Tabletas,120 tabletas,Tabletas,1,120,120,alta,texto,Tomar 1 tableta
VHMX01820,Omega-3 | OmegaGenics EPA-DHA 720 | Metagenics | 60 Cápsulas,60 cápsulas,Cápsulas,2,60,30,alta,texto,Tomar 2 cápsulas
VHMX01826,Creatine Monohydrate Support | Creatina Monohidratada NutriADN | 300 gr 100 Porciones por envase,300 gr,Medidas,1,300,60,alta,imagen,"etiqueta img_1: Tamaño de la porción 1 scoop (5g), Porciones por envase 60 aprox."
VHMX01821,Omega-3 EPA DHA – Soporte Cardiovascular y Cognitivo | OmegaGenics EPA-DHA 1000 | Metagenics | 60 Cápsulas,60 cápsulas,Cápsulas,1,60,60,alta,texto,Tomar 1 cápsula
VHMX01822,Multivitamínico avanzado PhytoMulti Metagenics | Apoya salud visual y cardiovascular| 60 cápsulas,60 cápsulas,Cápsulas,1,60,60,alta,texto,Tomar 1 cápsula
VHMX01823,SpectraSoy de Metagenics con Isoflavonas de Soya | Equilibrio Hormonal | 90 tabletas,90 Cápsulas,Tabletas,1,90,90,alta,imagen,etiqueta img_1: Por porción 1 Tableta de 250mg. 90 tabletas por título. dosis_totales=90÷1=90.
VHMX01824,UltraFlora EQ | Probióticos de Metagenics | Bienestar digestivo| 60 cápsulas,60 Cápsulas,Cápsulas,1,60,60,alta,texto,Tomar 1 cápsula
VHMX01825,UltraFlora Women's | Probióticos de Metagenics | Equilibrio Femenino | 30 cápsulas,30 Cápsulas,Cápsulas,1,30,30,alta,texto,Tomar 1 cápsula
VHMX01829,VALARA Proteína Vegana en Polvo 528 g | Baja en Carbohidratos y Libre de Azúcar | 16 Porciones,528 gr / Choco Avellana,Medidas,1,528,16,alta,imagen,"etiqueta img_1: Tamaño de la porción 33g (1 scoop/porción), Porción por envase 16 aprox. Variante Choco Avellana."
VHMX01828,VALARA Proteína Vegana en Polvo 528 g | Baja en Carbohidratos y Libre de Azúcar | 16 Porciones,528 gr / Vainilla,Medidas,1,528,16,alta,imagen,"etiqueta img_1: Tamaño de la porción 33g (1 scoop/porción), Porción por envase 16 aprox. Variante Vainilla. Misma fórmula que VHMX01829."
VHMX01830,Longevity Support NutriADN | Promueve la regeneración celular | 90 cápsulas,90 Cápsulas,Cápsulas,3,90,30,alta,texto,Tomar 3 cápsulas
VHMX00015,Vitamina D3 10.000 UI de NOW Foods | Apoyo del Sistema Inmunitario y Ósea | 30 y 120 cápsulas blandas,30 cápsulas,Softgels,1,30,30,alta,texto,Tomar 1 cápsula blanda
VHMX00016,Vitamina D3 10.000 UI de NOW Foods | Apoyo del Sistema Inmunitario y Ósea | 30 y 120 cápsulas blandas,120 Cápsulas,Softgels,1,120,120,alta,texto,Tomar 1 cápsula blanda
VHMX01836,Perform Mix de Munar | Equilibrio Hormonal y Bienestar Femenino | Polvos 90 g,90 gr,Medidas,1,90,45,alta,imagen,"etiqueta img_1 (Perform Mix, blend Melena de León + Cordyceps + Reishi): Porción 1 scoop (2g aprox), 45 porciones por envase. img_0 confirma Perform Mix 90g cont. neto."
VHMX01837,Balance Mix de Munar | Suplemento Natural para Equilibrio Hormonal y Bienestar Integral | Polvos 90 gr,90 gr,Medidas,1,90,45,alta,imagen,"etiqueta img_1 (Balance Mix, blend Reishi + Maitake): Porción 1 scoop (2g aprox), 45 porciones por envase."
VHMX01839,"Cordyceps de Munar | Energía, Resistencia y Vitalidad  | Polvos 90 gr",90 gr,Medidas,1,90,45,alta,imagen,"etiqueta img_1 (Cordyceps Munar): Porción 1 scoop (2g aprox), 45 porciones por envase."
VHMX01840,Green Alba de Natural Health | Mezcla de Super Greens con Lactobacilos y Enzimas Digestivas | Polvo 180 gr,180 gr,Sticks,1,180,30,alta,imagen,"etiqueta img_2: Tamaño de la porción 6g (1 stick), Porciones por envase 30. Unidad corregida de Sticks (ya coincidía)."
VHMX01841,Revibe Up! de Natural Health | Electrolitos sin Azúcar Añadida con BCAA's y Glutamina  | 180 gr,180 gr,Sticks,1,180,30,alta,imagen,"etiqueta img_2: Tamaño de la porción 6g (1 stick), Porciones por envase 30. Unidad corregida de Sticks (ya coincidía)."
VHMX01842,Golden Mushroom de Natural Health | Café Soluble con Adaptógenos y Hongos Funcionales | Polvos 300 gr,300 gr,Cucharadas,1,300,64,alta,imagen,"etiqueta img_1: Modo de empleo disolver 1 cucharada (4.7g aprox.), 300g ÷ 4.7g ≈ 64 porciones. Batch traía unidad=Tazas/dosis=3 pero eso es la recomendación diaria máxima, no el serving size."
VHMX01843,"Proyectile 500mg de Natural Health | Maca, Shilajit y Tribulus Terrestris para Energía y Vitalidad Masculina | 120 cápsu",120,Cápsulas,2,120,60,alta,texto,Tomar 2 cápsulas
VHMX01844,"Aqua Glam de Natural Health | Colágeno Marino + NAD Booster con Vitaminas, Biotina, Resveratrol y Ácido Hialurónico | Re",300 gr,Cucharadas,1,300,40,alta,imagen,"etiqueta img_1: Tamaño de la porción 7.5g (1 cucharada), Porciones por envase: 40"
VHMX01845,Soulax 500 mg de Natural Health | Glicinato de Magnesio + Bacopa Monnieri para Relajación y Enfoque Mental | 120 cápsula,120 Cápsulas,Cápsulas,2,120,60,alta,texto,Tomar 2 cápsulas
VHMX00550,"Enzimas Digestivas Digest Basic de Enzymedica | Apoyo Suave para Digestión, Reducción de Gases e Hinchazón | 90 Cápsulas",90 Cápsulas,Cápsulas,1,90,90,alta,texto,Tomar 1 cápsula
VHMX01858,Magnesio Hello Balance! de Silvia Strauss | Energía y Relajación Muscular | 100 Cápsulas,100 Cápsulas,Cápsulas,1,100,100,alta,texto,Tomar 1 cápsula
VHMX01850,Citrato de Magnesio 400 mg de Nutravia | Energía y Relajación Muscular |  90 y 180 Cápsulas,90 Cápsulas,Cápsulas,3,90,30,alta,texto,Tomar 3 cápsulas
VHMX01851,Citrato de Magnesio 400 mg de Nutravia | Energía y Relajación Muscular |  90 y 180 Cápsulas,180 Cápsulas,Cápsulas,3,180,60,alta,texto,Tomar 3 cápsulas
VHMX01855,Omega 3 Ultra 500 mg EPA / 250 mg DHA para Corazón y Mente | Nutravia |  60 Cápsulas,60 Cápsulas,Cápsulas,1,60,60,alta,texto,Tomar 1 cápsula
VHMX01859,Betaína HCl Enzymedica con enzimas digestivas | Bienestar digestivo | 120 cápsulas,120 cápsulas,Cápsulas,2,120,60,alta,texto,Tomar 1 a 2 cápsulas
VHMX01862,Proteina Raw CBUM Itholate Aislado de Suero Leche | Contribuye a una dieta equilibrada rica en proteínas | 2.27 kg,2.27 KG / Cookies and Cream,Medidas,1,2270,73,alta,imagen,"etiqueta img_3: Serving Size 1 Scoop (31g), Servings Per Container 73. Contenido 2.27kg=2270g."
VHMX01860,Proteina Raw CBUM Itholate Aislado de Suero Leche | Contribuye a una dieta equilibrada rica en proteínas | 2.27 kg,2.27 KG / Chocolate,Medidas,1,2270,73,alta,imagen,"etiqueta img_3: Serving Size 1 Scoop (31g), Servings Per Container 73. Mismo producto que VHMX01862 variante Chocolate."
VHMX01864,Proteina Raw CBUM Itholate Aislado de Suero Leche | Contribuye a una dieta equilibrada rica en proteínas | 2.27 kg,2.27 KG / Galleta de avena,Medidas,1,2270,73,alta,imagen,"Misma fórmula CBUM Itholate Protein 2.27kg. Serving Size 1 Scoop (31g), 73 servings. Variante Galleta de Avena."
VHMX01861,Proteina Raw CBUM Itholate Aislado de Suero Leche | Contribuye a una dieta equilibrada rica en proteínas | 2.27 kg,2.27 KG / Canela,Medidas,1,2270,73,alta,imagen,"Misma fórmula CBUM Itholate Protein 2.27kg. Serving Size 1 Scoop (31g), 73 servings. Variante Canela."
VHMX01863,Proteina Raw CBUM Itholate Aislado de Suero Leche | Contribuye a una dieta equilibrada rica en proteínas | 2.27 kg,2.27 KG / Vainilla,Medidas,1,2270,73,alta,imagen,"Misma fórmula CBUM Itholate Protein 2.27kg. Serving Size 1 Scoop (31g), 73 servings. Variante Vainilla."
VHMX01865,RAW Essential Pre Workout | Cafeína y Beta-Alanina | Mejora tu rendimiento | 380 g,380 gr / Lychee,Medidas,1,380,30,alta,imagen,"etiqueta img_1: Serving Size 1 Scoop (12.7g), Servings Per Container 30. 380g ÷ 12.7g ≈ 30."
VHMX01866,RAW Essential Pre Workout | Cafeína y Beta-Alanina | Mejora tu rendimiento | 380 g,380 gr / Sandía,Medidas,1,380,30,alta,imagen,"Misma fórmula RAW Essential Pre Workout 380g. Serving Size 1 Scoop (12.7g), 30 servings. Variante Sandía."
VHMX01867,RAW Essential Pre Workout | Cafeína y Beta-Alanina | Mejora tu rendimiento | 380 g,380 gr / Naranja,Medidas,1,380,30,alta,imagen,"Misma fórmula RAW Essential Pre Workout 380g. Serving Size 1 Scoop (12.7g), 30 servings. Variante Naranja."
VHMX02110,RAW Essential Pre Workout | Cafeína y Beta-Alanina | Mejora tu rendimiento | 380 g,380 gr / Tamarindo,Medidas,1,380,30,alta,imagen,"Misma fórmula RAW Essential Pre Workout 380g. Serving Size 1 Scoop (12.7g), 30 servings. Variante Tamarindo."
VHMX02111,RAW Essential Pre Workout | Cafeína y Beta-Alanina | Mejora tu rendimiento | 380 g,380 gr / Jamaica,Medidas,1,380,30,alta,imagen,"Misma fórmula RAW Essential Pre Workout 380g. Serving Size 1 Scoop (12.7g), 30 servings. Variante Jamaica."
VHMX01872,RAW Essentials CHARGED Pre Workout | Estimulantes y L-Citrulina | Aumenta potencia y resistencia | 380 gr,380 gr / Sandía,Medidas,1,380,25,alta,imagen,"etiqueta img_1: Serving Size 1 Scoop (16.75g), Servings Per Container 25. RAW CHARGED Pre Workout 380g."
VHMX01873,RAW Essentials CHARGED Pre Workout | Estimulantes y L-Citrulina | Aumenta potencia y resistencia | 380 gr,380 gr / Frambuesa Azul,Medidas,1,380,25,alta,imagen,"Misma fórmula RAW CHARGED Pre Workout 380g. Serving Size 1 Scoop (16.75g), 25 servings. Variante Frambuesa Azul."
VHMX02645,RAW Essentials CHARGED Pre Workout | Estimulantes y L-Citrulina | Aumenta potencia y resistencia | 380 gr,380 gr / Mango,Medidas,1,380,25,alta,imagen,"Misma fórmula RAW CHARGED Pre Workout 380g. Serving Size 1 Scoop (16.75g), 25 servings. Variante Mango."
VHMX01874,RAW Essentials Performance Pre Workout | L-Citrulina y Beta-Alanina | Optimiza fuerza y enfoque | 610g,610 gr / Fresa y Kiwi,Medidas,1,610,25,alta,imagen,"etiqueta img_2: Serving Size 1 Scoop (24.4g), Servings Per Container 25. RAW Performance Pre Workout 610g (label dice 618g/21.8oz)."
VHMX01875,RAW Essentials Performance Pre Workout | L-Citrulina y Beta-Alanina | Optimiza fuerza y enfoque | 610g,610 gr / Frambuesa Azul,Medidas,1,610,25,alta,imagen,"Misma fórmula RAW Performance Pre Workout 610g. Serving Size 1 Scoop (24.4g), 25 servings. Variante Frambuesa Azul."
VHMX01877,RAW Essentials Performance Pre Workout | L-Citrulina y Beta-Alanina | Optimiza fuerza y enfoque | 610g,610 gr / Sandía,Medidas,1,610,25,alta,imagen,"Misma fórmula RAW Performance Pre Workout 610g. Serving Size 1 Scoop (24.4g), 25 servings. Variante Sandía."
VHMX02491,RAW Essentials Performance Pre Workout | L-Citrulina y Beta-Alanina | Optimiza fuerza y enfoque | 610g,610 gr / Limón,Medidas,1,610,25,alta,imagen,"Misma fórmula RAW Performance Pre Workout 610g. Serving Size 1 Scoop (24.4g), 25 servings. Variante Limón."
VHMX01879,RAW Creatina Monohidratada | Mejora la fuerza y recuperación | 500 gr,500 gr,Medidas,1,30,30,media,imagen,"etiqueta img_1: Serving Size 1 Stick Pack (5.1g), Servings Per Container 30. Discrepancia: batch dice 500g pero imagen muestra formato sticks (30 unidades). img_0 muestra tub 150g/30 servings — ninguno coincide con 500g del batch. Se reporta lo que dice la etiqueta legible."
VHMX01880,Nutrex Creatina Monohidratada | Potencia fuerza y volumen | 300 g,300 gr,Medidas,1,300,60,alta,imagen,"etiqueta: Serving Size 1 Scoop (5g), Servings Per Container 60"
VHMX01890,Mutant Whey Protein | Proteína Concentrada | Apoya el crecimiento muscular | 2.27 kg,2.27 kg / Vainilla,Medidas,1,2270,61,alta,imagen,"frente del envase: NET WT. 5 LB (2.27 KG), 61 servings; panel nutricional (otro flavor img_4): Serving size 1 scoop (37g)"
VHMX01891,Mutant Whey Protein | Proteína Concentrada | Apoya el crecimiento muscular | 2.27 kg,2.27 kg / Triple chocolate,Medidas,1,2270,61,alta,imagen,"frente del envase: NET WT. 5 LB (2.27 KG), 61 servings; mismas imágenes compartidas con VHMX01890"
VHMX01894,Mutant Whey Protein | Proteína Concentrada | Apoya el crecimiento muscular | 2.27 kg,2.27 kg / Chocolate Fudge,Medidas,1,2270,61,alta,imagen,"frente del envase: NET WT. 5 LB (2.27 KG), 61 servings; mismas imágenes compartidas con VHMX01890"
VHMX02534,Mutant Whey Protein | Proteína Concentrada | Apoya el crecimiento muscular | 2.27 kg,2.27 kg / Cookies and Cream,Medidas,1,2270,61,alta,imagen,"frente del envase Cookies & Cream: NET WT. 5 LB (2.27 KG), 61 servings"
VHMX02660,Mutant Whey Protein | Proteína Concentrada | Apoya el crecimiento muscular | 2.27 kg,2.27 kg / Strawberry,Medidas,1,2270,61,alta,imagen,"frente del envase: NET WT. 5 LB (2.27 KG), 61 servings; mismas imágenes compartidas con VHMX01890"
VHMX01905,RC Whey XS | Proteína de suero de Ronnie Coleman | Apoya el desarrollo muscular | 2.27 kg,2.3 kg / Fresa,Medidas,1,2270,61,alta,imagen,"etiqueta img_1: Serving Size 1 Rounded Scoop (37g), Servings Per Container About 61; NET WT. 5LB (2.26KG)"
VHMX01907,RC Whey XS | Proteína de suero de Ronnie Coleman | Apoya el desarrollo muscular | 2.27 kg,2.3 kg / Chocolate,Medidas,1,2270,58,alta,imagen,"frente del envase Chocolate Milk: 58 servings, 20g protein; NET WT. 5LB (2.26KG); serving size 1 scoop"
VHMX01906,RC Whey XS | Proteína de suero de Ronnie Coleman | Apoya el desarrollo muscular | 2.27 kg,2.3 kg / Vainilla,Medidas,1,2270,61,media,imagen,mismas imágenes que VHMX01905 (Fresa); etiqueta img_1 muestra 61 servings; variante Vainilla puede diferir levemente
VHMX01899,Amino K.E.M. RAW | Aminoácidos esenciales para recuperación | 495g,495 gr / Naranja Maracuya,Medidas,1,495,30,alta,imagen,"etiqueta img_4: Serving Size 1 Scoop (15.72g), Servings Per Container About 30; Net Wt 17.46 oz (495g)"
VHMX01897,Amino K.E.M. RAW | Aminoácidos esenciales para recuperación | 495g,495 gr / Granada/Arándano,Medidas,1,495,30,alta,imagen,"etiqueta img_4: Serving Size 1 Scoop (15.72g), Servings Per Container About 30; Net Wt 17.46 oz (495g); mismas imágenes compartidas"
VHMX01898,Amino K.E.M. RAW | Aminoácidos esenciales para recuperación | 495g,495 gr / Limón Frambuesa,Medidas,1,495,30,alta,imagen,"etiqueta img_4: Serving Size 1 Scoop (15.72g), Servings Per Container About 30; Net Wt 17.46 oz (495g); mismas imágenes compartidas"
VHMX02591,Amino K.E.M. RAW | Aminoácidos esenciales para recuperación | 495g,495 gr / Manzana Arandano,Medidas,1,495,30,alta,imagen,"etiqueta img_4: Serving Size 1 Scoop (15.72g), Servings Per Container About 30; Net Wt 17.46 oz (495g); mismas imágenes compartidas"
VHMX01882,ISO100 Dymatize | Whey Protein | Aislado de proteína de suero para recuperación Muscular | 2.3 kg,2.3 kg / Brownie,Medidas,1,2300,71,alta,imagen,"etiqueta img_3: Serving size 1 scoop (32g), About 71 servings per container; NET 5 LB (2.3 kg)"
VHMX01883,ISO100 Dymatize | Whey Protein | Aislado de proteína de suero para recuperación Muscular | 2.3 kg,2.3 kg / Cacahuate,Medidas,1,2300,71,alta,imagen,"etiqueta img_3: Serving size 1 scoop (32g), About 71 servings per container; frente: 71 SERVINGS, NET 5 LB (2.3 kg)"
VHMX01881,ISO100 Dymatize | Whey Protein | Aislado de proteína de suero para recuperación Muscular | 2.3 kg,2.3 kg / Birthday Cake,Medidas,1,2300,75,alta,imagen,frente del envase Birthday Cake Pebbles: 75 SERVINGS; NET 5 LB (2.3 kg); serving size 1 scoop
VHMX01884,ISO100 Dymatize | Whey Protein | Aislado de proteína de suero para recuperación Muscular | 2.3 kg,2.3 kg / Chocolate,Medidas,1,2300,71,alta,imagen,frente del envase Chocolate (Gourmet Chocolate): 71 SERVINGS; NET 5 LB (2.3 kg); serving size 1 scoop
VHMX02026,ISO100 Dymatize | Whey Protein | Aislado de proteína de suero para recuperación Muscular | 2.3 kg,2.3 kg / Churro,Medidas,1,2300,71,media,imagen,"variante Churro; mismas imágenes que grupo ISO100 2.3kg; etiqueta disponible muestra 71 servings, 1 scoop (32g); flavor Churro puede variar levemente"
VHMX01886,ISO100 Dymatize | Whey Protein | Aislado de proteína de suero para recuperación Muscular | 2.3 kg,2.3 kg / Cookies and Cream,Medidas,1,2300,71,media,imagen,"variante Cookies and Cream; mismas imágenes que grupo ISO100 2.3kg; etiqueta disponible muestra 71 servings, 1 scoop (32g)"
VHMX01887,ISO100 Dymatize | Whey Protein | Aislado de proteína de suero para recuperación Muscular | 2.3 kg,2.3 kg / Fresa,Medidas,1,2300,71,media,imagen,"variante Fresa; mismas imágenes que grupo ISO100 2.3kg; etiqueta disponible muestra 71 servings, 1 scoop (32g)"
VHMX02435,ISO100 Dymatize | Whey Protein | Aislado de proteína de suero para recuperación Muscular | 2.3 kg,2.3 kg / Fruity,Medidas,1,2300,71,alta,imagen,"etiqueta trasera (img_3): Serving size 1 scoop (32g), About 71 servings per container. Contenido corregido a 2300g per 2.3kg frasco."
VHMX01911,Total Beauty de Matter | Proteína con probióticos y ácido hialurónico | 700 g,700 gr / Choco-Menta,Medidas,1,700,17.5,alta,imagen,"etiqueta nutrimental (img_1): Tamaño de la porción 1 medida (40g), Porciones por envase 17.5. Contenido 700g confirmado en batch."
VHMX01918,Total Beauty de Matter | Proteína con probióticos y ácido hialurónico | 700 g,700 gr / Caramelo Salado,Medidas,1,700,17.5,alta,imagen,"mismas imágenes que VHMX01911/02119 — etiqueta nutrimental: Tamaño de la porción 1 medida (40g), Porciones por envase 17.5. Contenido 700g."
VHMX02119,Total Beauty de Matter | Proteína con probióticos y ácido hialurónico | 700 g,700 gr / Choco-Cacahuate,Medidas,1,700,17.5,alta,imagen,"etiqueta nutrimental (img_1 sabor Choco Cacahuate): Tamaño de la porción 1 medida (40g), Porciones por envase 17.5. Contenido 700g."
VHMX01912,Collagein de Matter | Colágeno hidrolizado | Fortalece piel y articulaciones | 500 g,500 gr / Chocolate Belga,Medidas,1,500,20,alta,imagen,"etiqueta nutrimental (img_1): Tamaño de la porción 1 medida (25g), Porciones por envase 20. Contenido 500g confirmado."
VHMX01915,Vitamina D3 Desol de Matter | Fortalece Huesos y Sistema Inmune | Frasco con 52ml,52 ml,Gotas,1,52,1038,alta,imagen,"etiqueta nutrimental (img_1): Tamaño de la porción 1 gota (0.05ml), Porciones por envase 1038. Contenido 52ml confirmado."
VHMX01913,Complete OMG-3 de Matter | Omega-3 MaxSimil® con Alta Biodisponibilidad | 60 y 90 Cápsulas,60 Cápsulas,Cápsulas,2,60,30,alta,texto,Consumir 2 cápsulas
VHMX01914,Complete OMG-3 de Matter | Omega-3 MaxSimil® con Alta Biodisponibilidad | 60 y 90 Cápsulas,90 Cápsulas,Cápsulas,2,90,45,alta,texto,Consumir 2 cápsulas
VHMX01916,Multivitamínico Diaria Men de Matter | Energía y Vitalidad para el Hombre | 60 Cápsulas,60 Cápsulas,Cápsulas,1,60,60,alta,texto,Tomar 1 cápsula
VHMX01917,IG-Forte de Matter | Calostro de Bovino & L-Glutamina  | Refuerza las Defensas y apoya el bienestar Digestivo  | Polvos,275 gr,Medidas,1,275,25,alta,imagen,"etiqueta nutrimental (img_1): Tamaño de la porción 1 medida (11g), Porciones por envase 25. Contenido 275g confirmado."
VHMX01919,Magnesio Calming Blend 1000 mg Eternal Nutrition |  Apoya la relajación mental y muscular | 300 cápsulas,300 Cápsulas,Cápsulas,2,300,150,alta,texto,Tomar 2 cápsulas
VHMX02608,Magnesio Calming Blend 1000 mg Eternal Nutrition |  Apoya la relajación mental y muscular | 300 cápsulas,150 cápsulas,Cápsulas,2,150,75,alta,texto,Tomar 2 cápsulas
VHMX01920,Citrato de Potasio y Magnesio 1300 mg Eternal Nutrition | Contribuye a la recuperación física post-ejercicio | 200 cápsu,200 Cápsulas,Cápsulas,2,200,100,alta,texto,Tomar 2 cápsulas
VHMX02607,Citrato de Potasio y Magnesio 1300 mg Eternal Nutrition | Contribuye a la recuperación física post-ejercicio | 200 cápsu,100 cápsulas,Cápsulas,2,100,50,alta,texto,Tomar 2 cápsulas
VHMX01921,Péptidos de Colágeno + NAD+ 3400 mg Eternal Nutrion | Bienestar general | 270 y 150 cápsulas,270 Cápsulas,Cápsulas,4,270,67.5,alta,imagen,etiqueta (img_2): Tamaño de porción 4 cápsulas (750mg c/u). Porciones 37.5 corresponde a envase de 150 caps; para 270 caps: 270/4=67.5. Unidad corregida a Cápsulas (el batch decía Medidas).
VHMX02651,Péptidos de Colágeno + NAD+ 3400 mg Eternal Nutrion | Bienestar general | 270 y 150 cápsulas,150 Cápsulas,Cápsulas,4,150,37.5,alta,imagen,"etiqueta (img_2): Tamaño de porción 4 cápsulas (750mg c/u), Porciones por envase 37.5. Frente (img_1): 150 cápsulas. Unidad corregida a Cápsulas."
VHMX01931,NMN + Resveratrol Eternal 600 mg  | Antioxidante natural | 200 cápsulas,200 cápsulas,Cápsulas,1,200,200,alta,texto,Tomar 1 cápsula
VHMX02598,NMN + Resveratrol Eternal 600 mg  | Antioxidante natural | 200 cápsulas,100 cápsulas,Cápsulas,1,100,100,alta,texto,Tomar 1 cápsula
VHMX01932,Nicotinamida Ribosido NR 1200 mg Eternal Nutrition | Contribuye al metabolismo energético celular | 200 cápsulas,200 cápsulas,Cápsulas,2,200,100,alta,texto,Tomar 2 cápsulas
VHMX02599,Nicotinamida Ribosido NR 1200 mg Eternal Nutrition | Contribuye al metabolismo energético celular | 200 cápsulas,100 Cápsulas,Cápsulas,2,100,50,alta,texto,Tomar 2 cápsulas
VHMX01922,Curcumina 95 y Jengibre liposomal 1420 mg Eternal Nutrition | Antioxidante celular | 200 cápsulas,200 Cápsulas,Cápsulas,2,200,100,alta,texto,Tomar 2 cápsulas
VHMX02593,Curcumina 95 y Jengibre liposomal 1420 mg Eternal Nutrition | Antioxidante celular | 200 cápsulas,100 cápsulas,Cápsulas,2,100,50,alta,texto,Tomar 2 cápsulas
VHMX01933,Resveratrol 98%  1000 mg por dosis Eternal Nutrition | Bienestar cardiovascular | 300 cápsulas,300 cápsulas,Cápsulas,2,300,150,alta,texto,Tomar 2 cápsulas
VHMX02600,Resveratrol 98%  1000 mg por dosis Eternal Nutrition | Bienestar cardiovascular | 300 cápsulas,150 cápsulas,Cápsulas,2,150,75,alta,texto,Tomar 2 cápsulas
VHMX01934,Magnesio 7 formas 2000 mg Eternal Nutrition | Contribuye al sueño y la relajación | 200 cápsulas,200 Cápsulas,Cápsulas,3,200,66.7,alta,texto,Tomar 3 cápsulas
VHMX01935,Spermidina y AKG Eternal Nutrition | Metabolismo celular y envejecimiento saludable | 200 cápsulas,200 cápsulas,Cápsulas,2,200,100,alta,texto,Tomar 2 cápsulas
VHMX02601,Spermidina y AKG Eternal Nutrition | Metabolismo celular y envejecimiento saludable | 200 cápsulas,100 cápsulas,Cápsulas,2,100,50,alta,texto,Tomar 2 cápsulas
VHMX01923,Glutatión NAD+ Cognizin 1500 mg Eternal Nutrion | Favorece la producción natural de energía celular| 200 cápsulas,200 Cápsulas,Cápsulas,2,200,100,alta,texto,Tomar 2 cápsulas
VHMX02594,Glutatión NAD+ Cognizin 1500 mg Eternal Nutrion | Favorece la producción natural de energía celular| 200 cápsulas,100 Cápsulas,Cápsulas,2,100,50,alta,texto,Tomar 2 cápsulas
VHMX01924,L-Treonato de Magnesio 2100 mg Eternal | Apoya la función cognitiva y neuronal | 300 Cápsulas,300 Cápsulas,Cápsulas,4,300,75,alta,texto,Tomar 4 cápsulas
VHMX01925,"Fadogia Tongkat Ácido Aspártico 1574 mg Mega Men's Tsto de Eternal | Bienestar masculino, contribuye al rendimiento físi",200 Cápsulas,Cápsulas,2,200,100,alta,texto,Tomar 2 cápsulas
VHMX02595,"Fadogia Tongkat Ácido Aspártico 1574 mg Mega Men's Tsto de Eternal | Bienestar masculino, contribuye al rendimiento físi",100 cápsulas,Cápsulas,2,100,50,alta,texto,Tomar 2 cápsulas
VHMX01926,Multivitamínico para Hombre 1560 mg Eternal | Fortalece la función inmunológica y energía diaria | 200 cápsulas,200 Cápsulas,Cápsulas,2,200,100,alta,texto,Tomar 2 cápsulas
VHMX01927,Calostro Bovino 2000 mg Eternal | Apoya la salud  digestiva e intestinal | 300 cápsulas,300 Cápsulas,Cápsulas,4,300,75,alta,texto,Tomar 4 cápsulas
VHMX02596,Calostro Bovino 2000 mg Eternal | Apoya la salud  digestiva e intestinal | 300 cápsulas,150 cápsulas,Cápsulas,4,150,37.5,alta,texto,Tomar 4 cápsulas
VHMX01937,Probióticos 200 Billones UFC Eternal Nutrition | Digestión e Inmunidad | 200 cápsulas,200 cápsulas,Cápsulas,2,200,100,alta,texto,Tomar 2 cápsulas
VHMX02603,Probióticos 200 Billones UFC Eternal Nutrition | Digestión e Inmunidad | 200 cápsulas,100 Cápsulas,Cápsulas,2,100,50,alta,texto,Tomar 2 cápsulas
VHMX01936,Enzimas Digestivas Tetra Digestive Enzymes Eternal Nutrition | Promueve el confort digestivo diario | 200 cápsulas,200 cápsulas,Cápsulas,1,200,200,alta,texto,Tomar 1 cápsula
VHMX02602,Enzimas Digestivas Tetra Digestive Enzymes Eternal Nutrition | Promueve el confort digestivo diario | 200 cápsulas,100 cápsulas,Cápsulas,1,100,100,alta,texto,Tomar 1 cápsula
VHMX01938,Tongkat Ali 200:1 Eternal Nutrition | Contribuye al aumento de energía y resistencia | 150 y 300 cápsulas,300 Cápsulas,Cápsulas,2,300,150,alta,texto,Tomar 2 cápsulas
VHMX02604,Tongkat Ali 200:1 Eternal Nutrition | Contribuye al aumento de energía y resistencia | 150 y 300 cápsulas,150 Cápsulas,Cápsulas,2,150,75,alta,texto,Tomar 2 cápsulas
VHMX01939,"Vitaminas del complejo B, GABA, Colina y Vitamina C - Vitamin B  Infinity Eternal Nutrition | Apoya la producción natura",300 cápsulas,Cápsulas,1,300,300,alta,texto,Tomar 1 cápsula
VHMX01940,"Vitamina C, Zinc, Echinacea y Jengibre  Infinity Eternal Nutrition | Favorece la producción de colágeno | 200 cápsulas",200 cápsulas,Cápsulas,1,200,200,alta,texto,Tomar 1 cápsula
VHMX02605,"Vitamina C, Zinc, Echinacea y Jengibre  Infinity Eternal Nutrition | Favorece la producción de colágeno | 200 cápsulas",100 Cápsulas,Cápsulas,1,100,100,alta,texto,Tomar 1 cápsula
VHMX01928,Myo - Inositol y D-Chiro Eternal Nutrition | Apoyo hormonal femenino | 300 Cápsulas,300 Cápsulas,Cápsulas,4,300,75,alta,texto,Tomar 4 cápsulas
VHMX01929,"NAD+, Betaina HCL y Ácido Alfa Lipoico de Eternal Nutrition | Energía celular y longevidad | 200 Cápsulas",200 cápsulas,Cápsulas,2,200,100,alta,texto,Tomar 2 cápsulas
VHMX01930,"Magnesio, L- Teanina, SAM-e y Apigenina 98 % Neuro Sleep Eternal Nutrition | Descanso y relajación | 200 Cápsulas",200 Cápsulas,Cápsulas,1,200,200,alta,texto,Tomar 1 cápsula
VHMX02597,"Magnesio, L- Teanina, SAM-e y Apigenina 98 % Neuro Sleep Eternal Nutrition | Descanso y relajación | 200 Cápsulas",100 cápsulas,Cápsulas,1,100,100,alta,texto,Tomar 1 cápsula
VHMX01941,Vitamina K2 D3 Infinity Eternal |  Bienestar óseo y cardiovascular | 300 cápsulas,300 cápsulas,Cápsulas,1,300,300,alta,texto,Tomar 1 cápsula
VHMX02606,Vitamina K2 D3 Infinity Eternal |  Bienestar óseo y cardiovascular | 300 cápsulas,150 Cápsulas,Cápsulas,1,150,150,alta,texto,Tomar 1 cápsula
VHMX01942,"Maca, Reishi, Shatavari y Ginseng - Women’s Adaptogen Essentials Eternal | Equilibrio femenino diario | 200 cápsulas",200 cápsulas,Cápsulas,2,200,100,alta,texto,Tomar 2 cápsulas
VHMX01943,"Vitamina A, Complejo B, Hierro y Zinc - Women’s Daily Eternal Nutrition | Multivitamínico fermentado y minerales antiguo",200 cápsulas,Cápsulas,2,200,100,alta,texto,Tomar 2 cápsulas
VHMX01964,Potasio + Magnesio + Zinc de AMZ Nutrition | Apoya el metabolismo muscular y la función neuromuscular | 60 cápsulas,60 cápsulas,Cápsulas,2,60,30,alta,texto,Tomar 2 cápsulas
VHMX01963,Tongkat Ali 200:1 con Arginina AMZ Nutrition | Apoya la vitalidad masculina y el rendimiento físico | 60 cápsulas,60 cápsulas,Cápsulas,2,60,30,alta,texto,Tomar 2 cápsulas
VHMX01962,Probióticos Simbiotic AMZ Nutrition | Apoya la digestión | 60 cápsulas,60 cápsulas,Cápsulas,2,60,30,alta,texto,Tomar 2 cápsulas
VHMX01950,"Proteína Hidrolizada de Suero Isolate Whey Protein  AMZ Nutrition | Recuperación muscular | 925g, 1.6kg o 2.3 kg",1.617KG / Chocolate,Medidas,1,1617,49,media,imagen,"frente bolsa (img_0): Cont. Net 1,617g / 49 SERVS. Contenido corregido de 925 a 1617 per imagen (variante 1.617KG). Serving size no legible en tabla — estimado ~33g/scoop. Dosis_totales 49 leído del frente."
VHMX01952,"Proteína Hidrolizada de Suero Isolate Whey Protein  AMZ Nutrition | Recuperación muscular | 925g, 1.6kg o 2.3 kg",1.617KG / Banana,Medidas,1,1617,49,media,imagen,"mismas imágenes que VHMX01950 — frente bolsa: Cont. Net 1,617g / 49 SERVS. Contenido corregido a 1617 (variante 1.617KG). Dosis_totales 49 leído del frente."
VHMX01949,"Proteína Hidrolizada de Suero Isolate Whey Protein  AMZ Nutrition | Recuperación muscular | 925g, 1.6kg o 2.3 kg",1.617KG / Fresa,Medidas,1,1617,49,media,imagen,"mismas imágenes que VHMX01950 — frente bolsa: Cont. Net 1,617g / 49 SERVS. Contenido corregido a 1617 (variante 1.617KG). Dosis_totales 49 leído del frente."
VHMX01951,"Proteína Hidrolizada de Suero Isolate Whey Protein  AMZ Nutrition | Recuperación muscular | 925g, 1.6kg o 2.3 kg",1.617KG / Vainilla,Medidas,1,1617,49,media,imagen,"mismas imágenes que VHMX01950 — frente bolsa: Cont. Net 1,617g / 49 SERVS. Contenido corregido a 1617 (variante 1.617KG). Dosis_totales 49 leído del frente."
VHMX01944,"Proteína Hidrolizada de Suero Isolate Whey Protein  AMZ Nutrition | Recuperación muscular | 925g, 1.6kg o 2.3 kg",2.310KG / Chocolate,Medidas,1,2310,70,media,imagen,frente tarro (img_2): Cont. Net 2.310kg / 70 SERVS. Contenido corregido de 925 a 2310 (variante 2.310KG). Serving size no legible en tabla — estimado ~33g/scoop. Dosis_totales 70 leído del frente.
VHMX01946,"Proteína Hidrolizada de Suero Isolate Whey Protein  AMZ Nutrition | Recuperación muscular | 925g, 1.6kg o 2.3 kg",2.310KG / Banana,Medidas,1,2310,70,media,imagen,mismas imágenes que VHMX01944 — frente tarro: Cont. Net 2.310kg / 70 SERVS. Contenido corregido a 2310 (variante 2.310KG). Dosis_totales 70 leído del frente.
VHMX01947,"Proteína Hidrolizada de Suero Isolate Whey Protein  AMZ Nutrition | Recuperación muscular | 925g, 1.6kg o 2.3 kg",2.310KG / Fresa,Medidas,1,2310,70,media,imagen,mismas imágenes que VHMX01944 — frente tarro: Cont. Net 2.310kg / 70 SERVS. Contenido corregido a 2310 (variante 2.310KG). Dosis_totales 70 leído del frente.
VHMX01948,"Proteína Hidrolizada de Suero Isolate Whey Protein  AMZ Nutrition | Recuperación muscular | 925g, 1.6kg o 2.3 kg",2.310KG / Vainilla,Medidas,1,2310,70,media,imagen,mismas imágenes que VHMX01944 — frente tarro: Cont. Net 2.310kg / 70 SERVS. Contenido corregido a 2310 (variante 2.310KG). Dosis_totales 70 leído del frente.
VHMX01945,"Proteína Hidrolizada de Suero Isolate Whey Protein  AMZ Nutrition | Recuperación muscular | 925g, 1.6kg o 2.3 kg",2.310KG / Natural,Medidas,1,2310,70,media,imagen,mismas imágenes que VHMX01944 — frente tarro: Cont. Net 2.310kg / 70 SERVS. Contenido corregido a 2310 (variante 2.310KG). Dosis_totales 70 leído del frente.
VHMX02734,"Proteína Hidrolizada de Suero Isolate Whey Protein  AMZ Nutrition | Recuperación muscular | 925g, 1.6kg o 2.3 kg",925G / Chocolate,Medidas,1,925,,baja,imagen,sin imagen del envase de 925g — las imágenes disponibles muestran tarro 2.310kg/70 servs y bolsa 1.617g/49 servs. No se puede determinar dosis_totales para 925g.
VHMX02732,"Proteína Hidrolizada de Suero Isolate Whey Protein  AMZ Nutrition | Recuperación muscular | 925g, 1.6kg o 2.3 kg",925G / Banana,Medidas,1,925,,baja,imagen,sin imagen del envase de 925g — las imágenes disponibles muestran tarro 2.310kg/70 servs y bolsa 1.617g/49 servs. No se puede determinar dosis_totales para 925g.
VHMX02733,"Proteína Hidrolizada de Suero Isolate Whey Protein  AMZ Nutrition | Recuperación muscular | 925g, 1.6kg o 2.3 kg",925G / Vainilla,Medidas,1,925,,baja,imagen,"Imágenes muestran envases de 2.310kg (70 servs) y 1.617kg (49 servs), ninguno corresponde a la variante 925g. No hay etiqueta nutrimental visible para este tamaño. dosis_totales no determinable."
VHMX02735,"Proteína Hidrolizada de Suero Isolate Whey Protein  AMZ Nutrition | Recuperación muscular | 925g, 1.6kg o 2.3 kg",925G / Natural,Medidas,1,925,,baja,imagen,"Mismas imágenes que VHMX02733. Envases visibles son 2.310kg y 1.617kg, no 925g. Sin etiqueta nutrimental para la variante 925g."
VHMX01957,BCAA Glutamina + L- Carnitina de AMZ | 420g,Lima,Medidas,1,420,42,alta,imagen,"Etiqueta frontal: Cont. Net 420g, 42 SERVS. dosis_totales=42 confirmado. Serving size=1 scoop (420/42=10g)."
VHMX01958,BCAA Glutamina + L- Carnitina de AMZ | 420g,Limón,Medidas,1,420,42,alta,imagen,"Misma presentación que VHMX01957 (sabor Limón). Etiqueta frontal: 420g, 42 SERVS."
VHMX01959,BCAA Glutamina + L- Carnitina de AMZ | 420g,Naranja,Medidas,1,420,42,alta,imagen,"Misma presentación que VHMX01957 (sabor Naranja). Etiqueta frontal: 420g, 42 SERVS."
VHMX01954,Creatina Monohidratada AMZ Pure Creatine | 100 0 200 porciones,1 kg,Medidas,1,1000,200,alta,imagen,"Etiqueta frontal: Cont. Net 1kg, 200 SERVS, 5g por porción (1 cucharada). Etiqueta nutrimental: Tamaño por porción 1 Cucharada (5g), Servicios por envase 100 — pero ese label corresponde al envase 500g. Frente del 1kg dice 200 SERVS claramente."
VHMX01953,Creatina Monohidratada AMZ Pure Creatine | 100 0 200 porciones,500 gr,Medidas,1,500,100,alta,imagen,"Etiqueta nutrimental (img_1): Tamaño por porción: 1 Cucharada (5g), Servicios por envase: 100. contenido=500g confirmado. dosis_totales=100."
VHMX01955,Colágeno Hidrolizado de AMZ | Hydrolyzed Collagen | 500g o 1kg,500 gr,Medidas,1,500,50,alta,imagen,"Etiqueta frontal: Cont. Net 500g, 50 SERVS. dosis_totales=50, serving size implícito=10g (500/50)."
VHMX01956,Colágeno Hidrolizado de AMZ | Hydrolyzed Collagen | 500g o 1kg,1 kg,Medidas,1,1000,100,media,imagen,"Imagen muestra el mismo envase de 500g (50 servs) — no hay imagen del tarro de 1kg. Título dice 1kg, por lo que contenido=1000 y dosis_totales=100 se calculan asumiendo misma dosis de 10g. El contenido 500 del batch parece error de carga."
VHMX01965,Wild Protein | Granola Crunchy Mix | 250 g | 10 g de Proteína,250 gr,Gramos,35,250,7,alta,imagen,"Etiqueta frontal: Contenido neto 250g, 7 porciones aprox. de 35g c/u. Tabla nutrimental: Cantidad por porción 35g. dosis_totales=7."
VHMX01968,Wild Protein | Barras altas en proteína 15g | Pack de 5 y 16 unidades | Sin azúcares ni grasa añadida,5 Unidades / Chocolate,Barritas,1,5,5,alta,imagen,"Caja: Cont. Neto 225g, Contenido: 5 barras de 45g c/u. Tabla nutrimental: Por barra (45g). dosis=1 barra, contenido=5 barras, dosis_totales=5."
VHMX01966,Wild Protein | Barras altas en proteína 15g | Pack de 5 y 16 unidades | Sin azúcares ni grasa añadida,5 Unidades / Caramelo,Barritas,1,5,5,alta,imagen,"Caja (sabor Caramelo): Cont. Neto 225g, 5 porciones de 45g c/u. Tabla nutrimental: Por barra (45g), 5 porciones."
VHMX01967,Wild Protein | Barras altas en proteína 15g | Pack de 5 y 16 unidades | Sin azúcares ni grasa añadida,5 Unidades / Chocolate-Coco,Barritas,1,5,5,alta,imagen,"Caja (sabor Chocolate-Coco): Cont. Neto 225g, Contenido: 5 barras de 45g c/u."
VHMX01969,Wild Protein | Barras altas en proteína 15g | Pack de 5 y 16 unidades | Sin azúcares ni grasa añadida,5 Unidades / Chocolate Amargo,Barritas,1,5,5,alta,imagen,"Caja (sabor Chocolate Amargo): Cont. Neto 225g, Contenido: 5 barras de 45g c/u."
VHMX01970,Wild Protein | Barras altas en proteína 15g | Pack de 5 y 16 unidades | Sin azúcares ni grasa añadida,5 Unidades / Chocolate - Cacahuate,Barritas,1,5,5,alta,imagen,"Caja (sabor Chocolate-Cacahuate): Cont. Neto 225g, 5 porciones de 45g c/u. Tabla visible en imagen lateral."
VHMX01971,Wild Protein | Barras altas en proteína 15g | Pack de 5 y 16 unidades | Sin azúcares ni grasa añadida,5 Unidades / Chocolate - Naranja,Barritas,1,5,5,alta,imagen,"Caja (sabor Chocolate-Naranja): misma presentación 5 barras de 45g c/u, 225g."
VHMX01972,Wild Protein | Barras altas en proteína 15g | Pack de 5 y 16 unidades | Sin azúcares ni grasa añadida,5 Unidades / Moka,Barritas,1,5,5,alta,imagen,"Caja (sabor Moka): Cont. Neto 225g, Contenido: 5 barras de 45g c/u."
VHMX01975,Wild Protein | Barras altas en proteína 15g | Pack de 5 y 16 unidades | Sin azúcares ni grasa añadida,16 Unidades / Chocolate,Barritas,1,16,16,media,imagen,"Título dice '16 Unidades / Chocolate'. Imágenes disponibles muestran solo la caja de 5 barras (225g). No hay imagen del pack de 16. contenido=16 por título, sin confirmación visual."
VHMX01973,Wild Protein | Barras altas en proteína 15g | Pack de 5 y 16 unidades | Sin azúcares ni grasa añadida,16 Unidades / Caramelo,Barritas,1,16,16,media,imagen,"Título dice '16 Unidades / Caramelo'. Imágenes muestran caja de 5 barras (225g). contenido=16 por título, sin confirmación visual."
VHMX01974,Wild Protein | Barras altas en proteína 15g | Pack de 5 y 16 unidades | Sin azúcares ni grasa añadida,16 Unidades / Chocolate-Coco,Barritas,1,16,16,media,imagen,"Título dice '16 Unidades / Chocolate-Coco'. Imágenes muestran caja de 5 barras. contenido=16 por título, sin confirmación visual."
VHMX01976,Wild Protein | Barras altas en proteína 15g | Pack de 5 y 16 unidades | Sin azúcares ni grasa añadida,16 Unidades / Chocolate Amargo,Barritas,1,16,16,media,imagen,"etiqueta (img_2): por barra (45g); variante dice 16 unidades. Las imágenes muestran caja de 5 barras (225g, 5 porciones de 45g c/u); contenido=16 inferido de la variante."
VHMX01977,Wild Protein | Barras altas en proteína 15g | Pack de 5 y 16 unidades | Sin azúcares ni grasa añadida,16 Unidades / Chocolate - Cacahuate,Barritas,1,16,16,media,imagen,Mismas imágenes que VHMX01976. Por barra (45g); variante 16 Unidades. Contenido=16 de la variante.
VHMX01978,Wild Protein | Barras altas en proteína 15g | Pack de 5 y 16 unidades | Sin azúcares ni grasa añadida,16 Unidades / Chocolate - Naranja,Barritas,1,16,16,media,imagen,Mismas imágenes que VHMX01976. Por barra (45g); variante 16 Unidades. Contenido=16 de la variante.
VHMX01979,Wild Protein | Barras altas en proteína 15g | Pack de 5 y 16 unidades | Sin azúcares ni grasa añadida,16 Unidades / Moka,Barritas,1,16,16,media,imagen,Mismas imágenes que VHMX01976. Por barra (45g); variante 16 Unidades. Contenido=16 de la variante.
VHMX01988,Creatina Monohidratada | Wild Protein | 500 g,500 gr,Cucharaditas,1,500,100,alta,imagen,"etiqueta (img_1): Porción 1 cucharadita (5g), Porciones por envase: 100, contenido 500g"
VHMX02018,Birdman Treonato de Magnesio 160 mg | Memoria y Concentración | 90 Cápsulas Veganas,90 Cápsulas,Cápsulas,3,90,30,alta,texto,Tomar 3 cápsulas
VHMX02019,Berberina HCL 900 mg Birdman | Apoyo Metabólico | 90 y 180 Cápsulas Veganas,90 Cápsulas,Cápsulas,2,90,45,alta,texto,Tomar 2 cápsulas
VHMX02754,Berberina HCL 900 mg Birdman | Apoyo Metabólico | 90 y 180 Cápsulas Veganas,180 Cápsulas,Cápsulas,2,180,90,alta,texto,Tomar 2 cápsulas
VHMX02020,Birdman Premium Omega 3 a base de Algas (Ratio DHA:EPA 4:1) | 60 Cápsulas Veganas,60 Cápsulas,Cápsulas,2,60,30,alta,texto,Tomar 2 cápsulas
VHMX02022,"Birdman Creatine Refresher | Creatina Monohidratada con Electrolitos, Magnesio y Vitaminas | 300g",Pink Lemonade / 300 g,Medidas,1,300,30,alta,imagen,"etiqueta (img_1): Tamaño de porción 500 ml (1 cucharada medidora de 10g), Porciones por envase: 30 aprox., contenido 300g"
VHMX02023,"Birdman Creatine Refresher | Creatina Monohidratada con Electrolitos, Magnesio y Vitaminas | 300g",Limón / 300 g,Medidas,1,300,30,alta,imagen,"Mismas imágenes que VHMX02022. Tamaño de porción 1 cucharada medidora (10g), 30 porciones aprox., contenido 300g"
VHMX02024,"Birdman Creatine Refresher | Creatina Monohidratada con Electrolitos, Magnesio y Vitaminas | 300g",Sandía / 300 g,Medidas,1,300,30,alta,imagen,"Mismas imágenes que VHMX02022. Tamaño de porción 1 cucharada medidora (10g), 30 porciones aprox., contenido 300g"
VHMX02118,"Birdman Creatine Refresher | Creatina Monohidratada con Electrolitos, Magnesio y Vitaminas | 300g",Durazno / 300 g,Medidas,1,300,30,alta,imagen,"Mismas imágenes que VHMX02022. Tamaño de porción 1 cucharada medidora (10g), 30 porciones aprox., contenido 300g"
VHMX02027,Creatina Monohidratada Micronizada | B Life |  240 Cápsulas,240 Cápsulas,Cápsulas,4,240,60,alta,texto,Tomar 4 cápsulas
VHMX02028,BCAA’s + Glutamina de B Life | Energía y Músculo | 60 Porciones,558 gr,Medidas,1,558,60,alta,imagen,"etiqueta (img_1): Tamaño de la porción 1 medida (9.3g), Porciones por envase: 60, contenido 558g"
VHMX02029,Beta Alanina de B Life | Energía y Resistencia | 200 porciones,400 g,Medidas,1,400,200,alta,imagen,"etiqueta (img_1): Tamaño de la porción 1 medida (2g), Porciones por envase: 200, contenido 400g"
VHMX02038,"GI Fix de Matter | Péptidos de Colágeno, Aloe Vera, Cúrcuma y Zinc Carnosina Quelado | 740 gr",740 gr,Medidas,1,740,20,alta,imagen,"etiqueta (img_1): Tamaño de la porción 1 medida (37g), Porciones por envase: 20, contenido 740g"
VHMX02039,"YIELPI-1 de Matter| Berberina GlucoVantage®, Picolinato de Cromo, Extracto de Mora y Pimienta Negra | 30 Cápsulas",30 Cápsulas,Cápsulas,1,30,30,alta,texto,Tomar 1 cápsula
VHMX02037,Probivos Glow | Probióticos con Bisglicinato de Zinc Quelado (TRAACS®) | 60 Cápsulas,60 Cápsulas,Cápsulas,1,60,60,alta,texto,Tomar 1 cápsula
VHMX02040,Magno-N Mora de Matter | L-Treonato de Magnesio Magtein™ & GABA | 180 gr,180 gr,Medidas,1,180,60,alta,imagen,"etiqueta (img_1): Tamaño de la porción 1 medida (3g), Porciones por envase: 60, contenido 180g. Unidad corregida de Gramos a Medidas (es polvo con scoop)."
VHMX02041,"Vitamina E, Natural E de Matter | Apoya la hidratación y elasticidad de la piel | 60 Cápsulas",60 Cápsulas,Softgels,1,60,60,alta,texto,Tomar 1 cápsula blanda
VHMX02090,Ashwagandha Orgánica de Lalun | Energía y vitalidad| 30 Cápsulas Vegetales,30 Cápsulas,Cápsulas,1,30,30,alta,texto,Tomar 1 cápsula
VHMX02091,Beauty Blend de Lalun | Extractos orgánicos de hongos funcionales | 60 Cápsulas,60 Cápsulas,Cápsulas,2,60,30,alta,texto,tomar Beauty Blend? Tomar 2 cápsulas
VHMX02092,Cordyceps Orgánico de Lalun | Equilibrio Corporal | 30 Cápsulas,30 Cápsulas,Cápsulas,1,30,30,alta,texto,Tomar 1 cápsula
VHMX02093,"Digestive Blend de Lalun | Extracto Orgánico de Triphala, Cúrcuma y Jenjibre  | 60 Cápsulas",60 Cápsulas,Cápsulas,2,60,30,alta,texto,Tomar 2 cápsulas
VHMX02094,Melena de Leon de Lalun | Enfoque y concentración | 30 Cápsulas,30 Cápsulas,Cápsulas,1,30,30,alta,texto,Tomar 1 cápsula
VHMX02095,Reishi de Lalun | Descanso y equilibrio emocional | 30 Cápsulas,30 Cápsulas,Cápsulas,1,30,30,alta,texto,Tomar 1 cápsula
VHMX02096,Extracto Puro de Rhodiola Rosea de Lalun | Manejo del Estrés | 30 Cápsulas,30 Cápsulas,Cápsulas,1,30,30,alta,texto,Tomar 1 cápsula
VHMX02097,Extracto Puro de Schisandra Chinensis de Lalun | Claridad mental | 30 Cápsulas Veganas,30 Cápsulas,Cápsulas,1,30,30,alta,texto,Tomar 1 cápsula
VHMX02098,Extracto Orgánico de Raíz de Shatavari | Bienestar Femenino | 30 Cápsulas,30 Cápsulas,Cápsulas,1,30,30,alta,texto,Tomar 1 cápsula
VHMX02099,Extracto de Triphala Organico de Lalun | Antioxidante Natural | 30 Cápsulas,30 Cápsulas,Cápsulas,1,30,30,alta,texto,Tomar 1 cápsula
VHMX01990,Proteína Whey de Ascent | Proteína Limpia | Polvos 897 g 29 porciones,897 gr / Chocolate,Medidas,1,897,27,alta,imagen,"etiqueta (img_1): Serving Size 1 Scoop (33g), Servings Per Container: 27, contenido 897g"
VHMX01989,Proteína Whey de Ascent | Proteína Limpia | Polvos 897 g 29 porciones,897 gr / Chocolate - Cacahuate,Medidas,1,897,27,alta,imagen,"Mismas imágenes que VHMX01990. Serving Size 1 Scoop (33g), 27 servings, contenido 897g"
VHMX01991,Proteína Whey de Ascent | Proteína Limpia | Polvos 897 g 29 porciones,897 gr / Vainilla,Medidas,1,897,27,alta,imagen,"Mismas imágenes que VHMX01990. Serving Size 1 Scoop (33g), 27 servings, contenido 897g"
VHMX01994,Electrolitos Clean Hidratacion + Energía de Ascent | Polvo 40 porciones,400 gr / Naranja Mango,Medidas,1,400,40,alta,imagen,"etiqueta (img_1): Serving size 1 Scoop (5.6g), 40 servings per container, contenido 400g"
VHMX01993,Electrolitos Clean Hidratacion + Energía de Ascent | Polvo 40 porciones,400 gr / Limón Frambuesa,Medidas,1,400,40,alta,imagen,"Mismas imágenes que VHMX01994. Serving size 1 Scoop (5.6g), 40 servings per container, contenido 400g"
VHMX02017,Zinc y Vitamina C Vitamin Code Raw de Garden of Life | Antioxidantes Naturales | 60 cápsulas,60 cápsulas,Cápsulas,2,60,30,alta,texto,Tomar 2 cápsulas
VHMX01995,Pterostilbeno Pro 250 mg | Bienestar metabólico y cerebral | 60 Cápsulas,60 Cápsulas,Cápsulas,1,60,60,alta,texto,Tomar 1 cápsula
VHMX02002,Probióticos Hombre 50B CFU de Garden of Life | Apoya el sistema inmunológico masculino | 30 cápsulas,30 cápsulas,Cápsulas,1,30,30,alta,texto,Tomar 1 cápsula
VHMX02013,Prenatal Multi Orgánico de Garden of Life | Desarrollo Neural | 120 gomitas,120 gomitas,Gomitas,4,120,30,alta,texto,Masticar 4 gomitas
VHMX02004,Mood+ Probióticos 50B CFU de Garden of Life | Equilibrio emocional y bienestar mental  | 60 cápsulas,60 cápsulas,Cápsulas,2,60,30,alta,texto,Tomar 2 cápsulas
VHMX01992,Creatina Clean de Ascent | Creapure | 45 servicios,225 gr,Medidas,1,225,45,alta,imagen,"etiqueta (img_1): Serving Size 1 Scoop (5g), Servings Per Container 45, contenido 225g"
VHMX02014,Raw One de Garden of Life | Multivitamínico para Hombre | 30 Cápsulas,30 Cápsulas,Cápsulas,1,30,30,alta,texto,Tomar 1 cápsula
VHMX02003,Once Daily Womens de Garden of Life | Multivitaminico Probiótico para  Mujer 50B CFU | 30 cápsulas,30 Cápsulas,Cápsulas,1,30,30,alta,texto,Tomar 1 cápsula
VHMX01996,Trans-Resveratrol Plus de ProHealth| Bienestar Celular | 60 cápsulas vegetales,60 Cápsulas,Cápsulas,2,60,30,alta,texto,Tomar 2 cápsulas
VHMX01997,"NMN Pro Uthever®  de Prohealth | Precursor de NAD+, envejecimiento saludable | 30 Cápsulas",30 Cápsulas,Cápsulas,3,30,10,alta,texto,Tomar de 1 a 3 cápsulas
VHMX01998,Fisetina 125 mg | Fisetin PRO Longevity Plus de ProHealth |  60 cápsulas,60 Cápsulas,Cápsulas,2,60,30,alta,texto,Tomar 1 o 2 cápsulas
VHMX01999,NMN Liposomal 300 mg de ProHealth | Metabolismo Energético Celular | 60 cápsulas,60 Cápsulas,Cápsulas,6,60,10,alta,texto,Tomar entre 2 y 6 cápsulas
VHMX02100,Akkermansia Support de Nutriadn | Microbiota Intestinal | 60 Cápsulas,60 Cápsulas,Cápsulas,1,60,60,alta,texto,Tomar 1 cápsula
VHMX02042,Ajo negro 100 mg de NATSA | Apoya defensas naturales con compuestos antioxidantes  | 60 cápsulas,60 cápsulas,Cápsulas,2,60,30,alta,texto,Tomar 2 cápsulas
VHMX02043,Carbón activado vegetal de NATSA 350 mg | Apoya procesos de detoxificación digestiva | 100 cápsulas,100 cápsulas,Cápsulas,2,100,50,alta,texto,Tomar 2 cápsulas
VHMX02044,GABA 900 mg con Melissa de NATSA extracto 10:1 | Equilibrio del sistema nervioso | 60 cápsulas,60 cápsulas,Cápsulas,2,60,30,alta,texto,Tomar 2 cápsulas
VHMX02052,Cardo Mariano de Natsa 1000 mg | Detox Hepático | 100 cápsulas,100 Cápsulas,Cápsulas,2,100,50,alta,texto,Tomar 2 cápsulas
VHMX02045,Garcinia de Cambogia 1000 mg de natsa | Control del peso | 60 Cápsulas,60 Cápsulas,Cápsulas,2,60,30,alta,texto,Tomar 2 cápsulas
VHMX02046,Goji de Natsa 500mg | Equilibrio Antioxidante | 60 Cápsulas,60 Cápsulas,Cápsulas,1,60,60,alta,texto,Tomar 1 cápsula
VHMX02047,"Maca Premium de Natsa | Mezcla de Maca Amarilla, Roja Y Negra | 60 Cápsulas",60 Cápsulas,Cápsulas,2,60,30,alta,texto,Tomar 2 cápsulas
VHMX02089,Tongkat Ali 200:1 de Supplement Factory | Equilibrio hormonal masculino | 60 cápsulas,60 cápsulas,Cápsulas,2,60,30,alta,texto,Tomar 2 cápsulas
VHMX02088,"Magnesio PRO Ultra de Supplement Factory | Favorece la relajación muscular y el descanso, huesos y articulaciones  | 60 ",60 cápsulas,Cápsulas,2,60,30,alta,texto,Tomar 2 cápsulas
VHMX02048,Aceite de krill con EPA y DHA de NATSA | Función Cardiovascular | 100 cápsulas blandas,100 Cápsulas,Cápsulas,2,100,50,alta,texto,Ingerir 2 cápsulas
VHMX02087,Carnitina 1200 mg de Supplement Factory | Energía celular  | 60 cápsulas,60 cápsulas,Cápsulas,2,60,30,alta,texto,Tomar 2 cápsulas
VHMX02085,"Hongo Cola de Pavo - Turkey Tail 1000 mg de NATSA | Ayuda a combatir el estrés oxidativo, sistema inmune | 100 cápsulas",100 cápsulas,Cápsulas,2,100,50,alta,texto,Tomar 2 cápsulas
VHMX02084,"Hongo Shiitake 500 mg de NATSA | Contribuye al equilibrio y energía del cuerpo, sistema inmune | 100 cápsulas",100 cápsulas,Cápsulas,2,100,50,alta,texto,Tomar 2 cápsulas
VHMX02083,"Hongo Reishi 500 mg de NATSA | Aporta antioxidantes naturales al organismo, equilibrio físico y emocional | 100 cápsulas",100 cápsulas,Cápsulas,2,100,50,alta,texto,Tomar 2 cápsulas
VHMX02049,Aceite de Orégano de Natsa | Bienestar Digestivo y Respiratorio | 100 Cápsulas,100 Cápsulas,Softgels,1,100,100,alta,texto,Tomar 1 cápsula blanda
VHMX02050,Aguaje de Natsa | Equilibrio Hormonal | 100 Cápsulas,100 Cápsulas,Cápsulas,1,100,100,alta,texto,Tomar 1 cápsula
VHMX02051,Alga spirulina de Natsa | Apoyo al Sistema Inmune | 100 Cápsulas,100 Cápsulas,Cápsulas,2,100,50,alta,texto,Tomar 2 cápsulas
VHMX02053,Alga Chorella 1000 mg de Natsa | Detox Natural | 100 Cápsulas,100 Cápsulas,Cápsulas,2,100,50,alta,texto,Tomar 2 cápsulas
VHMX02101,Creatina Monohidratada de Nutravia | Fórmula de alta absorción | 500 g,450 g,Cucharaditas,1,450,100,alta,imagen,"etiqueta (img_1): Tamaño de porción 1 cucharadita (5g aprox.), Porciones por envase: 100, contenido 450g (variante). Unidad corregida de Cucharadas a Cucharaditas."
VHMX02082,"Melena de León - Lions Mane 500 mg de NATSA | Memoria y estado de ánimo, antioxidante y antiinflamatorio | 100 cápsulas",100 cápsulas,Cápsulas,2,100,50,alta,texto,Tomar 2 cápsulas
VHMX02081,Cordyceps  1000 mg de NATSA | Rendimiento físico y la vitalidad | 100 cápsulas,100 cápsulas,Cápsulas,2,100,50,alta,texto,Tomar 2 cápsulas
VHMX02080,Raíz de astrágalo 500 mg de Natsa | Función hepática y renal | 100 cápsulas,100 cápsulas,Cápsulas,2,100,50,alta,texto,Tomar 2 cápsulas
VHMX02079,"Aceite de orégano 35ml de Natsa | Aporta propiedades antimicrobianas y antifúngicas, inmune  | Gotas 35ml",35 ml,Gotas,4,35,,media,imagen,"Solo imagen frontal disponible (img_0), sin tabla nutrimental visible. Datos tomados del batch: Gotas, dosis=4, contenido=35 ml. No se puede calcular dosis_totales (unidades distintas: gotas vs ml)."
VHMX02078,Psyllium plantago - fibra natural de Natsa | Favorece el tránsito intestinal y la regularidad | Polvos 1 kg,1 Kg,Medidas,1,1000,200,alta,imagen,"etiqueta (img_1): Tamaño de porción: 5 g (1 scoop), Porciones por envase: 200. Envase 1 Kg = 1000 g. Unidad corregida de Cucharadas a Medidas (scoop)."
VHMX02107,Ashwagandha Optimizada de Briah 500 mg por porción | Bienestar Emocional | 60 cápsulas,60 Cápsulas,Cápsulas,1,60,60,alta,texto,Tomar 1 cápsula
VHMX02109,"Vitamina D3 5000 UI Briah | Mejora la absorción de calcio y fósforo,  | 60 cápsulas blandas",60 cápsulas,Cápsulas,1,60,60,alta,texto,Tomar 1 cápsula
VHMX02102,Citrato de Magnesio 1000 mg por porción de Briah | Energía Celular | 60 cápsulas blandas,60 Cápsulas,Cápsulas,2,60,30,alta,texto,Tomar 2 cápsulas
VHMX02108,Biotina 10.000 microgramos por porción + colágeno + ácido hialurónico Briah | Crecimiento de cabello y uñas | 60 cápsula,60 cápsulas,Cápsulas,1,60,60,alta,texto,Tomar 1 cápsula
VHMX02103,"NAD+ con Resveratrol, Vitamina C y Coenzima Q10 de Briah | Protección Antioxidante | 30 cápsulas",30 Cápsulas,Cápsulas,1,30,30,alta,texto,Tomar 1 cápsula
VHMX02106,Magnesio Neuro  L- Treonato de Magnesio de Briah | Función cognitiva | 60 cápsulas blandas,60 cápsulas,Cápsulas,2,60,30,alta,texto,Tomar 2 cápsulas
VHMX02105,Omega 3 Espectro Completo de Briah | Función Cardiovascular y Cognitiva |  60 Cápsulas,60 Cápsulas,Cápsulas,1,60,60,alta,texto,Tomar 1 cápsula
VHMX02077,Proteína de Soya Aislada Natsa |  Favorece el mantenimiento de la masa muscular | Polvo 1 kg sabor natural,1 Kg,Gramos,25,1000,40,alta,imagen,"etiqueta (img_1): Tamaño de porción: 25 g, Porciones por envase: 40. Envase 1 Kg = 1000 g. dosis_totales calculado: 1000/25=40."
VHMX02055,"Cúrcuma Curcumín C3 Complex 500 mg NATSA | Apoya el bienestar digestivo, antioxidante | 100 cápsulas",100 cápsulas,Cápsulas,2,100,50,alta,texto,Tomar 2 cápsulas
VHMX02056,"Fenogreco 500 mg, NATSA | Fuente natural de fibra y antioxidantes, bienestar hormonal femenino  | 100 cápsulas",100 cápsulas,Cápsulas,3,100,33.3,alta,texto,Tomar hasta 3 cápsulas
VHMX02057,"Glicinato de Magnesio 500 mg NATSA,  | Apoya la función muscular y neuromuscular | 100 cápsulas",100 cápsulas,Cápsulas,2,100,50,alta,texto,Tomar 2 cápsulas
VHMX02058,Glucosamina Complex 500 mg NATSA | Favorece la flexibilidad y movilidad articular | 100 cápsulas,100 cápsulas,Cápsulas,3,100,33.3,alta,texto,Tomar 3 cápsulas
VHMX02059,Hoja de Guanábana 400 mg NATSA | Ideal para rutinas de desintoxicación y equilibrio | 100 cápsulas,100 cápsulas,Cápsulas,2,100,50,alta,texto,Tomar 2 cápsulas
VHMX02060,Jengibre 400 mg NATSA | Aporta compuestos antioxidantes naturales | 100 cápsulas,100 cápsulas,Cápsulas,2,100,50,alta,texto,Tomar 2 cápsulas
VHMX02062,Maca Negra 500 mg NATSA | Apoya el rendimiento físico y mental  | 100 cápsulas,100 cápsulas,Cápsulas,2,100,50,alta,texto,Tomar 2 cápsulas
VHMX02063,Maca Amarilla 500 mg NATSA | Contribuye al equilibrio hormonal en hombres y mujeres | 100 cápsulas,100 cápsulas,Cápsulas,2,100,50,alta,texto,Tomar 2 cápsulas
VHMX02064,Melatonina 5 mg NATSA | Favorece la conciliación del sueño de forma natural | 100 cápsulas,100 cápsulas,Tabletas,1,100,100,alta,imagen,"etiqueta (img_1): Tamaño de porción: 1 tableta (180 mg), Porciones por envase: 100. Contenido 100 tabletas."
VHMX02104,Aceite de Orégano 200 mg 97% Corvacol | Soporte del Sistema Inmunológico | 60 Cápsulas,60 cápsulas,Cápsulas,2,60,30,alta,texto,Tomar 2 cápsulas
VHMX02115,Ashwagandha optimizada + Magnesio | Kit Duerme Bien de Briah,60 Cápsulas cada Frasco,Cápsulas,1,60,60,alta,texto,Tomar 1 cápsula
VHMX02065,Moringa oleifera 500 mg NATSA | Apoya la nutrición con antioxidantes naturales | 100 cápsulas,100 cápsulas,Cápsulas,2,100,50,alta,texto,Tomar 2 cápsulas
VHMX02066,Omega 3 de pescado 1000 mg Natsa | Favorece el funcionamiento cardiovascular | 100 cápsulas blandas,100 cápsulas,Cápsulas,2,100,50,alta,texto,Tomar 1 a 2 cápsulas
VHMX02067,"Shilajit del Himalaya, Ácido Fúlvico Natsa | Promueve un envejecimiento activo y funcional | 100 cápsulas",100 cápsulas,Cápsulas,2,100,50,alta,texto,Tomar 2 cápsulas
VHMX02068,"Vitamina C, Ácido Ascórbico 500 mg Natsa | Apoya el funcionamiento del sistema inmune | 100 tabletas",100 cápsulas,Tabletas,2,100,50,alta,imagen,"etiqueta (img_1): Tamaño de porción: 2 tabletas (1.4 g), Porciones por envase: 50. Contenido 100 tabletas. dosis_totales=50 (etiqueta)."
VHMX02074,Vitamina D3  5000 IU Natsa | Contribuye al mantenimiento de huesos fuertes | 300 cápsulas blandas,300 cápsulas,Cápsulas,1,300,300,alta,texto,Tomar 1 cápsula
VHMX02070,Vitamina D3  5000 IU Natsa | Contribuye al mantenimiento de huesos fuertes | 300 cápsulas blandas,100 softgels,Softgels,1,100,100,alta,texto,Tomar 1 cápsula
VHMX02073,Zinc 20 mg Natsa | Contribuye al funcionamiento del sistema inmune | 100 tabletas,100 cápsulas,Tabletas,1,100,100,alta,imagen,"etiqueta (img_1): Tamaño de porción: 1 tableta (250 mg), Porciones por envase: 100. Contenido 100 tabletas."
VHMX02071,Vitamina E 400 IU  Natsa | Complementa rutinas de bienestar antioxidante  | 100 cápsulas blandas,100 cápsulas,Softgels,1,100,100,alta,texto,Tomar 1 cápsula blanda
VHMX02054,"CLA 1000 mg, Ácido Linoleico Conjugado Natsa | Contribuye al mantenimiento metabólico saludable  | 100 cápsulas blandas",100 cápsulas,Cápsulas,1,100,100,alta,texto,Tomar 1 cápsula
VHMX02061,Levadura de Cerveza 500 mg Natsa | Apoya el sistema digestivo y microbiota intestinal | 100 cápsulas,100 cápsulas,Cápsulas,3,100,33.3,alta,texto,Tomar hasta 3 cápsulas
VHMX02072,Raíz de Wereke 500 mg Natsa | Contribuye al equilibrio natural de los niveles de glucosa | 100 cápsulas,100 cápsulas,Cápsulas,2,100,50,alta,texto,Tomar 2 cápsulas
VHMX02086,"Forskolina 20%, Coleus Forskohlii 500 mg Supplement Factory | Promueve el equilibrio metabólico y la composición corpora",60 cápsulas,Cápsulas,2,60,30,alta,texto,Tomar 2 cápsulas
VHMX02117,Alpha GPC 300 mg de Now Foods | Favorece el enfoque y la claridad mental | 60 cápsulas vegetales,60 cápsulas,Cápsulas,2,60,30,alta,texto,Tomar 2 cápsulas
VHMX02120,Greens Support de NutriADN | Apoyo digestivo y antioxidante | Polvo 240 g,240 gr,Medidas,1,240,30,alta,imagen,"etiqueta (img_1): Tamaño de la porción: 8.0 g (1 scoop), Porciones por envase: 30. Contenido 240 g del batch."
VHMX02122,Omega 3 Strong de NutriADN | EPA y DHA alta pureza | 120 cápsulas,120 Cápsulas,Cápsulas,2,120,60,alta,texto,Tomar 2 cápsulas
VHMX02121,Vitamina D3 5000 UI Support de NutriADN | Apoyo óseo e inmunológico | 60 cápsulas,60 Cápsulas,Cápsulas,1,60,60,alta,texto,Tomar 1 cápsula
VHMX02124,"| Agenix de Cellx |NMN, Resveratrol, Magnesio, Selenio, Espermidina, Quecetina, Fisetina, TrueBroc® y Biopetine®  60 Cáp",60 Cápsulas,Cápsulas,2,60,30,alta,texto,Tomar 2 cápsulas
VHMX02125,"| Apigenina de CellX  | Apigenina, Quercetina, Cúrcuma y Bioperine® | 60 cápsulas",60 Cápsulas,Cápsulas,2,60,30,alta,texto,Tomar 2 cápsulas
VHMX02126,"| CoQ10 de Cellx |Coenzima Q10 (CoQ10) Liposomal, ALA, Vitamina C, Fosfatidilcolina, Magtein®, PQQ, Astaxantina, Ribosa,",60 Cápsulas,Cápsulas,2,60,30,alta,texto,Tomar 2 cápsulas
VHMX02127,"| Elara de CellX | Myo Inositol con D-Chiro Inositol 40:1, Dihidrberberina GlucoVantage®, Ácido R Lipoico , Metilfolato ",120 Cápsulas,Cápsulas,4,120,30,alta,texto,Tomar 4 cápsulas
VHMX02129,"| Espermidina de CellX |Espermidina, Resveratrol y Taurina 60 Cápsulas",60 Cápsulas,Cápsulas,4,60,15,alta,texto,Tomar 4 cápsulas
VHMX02130,"| Fisetina de Cellx | Fisetina, CoQ10 Liposomal, Resveratrol, Quercetina, ALA, Extracto de Broccoli, Espermidina y Astra",60 Cápsulas,Cápsulas,2,60,30,alta,texto,Tomar 2 cápsulas
VHMX02131,"Ceramidas Myoceram®, Eternalyoung®, Ácido R Lipoico, DMAE, Ácido Hialurónico, Astaxantina, Vitamia A, B5, C y E, Zinc | ",60 Cápsulas,Cápsulas,2,60,30,alta,texto,Tomar 2 cápsulas
VHMX02132,| GlucoShield de CellX |Peptidos de Colágeno NextidaTM GC y AstraGin®  30 Sobres,60 Cápsulas,Sticks,1,30,30,alta,imagen,"etiqueta (img_2): Tamaño de la porción: 1 sobre (5.05 g), Porciones por envase: 30. Contenido corregido de 60 a 30 sobres. Producto es sticks/sobres de colágeno GLP-1."
VHMX02133,"| GlucoTrim de CellX |  Dihidroberberina GlucoVantage®, Ácido R Lipoico, CinSulin®, Cromo 60 Cápsulas",60 Cápsulas,Cápsulas,1,60,60,alta,texto,Tomar 1 cápsula
VHMX02134,"| Keradence de CellX | USPlus® DERM, Cynatine® HNS, Ferrochel®, LIVING SILICA, Cobre TRAACS®, NAC, L-Selenometionina, MS",90 Cápsulas,Cápsulas,3,90,30,alta,texto,Tomar 3 cápsulas
VHMX02135,"Magnesium Ultra de CellX | Blend (combinado) de Magnesio, Quatrefolic®, Vitaminas B1, B2, B3, B5, B6, B12, D3, K2 y Biot",90 Cápsulas,Cápsulas,3,90,30,alta,texto,Tomar 3 cápsulas
VHMX02136,"NMN, Resveratrol, Quercetina, TMG y Bionerine | NMN de Cellx | 60 Cápsulas",30 Cápsulas,Cápsulas,2,30,15,alta,texto,Tomar 2 cápsulas
VHMX02137,"| Post Workout de Cellx | BCAAS, Zinc, Magnesio, Glutamina, L-Carnitina Bitartrato, Beta Alanina, TMG y AstraGin  300 gr",300 gr / Blueberry,Medidas,1,300,30,alta,imagen,"etiqueta (img_1): Tamaño de la porción: 1 medida (10 g), Porciones por envase: 30. Contenido 300 g."
VHMX02138,"| Post Workout de Cellx | BCAAS, Zinc, Magnesio, Glutamina, L-Carnitina Bitartrato, Beta Alanina, TMG y AstraGin  300 gr",300 gr / Manzana,Medidas,1,300,30,alta,imagen,"etiqueta (img_1): Tamaño de la porción: 1 medida (10 g), Porciones por envase: 30. Misma fórmula que VHMX02137, variante Manzana."
VHMX02139,"| Power Up de Cellx | GamePhyt™ , L-Teanina, N-Acetil L-Tirosina, Dynamine™, Macu-LZ™ , Huperzina A, Astaxantina, Alpha ",90 Cápsulas,Cápsulas,3,90,30,alta,texto,Tomar 3 cápsulas
VHMX02140,| Proleucin® de Cellx | Dileucina DL185® | Recuperación muscular |  45 Cápsulas,45 Cápsulas,Cápsulas,3,45,15,alta,texto,Tomar 3 cápsulas
VHMX02141,"| Quercetina de Cellx | Quercetina, Bromelina, Vitamina C y Bioperine® 60 Cápsulas",60 Cápsulas,Cápsulas,2,60,30,alta,texto,Tomar 2 cápsulas
VHMX02142,"| Resveratrol de Cellx |Trans-Resveratrol, EGCG, Pteroestilbeno, Quercetina y Bioperine® | 60 Cápsulas",60 Cápsulas,Cápsulas,2,60,30,alta,texto,Tomar 2 cápsulas
VHMX02143,"| FolateActive de Cellx | TMG, Quatrefolic®, Betaina HCI, NAC, Vitamina B6 y B12 | 60 Cápsulas",60 Cápsulas,Cápsulas,2,60,30,alta,texto,Tomar 2 cápsulas
VHMX02144,"| VitaAge de Cellx | Dihidroberberina GlucoVantage®, ALA, NMN, TrueBroc®, Trans-Reveratrol, Quercetina, Glutation, NAC, ",90 Cápsulas,Cápsulas,3,90,30,alta,texto,Tomar 3 cápsulas
VHMX02146,"Magnesio 5X PRO, Citrato de magnesio, Cúrcuma y Piperina GüdGut | Combinación Antiinflamatoria | 120 cápsulas",120 Cápsulas,Cápsulas,4,120,30,alta,texto,Tomar 4 cápsulas
VHMX02147,GüdZen Probióticos de GüdGut | Conexción Intestino Cerebro| 30 Cápsulas veganas,60 Cápsulas,Cápsulas,1,60,60,alta,texto,Consumir 1 cápsula
VHMX02149,Proteína caldo de huesos de GüdGut | Huesos y Articulaciones |  500 g Varios Sabores,500 gr / Chocolate,Medidas,2,500,16,alta,imagen,etiqueta (img_1): porción 30 g. Modo de empleo: 'Mezclar dos scoops'. 2 medidas x 15 g c/u = 30 g/porción. dosis_totales calculado: 500/30 ≈ 16.
VHMX02148,Proteína caldo de huesos de GüdGut | Huesos y Articulaciones |  500 g Varios Sabores,500 gr / Vainilla,Medidas,2,500,16,media,imagen,"etiqueta (img_1): misma imagen que variante Chocolate (porción 30 g, 2 scoops). Variante Vainilla pero etiqueta visible es de Chocolate — misma fórmula. dosis_totales calculado: 500/30 ≈ 16."
VHMX02150,Glutamina + Zinc L-Carnosina de GüdGut | Apoyo Digestivo | 30 sobres,30 Sobres,Sticks,1,30,30,alta,texto,Tomar un sobre
VHMX02151,Enzimas Digestivas de GüdGut | Apoyo digestivo  | 60 Cápsulas,60 Cápsulas,Cápsulas,2,60,30,alta,texto,Tomar 2 cápsulas
VHMX02128,"Ergotioneína de CellX | Ergotioneína ErgoActive®, NAD, TUDCA, Quercetina, ALA, Cúrcuma y Bioperine® 60 Cápsulas",60 Cápsulas,Cápsulas,2,60,30,alta,texto,Tomar 2 cápsulas
VHMX02123,Probióticos y Magnesio Mood 500 mg de Bioflora | Bienestar digestivo y emocional | 35 cápsulas vegetales,35 Cápsulas,Cápsulas,1,35,35,alta,texto,Tomar 1 cápsula
VHMX02430,Aceite de orégano 88% Carvacrol de Beyond Vitamins  | 60 cápsulas,60 Cápsulas,Cápsulas,2,60,30,alta,texto,Tomar 2 cápsulas
VHMX02425,Aceite de orégano 88% Carvacrol de Beyond Vitamins  | 60 cápsulas,180 Cápsulas,Cápsulas,2,180,90,alta,texto,Tomar 2 cápsulas
VHMX02431,"Bo Collagen Creamer de Bo Foods, Sustituto de Crema a Base de Colágeno | Apoya la salud de piel y articulaciones  | 300 ",300 gr / Natural,Gramos,10,300,30,alta,imagen,"etiqueta (img_1): Tamaño de la porción: 10 g, Porciones por envase: 30. Contenido 300 g. Sugerencia adultos 10 g."
VHMX02432,"Bo Collagen Creamer de Bo Foods, Sustituto de Crema a Base de Colágeno | Apoya la salud de piel y articulaciones  | 300 ",300 gr / Vainilla,Gramos,10,300,30,alta,imagen,"etiqueta (img_1): Tamaño de la porción: 10 g, Porciones por envase: 30. Misma fórmula que VHMX02431, variante Vainilla."
VHMX02433,"Bo Collagen Creamer de Bo Foods, Sustituto de Crema a Base de Colágeno | Apoya la salud de piel y articulaciones  | 300 ",300 gr / Moka,Gramos,10,300,30,media,imagen,"Sin imagen propia revisada; misma fórmula Bo Collagen Creamer que VHMX02431/02432 (10 g/porción, 30 porciones, 300 g). Variante Moka."
VHMX02434,"Vitamina C, A y D3 + propóleo y miel | Eferve - C de Bo Foods | Duo de 15 tabletas",2 pack,Tabletas,1,15,15,alta,texto,Disolver 1 tableta
VHMX02429,"Maca negra, Fenogreco, Creatina, Arginina, Cúrcuma, Zinc y más | TES70 de Beyond Vitamins |60 y 180 cápsulas veganas",60 Cápsulas,Cápsulas,2,60,30,alta,texto,Consumir 2 cápsulas
VHMX02421,"Maca negra, Fenogreco, Creatina, Arginina, Cúrcuma, Zinc y más | TES70 de Beyond Vitamins |60 y 180 cápsulas veganas",180 Cápsulas,Cápsulas,2,180,90,alta,texto,Consumir 2 cápsulas
VHMX02428,"Proteasa, Lactasa, Lipasa, Bromelina, Papaína | Enzimas con probióticos y prebióticos de Beyond Vitamins  | 60 cápsulas ",60 Cápsulas,Cápsulas,1,60,60,alta,texto,Tomar 1 cápsula
VHMX02427,"Proteasa, Lactasa, Lipasa, Bromelina, Papaína | Enzimas con probióticos y prebióticos de Beyond Vitamins  | 60 cápsulas ",180 Cápsulas,Cápsulas,1,180,180,alta,texto,Tomar 1 cápsula
VHMX02426,"NAD+ | NR Nicotinamida Ribosa potenciado con Resveratrol, Quercetina, Betaina HCL y Semilla de Uva de Beyond Vitamins | ",30 Cápsulas,Cápsulas,1,30,30,alta,texto,Tomar 1 cápsula
VHMX02424,Probióticos Mujer 60 Billions con 12 cepas y prebióticos de Beyond Vitamins |60 cápsulas,60 Cápsulas,Cápsulas,1,60,60,alta,texto,Tomar 1 cápsula
VHMX02423,Maca Negra orgánica peruana de Beyond Vitamins | Memoria y Concentración | 60 cápsulas vegetales,60 Cápsulas,Cápsulas,2,60,30,alta,texto,Tomar 2 cápsulas
VHMX02422,Omega 3 Ultra-Puro Beyond Vitamins 360 mg EPA 240 mg DHA  |  60 cápsulas,60 Cápsulas,Softgels,1,60,60,alta,imagen,"etiqueta (img_1): Tamaño de la porción: 1 Cápsula (1300 mg), Porciones por envase: 60. Producto es softgel de aceite de pescado. Unidad corregida de Cápsulas a Softgels."
VHMX02418,"Glicinato, Gluconato y Óxido de Magnesio 710 mg Puro| Magnesio Complex Beyond |  60 y 180 cápsulas",60 Cápsulas,Cápsulas,1,60,60,alta,texto,Tomar 1 cápsula
VHMX02420,"Glicinato, Gluconato y Óxido de Magnesio 710 mg Puro| Magnesio Complex Beyond |  60 y 180 cápsulas",180 Cápsulas,Cápsulas,1,180,180,alta,texto,Tomar 1 cápsula
VHMX02419,Creatina Monohidratada de Beyond Vitamins | Alta Pureza | 450 g,450 gramos,Medidas,1,450,90,alta,imagen,"etiqueta (img_1): Tamaño de la porción: 1 scoop (5 g), Porciones por envase: 90. Contenido 450 g. Unidad corregida de Gramos a Medidas (scoop)."
VHMX02365,Vitamina D3 + K2 vegana de MaryRuth’s | Apoya la salud del sistema inmunológico | 30 ml,30 ml,Sprays,8,30,30,alta,imagen,"etiqueta (img_1): Serving Size 8 Sprays (1 mL), Servings Per Container 30. Contenido 30 ml."
VHMX02369,"Vitamina E líquida MaryRuth’s | Bienestar de piel, cabello y uñas  | Gotas 60 ml",60 ml,Gotas,30,60,60,alta,imagen,"etiqueta (img_1): Serving Size 30 Drops (1 mL), Servings Per Container 60. Contenido 60 ml."
VHMX02392,D3+B12 Organico de Mary Ruth´s | Estado de ánimo y Soporte celular | 60 Gomitas,60 Gomitas / Cereza,Gomitas,1,60,60,alta,texto,consumir 1 gomita
VHMX02359,Multivitaminico Organico Para Hombres de Mary Ruth´s | Soporte Cognitivo e Inmunológico | 60 Gomitas,60 Gomitas / Cereza y Frambuesa,Gomitas,2,60,30,alta,imagen,"etiqueta (img_1): Serving Size 2 Gummies, Servings Per Container 30. Contenido 60 gomitas totales. dosis=2 completado desde etiqueta."
VHMX02358,Multivitaminico Organico Para Mujeres de Mary Ruth´s | Bienestar Ocular y de la piel | 60 Gomitas,60 Gomitas / Cereza,Gomitas,2,60,30,alta,imagen,"etiqueta: Serving Size 2 Gummies, Servings Per Container 30"
VHMX02390,Vitamina C de Mary Ruth´s | Soporte inmune | 60 Gomitas,60 Gomitas / Limón,Gomitas,1,60,60,alta,texto,Tomar 1 gomita
VHMX02379,"Vitamina D3 en Gomitas, MaryRuth’s | Huesos y Dientes Fuertes | 60 Gomitas",60 Gomitas,Gomitas,1,60,60,alta,texto,consumir para niños y adultos Modo de uso Niños de 2-3 años: 1 gomita
VHMX02370,Vitamina B12 Metilcobalamina Spray Orgánico MaryRuth’s | Sistema nervioso | 30 ml,30 ml,Sprays,2,30,120,alta,imagen,"etiqueta: Serving Size 2 Sprays (0.25 mL), Servings Per Container 120"
VHMX02354,"Cardo Mariano Orgánico Líquido, MaryRuth’s,|  Apoyo hepático y antioxidante| 30 ml",30 ml,Gotas,30,30,30,alta,imagen,"etiqueta: Serving Size 30 Drops (1 mL), Servings Per Container 30"
VHMX02407,Astrágalo Orgánico en Gotas de MaryRuth’s | Sistema inmune y energía | 30 ml,30 ml,Gotas,30,30,30,alta,imagen,"etiqueta: Serving Size 30 Drops (1 mL), Servings Per Container 30"
VHMX02356,"Hierro Orgánico Líquido para Niños, MaryRuth’s | Energía y Vitalidad Infantil | 60 ml",60 ml,Gotas,1,60,60,alta,imagen,"etiqueta: Serving Size 1 mL (30 drops), Servings Per Container 60. Dosis en mL (1), unidad Gotas corregida desde ml del batch"
VHMX02404,"Multivitamínico Orgánico Infantil, MaryRuth’s| Apoya el crecimiento y fortalecimiento óseo | 60 ml",60 ml,Gotas,60,60,30,alta,imagen,"etiqueta: Serving Size 60 Drops (2 mL), Servings Per Container 30. Unidad Gotas corregida desde ml del batch"
VHMX02372,Gomitas para Dormir con L-Teanina y Flor de Manzanilla | Sueño y Descanso |  60 gomitas,60 gomitas,Gomitas,2,60,30,alta,texto,Consumir 2 gomitas
VHMX02381,Gomitas de Omega-3 Vegano de MaryRuth’s | Bienestar Cardiovascular | 60 gomitas,60 gomitas,Gomitas,1,60,60,alta,texto,Consumir 1 gomita
VHMX02403,Musgo marino de MaryRuth’s | Favorece la salud digestiva | 60 gomitas,60 gomitas,Gomitas,2,60,30,alta,texto,Consumir 2 gomitas
VHMX02382,Sea Moss Extracto de Algas líquido MaryRuth’s | Apoya la energía y el bienestar celular | 30 ml,30 ml,Gotas,30,30,30,alta,imagen,"etiqueta: Serving Size 30 Drops (1 mL), Servings Per Container 30"
VHMX02360,Multivitamínico para niños pequeños de MaryRuth’s | Refuerza el sistema inmune | 60 gomitas,60 gomitas,Gomitas,1,60,60,alta,texto,tomar 1 gomita
VHMX02349,Multivitamínico con Postbióticos de MaryRuth’s | Desarrollo Infantil | 60 Gomitas,60 gomitas / Frutos Rojos,Gomitas,1,60,60,alta,texto,Tomar 1 gomita
VHMX02375,Vitamina C para niños de MaryRuth’s| Función Inmunológica | 30 ml,30 ml,Gotas,30,30,30,alta,imagen,"etiqueta: Serving Size 30 Drops (1 mL), Servings Per Container 30. Unidad Gotas corregida desde ml del batch"
VHMX02386,"Vitamina C Líquida Orgánica para Bebés, MaryRuth’s | Apoyo inmune |60 ml",60 ml,Gotas,60,60,30,alta,imagen,"etiqueta: Serving Size 60 Drops (2 mL), Servings Per Container 30. Unidad Gotas corregida desde ml del batch"
VHMX02399,Carbón Activado en Cápsulas de MaryRuth’s | Detox Natural | 40 cápsulas,40 Cápsulas,Cápsulas,2,40,20,alta,texto,Tomar 2 cápsulas
VHMX02342,Omega-3 para Niños de MaryRuths | Bienestar y Desarrollo Infantil | 60 Gomitas,60 gomitas,Gomitas,1,60,60,alta,texto,tomar 1 gomita
VHMX02384,Vitamina D3 Líquida Orgánica para Niños de MaryRuth’s | Apoyo huesos e inmunidad | 15 ml,15 ml,Gotas,15,15,30,alta,imagen,"etiqueta: Serving Size 15 Drops (0.5 mL), Servings Per Container 30"
VHMX02395,"Vitamina C Líquida Orgánica para Niños, MaryRuth’s | Apoyo inmune y antioxidante |  60 ml",60 ml,Gotas,60,60,30,alta,imagen,"etiqueta: Serving Size 60 Drops (2 mL), Servings Per Container 30"
VHMX02402,Zinc Iónico Orgánico Líquido para Infantes| Apoyo Inmune | 60 ml,60 ml,Sprays,3,60,30,alta,imagen,"etiqueta: Serving Size 3 Pumps (2 mL), Servings Per Container 30. Unidad Sprays corregida desde ml del batch"
VHMX02385,"Extracto Líquido Kava Orgánico, Calming de MaryRuth’s | Relajación y descanso | 30 ml",30 ml,Gotas,30,30,30,alta,imagen,"etiqueta: Serving Size 30 Drops (1 mL), Servings Per Container 30. Dosis corregida de 1 (ml) a 30 (gotas); unidad Gotas corregida desde ml del batch"
VHMX02377,Extracto Líquido Orgánico de Melena de Leon de MaryRuth’s | Apoya el equilibrio y bienestar del sistema nervioso | 30 ml,30 ml,Gotas,15,30,60,alta,imagen,"etiqueta: Serving Size 15 Drops (0.5 mL), Servings Per Container 60. Unidad Gotas corregida desde ml del batch"
VHMX02376,Extracto Líquido Orgánico de hongos de MaryRuth’s | Equilibrio y bienestar general | 30 ml,30 ml,Gotas,30,30,30,alta,imagen,"etiqueta: Serving Size 30 Drops (1 mL), Servings Per Container 30"
VHMX02371,"Extracto de gordolobo, raíz de malvavisco, baya de saúco europeo, cáscara de naranja y flor de caléndula de MaryRuth’s |",30 ml,Gotas,1,30,30,alta,imagen,"etiqueta: Serving Size 1 mL, Servings Per Container About 30. Dosis en mL; unidad Gotas corregida desde ml del batch (producto de gotero)"
VHMX02405,Extracto Líquido Orgánico Ortiga de MaryRuth’s | Fitonutrientes y antioxidantes | 30 ml,30 ml,Gotas,15,30,60,alta,imagen,"etiqueta: Serving Size 15 Drops (0.5 mL), Servings Per Container 60"
VHMX02380,Extracto Líquido Orgánico Cúrcuma de MaryRuth’s | Favorece el equilibrio y bienestar general | 30 ml,30 ml,Gotas,30,30,30,alta,imagen,"etiqueta: Serving Size 30 Drops (1 mL), Servings Per Container 30. Dosis corregida de 1 (ml) a 30 (gotas); unidad Gotas corregida desde ml del batch"
VHMX02374,Extracto Líquido Raíz de Valeriana Orgánica de MaryRuth’s | Relajación Natural | 30 ml,30 ml,Gotas,15,30,60,alta,imagen,"etiqueta img_2: Serving Size 15 Drops (0.5 mL), Servings Per Container 60. Unidad Gotas corregida desde ml del batch"
VHMX02397,"Gomitas Orgánicas Vitamina C de MaryRuth’s | Favorece la producción de colágeno para piel y tejidos| 60 gummies,",60 gomitas,Gomitas,3,60,20,alta,texto,Tomar 3 gomitas
VHMX02351,"Zinc Iónico Orgánico Líquido, MaryRuth’s| Energía celular y regeneración | 120 ml",120 ml,Gotas,24,120,150,media,imagen,"etiqueta: múltiples serving sizes por edad — 6-12m y 1-3 años: 24 Drops (0.8 mL) ~150 servings; 4+ años: 3.5 mL ~40 servings. Se toma la porción más frecuente (6-12m/1-3 años): dosis=24 gotas, dosis_totales=150"
VHMX02378,Enzimas digestivas de MaryRuth’s| Apoyo a la Digestión| 60 cápsulas,60 Cápsulas,Cápsulas,1,60,60,alta,texto,Tomar 1 cápsula
VHMX02388,Vitamina D3 Vegana Spray Líquido de MaryRuth’s | Apoya el sistema inmune| 30 ml,30 ml,Sprays,8,30,30,alta,imagen,"etiqueta: Serving Size 8 Sprays (1 mL), Servings Per Container 30"
VHMX02413,"Jengibre, hinojo, toronjil y manzanilla de MaryRuth’s| Relajación nocturna | 120 ml",120 ml,ml,4,120,30,alta,imagen,"etiqueta: Serving Size varía por edad (2mL / 4mL / 4mL), máximo 4 mL; Servings Per Container About 60/30/30 — para dosis máxima (4mL) = 30 porciones"
VHMX02345,Probiótico Líquido Orgánico de MaryRuth’s | Bienestar digestivo | 60 y 120 ml,120 ml,ml,3,120,40,alta,imagen,"etiqueta: Serving Size varía por edad (0.75mL / 1.5mL / 3mL), máximo 3 mL; contenido 120 ml → 120÷3=40 porciones"
VHMX02348,Probiótico Líquido Orgánico de MaryRuth’s | Bienestar digestivo | 60 y 120 ml,60 ml,ml,3,60,20,alta,imagen,"etiqueta: misma fórmula que VHMX02345, Serving Size máximo 3 mL; contenido 60 ml → 60÷3=20 porciones"
VHMX02357,Gomitas para Relajación Nocturna de MaryRuth’s | Bienestar Infantil | 60 gomitas,60 gomitas,Gomitas,1,60,60,alta,texto,tomar 1 gomita
VHMX02411,"Extracto Líquido Orgánico Uña del diablo, uña de gato, jengibre y regaliz | Articulaciones y movilidad | 30 ml",30 ml,ml,1,30,30,alta,imagen,"etiqueta: Serving Size 1 mL, Servings Per Container About 30"
VHMX02346,"Multivitaminico para Mujer + Lustriva Crecimiento del Cabello, Liposomal  de MaryRuth’s | Aporta antioxidantes esenciale",450 ml,Cucharadas,1,450,30,alta,imagen,"etiqueta: Serving Size 1 tablespoon (15 mL), Servings Per Container About 30"
VHMX02394,"Gray Guard Liposomal, MaryRuth’s| Apoya la pigmentación natural del cabello | 450 ml",450 ml,Cucharadas,1,450,30,alta,imagen,"etiqueta: Serving Size 1 tablespoon (15 mL), Servings Per Container About 30"
VHMX02366,Multivitamínico Mujer de MaryRuth’s | Refuerza el sistema inmunológico | 60 Cápsulas,60 gomitas,Gomitas,2,60,30,alta,texto,Tomar 2 gummies
VHMX02362,Combinado para el crecimiento del cabello de MaryRuth’s| Crecimiento capilar y cuidado de piel | 450 ml,450 ml,Cucharadas,1,450,30,alta,imagen,"etiqueta: Serving Size 1 Tablespoon (15 mL), Servings Per Container About 30"
VHMX02353,Gomitas con Melatonina y L-Teanina de MaryRuth’s | Contribuye al equilibrio del ritmo circadiano | 60 gomitas,60 gomitas,Gomitas,2,60,30,alta,texto,Tomar 2 gomitas
VHMX02363,Multivitamínico Liposomal Mujer 40+ de MaryRuth’s| Refuerza defensas e inmunidad | 450 ml,450 ml,Cucharadas,1,450,30,alta,imagen,"etiqueta: Serving Size 1 Tablespoon (15 mL), Servings Per Container 30"
VHMX02398,Multivitamínico  Liposomal para Hombre 40+ de MaryRuth’s | Promueve bienestar antioxidante y celular |450 ml,450 ml,Cucharadas,1,450,30,alta,imagen,"etiqueta: Serving Size 1 Tablespoon (15 mL), Servings Per Container 30"
VHMX02355,Vitamina C Liposomal Megadosis de MaryRuth’s | Promueve energía y vitalidad diaria | 225 ml,250 ml,Cucharadas,0.5,250,30,alta,imagen,"etiqueta: Serving Size 1/2 Tablespoon (7.5 mL), Servings Per Container About 30 — dosis corregida de 2 a 0.5 (batch tenía error)"
VHMX02412,"Fenogreco Orgánico, MaryRuth’s | Apoyo digestivo y hormonal |30 ml",30 ml,ml,1,30,30,alta,imagen,"etiqueta: Serving Size 1 mL, Servings Per Container About 30 — unidad corregida a ml (no Gotas), dosis corregida a 1"
VHMX02393,Multivitamínico líquido Essentials+ MaryRuth’s | Favorece el metabolismo energético diario| 887 ml,887 ml,Cucharadas,2,887,32,alta,imagen,"etiqueta: Serving Size varía por edad (1/2 tbsp / 1 tbsp / 2 tbsp), máximo 2 tbsp (30 mL); Servings Per Container About 32 para 14+ años"
VHMX02409,Multimineral nocturno niños de MaryRuth’s | Sueño y Descanso | 450 ml,450 ml,Cucharadas,1,450,30,alta,imagen,"etiqueta: Serving Size varía (1/2 tsp para 1-3yr / 1 tbsp para 4-13yr), máximo 1 tbsp (15 mL); Servings Per Container About 30 para 4-13yr"
VHMX02406,Gomitas para menopausia de MaryRuth’s| Contribuye al equilibrio del estado de ánimo | 60 Gomitas,60 gomitas,Gomitas,2,60,30,alta,texto,Tomar 2 gomitas
VHMX02344,"Multivitamínico + Hair Growth, MaryRuth’s | Crecimiento del Cabello | 60 gomitas",60 gomitas,Gomitas,2,60,30,alta,texto,Consumir 2 gomitas
VHMX02391,"Calcio K2 + D3, MaryRuth’s | Apoya la función celular y metabólica | 60 gomitas",60 gomitas,Gomitas,1,60,60,alta,texto,Tomar 1 gomita
VHMX02350,Gomitas para Inmunidad de Mary Ruth´s | 90 gomitas,90 gomitas,Gomitas,1,90,90,alta,imagen,"etiqueta: Serving Size 1 Gummy, Servings Per Container 90"
VHMX02400,Elderberry Organico de Mary Ruth´s | Soporte Inmunológico | 30 ml,30 ml,Gotas,30,30,30,alta,imagen,"etiqueta: producto 1 fl oz (~30ml) — Original Formula, Serving Size 14+ Years: 30 drops (1 mL), Servings Per Container 30"
VHMX02343,Hierro Liquido de Mary Ruth´s | Metabolismo Energético | 450 ml,450 ml,Cucharadas,1,450,32,alta,imagen,"etiqueta: Serving Size varía por edad (5mL / 10mL / 15mL / 5mL), máximo 1 tbsp (15 mL, 19-50yr); Servings Per Container About 32"
VHMX02352,Adaptógenos y Extractos Herbales MaryRuth’s | Energía mental y Concentración |30 ml,30 ml,Gotas,30,30,30,alta,imagen,"etiqueta: Serving Size 30 Drops (1 mL), Servings Per Container 30"
VHMX02364,"Mezcla de Ginseng asiático, Ginseng americano, Ashwagandha, Eleuthero, Maca, Vitality de MaryRuth’s | Suplemento Adaptóg",30 ml,Gotas,30,30,30,alta,imagen,"etiqueta: Serving Size 30 Drops (1 mL), Servings Per Container 30"
VHMX02408,Extracto líquido de Albahaca Sagrada  | Apoya la claridad mental y concentración | 30 ml,30 ml,ml,0.5,30,60,alta,imagen,"etiqueta: Serving Size 0.5 mL, Servings Per Container About 60"
VHMX02414,Immunity Gummies sin azúcar de MaryRuth’s | Favorecen la producción natural de defensas | 90 gomitas,90 gomitas,Gomitas,1,90,90,alta,imagen,"etiqueta: Serving Size 1 Gummy, Servings Per Container 90"
VHMX02361,Probióticos líquidos para niños de MaryRuth’s | Digestion y Equilibrio Intestinal |30 ml,30 ml,ml,,30,,baja,imagen,"ambas imágenes corresponden a otro producto (Immunity Gummies MaryRuth's), no hay etiqueta del probiótico líquido"
VHMX02340,Amino Complete de Now | Contribuye a mantener la masa muscular | 120 cápsulas,120 Cápsulas,Cápsulas vegetales,4,120,30,alta,texto,Tomar 4 cápsulas vegetales
VHMX02217,Arginina y Citrulina de NOW Sports | Favorece la circulación sanguínea | 120 cápsulas,120 Cápsulas,Cápsulas,1,120,120,alta,texto,Tomar 1 cápsula
VHMX02262,Aminoácidos BCAA 2600 mg de Now Sports | Favorece la recuperación muscular tras el ejercicio | 120 cápsulas,120 Cápsulas,Cápsulas vegetales,4,120,30,alta,texto,Tomar 4 cápsulas vegetales
VHMX02160,"5-HTP 50 mg, NOW Foods |Ayuda en el manejo del estrés cotidiano|  90 cápsulas",90 Cápsulas,Cápsulas,1,90,90,alta,texto,Consumir 1 cápsula vegetal
VHMX02162,Glicina 1000 mg de Now Foods 1000 mg | Contribuye a la salud del sistema nervioso | 100 Cápsulas vegetales,120 Cápsulas,Cápsulas,3,120,40,alta,texto,Tomar de 1 a 3 cápsulas
VHMX02195,"L-Lysine 1000 mg, NOW Foods | Refuerza la función inmunológica, piel, huesos y articulaciones | 100 tabletas",100 tabletas,Tabletas,1,100,100,alta,texto,Consumir 1 tableta
VHMX02307,L-Prolina 500 mg de Now Foods | Contribuye a la firmeza y elasticidad de la piel | 120 Cápsulas,100 Cápsulas,Cápsulas,2,100,50,alta,texto,Tomar 2 cápsulas
VHMX02156,Taurina de NOW Foods 500 mg | Apoya la función cardiovascular y muscular | 100 cápsulas vegetales,100 cápsulas vegetales,Cápsulas vegetales,1,100,100,alta,texto,Tomar 1 cápsula
VHMX02327,L-Theanine 100 mg  | 90 Tabletas masticables,90 tabletas,Tabletas masticables,1,90,90,alta,texto,Tomar 1 tableta masticable
VHMX02245,True Calm de NOW | Complejo aminoácidos y valeriana | 90 cápsulas,90 capsulas,Cápsulas,1,90,90,alta,texto,Tomar 1 cápsula
VHMX02152,L-Triptófano 500 mg Now | Promueve la relajación natural | 60 Cápsulas,60 capsulas,Cápsulas,2,60,30,alta,texto,Tomar 2 cápsulas
VHMX02311,BCAA en Polvo de Now| Recuperación Múscular | 340 g,340 gr,Cucharaditas,1.5,340,65,alta,imagen,"etiqueta: Serving Size 1½ Level Teaspoons (approx. 5.2g), Servings Per Container about 65"
VHMX02341,BCAA Blast Tropical Punch Now Sports | Resistencia y recuperación | 340 g,340 gr,Medidas,1,340,34,alta,imagen,"etiqueta: Serving Size 1 Level Scoop (approx. 17.5g), Servings Per Container about 34"
VHMX02326,"L-Serina 500 mg, Now| Favorece la función cerebral y la memoria|  120 Cápsulas",120 cápsulas,Cápsulas,1,120,120,alta,texto,Tomar 1 cápsula
VHMX02254,Taurina en Polvo Puro de Now Foods | Contribuye al equilibrio de electrolitos en el cuerpo | 227 g,227 gr,Cucharaditas,0.25,227,227,alta,imagen,"etiqueta: Serving Size 1/4 Level Teaspoon (approx. 1g), Servings Per Container about 227 — batch tenía dosis=4 incorrecto"
VHMX02283,Vitamina D3 1000 IU de Now | Apoya del sistema inmune| 180 Cápsulas Masticables,180 Cápsulas,Tabletas masticables,1,180,180,alta,imagen,"etiqueta: Serving Size 1 Chewable Tablet; frasco: 180 Chewables — batch decía Tabletas, corregido a Tabletas masticables"
VHMX02218,Vitamina D2 1000 IU de Now | Apoyo huesos e inmunidad | 120 cápsulas,120 cápsulas,Cápsulas,1,120,120,alta,texto,Consumir 1 cápsula vegetal
VHMX02200,Complejo B-100 de Now Foods | Apoya la función cognitiva y concentración | 100 Cápsulas,100 cápsulas,Cápsulas,1,100,100,alta,texto,Tomar 1 cápsula vegetal
VHMX02273,Vitamina B6 100 mg de Now | Equilibrio Energético Diario | 250 cápsulas,250 Cápsulas,Cápsulas,1,250,250,alta,texto,Tomar 1 cápsula vegetal
VHMX02207,Vitamina B12 Methyl B-12 NOW 5000 mcg | Función cognitiva y memoria | 120 pastillas,120 Pastillas,Tabletas masticables,1,120,120,alta,imagen,"etiqueta: Serving Size 1 Lozenge (lozenge = pastilla masticable/disoluble), 120 unidades"
VHMX02205,Betaína TMG de NOW | Metabolismo de la Homocisteína | 100 Tabletas,100 tabletas,Tabletas,3,100,33.3,alta,texto,Tomar 3 tabletas
VHMX02168,"Methyl B-12, Vitamina B12 de NOW Foods 1000 mcg | Apoya el funcionamiento del sistema nervioso | 100 tabletas",100 pastillas,Tabletas,1,100,100,alta,texto,Disolver 1 tableta
VHMX02317,Colina 300 mg de Now | Sistema de Nervioso | 100 Cápsulas,100 Cápsulas,Cápsulas,1,100,100,alta,texto,Tomar 1 cápsula vegetal
VHMX02164,"Vitamina C 1000 mg con Rosa Mosqueta de Now Foods | Refuerza el sistema inmunológico, contribuye a la formación de colág",100 Tabletas,Tabletas,1,100,100,alta,texto,Tomar 1 tableta
VHMX02224,"Vitamina C-1000 NOW | Beneficia piel, huesos y articulaciones | 250 tabletas",250 tabletas,Tabletas,1,250,250,alta,texto,Tomar 1 tableta
VHMX02158,"Vitamina C 1000 mg de NOW Foods | Funcionamiento inmunitario, antioxidante  | 250 Tabletas",250 tabletas,Tabletas,1,250,250,alta,texto,Tomar 1 tableta
VHMX02235,Complejo de Vitamina C-1000 mg de NOW Food | Inmunidad y Colágeno | 180 Tabletas,180 tabletas,Tabletas,1,180,180,alta,texto,Tomar 1 tableta
VHMX02260,Vitamina C Ascorbato de Sodio de Now Foods |  Forma de vitamina C suave para el estómago| 227 g,227 gr,Cucharaditas,0.5,227,119,alta,imagen,"etiqueta: Serving Size 1/2 Level Teaspoon (1.9g), Servings Per Container about 119 — batch tenía dosis=2 incorrecto"
VHMX02292,"Vitamina E-200 de Now Foods | Protección de la piel, sistema inmune | 100 Cápsulas blandas",100 Cápsulas,Softgels,1,100,100,alta,texto,Tomar 1 cápsula blanda
VHMX02271,Vitamina E 1000 IU de Now | Antioxidante natural |50 Cápsulas,50 Cápsulas,Softgels,1,50,50,alta,texto,Tomar 1 cápsula blanda
VHMX02330,"Calcio, Magnesio y Polvo de Hueso, Bone Meal Powder + Cal-Mag DK, NOW | Función Muscular | 450 gr",454 gramos,Cucharaditas,1,454,162,alta,imagen,"etiqueta: Serving Size 1 Level Teaspoon (approx. 2.8g), Servings Per Container about 162 — batch decía Medidas, corregido a Cucharaditas"
VHMX02297,"Calcio y Magnesio de Now con Vitamina D3 y Zinc | Complementa dietas bajas en calcio, función muscular | 240 Cápsulas",240 Cápsulas,Softgels,2,240,120,alta,texto,Tomar 2 cápsulas blandas
VHMX02287,Calcio Magnesio DK de Now |Refuerza la utilización del calcio con vitamina K2 |180  Capsulas,180 Cápsulas,Cápsulas,2,180,90,alta,texto,Tomar 2 cápsulas
VHMX02176,Magnesio 400 mg de NOW Flow | Apoya la salud del sistema nervioso | 180 cápsulas,180 Cápsulas,Cápsulas,1,180,180,alta,texto,Tomar 1 cápsula
VHMX02255,Glicinato de Magnesio con BioPerine® de Now Foods | Favorece la función muscular y la relajación | 180 Cápsulas,180 Cápsulas,Cápsulas vegetales,2,180,90,alta,texto,Tomar 2 cápsulas vegetales
VHMX02286,Magnesio Citrato NOW | Suplemento con Magnesio de Alta Biodisponibilidad | 60 y 100 Tabletas,60 Tabletas,Tabletas,2,60,30,alta,texto,Consumir 2 tabletas
VHMX02251,Magnesio Citrato NOW | Suplemento con Magnesio de Alta Biodisponibilidad | 60 y 100 Tabletas,100 Tabletas,Tabletas,2,100,50,alta,texto,Consumir 2 tabletas
VHMX02328,"Comprimidos de Citrato de Magnesio de 200 mg | Apoya el sistema nervioso, función muscular  | 250 Comprimidos",250 comprimidos,Tabletas,2,250,125,alta,texto,Tomar 2 tabletas
VHMX02337,Magnesio e Inositol Relax NOW | Apoya la función y energía celular diaria | 454 g,454 gramos,Cucharaditas,2,454,76,alta,imagen,"etiqueta: Serving Size 2 Level Teaspoons (approx. 6g), Servings Per Container about 76"
VHMX02336,Citrato de Magnesio 400mg | Función Muscular y Sistema Nervioso| 240 Cápsulas,240 Cápsulas,Cápsulas,3,240,80,alta,texto,Tomar 3 cápsulas
VHMX02248,Minerales coloidales de Now | Función Metabólica | 946 ml,946 ml,ml,30,946,32,alta,imagen,"etiqueta: Serving Size 1 fl oz (2 TBSP / 30 mL), Servings Per Container about 32"
VHMX02196,Cromo GTF 200 mcg de NOW Foods | Ayuda a mantener niveles normales de azúcar | 100 tabletas,100 Tabletas,Tabletas,1,100,100,alta,texto,Tomar 1 tableta
VHMX02227,Cloruro de Potasio en Polvo Now Foods | Apoyo a la función Muscular| 227 g,227 gr,Cucharaditas,0.125,227,324,alta,imagen,"etiqueta: Serving Size 1/8 Teaspoon (approx. 0.7g), Servings Per Container about 324 — batch tenía unidad=Gramos y dosis=0.7 (eran gramos del serving, no la dosis en cucharaditas)"
VHMX02261,"Potasio Gluconato de Now Foods | Función Muscular, ayuda en la recuperación tras ejercicio |  100 tabletas",100 Tabletas,Tabletas,1,100,100,alta,texto,Tomar 1 tableta
VHMX02204,L-OptiZinc 30 mg con Cobre de NOW Foods | Favorece el equilibrio mineral en el organismo |100 cápsulas,100 Cápsulas,Cápsulas,1,100,100,alta,texto,Tomar 1 cápsula
VHMX02188,"DHA Kids de Now | Sistema nervioso, función cognitiva y crecimiento | 60 Cápsulas",60 Cápsulas,Cápsulas,2,60,30,alta,texto,masticar 2 cápsulas
VHMX02231,"Aceite de Onagra 500 mg, Now| Contribuye al equilibrio hormonal femenino | 100 Cápsulas",100 Cápsulas,Softgels,3,100,33.3,alta,texto,Tomar 3 softgels
VHMX02192,Aceite de Ajo 1500 mg de Now | Contribuye al fortalecimiento del sistema inmune | 250 Cápsulas,250 Cápsulas,Softgels,3,250,83.3,alta,texto,Tomar 3 softgels
VHMX02213,Omega 3-6-9 1000 mg de Now | Contribuye a la elasticidad y firmeza de la piel | 100 y 250 Cápsulas,250 Cápsulas,Softgels,2,250,125,alta,texto,Tomar 2 softgels
VHMX02314,Omega 3-6-9 1000 mg de Now | Contribuye a la elasticidad y firmeza de la piel | 100 y 250 Cápsulas,100 Capsulas,Softgels,2,100,50,alta,texto,Tomar 2 softgels
VHMX02223,Super Omega 3-6-9 NOW 1200 mg | Apoyo Cardiovascular |  90 cápsulas blandas,90 Cápsulas,Softgels,2,90,45,alta,texto,Tomar 2 cápsulas blandas
VHMX02299,Proteína de caldo de hueso de res de Now |  Bienestar óseo y articular  | 544 g,544 Gramos,Medidas,1,544,18,alta,imagen,"etiqueta: Serving size 1 level scoop (30g), About 18 servings per container"
VHMX02293,Energía Sostenida de Now | Rendimiento Físico | 90 cápsulas vegetales,90 Cápsulas,Cápsulas vegetales,2,90,45,alta,texto,Tomar 2 cápsulas vegetales
VHMX02304,Beta Alanina de Now Foods 750 mg | Rendimiento y Recuperación | 120 cápsulas vegetales,120 Cápsulas,Cápsulas vegetales,3,120,40,alta,texto,Tomar 3 cápsulas vegetales
VHMX02238,Creatina Monohidratada de now 750 mg  |  Mejora la fuerza y potencia muscular  | 120 Cápsulas,120 Cápsulas,Cápsulas vegetales,6,120,20,alta,texto,Tomar 6 cápsulas vegetales
VHMX02323,Proteína vegetal orgánica de Now |  454g,454 gramos / Sin sabor,Medidas,1,454,14,alta,imagen,"etiqueta: Serving size 1 level scoop (32g), About 14 servings per container"
VHMX02324,Proteína vegetal orgánica de Now |  454g,454 gramos / Vainilla,Medidas,1,454,14,alta,imagen,"etiqueta: Serving size 1 level scoop (32g), About 14 servings per container (misma fórmula que 02323, variante Vainilla)"
VHMX02325,Proteína vegetal orgánica de Now |  454g,454 gramos / Chocolate,Medidas,1,454,14,alta,imagen,"etiqueta: Serving size 1 level scoop (32g), About 14 servings per container (misma fórmula que 02323, variante Chocolate)"
VHMX02300,Crema rejuvenecedora MSM Healthy Skin de NOW | 237 ml,237 ml,N/A,,,,na,imagen,"crema tópica MSM Healthy Skin Liposome Lotion — producto de uso externo, no tiene porción/serving"
VHMX02284,MSM 1500 mg de Now |  Producción de colágeno y queratina | 200 tabletas,200 Tabletas,Tabletas,2,200,100,alta,texto,Tomar 2 tabletas
VHMX02203,TestoJack 100 NOW Foods | Energía y vitalidad masculina |60 cápsulas,60 tabletas,Cápsulas vegetales,2,60,30,alta,imagen,"etiqueta: 60 Veg Capsules, Suggested Use: Take 2 capsules daily, Serving Size 2 — batch decía Cápsulas, corregido a Cápsulas vegetales"
VHMX02321,Proteína de Suero con BCAA y GLutamina de Now | Desarrollo Muscular | 907 gr,907 gramos / Vainilla,Medidas,1,907,21,alta,imagen,"etiqueta: Serving size 1 level scoop (43g), About 21 servings per container (variante Vainilla)"
VHMX02322,Proteína de Suero con BCAA y GLutamina de Now | Desarrollo Muscular | 907 gr,907 gramos / Chocolate,Medidas,1,907,21,alta,imagen,"etiqueta: Serving size 1 level scoop (43g), About 21 servings per container (variante Chocolate)"
VHMX02338,Levadura de Cerveza NOW Foods 650 mg | Apoyo Metabólico | 200 Tabletas,200 tabletas,Tabletas,3,200,66.7,alta,texto,Tomar 3 tabletas
VHMX02288,Copos de Levadura de Now| Alternativa saludable para sazonar alimentos |284 g,284 gr,Cucharadas,2,284,52,alta,imagen,"etiqueta: Serving size 2 level tbsp (9g), About 52 servings per container"
VHMX02208,Kidney Cleanse de Now | Bienestar renal y detoxificación | 90 cápsulas,90 capsulas,Cápsulas vegetales,2,90,45,alta,texto,Tomar 2 cápsulas vegetales
VHMX02167,Chlorella de Now Foods | Favorece procesos naturales de desintoxicación | 120 Tabletas,120 tabletas,Tabletas,3,120,40,alta,texto,Consumir 3 tabletas
VHMX02178,"Spirulina orgánica de Now Foods | Fuente de antioxidantes y clorofila, sistema inmune | 100 Tabletas",100 tabletas,Tabletas,6,100,16.7,alta,texto,Tomar 6 tabletas
VHMX02302,Carbón activado de Now | Detox Natural | 200 Cápsulas,200 Cápsulas,Cápsulas,2,200,100,alta,texto,Tomar 2 cápsulas
VHMX02257,OralBiotic de Now Foods  | Apoya la microbiota bucal y de vías respiratorias | 60 probióticos orales,60 pastillas,Tabletas,2,60,30,alta,texto,Disolver en la boca 1 a 2 pastillas
VHMX02172,"BerryDophilus™ Probiótico | Favorece la salud digestiva infantil, sistema inmune | 60 cápsulas masticables",60 cápsulas,Tabletas masticables,1,60,60,alta,imagen,"etiqueta: Serving Size 1 Chewable Tablet; contenido 60 caps del batch, dosis_totales calculado 60"
VHMX02290,"BerryDophilus Kids, Now | Probióticos Infantiles, fortalece el sistema inmune | 120 Tabletas masticables",120 masticables,Tabletas masticables,1,120,120,alta,texto,tomar 1 tableta masticable
VHMX02318,"Serrapeptasa 60,000 U de Now| Complemento enzimático para bienestar general | 60 cápsulas",60 cápsulas,Cápsulas,1,60,60,alta,texto,Tomar 1 cápsula
VHMX02166,Cordyceps NOW Foods 750 mg | Apoya la función vascular y circulación saludable | 90 cápsulas,90 capsulas,Cápsulas vegetales,2,90,45,alta,texto,Tomar 2 cápsulas vegetales
VHMX02177,Aloe Vera Gels NOW Foods  | Contribuye a procesos naturales de regeneración | 100 Cápsulas,100 Cápsulas,Softgels,2,100,50,alta,texto,Tomar 2 softgels
VHMX02154,DIM 200 de NOW Foods | Apoya el equilibrio hormonal en hombres y mujeres | 90 cápsulas,90 Cápsulas,Cápsulas,1,90,90,alta,texto,Tomar 1 cápsula
VHMX02222,Immune Renew de Now | Refuerzo Inmune Natural  | 90 Cápsulas,90 Cápsulas,Cápsulas,1,90,90,alta,texto,Tomar 1 cápsula
VHMX02242,Indole-3-Carbinol I3C de Now| Equilibrio Metabólico | 60 Cápsulas,60 Cápsulas,Cápsulas,1,60,60,alta,texto,Tomar 1 cápsula vegetal
VHMX02174,Quercetina con Bromelina de Now Foods | Aporta antioxidantes naturales para las células | 120 Cápsulas,120 Cápsulas,Cápsulas vegetales,2,120,60,alta,texto,Tomar 2 cápsulas vegetales
VHMX02181,Quercetina 500 mg | Contribuye al equilibrio del sistema inmune | 100 Cápsulas,100 Cápsulas,Cápsulas vegetales,2,100,50,alta,texto,Tomar 2 cápsulas vegetales
VHMX02335,"Beta-Sitosterol, Esteroles Vegetales de Now | Función cardiovascular | 90 Cápsulas",90 Cápsulas,Softgels,2,90,45,alta,texto,Tomar 2 softgels
VHMX02186,Colágeno Hidrolizado Peptídico de Now Foods | Contribuye a la elasticidad y firmeza de la piel | Polvos 227 gr,8 0z/227 gr,Cucharadas,2,227,21,alta,imagen,"etiqueta: Serving Size 2 Level Tablespoons (11g), Servings Per Container about 21"
VHMX02169,NADH 10 mg con D-Ribosa de Now | Favorece la producción natural de energía celular | 60 Cápsula,60 Capsulas,Cápsulas,1,60,60,alta,texto,Tomar 1 cápsula vegetal
VHMX02339,Cúrcuma y Bromelina de Now| Movilidad articular | 90 Cápsulas,90 Capsulas,Cápsulas vegetales,2,90,45,alta,texto,Tomar 2 cápsulas vegetales
VHMX02249,UC-II Colágeno Tipo II NOW Foods | Soporte Articular | 60 cápsulas,60 capsulas,Cápsulas,1,60,60,alta,texto,Tomar 1 cápsula
VHMX02198,"Ubiquinol CoQH-CF NOW Foods 50 mg | Apoyo Cardiovascular, vitalidad y rendimiento físico | 60 Cápsulas",60 Cápsulas,Softgels,1,60,60,alta,texto,Tomar 1 softgel
VHMX02306,Ácido hialurónico con MSM de Now | Hidratación y Firmeza de la Piel | 120 cápsulas,120 capsulas,Cápsulas,2,120,60,alta,texto,Tomar 2 cápsulas
VHMX02230,PQQ Energy NOW Foods | Apoya la memoria y concentración | 30 cápsulas,30 capsulas,Cápsulas,1,30,30,alta,texto,Tomar 1 cápsula vegetal
VHMX02193,CoQ10 100 mg de NOW Foods | Favorece la producción de energía celular | 150 cápsulas blandas,150 Cápsulas,Softgels,1,150,150,alta,texto,Tomar 1 cápsula blanda
VHMX02252,Calostro bovino 500 mg de Now Foods | Sistema Inmunitario y Función Intestinal | 120 Cápsulas,120 capsulas,Cápsulas,1,120,120,alta,texto,Tomar 1 cápsula
VHMX02239,Calostro de Now Foods 500 mg | Refuerzo de la respuesta Inmunológica | 90 cápsulas,90 Cápsulas,Cápsulas,1,90,90,alta,texto,Tomar 1 cápsula vegetal
VHMX02274,Extracto de semilla de uva NOW | Protección Celular | 200 cápsulas,200 capsulas,Cápsulas,1,200,200,alta,texto,Tomar 1 cápsula vegetal
VHMX02236,Glucosamine 1100mg & MSM 500mg | Cartílago y Movilidad Articular | 60 Cápsulas,60 Cápsulas,Cápsulas vegetales,2,60,30,alta,texto,Tomar 2 cápsulas vegetales
VHMX02240,Glucosamine 1100mg & MSM 500mg | Cartílago y Movilidad Articular | 60 Cápsulas,120 Cápsulas,Cápsulas vegetales,2,120,60,alta,texto,Tomar 2 cápsulas vegetales
VHMX02194,Joint Support de NOW Foods | Apoya la movilidad y flexibilidad articular | 90 cápsulas,90 capsulas,Cápsulas,2,90,45,alta,texto,Tomar 2 cápsulas
VHMX02173,Brain Elevate NOW Foods | Favorece la memoria y la concentración | 60 cápsulas,60 capsulas,Cápsulas,1,60,60,alta,texto,Tomar 1 cápsula vegetal
VHMX02276,Energy NOW Foods | Metabolismo y Soporte Adrenal | 90 cápsulas vegetales,90 capsulas,Cápsulas,2,90,45,alta,texto,Tomar 2 cápsulas
VHMX02171,Relora de NOW Foods 300 mg | Control de estrés y apetito | 60 y 120 cápsulas veganas,60 capsulas,Cápsulas,1,60,60,alta,texto,Tomar 1 cápsula vegetal
VHMX02247,Relora de NOW Foods 300 mg | Control de estrés y apetito | 60 y 120 cápsulas veganas,120 Capsulas,Cápsulas,1,120,120,alta,texto,Tomar 1 cápsula vegetal
VHMX02201,"Saw Palmetto, Licopeno, Zinc, Selenio| Bienestar Masculino | 60 Cápsulas",30 Cápsulas,Softgels,3,30,10,alta,texto,Tomar 3 cápsulas blandas
VHMX02312,Membrana de Cáscara de huevo 500 MG | Soporte Articular | 60 cápsulas,60 cápsulas,Cápsulas,1,60,60,alta,texto,Tomar 1 cápsula
VHMX02291,Resveratrol Extra Fuerte de Now Foods | Soporte Cardiovascular | 60 cápsulas,60 capsulas,Cápsulas,1,60,60,alta,texto,Tomar 1 cápsula
VHMX02187,Gastro Comfort NOW Foods | Soporte Digestivo y Gástrico | 60 cápsulas,60 capsulas,Cápsulas,1,60,60,alta,texto,Tomar 1 cápsula vegetal
VHMX02153,"Daily Vits NOW Foods multivitamínico con luteína y licopeno | Bienestar ocular, energía y vitalidad diaria | 100 tableta",100 tabletas,Tabletas,1,100,100,alta,texto,Tomar 1 tableta
VHMX02202,"Complejo B , Vitamina A, Vitamina C, D, E, ADAM de Now Foods | Fortalece el sistema inmunológico, antioxidante  | 60 tab",60 tabletas,Tabletas,2,60,30,alta,texto,Tomar 2 tabletas
VHMX02277,Multivitamínico para Hombre de Now | Fortalece el Sistema Inmune | 90 cápsulas,90 Cápsulas,Softgels,3,90,30,alta,texto,Tomar 3 cápsulas blandas
VHMX02209,Astrágalo de Now Foods 1000 mg | Apoyo inmune | 100 cápsulas vegetales,100 capsulas,Cápsulas,2,100,50,alta,texto,Tomar 2 cápsulas
VHMX02334,Black Cohosh Root de Now | Apoyo a la menopausia | 90 cápsulas,90 capsulas,Cápsulas,1,90,90,alta,texto,Tomar 1 cápsula
VHMX02319,Extracto de Arándano Europeo | Visión y Antioxidantes | 100 Cápsulas,100 cápsulas,Cápsulas,1,100,100,alta,texto,Tomar 1 cápsula
VHMX02296,Uña de Gato de Now 500 mg  | Equilibrio Inmunológico | 100 cápsulas veganas,100 capsulas,Cápsulas vegetales,2,100,50,alta,texto,Tomar 2 cápsulas vegetales
VHMX02289,Cayena 500 mg de Now | Digestión y Circulación |  100 Cápsulas Veganas,100 cápsulas,Cápsulas,1,100,100,alta,texto,Tomar 1 cápsula
VHMX02280,Frenogreco Orgánico de Now | Apoyo Digestivo |  100 Cápsulas,100 capsulas,Cápsulas vegetales,2,100,50,alta,texto,Tomar 2 cápsulas vegetales
VHMX02282,Raíz de Sello de Oro de Now | Apoyo Digestivo y Gastrointestinal | 50 cápsulas,50 capsulas,Cápsulas,2,50,25,alta,texto,Tomar 2 cápsulas
VHMX02333,"Graviola 500 mg NOW Foods  |  Antioxidante, energía y vitalidad diaria | 100 cápsulas veganas",100 cápsulas veganas,Cápsulas,2,100,50,alta,texto,Tomar 2 cápsulas
VHMX02182,Extracto de Té Verde EGCg 400mg de NOW Foods | Aporta antioxidantes para bienestar celular | 90 cápsulas,90 capsulas,Cápsulas,1,90,90,alta,texto,Tomar 1 cápsula vegetal
VHMX02278,Extracto de raíz de ortiga de Now | Apoyo para la  próstata | 90 Cápsulas,90 capsulas,Cápsulas,2,90,45,alta,texto,Tomar 2 cápsulas
VHMX02309,Trébol Rojo de Now | Equilibrio Hormonal Femenino | 100 Cápsulas,100 capsulas,Cápsulas vegetales,2,100,50,alta,texto,Tomar 2 cápsulas vegetales
VHMX02212,Extracto de Cardo Mariano con Cúrcuma de Now | Fución Hepática | 60 cápsulas,60 capsulas,Cápsulas,2,60,30,alta,texto,Tomar 2 cápsulas
VHMX02320,Extracto de Saw Palmetto 160 mg de Now | Función Próstatica | 120 Cápsulas blandas,120 Cápsulas,Cápsulas,1,120,120,alta,texto,Tomar 1 cápsula
VHMX02265,Epimedium con extracto de raíz de maca de Now Foods | Energía y Vitalidad | 90 tabletas,90 tabletas,Tabletas,1,90,90,alta,texto,Tomar 1 tableta
VHMX02263,Triphala 500mg de Now Foods |  Soporte Digestivo  | 120 Cápsulas,120 tabletas,Tabletas,2,120,60,alta,texto,Tomar 2 tabletas
VHMX02163,"L-Teanina, 5-HTP y Melatonina de Now Foods  | Descanso y relajación | 90 Cápsulas",120 tabletas,Cápsulas vegetales,1,90,90,alta,imagen,etiqueta: Serving Size 1 Veg Capsule; frasco frontal dice 90 Veg Capsules (batch tenía 120 incorrecto)
VHMX02228,Echinacea líquida de NOW Kids | Apoya el bienestar inmunológico infantil  | 59 ml,60 ml,Gotas,8,59,197,alta,imagen,"etiqueta: Serving Size 8 Drops (approx. 0.3 mL), Servings Per Container about 197"
VHMX02250,"Elderberry Kids, Saúco negro 500mg + Zinc de NOW Foods | Sistema inmune | Liquido 237 ml",240 ml,Cucharaditas,2,237,24,alta,imagen,"etiqueta frontal: take 2 teaspoons (10 mL), Servings Per Container about 24"
VHMX02331,Extracto Pau D’Arco líquido de Now | Antioxidante y protector celular | 59 ml,59 ml,Goteros,2,59,37,alta,imagen,"etiqueta: Serving Size 2 Droppersful (1.6 mL), Servings Per Container about 37"
VHMX02264,Cúrcuma Curcuminoides de Now| Protección Antioxidante | 60 cápsulas,60 capsulas,Softgels,1,60,60,alta,texto,Tomar 1 cápsula blanda
VHMX02165,"Extracto de Valeriana Liquido de  NOW Foods | Favorece el equilibrio emocional, relajación y calma natural | 60 ml",60 ml,Goteros,2,60,37,alta,imagen,"etiqueta: Serving Size 2 Droppersful (1.6 mL), Servings Per Container about 37"
VHMX02246,Olmo resbaladizo de NOW | Apoyo Digestivo | 113 g Polvo Vegano,113 g,Cucharaditas,1,113,75,alta,imagen,"etiqueta: Serving Size 1 Teaspoon (1.5g), Servings Per Container about 75"
VHMX02310,"Cápsulas vacías vegetales NOW Double ""00"" 250 piezas",250 envases,N/A,,,,na,imagen,Cápsulas vacías vegetales para rellenar — sin dosis de consumo
VHMX02258,Leche de coco en polvo orgánica de Now Foods | Alternativa libre de lácteos para bebidas y recetas  | Polvo 340 g,340 gr,Cucharadas,1,340,43,alta,imagen,"etiqueta: Serving size 1 tbsp (8g), About 43 servings per container (batch tenía dosis=3, corregido por etiqueta)"
VHMX02241,Cáscara de psyllium entera de Now | Fibra soluble | 340 g,340 g,Cucharadas,2,340,34,alta,imagen,"etiqueta: Serving size 2 level tbsp (10g), About 34 servings per container"
VHMX02294,Aceite esencial de árbol de té 100% puro de Now | Aromaterapia |  59 mL,59 ml,N/A,,,,na,imagen,"Aceite esencial 100% puro de árbol de té — uso tópico/aromaterapia, sin serving size de consumo"
VHMX02190,Gel calmante de aloe de NOW Solutions | Calmante e hidratante para la piel |  237 mL,237ml,N/A,,,,na,imagen,Gel calmante de aloe para uso tópico — sin porción de consumo
VHMX02216,"Aceite esencial Cassia de NOW | Promueve sensación de bienestar, relajación | 30 ml",30 ml,N/A,,,,na,imagen,"Aceite esencial de Cassia — uso externo/aromaterapia, sin serving size"
VHMX02185,"Aceite de Citronela, NOW, 100% puro | Bienestar Natural | 30 ml",30 ml / Citronella,N/A,,,,na,imagen,"Aceite esencial de Citronela — uso externo/aromaterapia, sin serving size"
VHMX02285,Cocoa Butter Lotion de Now | Hidrata Profundamente |  237 ml,237 ml,N/A,,,,na,imagen,"Cocoa Butter Lotion — producto tópico, sin porción de consumo"
VHMX02256,Aceite de Onagra de Now | Nutre y Protege la Piel |  118 ml,118 ml,N/A,,,,na,imagen,"Aceite de Onagra 100% puro — uso cosmético externo, sin serving size de consumo"
VHMX02221,"Aceite de Jojoba Orgánico de Now | Hidratante piel y cabello, protege contra la pérdida de humedad |  118 ml",120 ml,N/A,,,,na,imagen,"Aceite de Jojoba Orgánico — uso tópico piel/cabello, sin serving size"
VHMX02329,Magnesio en Hojuelas de Now | Uso tópico | 750 g,750 g,N/A,,,,na,imagen,"Magnesio en hojuelas para uso tópico (baño/pies) — no es consumible, sin serving size único"
VHMX02266,Suero Reafirmante y Aclarante con Vitamina C & Ácido Ferúlico 30 ML,30 ml,N/A,,30,,na,imagen,Producto tópico (sérum facial Vitamina C + Ácido Ferúlico). No tiene tabla nutrimental ni tamaño de porción. 1 fl oz (30 mL).
VHMX02179,Manteca de Karité Orgánica de NOW Foods | Hidrata profundamente la piel seca | 85 g,3oz/85 gr,N/A,,85,,na,imagen,"Producto tópico (manteca de karité, uso cosmético). No tiene tabla nutrimental ni tamaño de porción. Net Wt. 3 oz (85g)."
VHMX02214,Ácido Hialurónico de Now |  Sérum Reafirmante Firmeza y Elasticidad | 30 ml,30 ml,N/A,,30,,na,imagen,Producto tópico (sérum de ácido hialurónico para piel). No tiene tabla nutrimental ni tamaño de porción. 1 fl oz (30 mL).
VHMX02170,Aceite Esencial Orgánico Lavanda de NOW Foods | Promueve relajación y calma natural |  Roll-On 10 ml,10 ml,N/A,,10,,na,imagen,Aceite esencial roll-on de lavanda orgánica (uso tópico). No tiene tabla nutrimental. 10 mL.
VHMX02272,Aceite esencial de menta orgánica de Now Roll-On | Bienestar y energía | 10 ml,10 ml,N/A,,10,,na,imagen,Aceite esencial roll-on de menta orgánica (uso tópico). No tiene tabla nutrimental. 10 mL.
VHMX02301,"Mezcla de Aceites Esenciales de Te de Arbol, Roll-on Organico | Complementa rutinas de cuidado facial, purifica la piel ",10 ml,N/A,,10,,na,imagen,Mezcla aceites esenciales roll-on árbol de té orgánico (uso tópico). No tiene tabla nutrimental. 10 mL.
VHMX02175,Mezcla de Aceites Esenciales  |  Alivio al Dolor de Cabeza | Roll-on Orgánico (10 ml),10 ml,N/A,,10,,na,imagen,"Mezcla aceites esenciales roll-on (alivio dolor de cabeza, uso tópico). No tiene tabla nutrimental. 10 mL."
VHMX02243,Serúm de Bakuchiol de Now | Suero Facial Vegano Antiedad | 30 ml,30 ml,N/A,,30,,na,imagen,Sérum de Bakuchiol (uso tópico/cosmético). No tiene tabla nutrimental ni tamaño de porción. 30 mL.
VHMX02437,"Péptidos Bioactivos de Colágeno Hidrolizado Myo y D Chiro Inositol, Biotina, Ácido Hialurónico y Vitamina C | VALARA GLO",300 gr / Vainilla,Medidas,1,300,30,alta,imagen,"etiqueta: Tamaño de la porción 10 g, Porciones por envase 30. Porción = 1 medida (scoop). Contenido 300g."
VHMX00598,Enzimas Serrapeptasa de MaryRuth’s | Contribuye al equilibrio mineral y vitamínico | 60 cápsulas,60 Cápsulas,Cápsulas,1,60,60,alta,texto,Tomar 1 cápsula
VHMX02482,"Berberina,  ácido alfa lipoico, cromo, canela y granada de Reset | Apoyo Metabólico | 90 Cápsulas",90 Cápsulas,Cápsulas,1,90,90,alta,texto,Tomar 1 cápsula
VHMX02490,Vitamina D3 + K2 de Birdman | Función Inmune | 150 Cápsulas,150 Cápsulas,Cápsulas,1,150,150,alta,texto,Tomar 1 cápsula
VHMX02483,"Omega 3 (EPA y DHA), glutatión reducido, curcuminoides y extracto de pimienta negra | Omega Glutathione+ de Reset | Apoy",90 Cápsulas,Cápsulas,3,90,30,alta,texto,Tomar 3 cápsulas
VHMX02485,"Myo inositol, D-chiro inositol, Colágeno Hidrolizado, Vitamina B9 (metilfolato), Zinc y Vitamina B6 | Myo Inositol Colla",750 g / Pink Lemonade,Medidas,1,750,30,alta,imagen,"etiqueta: Tamaño de la porción 25 g (1 scoop), Porciones por envase 30. Contenido 750g. Variante Pink Lemonade."
VHMX02481,"Myo inositol, D-chiro inositol, Colágeno Hidrolizado, Vitamina B9 (metilfolato), Zinc y Vitamina B6 | Myo Inositol Colla",750 g / Sin sabor,Medidas,1,750,30,alta,imagen,"etiqueta: Tamaño de la porción 25 g (1 scoop), Porciones por envase 30. Contenido 750g. Variante Sin sabor. Mismo producto/label que VHMX02485."
VHMX02489,"L-Teanina y Ginseng, Adjust+ de Reset | Apoya el manejo del estrés y la calma mental | 60 cápsulas",60 cápsulas,Cápsulas,2,60,30,alta,texto,Tomar 2 cápsulas
VHMX02486,"Glicinato, Citrato y Malato de Magnesio de Alta Absorción, con L-teanina, Vitamina B6 y Extracto de Manzanilla | Reset M",90 Cápsulas,Cápsulas,3,90,30,alta,texto,Tomar 3 cápsulas
VHMX02487,"Vitex Agnus Castus, DIM, isoflavonas de soya, selenio y vitamina B9 | Harmony+ de Reset | 90 Cápsulas",90 Cápsulas,Cápsulas,2,90,45,alta,texto,Tomar 2 cápsulas
VHMX02488,"Resveratrol, Quercetina, N-acetilcisteína (NAC), Coenzima Q10 y NAD, Resvera NAD+ de Reset | Respalda el equilibrio de f",60 Cápsulas,Cápsulas,2,60,30,alta,texto,Tomar 2 cápsulas
VHMX02484,"Myo inositol + D-chiro inositol 40:1 con zinc (picolinato), metilfolato y vitamina B6 P5P |  Myo Inositol + de Reset | 9",90 Cápsulas,Cápsulas,3,90,30,alta,texto,Tomar 3 cápsulas
VHMX02493,"Colágeno Grass-Fed Vital-PRO de Nutrasana | Apoya el aspecto de la piel, cabello y uñas | Polvo 300 g",300 gr,Medidas,1,300,30,alta,imagen,"etiqueta: Tamaño de la porción 1 scoop (10g), Porciones por envase 30. Contenido 300g."
VHMX02494,B Complex Support de nutriADN | Concentración y Enfoque  | 60 cápsulas,60 cápsulas,Cápsulas,2,60,30,alta,texto,Tomar 2 cápsulas
VHMX02495,"Magnesio quelado, Magnesium Blend de nutriADN | Promueve el equilibrio neurológico | 60 cápsulas",60 cápsulas,Cápsulas,2,60,30,alta,texto,Tomar de 1 a 2 cápsulas
VHMX02496,CoQ10 Ubiquinol Support de nutriADN 400 mg | Actúa como antioxidante natural | 60 cápsulas,60 cápsulas,Cápsulas,1,60,60,alta,texto,Tomar 1 cápsula
VHMX02498,Organic Mushroom Complex 7 en 1 de Landa Adaptogenos | Favorece la claridad mental y concentración | 90 cápsulas,90 cápsulas,Cápsulas,2,90,45,alta,texto,Tomar 2 cápsulas
VHMX01960,"Nicotinamida Adenina Dinucleótido, NAD⁺ de Migh | Apoya la regeneración y reparación del ADN |  60 cápsulas",60 cápsulas,Cápsulas,1,60,60,alta,texto,Tomar 1 cápsula
VHMX01961,N-acetilcisteína (NAC) 1000 mg | Apoyo Antioxidante y Hepático | 60 Cápsulas,60 Cápsulas,Cápsulas,2,60,30,alta,texto,Tomar 2 cápsulas
VHMX02501,"Hongo Shiitake, extracto orgánico de Lentinula edodes de Landa Adaptogenos | Favorece la energía y la vitalidad diaria, ",100 gr,Medidas,1,100,100,media,imagen,"etiqueta: TAMAÑO DE PORCIÓN 10 g, PORCIONES POR ENVASE 100. Inconsistencia: 10g x 100 = 1000g pero envase es 100g. Patrón de otros Landa sugiere 1g/100 porciones. Se reporta lo visible en etiqueta con confianza media."
VHMX02503,"Maca, extracto orgánico de raíz de Lepidium meyenii de Landa Adptogenos | Contribuye al equilibrio hormonal en hombres y",100 gr,Medidas,1,100,100,alta,imagen,"etiqueta: TAMAÑO DE PORCIÓN 1 g, PORCIONES POR ENVASE 100. Contenido 100g. 1g x 100 = 100g, cuadra."
VHMX02504,"Hongo Maitake,  extracto orgánico de Grifola frondosa de Landa | Contribuye al equilibrio metabólico y antioxidante | 10",100 gr,Medidas,1,100,100,alta,imagen,"etiqueta: TAMAÑO DE PORCIÓN 2 g, PORCIONES POR ENVASE 100. Contenido 100g. Nota: 2g x 100 = 200g no cuadra con 100g — podría ser 50 porciones, pero etiqueta indica 100. Confianza alta en lo leído."
VHMX02505,Hongo Cordyceps de Landa Adaptogenos | Contribuye al equilibrio metabólico y respiratorio | Polvo 100 g,100 g,Medidas,1,100,100,alta,imagen,"etiqueta: TAMAÑO DE PORCIÓN 2 g, PORCIONES POR ENVASE 100. Contenido 100g."
VHMX02506,"Hongo Melena de León, extracto orgánico de Hericium erinaceus de Landa | Apoya la memoria y el enfoque cognitivo | Polvo",100 g,Medidas,1,100,100,alta,imagen,"etiqueta: TAMAÑO DE PORCIÓN 1 g, PORCIONES POR ENVASE 100. Contenido 100g. 1g x 100 = 100g, cuadra."
VHMX02507,"Hongo Reishi, extracto orgánico de Ganoderma lucidum de Landa | Promueve un sueño profundo y reparador | Polvo 100 g",100 g,Medidas,1,100,100,alta,imagen,"etiqueta: TAMAÑO DE PORCIÓN 1 g, PORCIONES POR ENVASE 100. Contenido 100g. 1g x 100 = 100g, cuadra."
VHMX02509,Shilajit estandarizado 500 mg de Briah | Vigor y Energía diaria para hombre| 60 cápsulas,60 Cápsulas,Cápsulas,2,60,30,alta,texto,Tomar 2 cápsulas
VHMX02514,Cardo Mariano de Briah | Apoyo a la Función Hepática | 60 Cápsulas,60 Cápsulas,Cápsulas,2,60,30,alta,texto,Tomar 2 cápsulas
VHMX02511,Myo Inositol Puro y Optimizado de Briah | Balance Hormonal Femenino | 60 Cápsulas,60 Cápsulas,Cápsulas,1,60,60,alta,texto,Tomar 1 cápsula
VHMX02512,Magnesio Súper Complex | 4 tipos de Magnesio + Vitamina b6 | 60 Cápsulas,60 Cápsulas,Cápsulas,2,60,30,alta,texto,Tomar 2 cápsulas
VHMX02510,Maca negra peruana | Energía y vitalidad masculina | 60 Cápsulas,60 Cápsulas,Cápsulas,2,60,30,alta,texto,Tomar 2 cápsulas
VHMX02513,TestoMEN Complex | Suplemento para Hombres| Precursor con 6 ingredientes | 60 Cápsulas,60 Cápsulas,Cápsulas,2,60,30,alta,texto,Tomar 2 cápsulas
VHMX02515,Duo Cardo Mariano | Función Hepática | 60 cápsulas,60 Cápsulas,Cápsulas,2,60,30,alta,texto,Tomar 2 cápsulas
VHMX02516,Tripack Cardo Mariano | Apoyo a la función Hepática,60 Cápsulas,Cápsulas,2,60,30,alta,texto,Tomar 2 cápsulas
VHMX02517,Duo Biotina con colágeno y ácido Hialurónico de Briah | 60 Cápsulas,60 cápsulas,Cápsulas,1,60,60,alta,texto,Tomar 1 cápsula
VHMX02519,DUO TestoMEN Complex de Briah,60 Cápsulas,Cápsulas,2,60,30,alta,texto,Tomar 2 cápsulas
VHMX02520,Duo Shilajit de briah | Vigor y Energía masculina,60 Cápsulas,Cápsulas,2,60,30,alta,texto,Tomar 2 cápsulas
VHMX02521,Duo Maca negra peruana de briah | Energía diaria masculina,60 Cápsulas,Cápsulas,2,60,30,alta,texto,Tomar 2 cápsulas
VHMX02522,Duo Myo Inositol Puro y optimizado de briah | Balance Hormonal,60 Cápsulas,Cápsulas,1,60,60,alta,texto,Tomar 1 cápsula
VHMX02523,Duo Magnesio Súper Complex | 4 Tipos de magnesio + vitamina b6,60 Cápsulas,Cápsulas,2,60,30,alta,texto,Tomar 2 cápsulas
VHMX02529,"Isoflavonas de soja, salvia, valeriana y azafrán | Menomaster de IVB | 60 Cápsulas",60 Cápsulas,Cápsulas,2,60,30,alta,texto,Tomar 2 cápsulas
VHMX02530,"Verbena de limón, Hibisco estandarizados, Extracto seco de azafrán | Satisens de IVB | Control del apetito | 60 Cápsulas",60 Cápsulas,Cápsulas,2,60,30,alta,texto,Tomar 2 cápsulas
VHMX02528,Probiótico + Prebiótico Vaginal de Briah | Mezcla Probiótica 6 cepas 2.5 UFC | 60 cápsulas para 30 días,60 Cápsulas,Cápsulas,2,60,30,alta,texto,Tomar 2 cápsulas
VHMX02537,Creatina micronizada CellX con AstraGin y magnesio | Favorece la recuperación muscular eficiente |120 porciones,648 grs,Medidas,1,648,120,alta,imagen,"etiqueta: Tamaño de la porción 1 medida (5.4 g), Porciones por envase 120. Contenido 648g. 5.4g x 120 = 648g, cuadra."
VHMX00525,GI Revive de Designs for Health | Bienestar Digestivo | 28 porciones polvo Sabor durazno,225 gr,Medidas,1,225,28,alta,imagen,"etiqueta: Serving Size 8 grams (approx. one scoop), Servings Per Container 28. Contenido 225g. 8g x 28 = 224g ≈ 225g, cuadra."
VHMX02538,Magnesio glicinato CellX TRAACS 230 mg | Favorece la relajación natural del cuerpo | 120 cápsulas,90 Cápsulas,Cápsulas,2,90,45,alta,texto,Tomar 2 cápsulas
VHMX02539,Magnesio glicinato CellX TRAACS 230 mg | Favorece la relajación natural del cuerpo | 120 cápsulas,120 Cápsulas,Cápsulas,2,120,60,alta,texto,Tomar 2 cápsulas
VHMX02540,"Birdman Fitmingo: Proteína Vegana Con Ácido Hialurónico, Inositol, Potenciadores de Colágeno, Vitamina C, Vitamina D3, Z",1020 g / Moka,Gramos,34,1020,30,alta,imagen,"etiqueta: 1 cucharada medidora (34g), contenido 1020g → 1020÷34=30 porciones"
VHMX02542,"Birdman Fitmingo: Proteína Vegana Con Ácido Hialurónico, Inositol, Potenciadores de Colágeno, Vitamina C, Vitamina D3, Z",1020 g / Vainilla,Gramos,34,1020,30,alta,imagen,"misma fórmula Fitmingo 1020g/Vainilla: 1 medida 34g, 1020÷34=30 porciones"
VHMX02541,"Birdman Fitmingo: Proteína Vegana Con Ácido Hialurónico, Inositol, Potenciadores de Colágeno, Vitamina C, Vitamina D3, Z",1700 g / Moka,Gramos,34,1700,50,alta,imagen,"misma fórmula Fitmingo 1700g/Moka: 1 medida 34g, 1700÷34=50 porciones"
VHMX02543,"Birdman Fitmingo: Proteína Vegana Con Ácido Hialurónico, Inositol, Potenciadores de Colágeno, Vitamina C, Vitamina D3, Z",1700 g / Vainilla,Gramos,34,1700,50,alta,imagen,"misma fórmula Fitmingo 1700g/Vainilla: 1 medida 34g, 1700÷34=50 porciones"
VHMX02544,Plan Descanso Total | Por la Lic. Paulina Servin,60 cápsulas / 60 Cápsulas,Cápsulas,1,60,60,alta,imagen,"etiqueta: Tamaño de la porción 1 cápsula, Porciones por envase 60"
VHMX02559,Aceite de krill Superlabs 500 mg con EPA DHA | Contribuye al equilibrio metabólico | 100 cápsulas,100 cápsulas,Cápsulas,2,100,50,alta,texto,Tomar 1 a 2 cápsulas
VHMX02548,Citrato de Magnesio 500 mg Superlabs | Apoya el equilibrio metabólico | 100 cápsulas,100 cápsulas,Cápsulas,1,100,100,alta,texto,Tomar 1 cápsula
VHMX02558,Aguaje 500 mg Superlabs | Contribuye al bienestar general | 100 cápsulas,100 cápsulas,Cápsulas,2,100,50,alta,texto,Tomar 2 cápsulas
VHMX02560,Ajo Negro 500 mg Superlabs | Ideal para complementar rutinas diarias | 60 cápsulas,60 cápsulas,Cápsulas,2,60,30,alta,texto,Tomar 2 cápsulas
VHMX02564,Alga Spirulina 500 mg Superlabs | Contribuye al bienestar general |  100 cápsulas,100 cápsulas,Cápsulas,2,100,50,alta,texto,Tomar 2 cápsulas
VHMX02551,Ashwagandha 500 mg Superlabs | Favorece una Respuesta Adaptativa al Estrés | 100 cápsulas,100 cápsulas,Cápsulas,2,100,50,alta,texto,Tomar 1 a 2 cápsulas
VHMX02562,"Biotina 500 mg Superlabs | Acompaña el bienestar de piel, cabello y uñas | 100 cápsulas",100 cápsulas,Cápsulas,1,100,100,alta,texto,Tomar 1 cápsula
VHMX02572,Carbón activado Superlabs 350mg | Acompaña procesos de desintoxicación ocasional | 100 cápsulas,100 cápsulas,Cápsulas,2,100,50,alta,texto,Tomar 2 cápsulas
VHMX02552,Cardo Mariano Superlabs 500mg | Aporta antioxidantes de origen vegetal | 100 cápsulas,100 cápsulas,Cápsulas,2,100,50,alta,texto,Tomar 2 cápsulas
VHMX02565,Zinc 20 mg Superlabs | Apoyo inmunológico | 100 Cápsulas,100 Cápsulas,Tabletas,1,100,100,alta,imagen,"etiqueta: Tamaño porción 1 tableta (20mg), porción por envase 100"
VHMX02550,Citrato de Potasio Superlabs 500mg | Apoya la función muscular y nerviosa | 100 cápsulas,100 cápsulas,Cápsulas,2,100,50,alta,texto,Tomar 2 cápsulas
VHMX02549,"Colágeno Hidrolizado Grass Fed Superlabs| Favorece firmeza y apariencia de la piel, cabello y uñas | Polvo 454g Sin sabo",Polvos 454g,Medidas,2,454,22,alta,imagen,"etiqueta: Tamaño de porción 2 Scoops (20g), Porciones por envase 22; uso sugerido 1-2 cucharadas 10g c/u"
VHMX02573,"Creatina Monohidratada Superlabs | Favorece energía en entrenamientos exigentes, fuerza y potencia muscular | Polvo 500g",500 gr,Gramos,5,500,100,alta,imagen,"etiqueta: Tamaño porción 5g, Porción por Envase 100, contenido 500g"
VHMX02567,Cúrcuma Complex Superlabs 500mg | Favorece la respuesta inflamatoria natural | 100 cápsulas,100 cápsulas,Cápsulas,2,100,50,alta,texto,Tomar 2 cápsulas
VHMX02561,Vitamina D3 5000 UI | Apoyo óseo y funcion muscular | 100 Cápsulas,100 Cápsulas,Cápsulas,1,100,100,alta,texto,Tomar 1 cápsula
VHMX02557,"Fenogreco 500 mg Superlabs | Favorece la saciedad natural, apoya la función digestiva | 100 cápsulas",100 cápsulas,Cápsulas,3,100,33.3,alta,texto,Tomar hasta 3 cápsulas
VHMX02570,"Vitamina C 1000 mg de Superlabs | Protección Antioxidante, bienestar general | 100 tabletas",100 Tabletas,Tabletas,2,100,50,alta,texto,Tomar 2 tabletas
VHMX02568,Guanábana Graviola Superlabs 500 mg | Contribuye al bienestar general diario | 100 cápsulas,100 cápsulas,Cápsulas,2,100,50,alta,texto,Tomar 2 cápsulas
VHMX02555,Vinagre de Manzana | Bienestar Digestivo | 100 Cápsulas,100 Cápsulas,Cápsulas,2,100,50,alta,texto,Tomar 2 cápsulas
VHMX02569,"Maca Peruana, Tribulus Terrestris, Fenogreco, L-arginina y Zinc | TestoMen 500mg | 100 Cápsulas",100 Cápsulas,Cápsulas,2,100,50,alta,texto,Tomar 2 cápsulas
VHMX02571,Citrato de Magnesio en Polvo | Apoyo al Sistema Nervioso | 500 gr,500 gr,Gramos,3,500,166,alta,imagen,"etiqueta: Tamaño porción 3g, Porción por Envase 166, contenido 500g"
VHMX02563,Inositol 500 mg Superlabs | Favorece el equilibrio general del organismo | 100 cápsulas,100 cápsulas,Cápsulas,2,100,50,alta,texto,Tomar 2 cápsulas
VHMX02566,"Melatonina 5 mg, Superlabs | Ideal para complementar hábitos saludables de sueño | 100 Tabletas",100 tabletas,Tabletas,1,100,100,alta,texto,Tomar 1 tableta
VHMX02576,Psyllium Plantago de superlabs | Bienestar Intestinales | 1 kg,1 kg,Gramos,5,1000,200,alta,imagen,"etiqueta: Tamaño porción 5g, Porción por Envase 200; variante 1kg → contenido 1000g"
VHMX02554,Maca Premium 500 mg Superlabs | Útil para acompañar el equilibrio hormonal natural | 100 cápsulas,100 cápsulas,Cápsulas,2,100,50,alta,texto,Tomar 2 cápsulas
VHMX02556,Moringa 500mg Superlabs | Contribuye al bienestar intestinal diario | 100 cápsulas,100 cápsulas,Cápsulas,2,100,50,alta,texto,Tomar 2 cápsulas
VHMX02575,Myo Inositol en polvo de Superlabs Nutrition  | Equilibrio Femenino | Polvo 250gr,250 gr,Gramos,2,250,125,alta,imagen,"etiqueta: Tamaño porción 2g, Porción por Envase 125, contenido 250g"
VHMX02592,Myo-Inositol Birdman 2000 mg | Apoya el equilibrio metabólico y energético  | 90 cápsulas veganas,90 cápsulas,Cápsulas,3,90,30,alta,texto,Tomar 3 cápsulas
VHMX02577,Dr. Formulated Probiotics Organic Kids | Mezcla probiótica infantil 14 cepas bacterianas | 30 tabletas masticables,30 Tabletas,Tabletas,1,30,30,alta,texto,Masticar 1 tableta
VHMX02580,Probióticos RAW Ultimate Care 100 Billion UFC de Garden of Life | 30 Cápsulas Vegetarianas,30 Cápsulas,Cápsulas,1,30,30,alta,texto,Tomar 1 cápsula
VHMX02581,"Cúrcuma Orgánica extra fuerte, Jenjibre, extracto de pimienta negra y mezcla probiótica de garden of life | 60 Tabletas",60 Tabletas,Tabletas,1,60,60,alta,texto,Tomar 1 tableta
VHMX02582,Colágeno hidrolizado bovino grass fed + Probioticos de Garden of Life | 14 y 28 servicios,14 Servicios 280g,Medidas,1,280,14,alta,imagen,"etiqueta: Serving Size 1 Scoop (About 20g), Servings Per Container About 14, variante 280g"
VHMX02583,Colágeno hidrolizado bovino grass fed + Probioticos de Garden of Life | 14 y 28 servicios,28 Servicios 560g,Medidas,1,560,28,alta,imagen,"misma fórmula Garden of Life; variante 28 Servicios 560g → 1 scoop 20g, 28 servings"
VHMX02584,Extracto de Arjuna Orgánico de Himalaya | Bienestar Cardiovascular | 60 Tabletas,60 Tabletas,Tabletas,1,60,60,alta,texto,Tomar 1 caplet
VHMX02585,Ashwagandha Orgánica de Himalaya | Manejo del Estrés | 30 Tabletas,30 Tabletas,Tabletas,1,30,30,alta,texto,Tomar 1 caplet
VHMX02586,Shatavari Orgánico de Himalaya | Balance Hormonal | 60 Tabletas,60 Tabletas,Tabletas,2,60,30,alta,texto,Tomar 2 tabletas
VHMX02587,Pasta Dental Herbal Menta | Libre de Fluor | 150 g,150 g,N/A,,,,na,imagen,pasta dental Himalaya — producto tópico sin porción consumible; no aplica serving size
VHMX02588,Pasta Dental Natural con Neem y Granada | Libre de Fluor | 150 g,150 g,N/A,,,,na,imagen,pasta dental Himalaya Neem & Granada — producto tópico sin porción consumible; no aplica serving size
VHMX02590,"Menocare Himalaya | Favorece el equilibrio femenino diario, acompaña cambios hormonales naturales | 120 cápsulas vegetal",120 Cápsulas,Cápsulas,2,120,60,alta,texto,Tomar 2 cápsulas
VHMX02589,"Cúrcuma 95, Turmeric 95 Himalaya | Favorece el bienestar digestivo | 30 Cápsulas",30 Cápsulas,Cápsulas,1,30,30,alta,texto,Tomar 1 cápsula
VHMX02545,Plan Control Inflamación | Por la Lic. Paulina Servin,,N/A,,,,na,imagen,"Plan Control Inflamación (kit multimarca: Life Extension Super Omega-3, Metagenics PhytoMulti, NOW Turmeric) — plan nutricional sin dosis única de envase"
VHMX02635,"Citrato de Potasio en Polvo Superlabs | Apoya el equilibrio de electrolitos, bienestar muscular | Polvo 500 mg",500 g,Gramos,3,500,166,alta,imagen,"etiqueta: Tamaño porción 3g, Porción por Envase 166, contenido 500g"
VHMX02464,"Proteína en Polvo con Probióticos y Enzimas Digestivas |Mezcla Vegana de Sacha Inchi, Chícharo y Arroz | Total Sport de ",Vainilla Veracruzana,Medidas,1,700,17.5,alta,imagen,"etiqueta: Tamaño de la porción 1 medida (40g), Porciones por envase 17.5, Cont. Neto 700g"
VHMX02461,"Proteína en Polvo con Probióticos y Enzimas Digestivas |Mezcla Vegana de Sacha Inchi, Chícharo y Arroz | Total Sport de ",Chocolate Oaxaqueño,Medidas,1,700,17.5,alta,imagen,"etiqueta: Tamaño de la porción 1 medida (40g), Porciones por envase 17.5, Cont. Neto 700g"
VHMX00927,"Curcumina Max con AstraGin de Wohl VidaLabs | Antioxidante, bienestar articular, digestión ligera  | 60 Cápsulas",60 Cápsulas,Softgels,2,60,30,alta,texto,Tomar 2 cápsulas blandas
VHMX00929,"Luteína y Zeaxantina Vision Ultra de Wohl Vidalabs | Bienestar visual diario, cuidado macular | 60 Cápsulas",60 Cápsulas,Softgels,2,60,30,alta,texto,Tomar 2 cápsulas blandas
VHMX02643,"Anti-OX Global de IVB | Astaxantina, CoQ10, Luteína, Licopeno y Zeaxantina | 60 Cápsulas",60 Cápsulas,Cápsulas,2,60,30,alta,texto,Tomar 2 cápsulas
VHMX02644,"ArtiCare de IVB | Glucosamina, MSM, AprèsFlex®, boro y manganeso |  90 Cápsulas",90 Cápsulas,Cápsulas,3,90,30,alta,texto,Tomar 3 cápsulas
VHMX02609,CREAMAG de IVB | Creatina Monohidratada + Magnesio en Polvo  | 60 Servicios,Neutro,Gramos,5,300,60,alta,imagen,"etiqueta: por 5g, 60 tomas (confirmado en label y front 5GR + 250ML = 60 TOMAS); 5×60=300g"
VHMX02610,CREAMAG de IVB | Creatina Monohidratada + Magnesio en Polvo  | 60 Servicios,Sandía,Gramos,5,300,60,alta,imagen,etiqueta frente: 5 GR + 250 ML = 60 TOMAS; tabla nutricional: POR 5g; 300g = 5g × 60
VHMX02611,Creatine Essential de IVB | Creatina Ultrafiltrada Creavitalis® | 60 Servicios,60 Servicios,Gramos,3.4,204,60,alta,imagen,"etiqueta frente: 3.4 GR + 250 ML = 60 TOMAS; tabla nutricional: POR 3,4g; contenido calculado 3.4×60=204g"
VHMX02612,"FerroPlus de IVB |  Hierro bisglicinato Ferrochel® con vitamina C, cobre, vitamina B12 y folatos | 60 Cápsulas",60 Cápsulas,Cápsulas,1,60,60,alta,texto,Tomar 1 cápsula
VHMX02613,"FertiUp de IVB | Myoinositol, D-chiro inositol, cobre y zinc | 210 g",Piña,Gramos,7,210,30,alta,imagen,tabla nutricional: POR 7g; contenido=210g (batch); dosis_totales calculado 210÷7=30
VHMX02751,"FertiUp de IVB | Myoinositol, D-chiro inositol, cobre y zinc | 210 g",Kiwi,Gramos,7,210,30,alta,imagen,misma fórmula que VHMX02613 (variante Kiwi); tabla nutricional: POR 7g; dosis_totales calculado 210÷7=30
VHMX02615,FiberTotal de IVB | Complemento alimenticio de fibra soluble en polvo | 20 servicios,Neutro,Gramos,6,120,20,alta,imagen,tabla nutricional FiberTotal Chocolate (mismo producto): POR 6; título indica 20 servicios; contenido calculado 6×20=120g
VHMX02616,FiberTotal de IVB | Complemento alimenticio de fibra soluble en polvo | 20 servicios,Chocolate,Gramos,6,120,20,alta,imagen,tabla nutricional FiberTotal Chocolate: POR 6; título indica 20 servicios; contenido calculado 6×20=120g
VHMX02617,GestaNatal de IVB | Multivitamínico y mineral Prenatal Completo| 60 Cápsulas,60 Cápsulas,Cápsulas,2,60,30,alta,texto,Tomar 2 cápsulas
VHMX02618,LactaNatal de IVB | Multivitamínico y mineral Apoyo a la Lactancia Materna | 60 Cápsulas,60 Cápsulas,Cápsulas,2,60,30,alta,texto,Tomar 2 cápsulas
VHMX02619,"Memory-ON de IVB | Cognizin®,  SAMe,	 Bacomind®, Extracto seco de de Bacopa Monnieri , Zinc, Cobre | 60 Cápsulas",60 Cápsulas,Cápsulas,2,60,30,alta,texto,Tomar 2 cápsulas
VHMX02620,"Metabolic-Max de IVB | Berbevis®, Gimnema, Cardo mariano, Piperina y Cromo| 60 Cápsulas",60 Cápsulas,Cápsulas,2,60,30,alta,texto,Tomar 2 cápsulas
VHMX02621,Metil-B12 Líquido de IVB | Función del sistema nervioso e inmunitario| 60 Cápsulas,60 Cápsulas,ml,0.5,60,120,alta,imagen,"tabla nutricional: 0,5 ML por porción; contenido=60ml (batch); dosis_totales calculado 60÷0.5=120"
VHMX02624,"SomniLove de IVB | Glicina, extractos de plantas y L-teanina | 180 gr",180 g,Gramos,6,180,30,alta,imagen,tabla nutricional: POR 6 g; contenido=180g (batch); dosis_totales calculado 180÷6=30
VHMX02625,Sticks de sabores de IVB | Para personalizar el sabor de tus complementos en polvo | 10 sobres,Mix de Sabores,Sticks,1,10,10,alta,texto,Tomar 1 stick
VHMX02626,Sticks de sabores de IVB | Para personalizar el sabor de tus complementos en polvo | 10 sobres,Cacao,Sticks,1,10,10,alta,texto,Tomar 1 stick
VHMX02627,Sticks de sabores de IVB | Para personalizar el sabor de tus complementos en polvo | 10 sobres,Vainilla,Sticks,1,10,10,alta,texto,Tomar 1 stick
VHMX02628,Sticks de sabores de IVB | Para personalizar el sabor de tus complementos en polvo | 10 sobres,Canela,Sticks,1,10,10,alta,texto,Tomar 1 stick
VHMX02629,Sticks de sabores de IVB | Para personalizar el sabor de tus complementos en polvo | 10 sobres,Chocolate blanco-Fresa,Sticks,1,10,10,alta,texto,Tomar 1 stick
VHMX02630,"Stress OFF de IVB | Reishi, eleuterococo y schisandra | 60 Cápsulas",60 Cápsulas,Cápsulas,2,60,30,alta,texto,Tomar 2 cápsulas
VHMX02632,Vita C 500 de IVB | Protección Celular y al Daño Oxidativo | 60 Cápsulas,60 Cápsulas,Cápsulas,1,60,60,alta,texto,Tomar 1 cápsula
VHMX02633,VitalNatal Man de IVB | Bienestar reproductivo del hombre | 60 Cápsulas,60 Cápsulas,Cápsulas,2,60,30,alta,texto,Tomar 2 cápsulas
VHMX02636,Just inositol de B Fit |  Myo & D chiro Inositol 40:1 Caronositol® | 220 Cápsulas,220 Cápsulas,Cápsulas,4,220,55,alta,texto,Tomar 4 cápsulas
VHMX02637,Inositol Femme de B Fit | Myo y D Chiro Inositol con N-acetilcisteína (NAC) y Quatrefolic® | 150 g,150 g,Medidas,1,150,30,alta,imagen,"imagen: 1 scoop (5 g), POUCH DE 150 G, 30 días de consumo"
VHMX02638,Omega 3 a base de Aceite de Salmón Noruego | 1080 mg de EPA y 720 de DHA | 30 días,90 Cápsulas,Cápsulas,3,90,30,alta,texto,Tomar 3 cápsulas
VHMX02639,Probióticos Just Probio B-fit 2 billones UFC | Apoyo a la Microbiota|  30 y 60 Cápsulas,30 Cápsulas,Cápsulas,1,30,30,alta,texto,Tomar 1 cápsula
VHMX02640,Probióticos Just Probio B-fit 2 billones UFC | Apoyo a la Microbiota|  30 y 60 Cápsulas,60 Cápsulas,Cápsulas,1,60,60,alta,texto,Tomar 1 cápsula
VHMX02641,Berberina Equilibrium de Bfit | Equilibrio Metabólico |  120 caps,120 Cápsulas,Cápsulas,2,120,60,alta,texto,Tomar 2 cápsulas
VHMX02642,Vitex agnus-castus 0.5% de Commons | Contribuye al bienestar del ciclo menstrual | Polvo 50 g,50 g,Gramos,,50,,baja,imagen,etiqueta muestra 50g cont. neto; no hay tabla de porciones visible en la única imagen disponible
VHMX02634,Multivitamínico Prenatal VitalNatal Woman | Apoya necesidades prenatales | 60 cápsulas,60 Cápsulas,Cápsulas,2,60,30,alta,texto,Tomar 2 cápsulas
VHMX02646,Creatina con NAD+ Enhanced Creatine de Eternal | Contribuye a la función muscular | Polvo 550 g,550 g,Medidas,1,550,100,alta,imagen,"tabla nutricional: Tamaño de porción 1 Scoop (5.5 g), Porciones por envase: 100; contenido=550g (batch)"
VHMX02647,"Inositol 40:1, NAD+ Enhanced, Longevity Molecules de Eternal | Contribuye al metabolismo normal | Polvo, 520 g",520 g,Medidas,1,520,200,alta,imagen,"tabla nutricional: Tamaño de porción 1 Scoop (2.6 g), Porciones por envase: 200; contenido=520g (batch)"
VHMX02648,Colágeno bovino NAD+ Enhanced Collagen Eternal Nutrition | Apoyo estructural de piel y articulaciones | Polvo 500 g,550 g,Medidas,2,550,50,alta,imagen,"tabla nutricional: Tamaño de porción 2 Scoops (10 g), Porciones por envase: 50; contenido=550g (batch); batch tenía dosis=10 en gramos, corregido a 2 scoops"
VHMX02649,Vitex agnus-castus Commons | Apoya el equilibrio hormonal femenino | 120  cápsulas,120 cápsulas,Cápsulas,2,120,60,alta,texto,Tomar 2 cápsulas
VHMX02650,Enzimas Digestivas Digestive Enzymes de NutriADN | Contribuye a la formación de tejidos  | 90 cápsulas,30 cápsulas,Cápsulas,2,30,15,alta,texto,Tomar 2 cápsulas
VHMX02524,Omega 3 rico en DHA de IVB | Omega 3 con certificación IFOS | 30 cápsulas,30 Cápsulas,Cápsulas,1,30,30,alta,texto,Tomar 1 cápsula
VHMX02652,"Cúrcuma con Zinc, Thyroid Support de NutriADN | Favorece el equilibrio hormonal, función tiroidea normal | 60 cápsulas",60 cápsulas,Cápsulas,2,60,30,alta,texto,Tomar 1 a 2 cápsulas
VHMX02525,Omega 3 rico en EPA IVB | Apoyo Cardiovascular | 60 Cápsulas,60 Cápsulas,Cápsulas,2,60,30,alta,texto,Tomar 2 cápsulas
VHMX02653,"Colina + DHA + EPA Baby Bloom de nutriADN | Contribuye al neurodesarrollo saludable, bienestar durante el embarazo | cáp",90 cápsulas,Cápsulas,1,90,90,alta,texto,Tomar 1 cápsula
VHMX02654,"Complejo B Super Estrés con Vitamina C de Swanson | Promueve la función metabólica, aumentando los niveles de Energía | ",100 cápsulas,Cápsulas,1,100,100,alta,texto,Tomar 1 cápsula
VHMX02658,EpigenTest NutriADN análisis epigenético bienestar,1 Kit,N/A,,,,na,imagen,"producto: EpigenTest NutriADN — kit de análisis epigenético, no es consumible con porción"
VHMX02657,SensiTest+ NutriADN prueba digestiva intolerancias,1 Kit,N/A,,,,na,imagen,"producto: SensiTest+ NutriADN — kit de prueba digestiva de intolerancias, no es consumible con porción"
VHMX02659,GutBiome Test NutriADN microbiota digestiva avanzada,1 Kit,N/A,,,,na,imagen,"producto: GutBiome Test NutriADN — kit de microbiota digestiva, no es consumible con porción"
VHMX02656,Prueba genética nutriADN Avanzada NutriADN bienestar,1 Kit,N/A,,,,na,imagen,"producto: Prueba genética NutriADN Avanzada — kit genético, no es consumible con porción"
VHMX02663,Vitamina D3 + K2 Alta absorción de CellX | Favorece metabolismo del calcio | gotas 30 ml,30 ml,Gotas,1,30,750,alta,imagen,"tabla nutricional: Tamaño de la porción 1 gota (0.05 ml), Porciones por envase: 750; contenido=30ml (batch)"
VHMX02664,"Multivitamínico prenatal Diaria Mom Matter | Nutrición prenatal, contribuye al desarrollo celular | 60 cápsulas",60 cápsulas,Cápsulas,2,60,30,alta,texto,Tomar 2 cápsulas
VHMX02665,"Creatina + L-Carnitina Mommy Energy de Matter | Favorece enfoque mental, manejo del estrés | 20 sobres 10 gr",20 sobres de 10 gr,Sticks,1,20,20,alta,texto,Mezclar 1 sobre
VHMX02666,"Ácido hialurónico Peach Please de Matter | Antioxidante, hidratación y elasticidad de la piel  | 30 cápsulas",30 cápsulas,Cápsulas,1,30,30,alta,texto,Tomar 1 cápsula
VHMX02667,"Probióticos kids Probivos de Matter | Digestión saludable, apoya el sistema inmune | 30 sobres 10 gr",30 sobres 10 gr,Sticks,1,30,30,alta,texto,Mezclar 1 sobre
VHMX02668,"5-HTP + L-teanina, Moody de Matter | Contribuye enfoque, manejo del estrés  | 60 cápsulas",60 cápsulas,Cápsulas,1,60,60,alta,texto,Tomar 1 cápsula
VHMX02669,"GABA + Inositol + Glicina, Sonnol de Matter | Apoya relajación del sistema nervioso, descanso nocturno | 60 cápsulas",60 cápsulas,Cápsulas,2,60,30,alta,texto,Tomar 1 a 2 cápsulas
VHMX02670,"Probióticos LPC-37, Probivos Chill de Matter | Apoya eje intestino-cerebro | 60 cápsulas",60 cápsulas,Cápsulas,1,60,60,alta,texto,Tomar 1 cápsula
VHMX02693,Zincox Bisglicinato de Zinc Matter | Apoyo Inmune | 60 cápsulas,60 cápsulas,Cápsulas,1,60,60,alta,texto,Tomar 1 cápsula
VHMX02671,"Betaína HCl,  Betanin de Matter | Apoya función digestiva, favorece acidez gástrica adecuada  | 60 cápsulas",60 cápsulas,Cápsulas,3,60,20,alta,texto,Tomar de 1 a 3 cápsulas
VHMX02672,Probióticos Probivos Adulto de Matter | Apoya la flora y la función intestinal | 45 cápsulas,45 cápsulas,Cápsulas,2,45,22.5,alta,texto,Tomar de 1 a 2 cápsulas
VHMX02674,D-Ribosa Mito Fuel de Matter | Favorece la recuperación muscular | 20 sobres de 10 gr,20 sobres de 10 gr,Sticks,1,20,20,alta,texto,Mezclar 1 sobre
VHMX02692,Kyu10 Ubiquinol CoQ10 Matter | Energía Celular | 60 cápsulas,60 cápsulas,Cápsulas,1,60,60,alta,texto,Tomar una cápsula
VHMX02676,"Creatina Creapure Stronger de Matter | Mejora rendimiento deportivo, recuperación muscular| Sobre 224 g",224 g,Medidas,1,224,40,alta,imagen,"tabla nutricional: Tamaño de la porción 1 medida (5.596 g), Porciones por envase: 40; contenido=224g (batch)"
VHMX02691,Selix L-Selenometionina Matter | Protección y antioxidante | 60 cápsulas,60 cápsulas vegetales.,Cápsulas vegetales,1,60,60,alta,texto,Tomar una cápsula
VHMX02689,Ferral Bisglicinato Ferroso Matter | Apoyo Sanguíneo | 60 cápsulas,60 cápsulas vegetales,Cápsulas vegetales,1,60,60,alta,texto,Tomar una cápsula
VHMX02688,Folixol Metil Folato Matter | Apoyo cardiovascular| 60 cápsulas,60 cápsulas vegetales,Cápsulas vegetales,1,60,60,alta,texto,Tomar una cápsula
VHMX02677,"Electrolitos U-NIT Stronger de Matter | Favorece la recuperación, aporta hidratación | 24 sobres de 10g",24 sobres de 10 g,Sticks,1,24,24,alta,texto,Disolver el contenido de 1 sobre
VHMX02678,"Inositol + ALA Glumix de Matter | Apoya el metabolismo, menos fatiga post comida | 90 cápsulas",90 cápsulas,Cápsulas,1,90,90,alta,texto,Tomar 1 cápsula
VHMX02679,"Colágeno, Ossforte de Matter | Apoya huesos y articulaciones | Polvo 300 g",300 g,Medidas,1,300,30,alta,imagen,"tabla nutricional: Tamaño de la porción 1 medida (10 g), Porciones por envase: 30; contenido=300g (batch)"
VHMX02680,"Rhodiola, Cordyceps y Ginseng, UP de Matter | Energía física y mental | 90 cápsulas",90 cápsulas,Cápsulas,1,90,90,alta,texto,Tomar 1 cápsula
VHMX02681,"CoQ10 Ultra DTX de Matter | Detox celular, favorece la función hepática | 7 sobres de 30 g",7 sobres de 30 g,Sticks,1,7,7,alta,texto,Mezclar 1 sobre
VHMX02682,"Ácido Alfa Lipoico + NAC Cleantox de Matter | Favorece el metabolismo, apoyo detox antioxidante  | 120 cápsulas",120 cápsulas,Cápsulas,1,120,120,alta,texto,Tomar 1 cápsula
VHMX02687,Alca-C Vitamina C Alcalina Matter | Antioxidante | 120 tabletas,120 tabletas masticables,Tabletas masticables,1,120,120,alta,texto,masticar una tableta
VHMX02686,D-Fence Matter Echinacea y Saúco | Soporte Inmunológico | 60 cápsulas,60 cápsulas vegetales,Cápsulas vegetales,2,60,30,alta,texto,Tomar dos cápsulas
VHMX02683,"Bacopa + Fosfatidilserina y CoQ10, Brainy de Matter | Favorece la memoria y concentración | 60 cápsulas",60 cápsulas,Cápsulas,1,60,60,alta,texto,Tomar 1 cápsula
VHMX02694,"Glucosamina BONES de Matter | Bienestar animal, huesos, cartilago y articulaciones | Polvo 350 g",350 g,Medidas,1,350,70,alta,imagen,"etiqueta: Tamaño de la porción 1 Scoop (5g), Porciones por envase 70"
VHMX02684,Colestin Levadura Roja de Arroz Matter | Soporte Cardiovascular | 90 cápsulas,90 cápsulas,Cápsulas,2,90,45,alta,texto,tomar dos cápsulas
VHMX02673,"Zinc Pepcil GI de Matter | Bienestar digestivo, favorece la mucosa gástrica | 60 cápsulas",60 cápsulas,Cápsulas,1,60,60,alta,texto,Tomar 1 cápsula
VHMX02675,"Hello Flat de Matter | Bienestar digestivo, confort abdominal | 60 cápsulas",60 cápsulas,Cápsulas,2,60,30,alta,texto,Tomar 1 a 2 cápsulas
VHMX02685,"DIMpulse de Matter | Equilibrio hormonal, favorece metabolismo de estrógenos | 60 cápsulas",60 cápsulas,Cápsulas,1,60,60,alta,texto,Tomar 1 cápsula
VHMX02690,Vitamina D3 K2 Desol-K de Matter | Fortalece Huesos y Sistema Inmune | Frasco con 30ml,30 ml,Gotas,1,30,780,alta,imagen,"etiqueta: Tamaño de la porción 1 gota (0.038 ml), Porciones por envase 780"
VHMX02695,"Omega 3 mascotas Complete OMG-3 de Matter | Piel y pelaje, movilidad articular |  450 ml",450 ml,ml,1.5,450,300,alta,imagen,"etiqueta: Tamaño de la porción 1 bombo (1.5 ml), Porciones por envase 300"
VHMX02696,"Vitamina D3 + C + Zinc de Bioflora | Apoya el sistema inmune, respuesta al estrés oxidativo | 35 cápsulas",35 cápsulas,Cápsulas,1,35,35,alta,texto,Tomar una cápsula
VHMX02697,"Black Cohosh + Vitex Equilibrium de Menoglow | Equilibrio hormonal, bienestar en menopausia | 30 cápsulas",30 cápsulas,Cápsulas,1,30,30,alta,texto,Tomar una cápsula
VHMX02698,"GABA L-Teanina Luz de Luna de Menoglow | Contribuye al manejo del estrés, relajación | 60 cápsulas",60 cápsulas,Cápsulas,2,60,30,alta,texto,Tomar de una a dos cápsulas
VHMX02699,"Maca Black Cohosh Fuego de Venus de Menoglow | Equilibrio hormonal, bienestar femenino | 90 cápsulas",90 cápsulas,Cápsulas,3,90,30,alta,texto,Tomar de una a tres cápsulas
VHMX02700,"Elderberry Sambucus Jarabe de Nature’s Answer | Apoya el sistema inmune, bienestar general | 120 ml",120 ml,Cucharaditas,2,120,12,alta,imagen,"etiqueta: Serving Size 2 Teaspoons (10 mL), Servings Per Container 12"
VHMX02701,"Isoflavonas 45+ Femme de B-fit  | Equilibrio femenino, apoya etapa de menopausia  | 60 cápsulas",60 cápsulas,Cápsulas,2,60,30,alta,texto,Tomar 2 cápsulas
VHMX02702,"Colágeno B-fit | Apoya elasticidad de la piel, cabello y uñas | Polvo 360g",360 g,Medidas,2,360,30,alta,imagen,"etiqueta nutrimental: Tamaño de la porción 2 cápsula [sic, polvo = 2 scoops], Porciones por envase 30; img_2 confirma 2 scoop (12g)"
VHMX02703,"Cúrcuma Dig3-ST B-fit | Apoya metabolismo digestivo, confort abdominal | 90 cápsulas",90 cápsulas,Cápsulas,2,90,45,alta,texto,Tomar 2 cápsulas
VHMX02704,"Cola de caballo Diuren de B-fit | Apoya bienestar general, sistema urinario | 60 cápsulas",60 cápsulas,Cápsulas,2,60,30,alta,texto,Tomar 2 cápsulas
VHMX02706,"Creatina monohidratada pura B-fit | Apoya fuerza muscular, rendimiento físico | Polvo 450 g",450 g,Medidas,1,450,90,media,imagen,"etiqueta frente: 1 medida (5g aprox.), sin etiqueta nutrimental legible con porciones; dosis_totales calculado: 450g ÷ 5g = 90"
VHMX02705,Intimelle B-fit Probióticos Femeninos | Bienestar Íntimo y Digestivo | 60 cápsulas,60 cápsulas,Cápsulas,2,60,30,alta,imagen,"etiqueta: Tamaño de la porción 2 cápsulas (0.76g), Porciones por envase 30; frasco con 60 cápsulas"
VHMX02708,"Magnesio marino B-fit | Apoya relajación muscular, sistema nervioso | 90 cápsulas",90 cápsulas,Cápsulas,1,90,90,alta,texto,Tomar 1 cápsula
VHMX02707,Inositol B-fit Myo & D-Chiro | Apoyo Hormonal Femenino | 369g,369 g (90 días),Medidas,1,369,30,alta,imagen,"etiqueta: Tamaño de la porción 4.1g (1 medida), Porciones por envase 30"
VHMX02710,"NAD+ 500 mg B-fit | Apoya energía celular, metabolismo | 90 cápsulas",90 cápsulas,Cápsulas,1,90,90,alta,texto,Tomar 1 cápsula
VHMX02712,"Ositos de Jamaica Chile Delou | Snack práctico, sin azúcar |  Gomitas 40 g",40 g,Gramos,100,40,,media,imagen,"etiqueta: Tamaño por porción 100g, porciones por envase aprox. 0.4 (pack de 40g); snack tipo gomita, porción de referencia mayor al envase — dosis_totales no aplica"
VHMX02711,"Resveratrol B-fit 1200 mg | Apoya defensa antioxidante, bienestar celular | 120 cápsulas",120 cápsulas,Cápsulas,2,120,60,alta,texto,Tomar 2 cápsulas
VHMX02709,M-Bella B-fit Multivitamínico Mujer | Balance y Vitalidad | 60 cápsulas,60 cápsulas,Cápsulas,2,60,30,alta,texto,Tomar 2 cápsulas
VHMX02715,"Multivitamínico Women’s 50+ Premium Gummies Alive! Nature’s Way | Apoya el bienestar óseo, metabolismo energético | 75 g",75 gomitas,Gomitas,3,75,25,alta,texto,Masticar 3 gomitas
VHMX02716,Magnesio Glicinato y Lisinato Doctor's Best | Funcionamiento normal del sistema nervioso | 120 Tabletas,120 tabletas,Tabletas,2,120,60,alta,texto,tomarlo? Tomar 2 tabletas
VHMX02717,"Zinc L-Carnosina PepZin GI Doctor's Best | Renovación celular, bienestar digestivo | 120 Cápsulas vegetales",120 cápsulas vegetales,Cápsulas vegetales,2,120,60,alta,texto,tomarlo? Tomar 2 cápsulas
VHMX02718,"Coenzima Q10 High Absorption Doctor's Best 100 mg | Bienestar cardiovascular, energía celular | 120 Cápsulas Blandas",120 cápsulas vegetales,Softgels,1,120,120,alta,imagen,"etiqueta: Serving Size 1 Softgel, Servings Per Container 120"
VHMX02719,"Complejo B Activo Doctor's Best | Producción de energía diaria, bienestar celular | 60 Cápsulas Vegetales",60 cápsulas,Cápsulas,1,60,60,alta,texto,Tomar 1 cápsula vegetal
VHMX02720,"Omega 3, OmegaPure 820 de Xymogen EPA DHA | Bienestar Cardiovascular, función cognitiva | 120 Cápsulas Blandas",120 Cápsulas Blandas,Softgels,2,120,60,alta,texto,Tomar 2 cápsulas blandas
VHMX02721,"Magnesio Glicinato y Malato OptiMag 125 de Xymogen | Relajación y el descanso, sistema nervioso | 120 Cápsulas Vegetales",120 Cápsulas Vegetales,Cápsulas vegetales,2,120,60,alta,texto,Tomar 2 cápsulas
VHMX02722,"Magnesio Treonato OptiMag Neuro Xymogen | Favorece memoria y concentración, sistema nervioso  | Polvo 75 g",75 g,Medidas,1,75,30,alta,imagen,"etiqueta: Serving Size 1 Scoop (about 2.5g), Servings Per Container About 30"
VHMX02723,"Omega 3 y CoQ10 CoQmax Ubiquinol Xymogen | Bienestar cardiovascular, antioxidante | 60 Cápsulas Blandas",60 cápsulas vegetales,Softgels,1,60,60,alta,imagen,"etiqueta: Serving Size 1 Softgel, Servings Per Container 60"
VHMX02724,"RelaxMax Xymogen Myo Inositol GABA y L-Teanina | Equilibrio emocional, relajación diaria | Polvo 234 g",234 g,Medidas,1,234,60,alta,imagen,"etiqueta: Serving Size 1 Scoop (about 3.9g), Servings Per Container About 60"
VHMX02725,"MedCaps T3 Xymogen | Soporte Tiroideo, equilibrio hormonal  | 120 Cápsulas Vegetales",120 Cápsulas Vegetales,Cápsulas vegetales,2,120,60,alta,texto,Tomar 2 cápsulas vegetales
VHMX02726,Proteína Vegana con Probióticos Habits | Digestión y Recuperación | Polvos 488 gr,488 gr / Vanilla,Medidas,1,488,16,alta,imagen,"etiqueta: Tamaño de porción 30.5g (1 medida), Porciones por envase 16 aprox."
VHMX02727,Proteína Vegana con Probióticos Habits | Digestión y Recuperación | Polvos 488 gr,488 gr / Natural,Medidas,1,488,16,alta,imagen,"mismo producto/formato que VHMX02726 (variante Natural); etiqueta: 30.5g (1 medida), 16 porciones aprox."
VHMX02728,Proteína Vegana con Probióticos Habits | Digestión y Recuperación | Polvos 488 gr,488 gr / Cacao,Medidas,1,488,16,alta,imagen,"mismo producto/formato que VHMX02726 (variante Cacao); etiqueta: 30.5g (1 medida), 16 porciones aprox."
VHMX02729,Proteína Vegana con Probióticos Habits | Digestión y Recuperación | Polvos 488 gr,488 gr / Maca Cacao,Medidas,1,488,16,alta,imagen,"mismo producto/formato que VHMX02726 (variante Maca Cacao); etiqueta: 30.5g (1 medida), 16 porciones aprox."
VHMX02730,Proteína Vegana con Probióticos Habits | Digestión y Recuperación | Polvos 488 gr,488 gr / Matcha vainilla,Medidas,1,488,16,alta,imagen,"mismo producto/formato que VHMX02726 (variante Matcha Vainilla); etiqueta: 30.5g (1 medida), 16 porciones aprox."
VHMX02731,Proteína Vegana con Probióticos Habits | Digestión y Recuperación | Polvos 488 gr,488 gr / Macchiato,Medidas,1,488,16,alta,imagen,"mismo producto/formato que VHMX02726 (variante Macchiato); etiqueta: 30.5g (1 medida), 16 porciones aprox."
VHMX02737,"Proteína Vegana AMZ Isolated | Mantenimiento de la masa muscular, recuperación | Polvo 925g",925G / Vainilla,Cucharadas,1,925,28,alta,imagen,"etiqueta: Tamaño de porción 1 cucharada (33g), Porciones por envase 28 aprox.; frente confirma 28 servs"
VHMX02736,"Proteína Vegana AMZ Isolated | Mantenimiento de la masa muscular, recuperación | Polvo 925g",925G / Chocolate,Cucharadas,1,925,28,alta,imagen,"etiqueta: Tamaño de porción 1 Cucharada (33g), Porciones por envase 28, Cont. Net. 925g"
VHMX02752,"Proteína Vegana AMZ Isolated | Mantenimiento de la masa muscular, recuperación | Polvo 925g",925G / Lata de chocolate,Cucharadas,1,925,28,alta,imagen,"mismo producto que VHMX02736 (misma lata AMZ Vegan Isolated 925g), etiqueta: 1 Cucharada (33g), 28 porciones"
VHMX02753,"Proteína Vegana AMZ Isolated | Mantenimiento de la masa muscular, recuperación | Polvo 925g",925G / Lata de vainilla,Cucharadas,1,925,28,alta,imagen,"mismo producto que VHMX02736 (misma lata AMZ Vegan Isolated 925g), etiqueta: 1 Cucharada (33g), 28 porciones"
VHMX02738,Pre Workout AMZ Sabor Sandía Polvo | Rendimiento Deportivo | 450g,450G / Uva,Medidas,1,450,30,alta,imagen,"etiqueta: Tamaño de porción 1 Cucharada (15g) / Serving Size 1 scoop (15g), Servings per container 30, 450g"
VHMX02739,Pre Workout AMZ Sabor Sandía Polvo | Rendimiento Deportivo | 450g,450G / Sandía,Medidas,1,450,30,alta,imagen,"mismo producto que VHMX02738 (AMZ Pre Workout 450g), etiqueta: 1 scoop (15g), 30 porciones"
VHMX02740,Pre Workout AMZ Sabor Sandía Polvo | Rendimiento Deportivo | 450g,450G / Ponche de frutas,Medidas,1,450,30,alta,imagen,"mismo producto que VHMX02738 (AMZ Pre Workout 450g), etiqueta: 1 scoop (15g), 30 porciones"
VHMX02741,"Ashwagandha KSM-66® con L-Teanina CellX | Favorece la relajación, equilibrio emocional | 60 Cápsulas",60 cápsulas,Cápsulas,1,60,60,alta,texto,Tomar 1 cápsula
VHMX02742,"Berberina HCl con Ácido alfa lipoico (ALA), Berberine Synergy™ de Designs for Health | Energía celular, equilibrio metab",60 Cápsulas Vegetales,Cápsulas vegetales,1,60,60,alta,texto,Tomar 1 cápsula
VHMX02743,"Ultra Omega-3 Fish Oil 500 EPA / 250 DHA de NOW Foods | Funcionamiento cardiovascular, cognitiva y memoria | 180 cápsula",180 cápsulas blandas,Softgels,1,180,180,alta,texto,Tomar 1 softgel
VHMX02744,"L-Tirosina Thyroid Energy de Now Foods |  Metabolismo energético, síntesis de hormonas tiroideas | 90 Cápsulas Vegetales",90 cápsulas vegetales,Cápsulas vegetales,2,90,45,alta,texto,Tomar 2 cápsulas vegetales
VHMX02745,"Selenio 200 mcg de NOW Foods | Protección antioxidante, funcionamiento normal de la tiroides | 180 cápsulas vegetales",180 cápsulas vegetales,Cápsulas vegetales,1,180,180,alta,texto,Tomar 1 cápsula vegetal
VHMX02746,"Enzimas Digestivas, Enhanced Super Digestive Enzymes de Life Extension |  Absorción de nutrientes, confort digestivo | 6",60 Cápsulas vegetales,Cápsulas vegetales,1,60,60,alta,texto,Tomar 1 cápsula vegetariana
VHMX02747,"Extracto de Cardo Mariano, Silimarina Liver Refresh de NOW Foods | Funcionamiento normal del hígado, antioxidante celula",90 cápsulas vegetales,Cápsulas vegetales,3,90,30,alta,texto,Tomar 3 cápsulas vegetales
VHMX02749,"L-Glutamina en Polvo de NOW Sports 5000 mg | Mantenimiento de la masa muscular, bienestar intestinal | 170 g 34 Porcione",170g,Cucharaditas,1,170,34,alta,imagen,"etiqueta: Serving Size 1 Rounded Teaspoon (approx. 5g), Servings Per Container about 34, 170g"
VHMX02756,"FertiHim de NutriADN con L-Carnitina, CoQ10 y DHA | Nutrición masculina, planificación reproductiva | 120 cápsulas",120 cápsulas,Cápsulas,4,120,30,alta,texto,Tomar 4 cápsulas
VHMX02755,"Probióticos Premium All-In-One 50 Billion de Birdman | Cuidado Digestivo,  sistema inmune  | 60 cápsulas",60 Cápsulas,Cápsulas,1,60,60,alta,texto,Tomar 1 cápsula
VHMX02757,"Mind Support de NutriADN Bitartrato de Colina y DHA | Fórmula para memoria, concentración y rendimiento cognitivo | 60 c",60 cápsulas,Cápsulas,1,60,60,alta,texto,Tomar 1 cápsula
VHMX02758,"D3 400 UI + K2 de NutriADN | Mantenimiento de huesos y dientes, sistema inmunológico | 30 ml",30 ml,Gotas,1,30,900,alta,imagen,"etiqueta: Tamaño de la porción 1 gota (0.033 ml), Porciones por envase 900 porciones, 30 ml"
VHMX02759,"Superóxido Dismutasa, SOD Booster de  Life Extension  | Apoya la protección antioxidante | 30 Cápsulas",30 cápsulas,Cápsulas vegetales,1,30,30,alta,texto,Tomar 1 cápsula vegetariana
VHMX02760,"Electrolitos U-NIT de Matter | Favorece la recuperación, aporta hidratación | 27 sobres de 7 g",27 sobres de 7 g,Sticks,1,27,27,alta,texto,Disolver el contenido de un sobre
VHMX02762,"Benfotiamina 250 mg + B1 Life Extension | Sistema nervioso, metabolismo energético | 120 Cápsulas",120 Cápsulas,Cápsulas,1,120,120,alta,texto,Tomar 1 cápsula
VHMX02763,Aceite de Borraja 1000 mg GLA de NOW Foods | Equilibrio y bienestar de la piel | 60 cápsulas blandas,60 cápsulas blandas,Softgels,1,60,60,alta,imagen,"etiqueta: Serving Size 1 Softgel, 60 softgels (sin porciones explícitas, dosis_totales calculado: 60÷1=60)"