product_id,product_title,variant_id,variant_title,sku,ean,price_mxn,cost_mxn,brand,vendor_shopify,commission_percent
9664815661377,Ácido Hialurónico + Magnesio 300mg por porción de 5H8 Nutrición | Cuidado y Elasticidad de la Piel - Longevidad | 60 Cápsulas,49177755025729,60 cápsulas,VHMX01392,7500463823374,299.25,,5H8 Nutrition,5H8 Nutrition,0
9664846135617,"Ashwagandha, Passiflora, Valeriana y Manzanilla 600mg Calm de 5H8 Nutrition | Promueve el buen Sueño y Descanso - Relajación Física y Mental | 90 Cápsulas",49177927942465,90 cápsulas,VHMX01396,7502287150216,239.25,,5H8 Nutrition,5H8 Nutrition,0
9665230831937,Canela Orgánica y Picolinato de Cromo 800mg por porciónde 5H8 Nutrition - Cinnamon | Acción Antiinflamatoria | 90 Cápsulas,49180147351873,90 cápsulas,VHMX01410,7502287150339,224.25,,5H8 Nutrition,5H8 Nutrition,0
9666445738305,CLA (Ácido Linoleico Conjugado) 2000mg por porción de 5H8 Nutrition | Promueve la función Metabólica - Acción Antioxidante y Antiinflamatoria | 90 Cápsulas,49184329892161,90 cápsulas,VHMX01393,7502287150001,224.25,,5H8 Nutrition,5H8 Nutrition,0
9664820478273,CLA + L-Carnitina 4500mg por porción 5H8 Nutrition | Diseñado para potenciar la acción termogénica del cuerpo | 90 Cápsulas Blandas,49177768001857,90 cápsulas,VHMX01412,7502287150230,374.25,,5H8 Nutrition,5H8 Nutrition,0
9664812351809,Coenzima Q10 + Cúrcuma + Vitamina D y Magnesio 1200mg por porción de 5H8 Nutrition | Función Muscular y Cardiovascular | 90 cápsulas,49177721110849,90 cápsulas,VHMX01391,7500463823312,291.75,,5H8 Nutrition,5H8 Nutrition,0
9665175421249,"Colágeno, Ácido hialurónico, Biotina y Vitamina E 500mg Beauty de 5H8 Nutrition | Cuidado del Cabello, Piel y Uñas | 90 Cápsulas",49179900739905,90 cápsulas,VHMX01398,7502287150186,239.25,,5H8 Nutrition,5H8 Nutrition,0
9664720961857,"Complejo de Hongos Adaptógenos 500mg de 5H8 Nutrition |  Ayuda a aumentar la resistencia al estrés, mejora la energía y el enfoque mental | 90 cápsulas",49836371673409,90 cápsulas,VHMX01389,7502287150445,246.75,,5H8 Nutrition,5H8 Nutrition,0
9665178665281,Cordyceps Hongo Adaptógeno 450mg con Magnesio de 5H8 | Promueve la función Respiratoria - Inmunológica | 90 Cápsulas,49179920007489,90 cápsulas,VHMX01400,7502287150407,246.75,,5H8 Nutrition,5H8 Nutrition,0
9665207402817,"FLEX Glucosamina, Condroitina, Calcio y Colágeno 650mg de 5H8 Nutrition |  Fortalece huesos y articulaciones | 90 Cápsulas",49180057272641,90 cápsulas,VHMX01405,7502287150193,239.25,,5H8 Nutrition,5H8 Nutrition,0
9665187643713,Fruto de Árandano + Vitamina C y E 950mg por porción de 5H8 Nutrition | Antioxidante - Apoya la función del tracto urinario | 90 Cápsulas,49179969126721,90 cápsulas,VHMX01415,7502287150322,224.25,,5H8 Nutrition,5H8 Nutrition,0
9665222377793,Glucosamina + Condroitina 1180mg por porción de 5H8 Nutrition | Apoyo para el Bienestar de Huesos y Articulaciones | 90 Cápsulas,49180109144385,90 cápsulas,VHMX01408,7502287150025,224.25,,5H8 Nutrition,5H8 Nutrition,0
9664715587905,"Glutatión + Cardo Mariano + Ácido Alfa Lipoico 850mg por porción de 5H8 Nutrition | Longevidad, Sistema Inmune | 60 cápsulas",49177433178433,60 cápsulas,VHMX01387,7502287150346,374.25,,5H8 Nutrition,5H8 Nutrition,0
9664849969473,"Gomitas de Vinagre de Manzana 6g por porción de 5H8 Nutrition | Bienestar Digestivo, Detoxificación - Control de peso | 60 gomitas - Sabor Manzana",49177949405505,60 gomitas,VHMX01414,7502287150094,231.75,,5H8 Nutrition,5H8 Nutrition,0
9665179287873,"Hongo Adaptógeno Melena de León y Magnesio 400mg de 5H8 Nutrition | Función Cognitiva, Memoria - Concentración | 90 cápsulas",49179925938497,90 cápsulas,VHMX01401,7502287150414,246.75,,5H8 Nutrition,5H8 Nutrition,0
9665203667265,"Hongo Adaptógeno Shilajit, Acaí, Semilla de Uva 500mg de 5H8 Nutrition | Antioxidante, Antiinflamatorio | 90 Cápsulas",49180039414081,90 cápsulas,VHMX01411,7502287150438,246.75,,5H8 Nutrition,5H8 Nutrition,0
9665225556289,L-Carnitina + Vitamina C 500mg de 5H8 Nutrition | Diseñado para potenciar la energía y apoyar el control de peso | 120 Cápsulas,49180126937409,120 cápsulas,VHMX01409,7502287150179,224.25,,5H8 Nutrition,5H8 Nutrition,0
9664709853505,"Magnesio COMPLEX : Citrato, Glicinato, Gluconato, Óxido de Magnesio 680mg de 5H8 Nutrition | Apoyo de la función Ósea, Muscular - Energía y Descanso | 120 Cápsulas",49177410339137,120 cápsulas,VHMX01386,7502287150131,224.25,,5H8 Nutrition,5H8 Nutrition,0
9664755138881,Multivitamínico con Minerales 600mg - Multi Vit de 5H8 Nutrition | Bienestar General y Energía | 90 Cápsulas,49177499107649,90 cápsulas,VHMX01390,7500463823350,224.25,,5H8 Nutrition,5H8 Nutrition,0
9666535194945,Myo Inositol + D-Chiro Inositol 2.04g por porción de 5H8 Nutrition | Apoya el equilibrio hormonal en hombres y mujeres | 120 Cápsulas,49184487145793,120 cápsulas,VHMX01403,7502287150476,299.25,,5H8 Nutrition,5H8 Nutrition,0
9666515403073,"Myo Inositol 550mg con colágeno hidrolizado +Biotina de 5H8 | Promueve el equilibrio hormonal, mejorando la sensibilidad a la insulina | 90 cápsulas",49836373049665,90 cápsulas,VHMX01404,7502287150469,224.25,,5H8 Nutrition,5H8 Nutrition,0
9666367586625,"NAD+, Quercetina y Resveratrol 375mg de 5H8 | Regenerador celular - Promueve la Longevidad y la Resistencia Física | 90 cápsulas",49184201605441,90 cápsulas,VHMX01402,7502287150452,336.75,,5H8 Nutrition,5H8 Nutrition,0
9664711524673,"Omega 3 - EPA + DHA 1440MG Fish Oil de 5H8 Nutrition | Apoyo Cardiovascular, Ocular, Cerebral | 90 Cápsulas",49177417810241,90 cápsulas,VHMX01388,7502287150124,224.25,,5H8 Nutrition,5H8 Nutrition,0
9665177551169,Reishi Hongo Adaptógeno 500mg de 5H8 Nutrition | Ayuda a reducir el estrés y la ansiedad | 90 cápsulas,49836372590913,90 cápasulas,VHMX01399,7502287150421,246.75,,5H8 Nutrition,5H8 Nutrition,0
9665213595969,"Resveratrol, Biotina, Vitamina C y Selenio 1160mg por porción de 5H8 Nutrition | Apoyo Cardiovascular - Longevidad | 90 Cápsulas",49180074639681,90 cápsulas,VHMX01407,7500463823305,306.75,,5H8 Nutrition,5H8 Nutrition,0
9664829587777,Vinagre de Manzana + Magnesio 500mg de 5H8 Nutrition | Formulado para apoyar la detoxificación del cuerpo y promover el control de peso | 120 Cápsulas,49177844351297,120 cápsulas,VHMX01394,7500463823398,224.25,,5H8 Nutrition,5H8 Nutrition,0
9665210712385,"Vinagre de Manzana, Cúrcuma, Cardo Mariano y Aloe Vera DTOX de 5H8 Nutrition | Bienestar Digestivo - Desintoxicación | 90 Cápsulas",49180065988929,90 cápsulas,VHMX01406,7502287150223,239.25,,5H8 Nutrition,5H8 Nutrition,0
9665184432449,"Vitamina B1, B6, Calcio, Magnesio y Enzimas Digestivas NZ Max Plus de 5H8 Nutrition | Apoyo de la función Articular y Ósea | 120 Cápsulas",49179953987905,120 cápsulas,VHMX01413,7502287150155,231.75,,5H8 Nutrition,5H8 Nutrition,0
9664700842305,Vitamina C + Magnesio 500mg de 5H8 Nutrition - C 300 | Fortalece el Sistema Inmune - Antioxidante | 120 Cápsulas,49177376096577,120 cápsulas,VHMX01385,7502287150070,187.5,,5H8 Nutrition,5H8 Nutrition,0
9664841515329,"Zinc, Vitamina B1 y B6 250mg de 5H8 Nutrition ZN 20 | Refuerza el Sistema Inmune, la Piel - Energía | 120 Cápsulas",49177898746177,120 cápsulas,VHMX01395,7502287150087,149.25,,5H8 Nutrition,5H8 Nutrition,0
9655481368897,Enzimas Digestivas Ciruela y Papaya Happibelly 05 ABITÜ | Bienestar Digestivo Diario | 30 Cápsulas Veganas,49836370428225,30 cápsulas,VHMX01372,07500464505859,509.15,,Abitu,Abitu,0
9655469736257,Glicinato de Magnesio 560mg Alta Biodisponibilidad de Abitu | Relajación Muscular y Nerviosa| 30 cápsulas veganas,49836370297153,30 cápsulas,VHMX01371,07500464505842,440.3,,Abitu,Abitu,0
9685069857089,Arándano Negro 500mg de Adaptoheal | Apoyo saludable para el Tracto Urinario - Antioxidante Natural | 150 Cápsulas Vegetales,49259776147777,150 cápsulas,VHMX01453,7503028754403,608.75,,AdaptoHeal,AdaptoHeal,0
9685075984705,"Ashwagandha 500mg de Adapto Heal | Reduce Cortisol, Balance Hormonal | 150 Cápsulas Vegetales",49259792826689,150 cápsulas,VHMX01454,7555964253960,575.78,,AdaptoHeal,AdaptoHeal,0
9685081129281,Astrágalo 500mg de Adapto Heal | Refuerzo del Sistema Inmune - Antioxidante | 150 Cápsulas Vegetales,49259824251201,150 cápsulas,VHMX01455,7503028754137,682.57,,AdaptoHeal,AdaptoHeal,0
9686364094785,Cardo Mariano 500mg de Adapto Heal CRDM | Formulado para promover la detoxificación del hígado y apoyar la función hepática | 150 Cápsulas Vegetales,49263466086721,150 cápsulas,VHMX01456,7503028754229,676.13,,AdaptoHeal,AdaptoHeal,0
9687506813249,"Castaño de Indias 500mg de Adapto Heal | Apoyo Cardiovascular, Circulación Sanguínea | 150 Cápsulas Vegetales",49267372294465,150 cápsulas,VHMX01458,7555333142383,787.39,,AdaptoHeal,AdaptoHeal,0
9686557393217,Chitosan 500mg de Adapto Heal - Fibra Natural para el Control de Peso - Metabolismo Saludable | 150 Cápsulas Vegetales,49264179118401,150 cápsulas,VHMX01459,7503028754304,1244.18,,AdaptoHeal,AdaptoHeal,0
9686489825601,Citrato de Magnesio 500mg de Adapto Heal | Promueve la relajación muscular - Ayuda a reducir calambres y tensiones | 150 Cápsulas Vegetales,49263905243457,90 cápsulas,VHMX01460,7503028754359,741.63,,AdaptoHeal,AdaptoHeal,0
9686508929345,"Colágeno Hidrolizado 500mg de Adapto Heal HIC | Cuidado de la Piel, Cabello y Uñas - Articulaciones | 150 Cápsulas Vegetales",49263952789825,150 cápsulas,VHMX01461,7503028754373,694.63,,AdaptoHeal,AdaptoHeal,0
9687482138945,Cordyceps Hongo Adaptógeno 500mg de Adapto Heal | Refuerza el sistema inmunológico - Promueve la función respiratoria | 150 Cápsulas Vegetales,49267226706241,150 cápsulas,VHMX01462,7503028754267,1004.03,,AdaptoHeal,AdaptoHeal,0
9687490822465,DHEA 100mg de Adaptoheal | Fortalecimiento Óseo y Longevidad | 150 Cápsulas Vegetales,49267288932673,150 cápsulas,VHMX01463,7503028754311,1724.44,,AdaptoHeal,AdaptoHeal,0
9687496425793,Diente de León 500mg de Adaptoheal | Bienestar Digestivo - Desintoxicación | 150 Cápsulas Vegetales,49267327992129,150 cápsulas,VHMX01464,7503028754205,528.98,,AdaptoHeal,AdaptoHeal,0
9687532732737,Dong Quai 500mg de Adaptoheal | Diseñado para apoyar la función hormonal y reproductiva femenina | 150 Cápsulas Vegetales,49267513327937,150 cápsulas,VHMX01465,7503028754342,797,,AdaptoHeal,AdaptoHeal,0
9687552000321,Equinácea 500mg de Adaptoheal | Apoyo de la función Inmunitaria - Propiedades Antiinflamatorias | 150 Cápsulas Vegetales,49267596067137,150 cápsulas,VHMX01466,7503028754113,616.13,,AdaptoHeal,AdaptoHeal,0
9692755722561,Extracto de Palo de Arco Hierba -  500mg de Adaptoheal |  Apoyo al sistema inmunológico - Mantener el cuerpo libre de radicales libres | 150 Cápsulas Vegetales,49290686628161,150 cápsulas,VHMX01482,7503028754236,589.07,,AdaptoHeal,AdaptoHeal,0
9687567171905,Ginkgo Biloba 500mg de Adaptoheal | Apoyo de la función Cerebral - Antioxidante | 150 Cápsulas Vegetales,49267698696513,150 cápsulas,VHMX01468,7503028754397,568.32,,AdaptoHeal,AdaptoHeal,0
9689023021377,Ginseng Brasileño 500mg de Adaptoheal | Bienestar Mental y Cognitivo - Fortalece Sistema Inmunológico | 150 Cápsulas Vegetales,49276763111745,150 cápsulas,VHMX01469,7503028754090,792.66,,AdaptoHeal,AdaptoHeal,0
9688996020545,Ginseng Siberiano 500mg de Adaptoheal | Formulado para aumentar la energía y apoyar la resistencia al estrés | 150 Cápsulas Vegetales,49276661793089,150 cápsulas,VHMX01471,7503028754069,1068.99,,AdaptoHeal,AdaptoHeal,0
9692129460545,Golden Seal Hierba 500mg Adaptoheal | Promueve la función Inmune y Digestiva | 150 Cápsulas Vegetales,49288416166209,150 cápsulas,VHMX01472,7503028754007,896.84,,AdaptoHeal,AdaptoHeal,0
9689052905793,Gotu Kola  Adaptóheal  | Potencia la Energía - Promueve la función Cognitiva y la Memoria | 150 Cápsulas Vegetales,49276835987777,150 cápsulas,VHMX01473,7503028754199,568.32,,AdaptoHeal,AdaptoHeal,0
9692150104385,Hierba del Sapo SHERB Adaptoheal | Apoyo de la función Cardiovascular y Hepática | 150 Cápsulas Vegetales,49288528757057,150 cápsulas,VHMX01474,7503028754298,820.96,,AdaptoHeal,AdaptoHeal,0
9692160098625,Leuzea Adaptógena LZCTA Adaptoheal - Hierba | Potencia la Energía y Resistencia Física | 150 Cápsulas Vegetales,49288569585985,150 cápsulas,VHMX01475,7503028754021,579.92,,AdaptoHeal,AdaptoHeal,0
9687572185409,Maca peruana MAK Adaptoheal 500 mg  | Apoyo de la función Hormonal y Sexual | 150 Cápsulas Vegetales,49267731267905,150 cápsulas,VHMX01476,7503028754045,580.21,,AdaptoHeal,AdaptoHeal,0
9692694446401,Melissa cápsulas Adaptoheal 500 mg | Propiedades calmantes que ayudan a reducir el estrés y promover la relajación | 150 Cápsulas Vegetales,49290415014209,150 cápsulas,VHMX01477,7503028754250,713.58,,AdaptoHeal,AdaptoHeal,0
9665674445121,"MSM (metilsulfonilmetano) 500mg de Adaptoheal | Fortalece Articulaciones, Cabello, Piel y Uñas | 150 Cápsulas Vegetales",49181650780481,150 cápsulas,VHMX01451,7503028754366,632.57,,AdaptoHeal,AdaptoHeal,0
9692723675457,Noni en cápsulas 500 mg Adaptoheal | Propiedades antioxidantes y antiinflamatorias - Sistema Inmune | 150 Cápsulas Vegetales,49290551394625,150 cápsulas,VHMX01479,7503028754182,539.8,,AdaptoHeal,AdaptoHeal,0
9692728197441,Ñame Silvestre SILV Adaptoheal 500 mg  | Propiedades para equilibrar los niveles hormonales y aliviar síndrome premenstrual y menopausia | 150 Cápsulas Vegetales,49290564272449,150 cápsulas,VHMX01480,7503028754335,514.09,,AdaptoHeal,AdaptoHeal,0
9689079972161,Raíz de Suma SU 500mg  Adaptóheal | Incrementa la Energía y Vitalidad - Refuerza Sistema Inmune | 150 Cápsulas Vegetales,49276934783297,150 cápsulas,VHMX01488,7503028754106,953.48,,AdaptoHeal,AdaptoHeal,0
9692759523649,Reishi RSHI Adaptoheal 500mg  | Refuerzo del sistema inmunológico - Estrés y calidad del sueño | 150 Cápsulas Vegetales,49290700751169,150 cápsulas,VHMX01483,7503028754120,812,,AdaptoHeal,AdaptoHeal,0
9692742779201,Rhodiola Rosea 500mg Adaptoheal | Resistencia al Estrés y Vitalidad | 150 Cápsulas Vegetales,49290614145345,150 cápsulas,VHMX01481,7503028754441,575.78,,AdaptoHeal,AdaptoHeal,0
9692777939265,"Salvia SVIA 500 mg Adaptoheal | Apoyo a la función Cognitiva, Memoria y Concentración | 150 Cápsulas Vegetales",49290764779841,150 cápsulas,VHMX01484,7503028754380,938.55,,AdaptoHeal,AdaptoHeal,0
9688617386305,Saw Palmetto SWTO 500 mg Adaptoheal | Apoya la función de la próstata - Bienestar Masculino | 150 Cápsulas Vegetales,49275051311425,150 cápsulas,VHMX01485,7503028754243,906.93,,AdaptoHeal,AdaptoHeal,0
9692236874049,Schizandra SHINR 500 mg Adaptoheal | Promueve el bienestar Hepático y la Vitalidad | 150 Cápsulas Vegetales,49288928854337,150 cápsulas,VHMX01487,7503028754076,693.1,,AdaptoHeal,AdaptoHeal,0
9692226748737,Shiitake 500mg Adaptóheal |  Propiedades inmunológicas - Antioxidantes | 150 Cápsulas Vegetales,49288876982593,150 cápsulas,VHMX01486,7503028754151,707.43,,AdaptoHeal,AdaptoHeal,0
9692220522817,Uña de Gato UDG 500 mg Adaptoheal | Fortalece la función Óseo Articular - Antioxidante | 150 Cápsulas Vegetales,49288843297089,150 cápsulas,VHMX01490,7503028754175,567.96,,AdaptoHeal,AdaptoHeal,0
9686451814721,Vitex VTX  500 mg  Adaptoheal  | Bienestar femenino | 150 cápsulas Vegetales,49263817916737,150 cápsulas,VHMX01492,7503028754168,599.75,,AdaptoHeal,AdaptoHeal,0
9692197192001,Yerba Mate YBM 500 mg Adaptoheal | Bienestar Digestivo - Energía y Control de peso | 150 Cápsulas Vegetales,49288690106689,150 cápsulas,VHMX01493,7503028754052,472.31,,AdaptoHeal,AdaptoHeal,0
9692182479169,Zarzaparrilla 500 mg Adaptoheal | Bienestar Digestivo y Urinaria | 150 Cápsulas Vegetales,49288642855233,150 cápsulas,VHMX01494,7503028754274,590.55,,AdaptoHeal,AdaptoHeal,0
9942958539073,BCAA Glutamina + L- Carnitina de AMZ | 420g,50494602969409,Lima,VHMX01957,7502227878910,629,,AMZ Nutrition,AMZ Nutrition,0
9942958539073,BCAA Glutamina + L- Carnitina de AMZ | 420g,50923311628609,Limón,VHMX01958,7502227878903,629,,AMZ Nutrition,AMZ Nutrition,0
9942958539073,BCAA Glutamina + L- Carnitina de AMZ | 420g,50923311661377,Naranja,VHMX01959,7502227878897,629,,AMZ Nutrition,AMZ Nutrition,0
9944508662081,Colágeno Hidrolizado de AMZ | Hydrolyzed Collagen | 500g o 1kg,50923311595841,1 kg,VHMX01956,7502227878934,1120,,AMZ Nutrition,AMZ Nutrition,0
9944508662081,Colágeno Hidrolizado de AMZ | Hydrolyzed Collagen | 500g o 1kg,50498808774977,500 gr,VHMX01955,7502227878927,760,,AMZ Nutrition,AMZ Nutrition,0
9944498798913,Creatina Monohidratada AMZ Pure Creatine | 100 0 200 porciones,50498778693953,1 kg,VHMX01954,7502227878880,900,,AMZ Nutrition,AMZ Nutrition,0
9944498798913,Creatina Monohidratada AMZ Pure Creatine | 100 0 200 porciones,50498778726721,500 gr,VHMX01953,7502227879108,530,,AMZ Nutrition,AMZ Nutrition,0
10028739985729,N-acetilcisteína (NAC) 1000 mg | Apoyo Antioxidante y Hepático | 60 Cápsulas,50880890929473,60 Cápsulas,VHMX01961,7503039097124,370,,AMZ Nutrition,AMZ Nutrition,0
10028726387009,"Nicotinamida Adenina Dinucleótido, NAD⁺ de Migh | Apoya la regeneración y reparación del ADN |  60 cápsulas",50880876708161,60 cápsulas,VHMX01960,7503039097971,260,,AMZ Nutrition,AMZ Nutrition,0
9941580316993,Potasio + Magnesio + Zinc de AMZ Nutrition | Apoya el metabolismo muscular y la función neuromuscular | 60 cápsulas,50488751161665,60 cápsulas,VHMX01964,7503039097094,299,,AMZ Nutrition,AMZ Nutrition,0
10288365896001,Pre Workout AMZ Sabor Sandía Polvo | Rendimiento Deportivo | 450g,51858789957953,450G / Ponche de frutas,VHMX02740,7503039097025,600,,AMZ Nutrition,AMZ Nutrition,0
10288365896001,Pre Workout AMZ Sabor Sandía Polvo | Rendimiento Deportivo | 450g,51858789925185,450G / Sandía,VHMX02739,7503039097018,600,,AMZ Nutrition,AMZ Nutrition,0
10288365896001,Pre Workout AMZ Sabor Sandía Polvo | Rendimiento Deportivo | 450g,51858789892417,450G / Uva,VHMX02738,7503039097001,600,,AMZ Nutrition,AMZ Nutrition,0
9942160310593,Probióticos Simbiotic AMZ Nutrition | Apoya la digestión | 60 cápsulas,50491182448961,60 cápsulas,VHMX01962,7503039097193,310,,AMZ Nutrition,AMZ Nutrition,0
9942875046209,"Proteína Hidrolizada de Suero Isolate Whey Protein  AMZ Nutrition | Recuperación muscular | 925g, 1.6kg o 2.3 kg",50493803954497,1.617KG / Banana,VHMX01952,7503039097933,948.94,,AMZ Nutrition,AMZ Nutrition,0
9942875046209,"Proteína Hidrolizada de Suero Isolate Whey Protein  AMZ Nutrition | Recuperación muscular | 925g, 1.6kg o 2.3 kg",50493803856193,1.617KG / Chocolate,VHMX01950,7503039097919,948.94,,AMZ Nutrition,AMZ Nutrition,0
9942875046209,"Proteína Hidrolizada de Suero Isolate Whey Protein  AMZ Nutrition | Recuperación muscular | 925g, 1.6kg o 2.3 kg",50493804020033,1.617KG / Fresa,VHMX01949,7503039097902,948.94,,AMZ Nutrition,AMZ Nutrition,0
9942875046209,"Proteína Hidrolizada de Suero Isolate Whey Protein  AMZ Nutrition | Recuperación muscular | 925g, 1.6kg o 2.3 kg",50493804085569,1.617KG / Vainilla,VHMX01951,7503039097926,948.94,,AMZ Nutrition,AMZ Nutrition,0
9942875046209,"Proteína Hidrolizada de Suero Isolate Whey Protein  AMZ Nutrition | Recuperación muscular | 925g, 1.6kg o 2.3 kg",50493803921729,2.310KG / Banana,VHMX01946,7502227878866,1249,,AMZ Nutrition,AMZ Nutrition,0
9942875046209,"Proteína Hidrolizada de Suero Isolate Whey Protein  AMZ Nutrition | Recuperación muscular | 925g, 1.6kg o 2.3 kg",50493803823425,2.310KG / Chocolate,VHMX01944,7502227878859,1249,,AMZ Nutrition,AMZ Nutrition,0
9942875046209,"Proteína Hidrolizada de Suero Isolate Whey Protein  AMZ Nutrition | Recuperación muscular | 925g, 1.6kg o 2.3 kg",50493803987265,2.310KG / Fresa,VHMX01947,7503039097308,1249,,AMZ Nutrition,AMZ Nutrition,0
9942875046209,"Proteína Hidrolizada de Suero Isolate Whey Protein  AMZ Nutrition | Recuperación muscular | 925g, 1.6kg o 2.3 kg",50493803888961,2.310KG / Natural,VHMX01945,7502227878842,1249,,AMZ Nutrition,AMZ Nutrition,0
9942875046209,"Proteína Hidrolizada de Suero Isolate Whey Protein  AMZ Nutrition | Recuperación muscular | 925g, 1.6kg o 2.3 kg",50493804052801,2.310KG / Vainilla,VHMX01948,7502227878873,1249,,AMZ Nutrition,AMZ Nutrition,0
9942875046209,"Proteína Hidrolizada de Suero Isolate Whey Protein  AMZ Nutrition | Recuperación muscular | 925g, 1.6kg o 2.3 kg",51856590930241,925G / Banana,VHMX02732,7502227877234,649,,AMZ Nutrition,AMZ Nutrition,0
9942875046209,"Proteína Hidrolizada de Suero Isolate Whey Protein  AMZ Nutrition | Recuperación muscular | 925g, 1.6kg o 2.3 kg",51856590897473,925G / Chocolate,VHMX02734,7502227877210,649,,AMZ Nutrition,AMZ Nutrition,0
9942875046209,"Proteína Hidrolizada de Suero Isolate Whey Protein  AMZ Nutrition | Recuperación muscular | 925g, 1.6kg o 2.3 kg",51856590995777,925G / Natural,VHMX02735,7502227877258,649,,AMZ Nutrition,AMZ Nutrition,0
9942875046209,"Proteína Hidrolizada de Suero Isolate Whey Protein  AMZ Nutrition | Recuperación muscular | 925g, 1.6kg o 2.3 kg",51856590963009,925G / Vainilla,VHMX02733,7502227877197,649,,AMZ Nutrition,AMZ Nutrition,0
10288343220545,"Proteína Vegana AMZ Isolated | Mantenimiento de la masa muscular, recuperación | Polvo 925g",51858742870337,925G / Chocolate,VHMX02736,7502227879009,699,,AMZ Nutrition,AMZ Nutrition,0
10288343220545,"Proteína Vegana AMZ Isolated | Mantenimiento de la masa muscular, recuperación | Polvo 925g",51919504474433,925G / Lata de chocolate,VHMX02752,07503039098848,999,,AMZ Nutrition,AMZ Nutrition,0
10288343220545,"Proteína Vegana AMZ Isolated | Mantenimiento de la masa muscular, recuperación | Polvo 925g",51919504507201,925G / Lata de vainilla,VHMX02753,07503039098848,999,,AMZ Nutrition,AMZ Nutrition,0
10288343220545,"Proteína Vegana AMZ Isolated | Mantenimiento de la masa muscular, recuperación | Polvo 925g",51858742837569,925G / Vainilla,VHMX02737,7502227878996,699,,AMZ Nutrition,AMZ Nutrition,0
9941591884097,Tongkat Ali 200:1 con Arginina AMZ Nutrition | Apoya la vitalidad masculina y el rendimiento físico | 60 cápsulas,50488813322561,60 cápsulas,VHMX01963,7503039097742,350,,AMZ Nutrition,AMZ Nutrition,0
10129053811009,Berberina Equilibrium de Bfit | Equilibrio Metabólico |  120 caps,51285033255233,120 Cápsulas,VHMX02641,7503036646936,749,,B FIT,B FIT,0
10240775848257,"Cola de caballo Diuren de B-fit | Apoya bienestar general, sistema urinario | 60 cápsulas",51686367330625,60 cápsulas,VHMX02704,7503036646158,579,,B FIT,B FIT,0
10240679838017,"Colágeno B-fit | Apoya elasticidad de la piel, cabello y uñas | Polvo 360g",51685958418753,360 g,VHMX02702,7503056453491,1099,,B FIT,B FIT,0
10240821068097,"Creatina monohidratada pura B-fit | Apoya fuerza muscular, rendimiento físico | Polvo 450 g",51686465601857,450 g,VHMX02706,7503036646790,429,,B FIT,B FIT,0
10240750944577,"Cúrcuma Dig3-ST B-fit | Apoya metabolismo digestivo, confort abdominal | 90 cápsulas",51686304416065,90 cápsulas,VHMX02703,7503036646646,445,,B FIT,B FIT,0
10240843874625,Inositol B-fit Myo & D-Chiro | Apoyo Hormonal Femenino | 369g,51686527238465,369 g (90 días),VHMX02707,7503036646790,979,,B FIT,B FIT,0
10129051877697,Inositol Femme de B Fit | Myo y D Chiro Inositol con N-acetilcisteína (NAC) y Quatrefolic® | 150 g,51285017592129,150 g,VHMX02637,7503036646141,749,,B FIT,B FIT,0
10240824770881,Intimelle B-fit Probióticos Femeninos | Bienestar Íntimo y Digestivo | 60 cápsulas,51686470615361,60 cápsulas,VHMX02705,7503056453453,499,,B FIT,B FIT,0
10240606142785,"Isoflavonas 45+ Femme de B-fit  | Equilibrio femenino, apoya etapa de menopausia  | 60 cápsulas",51685602230593,60 cápsulas,VHMX02701,7503056453545,599,,B FIT,B FIT,0
10129051746625,Just inositol de B Fit |  Myo & D chiro Inositol 40:1 Caronositol® | 220 Cápsulas,51285017297217,220 Cápsulas,VHMX02636,7503050636500,699,,B FIT,B FIT,0
10240870547777,M-Bella B-fit Multivitamínico Mujer | Balance y Vitalidad | 60 cápsulas,51686588842305,60 cápsulas,VHMX02709,7503050636012,449,,B FIT,B FIT,0
10240838631745,"Magnesio marino B-fit | Apoya relajación muscular, sistema nervioso | 90 cápsulas",51686519439681,90 cápsulas,VHMX02708,7503036646639,349,,B FIT,B FIT,0
10240847544641,"NAD+ 500 mg B-fit | Apoya energía celular, metabolismo | 90 cápsulas",51686538477889,90 cápsulas,VHMX02710,7503050636050,879,,B FIT,B FIT,0
10129051976001,Omega 3 a base de Aceite de Salmón Noruego | 1080 mg de EPA y 720 de DHA | 30 días,51285018313025,90 Cápsulas,VHMX02638,7503036646127,649,,B FIT,B FIT,0
10240852984129,"Ositos de Jamaica Chile Delou | Snack práctico, sin azúcar |  Gomitas 40 g",51686581469505,40 g,VHMX02712,7503056453705,49,,B FIT,B FIT,0
10129052762433,Probióticos Just Probio B-fit 2 billones UFC | Apoyo a la Microbiota|  30 y 60 Cápsulas,51285024702785,30 Cápsulas,VHMX02639,7503036646691,449,,B FIT,B FIT,0
10129052762433,Probióticos Just Probio B-fit 2 billones UFC | Apoyo a la Microbiota|  30 y 60 Cápsulas,51285024735553,60 Cápsulas,VHMX02640,7503036646684,785,,B FIT,B FIT,0
10240853016897,"Resveratrol B-fit 1200 mg | Apoya defensa antioxidante, bienestar celular | 120 cápsulas",51686557385025,120 cápsulas,VHMX02711,7503050636005,640.93,,B FIT,B FIT,0
9998008123713,Aceite de orégano 88% Carvacrol de Beyond Vitamins  | 60 cápsulas,50778393739585,180 Cápsulas,VHMX02425,850062475601,399,,Beyond Vitamins,Beyond Vitamins,0
9998008123713,Aceite de orégano 88% Carvacrol de Beyond Vitamins  | 60 cápsulas,50742022930753,60 Cápsulas,VHMX02430,850062475595,359,,Beyond Vitamins,Beyond Vitamins,0
9999883927873,Creatina Monohidratada de Beyond Vitamins | Alta Pureza | 450 g,50750256349505,450 gramos,VHMX02419,850026471427,359,,Beyond Vitamins,Beyond Vitamins,0
9999864299841,"Glicinato, Gluconato y Óxido de Magnesio 710 mg Puro| Magnesio Complex Beyond |  60 y 180 cápsulas",50750191698241,180 Cápsulas,VHMX02420,850026471465,429,,Beyond Vitamins,Beyond Vitamins,0
9999864299841,"Glicinato, Gluconato y Óxido de Magnesio 710 mg Puro| Magnesio Complex Beyond |  60 y 180 cápsulas",50750244749633,60 Cápsulas,VHMX02418,850026471458,199,,Beyond Vitamins,Beyond Vitamins,0
9999596978497,Maca Negra orgánica peruana de Beyond Vitamins | Memoria y Concentración | 60 cápsulas vegetales,50750166139201,60 Cápsulas,VHMX02423,850026471731,270,,Beyond Vitamins,Beyond Vitamins,0
9999290663233,"Maca negra, Fenogreco, Creatina, Arginina, Cúrcuma, Zinc y más | TES70 de Beyond Vitamins |60 y 180 cápsulas veganas",50750184358209,180 Cápsulas,VHMX02421,850026471526,450,,Beyond Vitamins,Beyond Vitamins,0
9999290663233,"Maca negra, Fenogreco, Creatina, Arginina, Cúrcuma, Zinc y más | TES70 de Beyond Vitamins |60 y 180 cápsulas veganas",50748027240769,60 Cápsulas,VHMX02429,850026471663,359,,Beyond Vitamins,Beyond Vitamins,0
9999311503681,"NAD+ | NR Nicotinamida Ribosa potenciado con Resveratrol, Quercetina, Betaina HCL y Semilla de Uva de Beyond Vitamins | 30 Cápsulas",50748237447489,30 Cápsulas,VHMX02426,850026471540,498,,Beyond Vitamins,Beyond Vitamins,0
9999860465985,Omega 3 Ultra-Puro Beyond Vitamins 360 mg EPA 240 mg DHA  |  60 cápsulas,50750175969601,60 Cápsulas,VHMX02422,850026471205,397,,Beyond Vitamins,Beyond Vitamins,0
9999580299585,Probióticos Mujer 60 Billions con 12 cepas y prebióticos de Beyond Vitamins |60 cápsulas,50749340352833,60 Cápsulas,VHMX02424,850026471847,599,,Beyond Vitamins,Beyond Vitamins,0
9999301280065,"Proteasa, Lactasa, Lipasa, Bromelina, Papaína | Enzimas con probióticos y prebióticos de Beyond Vitamins  | 60 cápsulas veganas",50750248943937,180 Cápsulas,VHMX02427,850026471632,463,,Beyond Vitamins,Beyond Vitamins,0
9999301280065,"Proteasa, Lactasa, Lipasa, Bromelina, Papaína | Enzimas con probióticos y prebióticos de Beyond Vitamins  | 60 cápsulas veganas",50748191179073,60 Cápsulas,VHMX02428,850026471380,330,,Beyond Vitamins,Beyond Vitamins,0
9609323774273,30 Billones Probióticos + Prebióticos con Vitamina C 426mg de Bioflora | Ayuda a restaurar la flora intestinal | 35 cápsulas ácido resistentes,49836348113217,35 cápsulas,VHMX00921,7500463471735,467,,Bioflora,Bioflora,0
9609301197121,50 Billones Probióticos + Prebióticos Bioflora | Suplemento  | Salud Digestiva,49836348080449,35 cápsulas,VHMX00920,7503034390152,657,,Bioflora,Bioflora,0
9609344254273,Probióticos + Prebióticos 20 Billones de UFC 430mg WOMAN de Bioflora | Bienestar Digestivo Femenina | 35 Cápsulas Ácido - Resistentes,49836348178753,35 cápsulas,VHMX00922,7500463471766,421,,Bioflora,Bioflora,0
9609366143297,Probióticos + Prebióticos 20 Billones WOMAN CRANBERRY Bioflora | Apoya la función urinaria y previene infecciones | 60 cápsulas,49836348277057,60 cápsulas,VHMX00923,750303490305,559,,Bioflora,Bioflora,0
9998000226625,Probióticos y Magnesio Mood 500 mg de Bioflora | Bienestar digestivo y emocional | 35 cápsulas vegetales,50741931802945,35 Cápsulas,VHMX02123,7503034390312,465,,Bioflora,Bioflora,0
10238580916545,"Vitamina D3 + C + Zinc de Bioflora | Apoya el sistema inmune, respuesta al estrés oxidativo | 35 cápsulas",51675848114497,35 cápsulas,VHMX02696,7500463471759,452,,Bioflora,Bioflora,0
9951803539777,Berberina HCL 900 mg Birdman | Apoyo Metabólico | 90 y 180 Cápsulas Veganas,52015025914177,180 Cápsulas,VHMX02754,7503038209290,500,,Birdman,Birdman,0
9951803539777,Berberina HCL 900 mg Birdman | Apoyo Metabólico | 90 y 180 Cápsulas Veganas,50534701433153,90 Cápsulas,VHMX02019,7503038209412,485,,Birdman,Birdman,0
9951817040193,"Birdman Creatine Refresher | Creatina Monohidratada con Electrolitos, Magnesio y Vitaminas | 300g",50923309400385,Durazno / 300 g,VHMX02118,750303727394,429.99,,Birdman,Birdman,0
9951817040193,"Birdman Creatine Refresher | Creatina Monohidratada con Electrolitos, Magnesio y Vitaminas | 300g",50923309334849,Limón / 300 g,VHMX02023,7503037273926,429.99,,Birdman,Birdman,0
9951817040193,"Birdman Creatine Refresher | Creatina Monohidratada con Electrolitos, Magnesio y Vitaminas | 300g",50534753730881,Pink Lemonade / 300 g,VHMX02022,07503037273957,435.5,,Birdman,Birdman,0
9951817040193,"Birdman Creatine Refresher | Creatina Monohidratada con Electrolitos, Magnesio y Vitaminas | 300g",50923309367617,Sandía / 300 g,VHMX02024,7503037273933,429.99,,Birdman,Birdman,0
9665725890881,"Birdman Falcon Performance sabor Chocolate y Vainilla | 50 Porciones | Mezcla de Proteínas Vegetales, Chícharo, Amaranto y Arroz 1.9kg",49181862723905,Chocolate,VHMX01229,7503025737331,1480,,Birdman,Birdman,0
9665725890881,"Birdman Falcon Performance sabor Chocolate y Vainilla | 50 Porciones | Mezcla de Proteínas Vegetales, Chícharo, Amaranto y Arroz 1.9kg",49836364661057,Vainilla,VHMX01230,7503025737348,1482,,Birdman,Birdman,0
10066789990721,"Birdman Fitmingo: Proteína Vegana Con Ácido Hialurónico, Inositol, Potenciadores de Colágeno, Vitamina C, Vitamina D3, Zinc, Enzimas Digestivas y Svetol | Moka y Vainilla",51041235894593,1020 g / Moka,VHMX02540,7503037273407,1118.99,,Birdman,Birdman,0
10066789990721,"Birdman Fitmingo: Proteína Vegana Con Ácido Hialurónico, Inositol, Potenciadores de Colágeno, Vitamina C, Vitamina D3, Zinc, Enzimas Digestivas y Svetol | Moka y Vainilla",51041235960129,1020 g / Vainilla,VHMX02542,7503037273414,1117.99,,Birdman,Birdman,0
10066789990721,"Birdman Fitmingo: Proteína Vegana Con Ácido Hialurónico, Inositol, Potenciadores de Colágeno, Vitamina C, Vitamina D3, Zinc, Enzimas Digestivas y Svetol | Moka y Vainilla",51041235927361,1700 g / Moka,VHMX02541,7503037273469,1679,,Birdman,Birdman,0
10066789990721,"Birdman Fitmingo: Proteína Vegana Con Ácido Hialurónico, Inositol, Potenciadores de Colágeno, Vitamina C, Vitamina D3, Zinc, Enzimas Digestivas y Svetol | Moka y Vainilla",51041235992897,1700 g / Vainilla,VHMX02543,7503037273476,1679,,Birdman,Birdman,0
9951805014337,Birdman Premium Omega 3 a base de Algas (Ratio DHA:EPA 4:1) | 60 Cápsulas Veganas,50534709395777,60 Cápsulas,VHMX02020,7503037273995,692.1,,Birdman,Birdman,0
9951800426817,Birdman Treonato de Magnesio 160 mg | Memoria y Concentración | 90 Cápsulas Veganas,50534682984769,90 Cápsulas,VHMX02018,7503038209245,449,,Birdman,Birdman,0
9665703739713,Creatina monohidratada micronizada Birdman Sin sabor |  Alto Rendimiento | 450g,49836364595521,450 g,VHMX01228,7503025737355,537,,Birdman,Birdman,0
10098441552193,Myo-Inositol Birdman 2000 mg | Apoya el equilibrio metabólico y energético  | 90 cápsulas veganas,51142898811201,90 cápsulas,VHMX02592,7503038209122,389,,Birdman,Birdman,0
10326009479489,"Probióticos Premium All-In-One 50 Billion de Birdman | Cuidado Digestivo,  sistema inmune  | 60 cápsulas",52015064252737,60 Cápsulas,VHMX02755,7503038209429,789,,Birdman,Birdman,0
9673801859393,Proteína Vegetal Falcon 30g Double Chocolate Birdman para Rendimiento Físico 1.8 kg | 60 porciones,49836364693825,1.8 kg,VHMX01231,7503025737041,1399,,Birdman,Birdman,0
10020728537409,Vitamina D3 + K2 de Birdman | Función Inmune | 150 Cápsulas,50842329678145,150 Cápsulas,VHMX02490,7503053835481,299,,Birdman,Birdman,0
9647470870849,"3 Mag Blend | B-Life | Citrato, Óxido y Gluconato de Magnesio | Fortalecimiento Muscular | 200 cápsulas",49836353257793,200 cápsulas,VHMX01038,X002LJYWFN,330.65,,Blife,Blife,0
9661476569409,"3 Mag Platinum | B-Life | Citrato, Glicinato y Treonato de Magnesio | Función Muscular | 240 cápsulas",49836374556993,240 cápsulas,VHMX01421,X003T6C7OF,594.15,,Blife,Blife,0
9647458844993,Aceite de Coco + Vitaminas D3 y K2 | B-Life | Apoyo Cardiovascular | 300 cápsulas,49836353159489,300 cápsulas,VHMX01037,X002KLDYJR,381.65,,Blife,Blife,0
9662955815233,Ácido Alfa Lipoico B Life | Apoyo Antioxidante | 180 cápsulas,49836375376193,180 cápsulas,VHMX01432,X0036BGL9F,509.15,,Blife,Blife,0
9647443018049,"B-Life | Resveratrol |Apoyo Antioxidante, Longevidad | 180 cápsulas",49836353093953,180 cápsulas,VHMX01036,X002N5D4XL,381.65,,Blife,Blife,0
9956240458049,BCAA’s + Glutamina de B Life | Energía y Músculo | 60 Porciones,50551265820993,558 gr,VHMX02028,713152994027,432.65,,Blife,Blife,0
9661444161857,Berberina Pure | B-Life | Bienestar Digestivo y Metabólico | 180 cápsulas,49836374262081,180 cápsulas,VHMX01418,X0036ECHIL,636.65,,Blife,Blife,0
9956241473857,Beta Alanina de B Life | Energía y Resistencia | 200 porciones,50551292068161,400 g,VHMX02029,713152994003,424.15,,Blife,Blife,0
9662947197249,C Blend Vitamina C | B-Life | Fortalece Sistema Inmune | 240 cápsulas,49836375310657,240 cápsulas,VHMX01431,X002FPYS5H,339.15,,Blife,Blife,0
9803279630657,Cardo Mariano + Diente de León 550mg Mlk Thistle Blend de B-Life | 180 Cápsulas,49836395725121,180 cápsulas,VHMX01791,X002IV0WN5,424.15,,Blife,Blife,0
9647376597313,Citrato de Magnesio | B-Life | Fortalecimiento Óseo | 240 cápsulas,49836352766273,240 cápsulas,VHMX01032,X002YYFCSL,381.65,,Blife,Blife,0
9803347231041,Citrato de Magnesio en Polvo Citrate Mag Polvo de B-Life | 600 g -Limonada de Frambuesa,49836395856193,600g,VHMX01794,x003q7wd0z,636.65,,Blife,Blife,0
9661655515457,Citrato de Potasio de B Life | Fortalecimiento Muscular | 240 cápsulas,49836374819137,240 cápsulas,VHMX01425,X0034X0EOX,339.15,,Blife,Blife,0
9803287953729,"Coenzima Q10, Cúrcuma, Vitamina C y Pimienta Negra Co Q-10 Blend de B-Life | 180 Cápsulas",49836395757889,180 cápsulas,VHMX01792,X0035HR3F1,466.65,,Blife,Blife,0
9662961779009,"Colágeno + Vitaminas | B-Life | Cuidado de Piel, Cabello y Uñas | 180 cápsulas",49836375441729,180 cápsulas,VHMX01433,X002NI5ODL,424.15,,Blife,Blife,0
9663000969537,"Collagen Bio | B-Life | Colágeno + Biotina | Fortalece Piel, Cabello y Uñas | 200 cápsulas",49836376064321,200 cápsulas,VHMX01438,X002LJVKUX,339.15,,Blife,Blife,0
9955443048769,Creatina Monohidratada Micronizada | B Life |  240 Cápsulas,50547986628929,240 Cápsulas,VHMX02027,713152993952,381.65,,Blife,Blife,0
9663003689281,Cúrcuma + Jengibre | B-Life | Ayuda a reducir la Inflamación | 180 cápsulas,49836376162625,180 cápsulas,VHMX01439,X002JXO6JX,339.15,,Blife,Blife,0
9661496328513,Enzym Blend | Enzimas Digestivas | Bienestar Digestivo | 180 cápsulas,49836374622529,180 cápsulas,VHMX01422,X002N4CGA9,466.65,,Blife,Blife,0
9803360633153,Fórmula a base de L-Tirosina y L-Teanina Clarity Platinum de B-Life | 240 cápsulas,49836395888961,240 cápsulas,VHMX01795,X0037P75R7,551.65,,Blife,Blife,0
9647429615937,Glicinato de Magnesio | B-Life | Fortalecimiento Muscular | 180 cápsulas,49836352962881,240 cápsulas,VHMX01035,X002N48K2R,373.15,,Blife,Blife,0
9803372527937,"Glutatión, L-Cisteína, L-Glutamina y L-Glicina - Glutathione Blend de B-Life | 180 cápsulas",49836395921729,180 cápsulas,VHMX01796,X0035HTLTR,466.65,,Blife,Blife,0
9647524151617,Icelandic Krill Oil | B-Life | Aceite de Krill EPA y DHA | Apoyo Cardiovascular | 150 cápsulas,49836353421633,150 cápsulas,VHMX01041,X002N4CIG1,466.65,,Blife,Blife,0
9662923407681,"Joint Blend | B-Life | Glucosamina, Condroitina, MSM | Articulaciones | 200 cápsulas",49836375015745,200 cápsulas,VHMX01429,X002FPYSGV,466.65,,Blife,Blife,0
9803300405569,"L-Treonato de Magnesio, Melena de León y Colágeno Hidrolizado Threonate Mag de B-Life | 180 Cápsulas",49836395823425,180 cápsulas,VHMX01793,X003T71BZF,636.65,,Blife,Blife,0
9663015452993,Levadura de Cerveza | B-Life | Complejo B | Contribuye a tu Metabolismo | 180 cápsulas,49836376293697,180 cápsulas,VHMX01441,X002L4RQLZ,339.15,,Blife,Blife,0
9663007949121,"Maca, Isoflavonas y Ñame Silvestre Womens ZEN de B-Life | Bienestar Femenino | 150 cápsulas",49836376228161,150 cápsulas,VHMX01440,X002LK67RD,339.15,,Blife,Blife,0
9662985896257,Mens Blend | B-Life | Suplemento Multivitamínico para Hombres | 180 cápsulas,49836375671105,180 cápsulas,VHMX01435,X002KJVW2P,339.15,,Blife,Blife,0
9661696770369,Mens Mult Matur3 | B-Life | Multivitamínico para Hombres | Energía y Vitalidad | 180 cápsulas,49836374917441,180 cápsulas,VHMX01427,X0035M5CIV,381.65,,Blife,Blife,0
9647482569025,Mens T Platinum | B-Life | Fórmula para Hombres con Creatina y Acido aspártico | 240 cápsulas,49836353290561,240 cápsulas,VHMX01039,X0033P8DQN,509.15,,Blife,Blife,0
9661519593793,"Mezcla de Colágeno + Ácido Hialurónico | B-Life | Fortalece Piel, Cabello y Uñas | 180 cápsulas",49836374688065,180 cápsulas,VHMX01423,X0035NDV8N,381.65,,Blife,Blife,0
9662968332609,"Mezcla de Hongos Adaptógenos | B-Life | Energía, Concentración | 180 cápsulas",49836375605569,180 cápsulas,VHMX01434,X0033GKQAX,339.15,,Blife,Blife,0
9647408283969,Myo & D-Chiro Inositol Platinum | B-Life | Contribuye en la Salud Femenina | 240 cápsulas,49836352864577,240 cápsulas,VHMX01034,X0036EGDN1,551.65,,Blife,Blife,0
9661677011265,Myo Inositol | B-Life | Fortalece la Salud Hormonal y Metabólica | 180 cápsulas,49836374851905,180 cápsulas,VHMX01426,X002S942UB,373.15,,Blife,Blife,0
9803385536833,NAC - N-Acetilcisteína 100mg Por Porción (N-Acetyl Cysteine) de B-Life | 180 Cápsulas,49836395954497,180 cápsulas,VHMX01797,X0034SJEFD,466.65,,Blife,Blife,0
9802011574593,NADH Blend | Antioxidante Adicionado Con Citrato de Magnesio de B-Life | 180 Cápsulas,49836395495745,180 cápsulas,VHMX01789,X003RCDPPL,721.65,,Blife,Blife,0
9662941102401,"Night Blend | B-Life | Gaba, L-Teanina, Reishi, Magnesio y 5 HTP | Sueño y Descanso | 180 cápsulas",49836375245121,180 cápsulas,VHMX01430,X0030D4OTD,424.15,,Blife,Blife,0
9802009542977,NMN Blend | Nicotinamida Mononucleotida 300mg por porción de B Life | 180 Cápsulas,49836395462977,180 cápsulas,VHMX01788,X0044L5L2T,636.65,,Blife,Blife,0
9647389671745,Omega 3 Aceite Puro de Salmón | B-Life | Apoyo Cardiovascular | 180 cápsulas,49836352799041,180 cápsulas,VHMX01033,X002JACDHX,398.65,,Blife,Blife,0
9802013311297,"Omega 3 Platinum, B Life, EPA 500 mg + DHA 200 mg, 180 cápsulas",49836395692353,180 cápsulas,VHMX01790,X0039134EH,636.65,,Blife,Blife,0
9662915445057,"Omega 3-6-9 | B-Life | Salud Cardiovascular, Cognitiva | 180 cápsulas",49836374982977,180 cápsulas,VHMX01428,X002WACSR5,424.15,,Blife,Blife,0
9661465493825,Probióticos 200 Billones + Inulina | B-Life | Bienestar Digestivo | 120 cápsulas,49840754393409,120 cápsulas,VHMX01420,X003T8BU4L,721.65,,Blife,Blife,0
9647499739457,Probióticos 60 Billones + Inulina | B-Life | Bienestar Digestivo | 120 cápsulas,49836353356097,120 cápsulas,VHMX01040,713152996786,509.15,,Blife,Blife,0
9661462970689,Probióticos 80 Billones Platinum | B-Life | Bienestar Digestivo | 120 cápsulas,49836374294849,120 cápsulas,VHMX01419,X0037P70Y5,636.65,,Blife,Blife,0
9662991892801,Vinagre de Sidra de Manzana | B-Life | Bienestar Digestivo | 180 cápsulas,49836375736641,180 cápsulas,VHMX01436,X002FQ9XX1,364.65,,Blife,Blife,0
9661647585601,Womens Blend | Colágeno + Vitaminas | Apoyo del sistema  Inmune | 180 cápsulas,49836374753601,180 cápsulas,VHMX01424,850065168029,381.65,,Blife,Blife,0
9657175146817,Womens Mult Matur3 | B-Life | Multivitamínico para Mujeres +40 | 180 cápsulas,49836374196545,180 cápsulas,VHMX01417,X0035KI4Z1,381.65,,Blife,Blife,0
9662998970689,"Z Blend | B-Life | Zinc, Colágeno y Vitamina C | Sistema Inmune | 200 cápsulas",49836375802177,200 cápsulas,VHMX01437,X002LJZV7L,322.15,,Blife,Blife,0
9999275098433,"Bo Collagen Creamer de Bo Foods, Sustituto de Crema a Base de Colágeno | Apoya la salud de piel y articulaciones  | 300 gr",50755492249921,300 gr / Moka,VHMX02433,7502309570022,584.1,,Bo Foods,Bo Foods,0
9999275098433,"Bo Collagen Creamer de Bo Foods, Sustituto de Crema a Base de Colágeno | Apoya la salud de piel y articulaciones  | 300 gr",50747854553409,300 gr / Natural,VHMX02431,7502309570015,584.1,,Bo Foods,Bo Foods,0
9999275098433,"Bo Collagen Creamer de Bo Foods, Sustituto de Crema a Base de Colágeno | Apoya la salud de piel y articulaciones  | 300 gr",50755492217153,300 gr / Vainilla,VHMX02432,7502309570008,584.1,,Bo Foods,Bo Foods,0
9999275131201,"Vitamina C, A y D3 + propóleo y miel | Eferve - C de Bo Foods | Duo de 15 tabletas",50747854586177,2 pack,VHMX02434,7502309570121,269.1,,Bo Foods,Bo Foods,0
9992065253697,"| Agenix de Cellx |NMN, Resveratrol, Magnesio, Selenio, Espermidina, Quecetina, Fisetina, TrueBroc® y Biopetine®  60 Cápsulas",50711032037697,60 Cápsulas,VHMX02124,198715934502,899,,Cellx,Cellx,0
9992069284161,"| Apigenina de CellX  | Apigenina, Quercetina, Cúrcuma y Bioperine® | 60 cápsulas",50711048225089,60 Cápsulas,VHMX02125,198715066456,699,,Cellx,Cellx,0
9992071741761,"| CoQ10 de Cellx |Coenzima Q10 (CoQ10) Liposomal, ALA, Vitamina C, Fosfatidilcolina, Magtein®, PQQ, Astaxantina, Ribosa, Bioperine®  30 Cápsulas",50711055630657,60 Cápsulas,VHMX02126,198715902310,891,,Cellx,Cellx,0
9992072888641,"| Elara de CellX | Myo Inositol con D-Chiro Inositol 40:1, Dihidrberberina GlucoVantage®, Ácido R Lipoico , Metilfolato Quatrefolic®, Bisglicinato de Magnesio Albion  120 Cápsulas",50711061791041,120 Cápsulas,VHMX02127,198715402599,809.1,,Cellx,Cellx,0
9992073380161,"| Espermidina de CellX |Espermidina, Resveratrol y Taurina 60 Cápsulas",50711071031617,60 Cápsulas,VHMX02129,198715102093,589,,Cellx,Cellx,0
9992076034369,"| Fisetina de Cellx | Fisetina, CoQ10 Liposomal, Resveratrol, Quercetina, ALA, Extracto de Broccoli, Espermidina y AstraGin®  60 Cápsulas",50711098032449,60 Cápsulas,VHMX02130,198715766318,799,,Cellx,Cellx,0
9995656855873,"| FolateActive de Cellx | TMG, Quatrefolic®, Betaina HCI, NAC, Vitamina B6 y B12 | 60 Cápsulas",50728212431169,60 Cápsulas,VHMX02143,199874902166,612,,Cellx,Cellx,0
9992078033217,| GlucoShield de CellX |Peptidos de Colágeno NextidaTM GC y AstraGin®  30 Sobres,50711144759617,60 Cápsulas,VHMX02132,199284199880,589,,Cellx,Cellx,0
9992083538241,"| GlucoTrim de CellX |  Dihidroberberina GlucoVantage®, Ácido R Lipoico, CinSulin®, Cromo 60 Cápsulas",50711229858113,60 Cápsulas,VHMX02133,198715775648,1665,,Cellx,Cellx,0
9992090878273,"| Keradence de CellX | USPlus® DERM, Cynatine® HNS, Ferrochel®, LIVING SILICA, Cobre TRAACS®, NAC, L-Selenometionina, MSM, Vitamina B3 y C, Biotina, Inositol, Bitartrato de Colina 90 Cápsulas",50711306764609,90 Cápsulas,VHMX02134,199284438620,1189,,Cellx,Cellx,0
9992300200257,"| Post Workout de Cellx | BCAAS, Zinc, Magnesio, Glutamina, L-Carnitina Bitartrato, Beta Alanina, TMG y AstraGin  300 gr",50712136057153,300 gr / Blueberry,VHMX02137,198715993127,675,,Cellx,Cellx,0
9992300200257,"| Post Workout de Cellx | BCAAS, Zinc, Magnesio, Glutamina, L-Carnitina Bitartrato, Beta Alanina, TMG y AstraGin  300 gr",50728082702657,300 gr / Manzana,VHMX02138,198715736335,675,,Cellx,Cellx,0
9995653153089,"| Power Up de Cellx | GamePhyt™ , L-Teanina, N-Acetil L-Tirosina, Dynamine™, Macu-LZ™ , Huperzina A, Astaxantina, Alpha GPC GeniusPure®, Rhodiola, Ginkgo Biloba 100:1, Cafeina Anhidra, B6 y B12  90 Cápsulas",50728121073985,90 Cápsulas,VHMX02139,860013283711,981,,Cellx,Cellx,0
9995654791489,| Proleucin® de Cellx | Dileucina DL185® | Recuperación muscular |  45 Cápsulas,50728163311937,45 Cápsulas,VHMX02140,860013283742,1521,,Cellx,Cellx,0
9995656003905,"| Quercetina de Cellx | Quercetina, Bromelina, Vitamina C y Bioperine® 60 Cápsulas",50728184807745,60 Cápsulas,VHMX02141,198715065398,589,,Cellx,Cellx,0
9995656331585,"| Resveratrol de Cellx |Trans-Resveratrol, EGCG, Pteroestilbeno, Quercetina y Bioperine® | 60 Cápsulas",50728199258433,60 Cápsulas,VHMX02142,198715131215,589,,Cellx,Cellx,0
9995657806145,"| VitaAge de Cellx | Dihidroberberina GlucoVantage®, ALA, NMN, TrueBroc®, Trans-Reveratrol, Quercetina, Glutation, NAC, Fisetina, CoQ10, Fucoidan, Espermidina, PQQ, Astaxantina, L-Seleniometionina, Vitamina C, E, D3 y K2 90 Cápsulas",50728223080769,90 Cápsulas,VHMX02144,198715643602,1251,,Cellx,Cellx,0
10293293154625,"Ashwagandha KSM-66® con L-Teanina CellX | Favorece la relajación, equilibrio emocional | 60 Cápsulas",51878039159105,60 cápsulas,VHMX02741,199874074917,549,,Cellx,Cellx,0
9992076525889,"Ceramidas Myoceram®, Eternalyoung®, Ácido R Lipoico, DMAE, Ácido Hialurónico, Astaxantina, Vitamia A, B5, C y E, Zinc | GlasSkin  de Cellx | 60 Cápsulas",50711110844737,60 Cápsulas,VHMX02131,198715135947,1039,,Cellx,Cellx,0
10065364255041,Creatina micronizada CellX con AstraGin y magnesio | Favorece la recuperación muscular eficiente |120 porciones,51036739371329,648 grs,VHMX02537,199874738635,549,,Cellx,Cellx,0
9997288866113,"Ergotioneína de CellX | Ergotioneína ErgoActive®, NAD, TUDCA, Quercetina, ALA, Cúrcuma y Bioperine® 60 Cápsulas",50737313218881,60 Cápsulas,VHMX02128,198715010244,850,,Cellx,Cellx,0
10066741723457,Magnesio glicinato CellX TRAACS 230 mg | Favorece la relajación natural del cuerpo | 120 cápsulas,51040832684353,120 Cápsulas,VHMX02539,,549,,Cellx,Cellx,0
10066741723457,Magnesio glicinato CellX TRAACS 230 mg | Favorece la relajación natural del cuerpo | 120 cápsulas,51040823836993,90 Cápsulas,VHMX02538,199874756431,399,,Cellx,Cellx,0
9992092746049,"Magnesium Ultra de CellX | Blend (combinado) de Magnesio, Quatrefolic®, Vitaminas B1, B2, B3, B5, B6, B12, D3, K2 y Biotina, Acerola extracto 90 Cápsulas",50711335928129,90 Cápsulas,VHMX02135,198715461978,711,,Cellx,Cellx,0
9992093073729,"NMN, Resveratrol, Quercetina, TMG y Bionerine | NMN de Cellx | 60 Cápsulas",50711342383425,30 Cápsulas,VHMX02136,198715234213,649,,Cellx,Cellx,0
10236210708801,Vitamina D3 + K2 Alta absorción de CellX | Favorece metabolismo del calcio | gotas 30 ml,51663667233089,30 ml,VHMX02663,199874022055,324,,Cellx,Cellx,0
9644125290817,Extracto de Ashwagandha Commons | Reduce el estrés físico y mental | Polvos de 90 y 45g,52082344952129,120 cápsulas,VHMX02761,,1000,,Commons,Commons,0
9644125290817,Extracto de Ashwagandha Commons | Reduce el estrés físico y mental | Polvos de 90 y 45g,49118081548609,90g,VHMX00959,7503033550090,1000,,Commons,Commons,0
9643900993857,Extracto de Cola de Pavo + Calcio de Commons 1g por porción | Inmunidad y Digestión (probióticos) | Polvos de 100 y 50g,49117786046785,100g,VHMX00954,7503033550144,990,,Commons,Commons,0
9644241092929,Extracto de Cordyceps 100 gr de Commons | Resistencia para Deporte e Inmunidad | Polvos de 100 y 50g,49118276780353,100g,VHMX00965,7503033550076,1100,,Commons,Commons,0
9643945623873,Extracto de Eleuthero de Commons 1g por porción | Proporciona Energía Sostenida y Resistencia Física | Polvos de 100 y 50g,49117850796353,100g,VHMX00955,7503033550229,990,,Commons,Commons,0
9644180701505,"Extracto de Melena de León 1g por porción de Commons | Apoyo para la Memoria y Enfoque, Nootrópico | Polvos de 100 y 50g",49118179754305,100g,VHMX00962,7503033550106,990,,Commons,Commons,0
9643851219265,Extracto de Schisandra + Calcio de Commons | Contribuye a la protección celular antioxidante | Polvos de 100 y 50g,49117692428609,100g,VHMX00953,7503033550137,990,,Commons,Commons,0
9644337496385,Mezcla Maestra de Hongos Adaptógenos 650mg por cápsula de Commons |  Ayuda a reducir la fatiga y el agotamiento mental | 160 cápsulas vegetales,49836350832961,160 cápsulas,VHMX00994,7503033550540,990,,Commons,Commons,0
9845659107649,"Reishi Hongo Adaptógeno Commons  | Estrés, Sueño y Descanso | Polvos 100g",49941600764225,100 gr,VHMX00950,7503033550083,990,,Commons,Commons,0
9845644165441,Rhodiola Rosea de Commons  Hongo Adaptógeno | Reduce el impacto del estrés físico y mental | 100g,49941571862849,100 g,VHMX00949,7503033550182,990,,Commons,Commons,0
9643825037633,Shatavari de Commons 1g por porción | Bienestar femenino | Polvos de 100 y 50g,49117602775361,100g,VHMX00952,7503033550236,990,,Commons,Commons,0
10130871550273,Vitex agnus-castus 0.5% de Commons | Contribuye al bienestar del ciclo menstrual | Polvo 50 g,51290849673537,50 g,VHMX02642,7503052569226,595,,Commons,Commons,0
10133029519681,Vitex agnus-castus Commons | Apoya el equilibrio hormonal femenino | 120  cápsulas,51295864979777,120 cápsulas,VHMX02649,7503052569172,890,,Commons,Commons,0
9931684446529,Amino K.E.M. RAW | Aminoácidos esenciales para recuperación | 495g,50923324899649,495 gr / Granada/Arándano,VHMX01897,810121055755,775.03,,Edgar Suplementos deportivos,Edgar Suplementos deportivos,0
9931684446529,Amino K.E.M. RAW | Aminoácidos esenciales para recuperación | 495g,50923324932417,495 gr / Limón Frambuesa,VHMX01898,810121058978,775.03,,Edgar Suplementos deportivos,Edgar Suplementos deportivos,0
9931684446529,Amino K.E.M. RAW | Aminoácidos esenciales para recuperación | 495g,51121258430785,495 gr / Manzana Arandano,VHMX02591,817189028264,775.03,,Edgar Suplementos deportivos,Edgar Suplementos deportivos,0
9931684446529,Amino K.E.M. RAW | Aminoácidos esenciales para recuperación | 495g,50449754095937,495 gr / Naranja Maracuya,VHMX01899,817189029124,775.03,,Edgar Suplementos deportivos,Edgar Suplementos deportivos,0
9931691295041,ISO100 Dymatize | Whey Protein | Aislado de proteína de suero para recuperación Muscular | 2.3 kg,50449793777985,2.3 kg / Birthday Cake,VHMX01881,705016500420,2199.79,,Edgar Suplementos deportivos,Edgar Suplementos deportivos,0
9931691295041,ISO100 Dymatize | Whey Protein | Aislado de proteína de suero para recuperación Muscular | 2.3 kg,50449793712449,2.3 kg / Brownie,VHMX01882,705016500406,2199.79,,Edgar Suplementos deportivos,Edgar Suplementos deportivos,0
9931691295041,ISO100 Dymatize | Whey Protein | Aislado de proteína de suero para recuperación Muscular | 2.3 kg,50449793745217,2.3 kg / Cacahuate,VHMX01883,705016353552,2199.79,,Edgar Suplementos deportivos,Edgar Suplementos deportivos,0
9931691295041,ISO100 Dymatize | Whey Protein | Aislado de proteína de suero para recuperación Muscular | 2.3 kg,50547910050113,2.3 kg / Chocolate,VHMX01884,705016353187,2199.79,,Edgar Suplementos deportivos,Edgar Suplementos deportivos,0
9931691295041,ISO100 Dymatize | Whey Protein | Aislado de proteína de suero para recuperación Muscular | 2.3 kg,50547916931393,2.3 kg / Churro,VHMX02026,705016601141,2199.79,,Edgar Suplementos deportivos,Edgar Suplementos deportivos,0
9931691295041,ISO100 Dymatize | Whey Protein | Aislado de proteína de suero para recuperación Muscular | 2.3 kg,50625296990529,2.3 kg / Cookies and Cream,VHMX01886,705016353200,2199.79,,Edgar Suplementos deportivos,Edgar Suplementos deportivos,0
9931691295041,ISO100 Dymatize | Whey Protein | Aislado de proteína de suero para recuperación Muscular | 2.3 kg,50657541390657,2.3 kg / Fresa,VHMX01887,705016353170,2199.79,,Edgar Suplementos deportivos,Edgar Suplementos deportivos,0
9931691295041,ISO100 Dymatize | Whey Protein | Aislado de proteína de suero para recuperación Muscular | 2.3 kg,50747502920001,2.3 kg / Fruity,VHMX02435,70501635343,2199.79,,Edgar Suplementos deportivos,Edgar Suplementos deportivos,0
9931675238721,Mutant Whey Protein | Proteína Concentrada | Apoya el crecimiento muscular | 2.27 kg,50449719722305,2.27 kg / Chocolate Fudge,VHMX01894,811662027409,1012,,Edgar Suplementos deportivos,Edgar Suplementos deportivos,0
9931675238721,Mutant Whey Protein | Proteína Concentrada | Apoya el crecimiento muscular | 2.27 kg,50985817309505,2.27 kg / Cookies and Cream,VHMX02534,81166202325,1012,,Edgar Suplementos deportivos,Edgar Suplementos deportivos,0
9931675238721,Mutant Whey Protein | Proteína Concentrada | Apoya el crecimiento muscular | 2.27 kg,51529421095233,2.27 kg / Strawberry,VHMX02660,811662020103,1012,,Edgar Suplementos deportivos,Edgar Suplementos deportivos,0
9931675238721,Mutant Whey Protein | Proteína Concentrada | Apoya el crecimiento muscular | 2.27 kg,50449719689537,2.27 kg / Triple chocolate,VHMX01891,811662020097,1012,,Edgar Suplementos deportivos,Edgar Suplementos deportivos,0
9931675238721,Mutant Whey Protein | Proteína Concentrada | Apoya el crecimiento muscular | 2.27 kg,50449719656769,2.27 kg / Vainilla,VHMX01890,811662020080,1012,,Edgar Suplementos deportivos,Edgar Suplementos deportivos,0
9931565990209,Nutrex Creatina Monohidratada | Potencia fuerza y volumen | 300 g,50449236230465,300 gr,VHMX01880,853237000745,365.36,,Edgar Suplementos deportivos,Edgar Suplementos deportivos,0
9931103895873,Proteina Raw CBUM Itholate Aislado de Suero Leche | Contribuye a una dieta equilibrada rica en proteínas | 2.27 kg,50747504296257,2.27 KG / Canela,VHMX01861,850057175363,1899,,Edgar Suplementos deportivos,Edgar Suplementos deportivos,0
9931103895873,Proteina Raw CBUM Itholate Aislado de Suero Leche | Contribuye a una dieta equilibrada rica en proteínas | 2.27 kg,50447236464961,2.27 KG / Chocolate,VHMX01860,850049150439,1899,,Edgar Suplementos deportivos,Edgar Suplementos deportivos,0
9931103895873,Proteina Raw CBUM Itholate Aislado de Suero Leche | Contribuye a una dieta equilibrada rica en proteínas | 2.27 kg,50453730656577,2.27 KG / Cookies and Cream,VHMX01862,850049150453,1899,,Edgar Suplementos deportivos,Edgar Suplementos deportivos,0
9931103895873,Proteina Raw CBUM Itholate Aislado de Suero Leche | Contribuye a una dieta equilibrada rica en proteínas | 2.27 kg,50453730689345,2.27 KG / Galleta de avena,VHMX01864,850057175356,1899,,Edgar Suplementos deportivos,Edgar Suplementos deportivos,0
9931103895873,Proteina Raw CBUM Itholate Aislado de Suero Leche | Contribuye a una dieta equilibrada rica en proteínas | 2.27 kg,50747504329025,2.27 KG / Vainilla,VHMX01863,850049150446,1899,,Edgar Suplementos deportivos,Edgar Suplementos deportivos,0
9931562090817,RAW Creatina Monohidratada | Mejora la fuerza y recuperación | 500 gr,50449230725441,500 gr,VHMX01879,850049150675,687.8,,Edgar Suplementos deportivos,Edgar Suplementos deportivos,0
9931502584129,RAW Essential Pre Workout | Cafeína y Beta-Alanina | Mejora tu rendimiento | 380 g,50923328340289,380 gr / Jamaica,VHMX02111,850069104047,559.55,,Edgar Suplementos deportivos,Edgar Suplementos deportivos,0
9931502584129,RAW Essential Pre Workout | Cafeína y Beta-Alanina | Mejora tu rendimiento | 380 g,50448763650369,380 gr / Lychee,VHMX01865,850069104696,559.55,,Edgar Suplementos deportivos,Edgar Suplementos deportivos,0
9931502584129,RAW Essential Pre Workout | Cafeína y Beta-Alanina | Mejora tu rendimiento | 380 g,50923328274753,380 gr / Naranja,VHMX01867,850039445668,559.55,,Edgar Suplementos deportivos,Edgar Suplementos deportivos,0
9931502584129,RAW Essential Pre Workout | Cafeína y Beta-Alanina | Mejora tu rendimiento | 380 g,50923328241985,380 gr / Sandía,VHMX01866,850039445675,559.55,,Edgar Suplementos deportivos,Edgar Suplementos deportivos,0
9931502584129,RAW Essential Pre Workout | Cafeína y Beta-Alanina | Mejora tu rendimiento | 380 g,50923328307521,380 gr / Tamarindo,VHMX02110,850069104054,559.55,,Edgar Suplementos deportivos,Edgar Suplementos deportivos,0
9931507106113,RAW Essentials CHARGED Pre Workout | Estimulantes y L-Citrulina | Aumenta potencia y resistencia | 380 gr,50923328209217,380 gr / Frambuesa Azul,VHMX01873,850057175509,636.5,,Edgar Suplementos deportivos,Edgar Suplementos deportivos,0
9931507106113,RAW Essentials CHARGED Pre Workout | Estimulantes y L-Citrulina | Aumenta potencia y resistencia | 380 gr,51325396222273,380 gr / Mango,VHMX02645,810193921491,636.5,,Edgar Suplementos deportivos,Edgar Suplementos deportivos,0
9931507106113,RAW Essentials CHARGED Pre Workout | Estimulantes y L-Citrulina | Aumenta potencia y resistencia | 380 gr,50448781738305,380 gr / Sandía,VHMX01872,850057175493,636.5,,Edgar Suplementos deportivos,Edgar Suplementos deportivos,0
9931527061825,RAW Essentials Performance Pre Workout | L-Citrulina y Beta-Alanina | Optimiza fuerza y enfoque | 610g,50448916480321,610 gr / Frambuesa Azul,VHMX01875,850057175646,529.05,,Edgar Suplementos deportivos,Edgar Suplementos deportivos,0
9931527061825,RAW Essentials Performance Pre Workout | L-Citrulina y Beta-Alanina | Optimiza fuerza y enfoque | 610g,50448916447553,610 gr / Fresa y Kiwi,VHMX01874,850057175646,529.05,,Edgar Suplementos deportivos,Edgar Suplementos deportivos,0
9931527061825,RAW Essentials Performance Pre Workout | L-Citrulina y Beta-Alanina | Optimiza fuerza y enfoque | 610g,50846105338177,610 gr / Limón,VHMX02491,850069104399,569.05,,Edgar Suplementos deportivos,Edgar Suplementos deportivos,0
9931527061825,RAW Essentials Performance Pre Workout | L-Citrulina y Beta-Alanina | Optimiza fuerza y enfoque | 610g,50657554039105,610 gr / Sandía,VHMX01877,850057175653,569.05,,Edgar Suplementos deportivos,Edgar Suplementos deportivos,0
9931678417217,RC Whey XS | Proteína de suero de Ronnie Coleman | Apoya el desarrollo muscular | 2.27 kg,50923327062337,2.3 kg / Chocolate,VHMX01907,850015625220,872.03,,Edgar Suplementos deportivos,Edgar Suplementos deportivos,0
9931678417217,RC Whey XS | Proteína de suero de Ronnie Coleman | Apoya el desarrollo muscular | 2.27 kg,50449735319873,2.3 kg / Fresa,VHMX01905,850015625244,872.03,,Edgar Suplementos deportivos,Edgar Suplementos deportivos,0
9931678417217,RC Whey XS | Proteína de suero de Ronnie Coleman | Apoya el desarrollo muscular | 2.27 kg,50923327095105,2.3 kg / Vainilla,VHMX01906,850015625237,872.03,,Edgar Suplementos deportivos,Edgar Suplementos deportivos,0
9797477368129,Citrato de Magnesio + Fibra Prebiótica 4g por porción de Entera Pharma | Polvo de 360g Sabor Limón Frambuesa - 85 porciones,49836394905921,360g,VHMX01763,7503015670419,494,,Entera,Entera,0
9797484642625,"Citrato de Zinc, Selenio de metionina y Vitamina C en una matriz de fibra prebiótica 400mg de Entera Pharma | Apoya la función del sistema inmunológico | 60 tabletas vegetarianas",49836395102529,60 tabletas,VHMX01764,7503015670457,259,,Entera,Entera,0
9797463540033,"Colágeno Hidrolizado (Péptidos de Colágeno Tipo I, II y III) de Entera Pharma | Fortalece las Articulaciones y los Huesos, Cuidado de Piel, Cabello y Uñas | Polvo de 300g - 30 porciones",49836394873153,300g,VHMX01762,7503015670242,399,,Entera,Entera,0
9797299831105,Colágeno Hidrolizado de Tipo 1 y 3 10g por porción de Entera Pharma | Favorece la elasticidad y firmeza de la piel - Apoya la función de Huesos y Articulaciones | Polvo de 500g - 50 porciones,49836394676545,500g,VHMX01759,7503015670167,509,,Entera,Entera,0
9797316215105,"Colágeno Hidrolizado tipo 2 con Calcio, Magnesio y Vitaminas C & D de Entera Pharma | Favorece la función y flexibilidad de las articulaciones y apoya al sistema inmune | Polvo de 300g - 30 porciones",49836394709313,300g,VHMX01760,7503015670006,499,,Entera,Entera,0
9797325128001,"Colágeno Tipo I, II y III  9.75g & Bisglicinato Magnesio 250mg de Entera Pharma | Fortalece las articulaciones y los huesos, proporcionando relajación muscular | Polvo de 300g - 30 porciones",49836394807617,300g,VHMX01761,7503015670198,489,,Entera,Entera,0
9797493883201,"K2+D3 + Aceite MCT 600mg de Entera Pharma | Soporte nutricional práctico en el mantenimiento de huesos, función muscular y bienestar general | 180 cápsulas vegetarianas",49836395135297,180 cápsulas,VHMX01765,7503015670488,459,,Entera,Entera,0
9935859810625,Calostro Bovino 2000 mg Eternal | Apoya la salud  digestiva e intestinal | 300 cápsulas,51243933565249,150 cápsulas,VHMX02596,850025418928,570,,Eternal,Eternal,0
9935859810625,Calostro Bovino 2000 mg Eternal | Apoya la salud  digestiva e intestinal | 300 cápsulas,50461741318465,300 Cápsulas,VHMX01927,850025418140,870,,Eternal,Eternal,0
9935578562881,Citrato de Potasio y Magnesio 1300 mg Eternal Nutrition | Contribuye a la recuperación física post-ejercicio | 200 cápsulas,51243670765889,100 cápsulas,VHMX02607,850025418867,330,,Eternal,Eternal,0
9935578562881,Citrato de Potasio y Magnesio 1300 mg Eternal Nutrition | Contribuye a la recuperación física post-ejercicio | 200 cápsulas,50461170925889,200 Cápsulas,VHMX01920,850025418003,510,,Eternal,Eternal,0
10132883145025,Colágeno bovino NAD+ Enhanced Collagen Eternal Nutrition | Apoyo estructural de piel y articulaciones | Polvo 500 g,51295566758209,550 g,VHMX02648,850025418768,880,,Eternal,Eternal,0
10132808401217,Creatina con NAD+ Enhanced Creatine de Eternal | Contribuye a la función muscular | Polvo 550 g,51295427363137,550 g,VHMX02646,850025418775,580,,Eternal,Eternal,0
9935636431169,Curcumina 95 y Jengibre liposomal 1420 mg Eternal Nutrition | Antioxidante celular | 200 cápsulas,51231233900865,100 cápsulas,VHMX02593,850025418881,470,,Eternal,Eternal,0
9935636431169,Curcumina 95 y Jengibre liposomal 1420 mg Eternal Nutrition | Antioxidante celular | 200 cápsulas,50461265789249,200 Cápsulas,VHMX01922,850025418478,720,,Eternal,Eternal,0
9935926067521,Enzimas Digestivas Tetra Digestive Enzymes Eternal Nutrition | Promueve el confort digestivo diario | 200 cápsulas,51243758846273,100 cápsulas,VHMX02602,850025418997,390,,Eternal,Eternal,0
9935926067521,Enzimas Digestivas Tetra Digestive Enzymes Eternal Nutrition | Promueve el confort digestivo diario | 200 cápsulas,50461885497665,200 cápsulas,VHMX01936,850025418539,610,,Eternal,Eternal,0
9935831171393,"Fadogia Tongkat Ácido Aspártico 1574 mg Mega Men's Tsto de Eternal | Bienestar masculino, contribuye al rendimiento físico y la recuperación |200 cápsulas",51214874607937,100 cápsulas,VHMX02595,850025418911,380,,Eternal,Eternal,0
9935831171393,"Fadogia Tongkat Ácido Aspártico 1574 mg Mega Men's Tsto de Eternal | Bienestar masculino, contribuye al rendimiento físico y la recuperación |200 cápsulas",50461692428609,200 Cápsulas,VHMX01925,850025418126,610,,Eternal,Eternal,0
9935752429889,Glutatión NAD+ Cognizin 1500 mg Eternal Nutrion | Favorece la producción natural de energía celular| 200 cápsulas,51243714740545,100 Cápsulas,VHMX02594,850025418898,660,,Eternal,Eternal,0
9935752429889,Glutatión NAD+ Cognizin 1500 mg Eternal Nutrion | Favorece la producción natural de energía celular| 200 cápsulas,50461517807937,200 Cápsulas,VHMX01923,850025418836,940,,Eternal,Eternal,0
10132861157697,"Inositol 40:1, NAD+ Enhanced, Longevity Molecules de Eternal | Contribuye al metabolismo normal | Polvo, 520 g",51295522619713,520 g,VHMX02647,850025418782,820,,Eternal,Eternal,0
9935821439297,L-Treonato de Magnesio 2100 mg Eternal | Apoya la función cognitiva y neuronal | 300 Cápsulas,50461682139457,300 Cápsulas,VHMX01924,850025418034,730,,Eternal,Eternal,0
9937613685057,"Maca, Reishi, Shatavari y Ginseng - Women’s Adaptogen Essentials Eternal | Equilibrio femenino diario | 200 cápsulas",50469908054337,200 cápsulas,VHMX01942,850025418508,522,,Eternal,Eternal,0
9935685222721,Magnesio 7 formas 2000 mg Eternal Nutrition | Contribuye al sueño y la relajación | 200 cápsulas,50461339550017,200 Cápsulas,VHMX01934,850025418218,690,,Eternal,Eternal,0
9935569256769,Magnesio Calming Blend 1000 mg Eternal Nutrition |  Apoya la relajación mental y muscular | 300 cápsulas,51205170135361,150 cápsulas,VHMX02608,850025418850,440,,Eternal,Eternal,0
9935569256769,Magnesio Calming Blend 1000 mg Eternal Nutrition |  Apoya la relajación mental y muscular | 300 cápsulas,50461147201857,300 Cápsulas,VHMX01919,850025418249,620,,Eternal,Eternal,0
9937148182849,"Magnesio, L- Teanina, SAM-e y Apigenina 98 % Neuro Sleep Eternal Nutrition | Descanso y relajación | 200 Cápsulas",51243980030273,100 cápsulas,VHMX02597,850074657057,450,,Eternal,Eternal,0
9937148182849,"Magnesio, L- Teanina, SAM-e y Apigenina 98 % Neuro Sleep Eternal Nutrition | Descanso y relajación | 200 Cápsulas",50467966288193,200 Cápsulas,VHMX01930,850025418133,710,,Eternal,Eternal,0
9935838347585,Multivitamínico para Hombre 1560 mg Eternal | Fortalece la función inmunológica y energía diaria | 200 cápsulas,50461706092865,200 Cápsulas,VHMX01926,850025418485,610,,Eternal,Eternal,0
9937114399041,Myo - Inositol y D-Chiro Eternal Nutrition | Apoyo hormonal femenino | 300 Cápsulas,50467913597249,300 Cápsulas,VHMX01928,850025418102,860,,Eternal,Eternal,0
9937138745665,"NAD+, Betaina HCL y Ácido Alfa Lipoico de Eternal Nutrition | Energía celular y longevidad | 200 Cápsulas",50467954786625,200 cápsulas,VHMX01929,850025418461,990,,Eternal,Eternal,0
9935620866369,Nicotinamida Ribosido NR 1200 mg Eternal Nutrition | Contribuye al metabolismo energético celular | 200 cápsulas,51243964563777,100 Cápsulas,VHMX02599,850025418959,580,,Eternal,Eternal,0
9935620866369,Nicotinamida Ribosido NR 1200 mg Eternal Nutrition | Contribuye al metabolismo energético celular | 200 cápsulas,50461245178177,200 cápsulas,VHMX01932,850025418065,980,,Eternal,Eternal,0
9935601107265,NMN + Resveratrol Eternal 600 mg  | Antioxidante natural | 200 cápsulas,51244004278593,100 cápsulas,VHMX02598,850025418942,580,,Eternal,Eternal,0
9935601107265,NMN + Resveratrol Eternal 600 mg  | Antioxidante natural | 200 cápsulas,50461214179649,200 cápsulas,VHMX01931,850025418232,980,,Eternal,Eternal,0
9935594815809,Péptidos de Colágeno + NAD+ 3400 mg Eternal Nutrion | Bienestar general | 270 y 150 cápsulas,51324675948865,150 Cápsulas,VHMX02651,850025418874,570,,Eternal,Eternal,0
9935594815809,Péptidos de Colágeno + NAD+ 3400 mg Eternal Nutrion | Bienestar general | 270 y 150 cápsulas,51324675850561,270 Cápsulas,VHMX01921,850025418027,880,,Eternal,Eternal,0
9935922266433,Probióticos 200 Billones UFC Eternal Nutrition | Digestión e Inmunidad | 200 cápsulas,51295185109313,100 Cápsulas,VHMX02603,850074657002,470,,Eternal,Eternal,0
9935922266433,Probióticos 200 Billones UFC Eternal Nutrition | Digestión e Inmunidad | 200 cápsulas,50461853679937,200 cápsulas,VHMX01937,850025418812,760,,Eternal,Eternal,0
9935651799361,Resveratrol 98%  1000 mg por dosis Eternal Nutrition | Bienestar cardiovascular | 300 cápsulas,51243917410625,150 cápsulas,VHMX02600,850025418966,490,,Eternal,Eternal,0
9935651799361,Resveratrol 98%  1000 mg por dosis Eternal Nutrition | Bienestar cardiovascular | 300 cápsulas,50461285056833,300 cápsulas,VHMX01933,850025418010,710,,Eternal,Eternal,0
9935751479617,Spermidina y AKG Eternal Nutrition | Metabolismo celular y envejecimiento saludable | 200 cápsulas,51243844895041,100 cápsulas,VHMX02601,850025418980,620,,Eternal,Eternal,0
9935751479617,Spermidina y AKG Eternal Nutrition | Metabolismo celular y envejecimiento saludable | 200 cápsulas,50461518856513,200 cápsulas,VHMX01935,850025418072,940,,Eternal,Eternal,0
9935933079873,Tongkat Ali 200:1 Eternal Nutrition | Contribuye al aumento de energía y resistencia | 150 y 300 cápsulas,51295272927553,150 Cápsulas,VHMX02604,850074657019,540,,Eternal,Eternal,0
9935933079873,Tongkat Ali 200:1 Eternal Nutrition | Contribuye al aumento de energía y resistencia | 150 y 300 cápsulas,50461951394113,300 Cápsulas,VHMX01938,850025418225,720,,Eternal,Eternal,0
9937616077121,"Vitamina A, Complejo B, Hierro y Zinc - Women’s Daily Eternal Nutrition | Multivitamínico fermentado y minerales antiguos | 200 cápsulas",50469937316161,200 cápsulas,VHMX01943,850025418492,522,,Eternal,Eternal,0
9935943270721,"Vitamina C, Zinc, Echinacea y Jengibre  Infinity Eternal Nutrition | Favorece la producción de colágeno | 200 cápsulas",51295262867777,100 Cápsulas,VHMX02605,850074657033,430,,Eternal,Eternal,0
9935943270721,"Vitamina C, Zinc, Echinacea y Jengibre  Infinity Eternal Nutrition | Favorece la producción de colágeno | 200 cápsulas",50461977411905,200 cápsulas,VHMX01940,850025418454,610,,Eternal,Eternal,0
9937572168001,Vitamina K2 D3 Infinity Eternal |  Bienestar óseo y cardiovascular | 300 cápsulas,51295168921921,150 Cápsulas,VHMX02606,850074657040,370,,Eternal,Eternal,0
9937572168001,Vitamina K2 D3 Infinity Eternal |  Bienestar óseo y cardiovascular | 300 cápsulas,50469775868225,300 cápsulas,VHMX01941,850025418119,610,,Eternal,Eternal,0
9935938879809,"Vitaminas del complejo B, GABA, Colina y Vitamina C - Vitamin B  Infinity Eternal Nutrition | Apoya la producción natural de energía celular | 300 cápsulas",50461956374849,300 cápsulas,VHMX01939,850025418089,558,,Eternal,Eternal,0
9649435836737,Ajo negro + Jengibre + Ortiga 1500mg por porción de Flow Supplements |  Propiedades antioxidantes y apoyo de la función cardiovascular | 90 cápsulas vegetales,49836367413569,90 cápsulas,VHMX01318,7503032222219,279.93,,Flow Supplements,Flow Supplements,0
9653766488385,"Ajo negro, Ajo chino y Cebolla morada 1500mg por porción TRIAJO de Flow Supplements | Fortalece el sistema inmune, combatiendo las infecciones y la inflamación | 90 cápsulas vegetales",49836368953665,90 cápsulas,VHMX01349,7503032222202,269,,Flow Supplements,Flow Supplements,0
9647218655553,Albahaca Sagrada 500mg de Tibet Natura | Apoya la función cognitiva y tiene propiedades antioxidantes | 60 cápsulas vegetales,49836365775169,60 cápsulas,VHMX01300,7503032222783,240.35,,Flow Supplements,Flow Supplements,0
9649588568385,"Alga spirulina, L-Carnitina, Ácido alfa lipoico - Clorofila Plus - Flow Supplement | Apoyo para el bienestar digestivo, Desintoxicación - Antioxidante en líquido 500 ml",49836367675713,500 ml,VHMX01326,7 503032 222905,139,,Flow Supplements,Flow Supplements,0
9647237431617,"AMLA, fruto de 500mg por porción de Tibet Natura | Propiedades antioxidantes, que ayuda a mejorar el bienestar digestivo y el sistema inmunológico | 60 cápsulas vegetales",49836365873473,60 cápsulas,VHMX01301,7503032222813,240.35,,Flow Supplements,Flow Supplements,0
9649453171009,"Ashwagandha 1500mg por porción de Flow Supplement | Ayuda a reducir la ansiedad y el estrés, promoviendo la relajación | 90 cápsulas vegetales",49836367446337,90 cápsulas,VHMX01319,7503032222516,339.4,,Flow Supplements,Flow Supplements,0
9647259025729,"Astrágalo 500mg de Tibet Natura | Apoyo integral para la respuesta inmune del cuerpo, con propiedades antioxidantes | 60 cápsulas vegetales",49836365939009,30 cápsulas,VHMX01302,7503032222790,299,,Flow Supplements,Flow Supplements,0
9649457135937,"Berberina 500mg de Flow Supplements |  Ayuda a regular los niveles de glucosa en sangre, mejorando así la función metabólica. La berberina también apoya la función cardiovascular | 90 cápsulas vegetales",49836367511873,90 cápsulas,VHMX01321,7503032222547,520.96,,Flow Supplements,Flow Supplements,0
9649531453761,"Biotina + Colágeno + Vitamina C 1500mg por porción de Flow Supplements | Ideal para quienes buscan mantener su piel firme y elástica, y fortalecer su cabello y uñas | 90 cápsulas vegetales",49836367544641,90 cápsulas,VHMX01322,7503032222004,279.52,,Flow Supplements,Flow Supplements,0
9649465196865,"Citrato de Magnesio 250mg de Flow Supplements, por porción 1500mg |  Apoyo de la función y fortalecimiento óseo y muscular | 90 cápsulas vegetales",49836367610177,90 cápsulas,VHMX01323,7503032222721,229,,Flow Supplements,Flow Supplements,0
9649472405825,"Citrato de Potasio + Proteína de soya + Citrato de Magnesio 1000mg por porción de Flow Supplements | Apoya la función renal y muscular, apoyando la contracción y relajación adecuadas de los músculos | 90 cápsulas vegetales",49836367642945,90 cápsulas,VHMX01324,7503032222042,209,,Flow Supplements,Flow Supplements,0
9649648828737,Cloruro de Magnesio + Calcio + Vitaminas K2 y D 500mg de Flow Supplements | Apoyo del Sistema Cardiovascular y Muscular | 100 cápsulas vegetales,49836367741249,100 cápsulas,VHMX01327,7503032222110,229,,Flow Supplements,Flow Supplements,0
9649681203521,"Coenzima Q10 120mg + Golden Berry + Vitamina B6 de Flow Supplements | Apoya la función cardiovascular, promoviendo la circulación sanguínea | 30 cápsulas vegetales",49836367839553,30 cápsulas,VHMX01329,7503032222189,259.96,,Flow Supplements,Flow Supplements,0
9651440255297,"Colágeno Hidrolizado + Alga Spirulina 15mg con vitaminas de Flow Supplement |  Formulado para fortalecer huesos y articulaciones, aumentando los niveles de energía  | Polvo de 500g",49836368101697,500 g,VHMX01333,7503032222172,364.36,,Flow Supplements,Flow Supplements,0
9651424264513,"Colágeno Hidrolizado + Cloruro de Magnesio + Acaí 15g de Flow Supplements | Fortalece huesos y articulaciones, apoyando la función muscular | Polvo de 500g",49836367970625,500 g,VHMX01331,7503032222165,364.36,,Flow Supplements,Flow Supplements,0
9650667618625,"Colágeno Hidrolizado + Mangostán con vitaminas y minerales  15g de Flow Supplements | Fortalece el cabello, la piel y las uñas | Polvo de 500g",49836367905089,500 g,VHMX01330,7503032222158,364.36,,Flow Supplements,Flow Supplements,0
9649817846081,"Colágeno Hidrolizado + Omegas + granada 11g y vitaminas de Flow Supplements | Fortalece el cabello, la piel y las uñas | 330g",49836368036161,330 g,VHMX01332,7503032222479,555.96,,Flow Supplements,Flow Supplements,0
9648386998593,Cúrcuma orgánica + Extracto de Curcumina + Pimienta negra 500mg Curcupi de Tibet Natura | Apoyo del bienestar digestivo y del sistema inmunológico | 90 cápsulas vegetales,49836365971777,90 cápsulas,VHMX01303,7503032222578,259.96,,Flow Supplements,Flow Supplements,0
9649789337921,"Cúrcuma, Jengibre y Moringa 1500mg | Antiinflamatorio y Antioxidante | 90 Cápsulas Vegetales",49836368134465,90 cápsulas,VHMX01334,7503032222080,249,,Flow Supplements,Flow Supplements,0
9649408606529,"Equinácea + Vitamina C + Jengibre con Zinc y Vitamina D SAFE IN SIX de Tibet Natura, 1000mg por porción | Fortalece el sistema inmunológico, promoviendo la defensa contra enfermedades | 100 cápsulas vegetales",49836366823745,100 cápsulas,VHMX01311,7503032222301,269.96,,Flow Supplements,Flow Supplements,0
9647330722113,"GABA, Pasiflora, Reishi, Ashwagandha 1000mg por porción Peace In Five Tibet Natura | Formulado para reducir el estrés y la ansiedad, promoviendo una sensación de calma y bienestar mental  | 100 cápsulas vegetales",49836366725441,100 cápsulas,VHMX01309,7503032222318,279.96,,Flow Supplements,Flow Supplements,0
9651461652801,Garcinia Cambogia + Mango africano + Cetonas de frambuesa 1500mg por porción META de Flow Supplements | Fórmula pensada para complementar estilos de vida activos | 90 cápsulas vegetales,49836368396609,90 cápsulas,VHMX01339,7503032222097,259,,Flow Supplements,Flow Supplements,0
9649803329857,"Glicinato de Magnesio 500mg de Flow Supplements | Apoya la función muscular, ayudando a prevenir calambres y espasmos,  como así también la función nerviosa | 90 cápsulas vegetales",49836368200001,90 capsulas,VHMX01335,7503032222530,279,,Flow Supplements,Flow Supplements,0
9647272952129,Glucosamina + Colágeno hidrolizado + Cloruro de Magnesio 1000mg por porción Joint in three de Tibet Natura | Apoyo de la función muscular y de las articulaciones | 100 cápsulas vegetales,49836366463297,100 cápsulas,VHMX01304,7 503032 222288,239.96,,Flow Supplements,Flow Supplements,0
9651479970113,"Glucosamina, Colágeno, Condroitina con vitaminas 1000mg por porción NATUFLEX de Flow Supplements | Promueve la función articular,  los ligamentos y a nivel óseo | 90 cápsulas vegetales",49836368658753,90 cápsulas,VHMX01344,7503032222103,259.96,,Flow Supplements,Flow Supplements,0
9649808802113,"Grenetina Hidrolizada Glicina + Prolina con Vitamina C y D 15g de Flow Supplement  | Fortalece Cabello, Piel y Uñas | Polvo con 500g",49836368265537,500 g,VHMX01336,7503032222226,416.56,,Flow Supplements,Flow Supplements,0
9651452543297,L-Glutatión + Vitamina C 1500mg por porción de Flow Supplement | Refuerzo del sistema inmune - Desintoxicación celular | 90 cápsulas vegetales,49836368298305,90 cápsulas,VHMX01337,7503032222509,364.36,,Flow Supplements,Flow Supplements,0
9651455656257,L-Lisina 1500mg por porción de Flow Supplements | Promueve la función del sistema inmunológico y cardiovascular | 90 cápsulas vegetales,49836368363841,90 cápsulas,VHMX01338,7503032222622,239.08,,Flow Supplements,Flow Supplements,0
9648406331713,Metil Folato - Vitamina B9 + Levadura nutricional 500mg de Tibet Natura | Apoya la función cerebral y cardiovascular al contribuir a la reducción de los niveles de homocisteína | 60 cápsulas vegetales,49836366496065,60 cápsulas,VHMX01305,7503032222844,312.16,,Flow Supplements,Flow Supplements,0
9651466338625,"Multivitamínico para hombres con creatina, colágeno, magnesio 1500mg por porción de Flow Supplement | Apoyo de la función inmune y prostática, más energía y vitalidad | 90 cápsulas vegetales",49836368494913,90 cápsulas,VHMX01341,7503032222585,279,,Flow Supplements,Flow Supplements,0
9651463225665,"Multivitamínico para la mujer con colágeno, Calcio, Ácido fólico 1500mg por porción de Flow Supplement  | Apoyo de la función inmunológica, proporciona equilibrio hormonal y energía | 90 cápsulas vegetales",49836368462145,90 cápsulas,VHMX01340,7503032222592,279.96,,Flow Supplements,Flow Supplements,0
9651468009793,Myo Inositol + Ácido fólico + Vitamina D3 1500mg por porción de Flow Supplement | Apoyo de la función Hormonal y fortalecimiento Óseo | 90 cápsulas vegetales,49836368560449,90 cápsulas,VHMX01342,7503032222493,312.16,,Flow Supplements,Flow Supplements,0
9651469713729,"NAC (N-Acetil-L-Cisteína) 600mg de Flow Supplement | Antioxidante, que ayuda en la desintoxicación del hígado | 60 cápsulas vegetales",49836368625985,90 cápsulas,VHMX01343,7503032222523,299,,Flow Supplements,Flow Supplements,0
9647292645697,NAD+ 500 mg de Tibet Natura | Apoyo Antioxidante y Reparación Celular | 30 Cápsulas Vegetales,49836366561601,30 cápsulas,VHMX01306,7503032222646,468.76,,Flow Supplements,Flow Supplements,0
9649406050625,"NADH+, Colágeno hidrolizado y Citrato de magnesio 500 mg de Tibet Natura | Incrementa la Energía Celular mejorando la Resistencia y la Vitalidad  | 30 cápsulas vegetales",49836366627137,30 cápsulas,VHMX01307,7503032222769,468.76,,Flow Supplements,Flow Supplements,0
9647320727873,NMN suplemento | Nicotinamida Mononucleótido 500mg de Tibet Natura | Apoya la función metabólica y la producción de energía celular | 30 cápsulas vegetales,49836366659905,30 cápsulas,VHMX01308,7503032222639,468.76,,Flow Supplements,Flow Supplements,0
9653748072769,Nopal + Neem + Hierbas naturales 1500mg por porción SINDAB de Flow Supplements | Bienestar digestivo  | 90 cápsulas vegetales,49836368920897,90 cápsulas,VHMX01348,7503032222271,259.96,,Flow Supplements,Flow Supplements,0
9653736767809,"Omega 3, Aceite de salmón + Vitamina E 1200mg de Flow Supplement | Apoyo Cardiovascular, Ocular y Cerebral | 60 cápsulas vegetales",49836368757057,60 cápsulas,VHMX01346,7503032222738,343.48,,Flow Supplements,Flow Supplements,0
9648360390977,"Péptidos Bioactivos de Colágeno Hidrolizado con vitaminas y minerales 10g de Tibet Natura | Fortalece las articulaciones, reduciendo el dolor y la inflamación | Polvo de 1kg sin azúcar y sin gluten",49836367348033,1 kg,VHMX01317,7 503032 222653,830.84,,Flow Supplements,Flow Supplements,0
9651483869505,"Plata Coloidal de Flow | Bienestar general, higiene bucal | Liquido 500 ml",49836369215809,500 ml,VHMX01354,7 503032 222011,239,,Flow Supplements,Flow Supplements,0
9653783920961,Polvo de TRIPHALA + Calcio + Vitamina C 1000mg por porción de Flow Supplements | Bienestar digestivo que promueve la desintoxicación del organismo | 60 cápsulas vegetales,49836369019201,60 cápsulas,VHMX01350,7503032222073,312.16,,Flow Supplements,Flow Supplements,0
9653739094337,Quercetina 500mg de Flow Supplement | Apoyo de la función Inmunológica y respiratoria | 60 cápsulas vegetales,49836368822593,60 cápsulas,VHMX01347,7503032222295,239.08,,Flow Supplements,Flow Supplements,0
9647360672065,"Rhodiola Rosea Hongo Adaptógeno 500mg de Tibet Natura | Ayuda a reducir el estrés y la ansiedad, aumentar la energía y la resistencia | 30 cápsulas vegetales",49836366790977,60 cápsulas,VHMX01310,7503032222820,332.16,,Flow Supplements,Flow Supplements,0
9649421713729,"Schizandra Fruta 500mg de Tibet Natura |  Ayuda a mejorar la función hepática, promoviendo la desintoxicación y el bienestar general del hígado | 60 cápsulas vegetales",49836367020353,60 cápsulas,VHMX01314,7503032222806,259.96,,Flow Supplements,Flow Supplements,0
9647368012097,Shatavari 500mg de Tibet Natura  | Hongo Adaptógeno | Apoya el Equilibrio Hormonal Femenino  | 60 cápsulas vegetales,49836366889281,60 cápsulas,VHMX01312,7503032222776,249.5,,Flow Supplements,Flow Supplements,0
9649413980481,Shilajit 500mg de Tibet Natura | Promueve la función sexual y ayuda a aumentar la energía y vitalidad | 60 cápsulas vegetales,49836366922049,60 cápsulas,VHMX01313,7 503032 222745,369,,Flow Supplements,Flow Supplements,0
9647387246913,Tongkat Ali 1000mg por porción de Tibet Natura | Contribuye al Bienestar Hormonal y Potencia la Energía |  60 cápsulas vegetales,49836367315265,60 cápsulas,VHMX01316,7503032222752,436.56,,Flow Supplements,Flow Supplements,0
9649425711425,"Treonato de magnesio + Colágeno hidrolizado + BCAAS 1000mg por porción de Tibet Natura |  Diseñado para apoyar la función cerebral y cognitiva, aliviando el estrés y ansiedad |  60 cápsulas vegetales",49836367085889,60 cápsulas,VHMX01315,7503032222837,259.96,,Flow Supplements,Flow Supplements,0
9652954693953,"Vitamina B3 - Niacina 500mg de Flow Supplements | Apoya la función cardiovascular y metabólica, aumentando la energía | 90 cápsulas vegetales",49836368724289,90 cápsulas,VHMX01345,7503032222554,279,,Flow Supplements,Flow Supplements,0
9653786575169,"Vitamina C + Equinácea 1500mg por porción de Flow Supplement |  Refuerza el sistema Inmunológico, protegiendo contra gripes y resfriados | 90 cápsulas vegetales",49836369084737,90 cápsulas,VHMX01351,7503032222035,218.2,,Flow Supplements,Flow Supplements,0
9651472793921,"Vitamina D3 1500mg por porción de Flow Supplement | Apoyo de la función Ósea y Dental, que contribuye a la absorción de calcio | 90 cápsulas vegetales",49836369117505,90 cápsulas,VHMX01352,7503032222660,249.52,,Flow Supplements,Flow Supplements,0
9655041982785,Vitamina D3+K2 500mg con extracto de baya de Flow Supplement | Apoyo de la función cardiovascular e Inmunológica | 90 cápsulas vegetales,49836369281345,90 cápsulas,VHMX01355,7503032222899,239.08,,Flow Supplements,Flow Supplements,0
9651474661697,ZINC 500mg de Flow Supplement | Apoyo de la función cardiovascular y del sistema inmune | 60 cápsulas vegetales,49836369183041,60 cápsulas,VHMX01353,7503032222561,207.76,,Flow Supplements,Flow Supplements,0
9769199173953,"Berberina 500mg de Solaray | Control del azúcar en sangre, Control del peso, Equilibrio del colesterol, Potente antioxidante | 60 Cápsulas veganas",49589960343873,60 cápsulas,VHMX01539,76280477054,575,,Fresh Vitamins,Fresh Vitamins,0
9769350070593,"Citrato de Calcio 1000mg de KAL con Hoja de Berro, Diente de León y Extracto de Perejil | Apoyo Óseo | 120 Cápsulas Vegetales",49836379963713,120 cápsulas,VHMX01520,21245982258,295,,Fresh Vitamins,Fresh Vitamins,0
9922286453057,Citrato de Magnesio 400 mg de Nutravia | Energía y Relajación Muscular |  90 y 180 Cápsulas,50415866806593,180 Cápsulas,VHMX01851,7506462800415,440,,Fresh Vitamins,Fresh Vitamins,0
9922286453057,Citrato de Magnesio 400 mg de Nutravia | Energía y Relajación Muscular |  90 y 180 Cápsulas,50415865692481,90 Cápsulas,VHMX01850,7506462800408,265,,Fresh Vitamins,Fresh Vitamins,0
9769368846657,"CMZ Max Calcio, Magnesio y Zinc de KAL | Apoyo Óseo y Muscular | 100 Cápsulas Vegetales",49836380029249,100 cápsulas,VHMX01521,21245857198,300,,Fresh Vitamins,Fresh Vitamins,0
9976685297985,Creatina Monohidratada de Nutravia | Fórmula de alta absorción | 500 g,50640052715841,450 g,VHMX02101,7506462800637,450,,Fresh Vitamins,Fresh Vitamins,0
9766424248641,Glicinato de Magnesio 350mg de Solaray | Apoyo Muscular y Relajación | 120 Cápsulas Veganas,49836382191937,120 cápsulas,VHMX01547,76280969146,405,,Fresh Vitamins,Fresh Vitamins,0
9765268586817,Glicinato de Magnesio de KAL | Apoyo Cognitivo y Muscular | 160 Cápsulas Veganas,49836380193089,160 cápsulas,VHMX01524,21245147893,528,,Fresh Vitamins,Fresh Vitamins,0
9771670536513,"Inositol 500mg de Solaray | Regulación de la ansiedad, Bienestar hormonal, Función cognitiva, Promueve la calma | 100 cápsulas veganas",49836382028097,100 cápsulas,VHMX01544,76280043587,325,,Fresh Vitamins,Fresh Vitamins,0
9764508238145,"L-Arginina 1000mg de KAL | Apoya la circulación de flujo sanguíneo, la función cardiovascular y el desempeño deportivo | 60 Tabletas",49836380127553,60 Tabletas,VHMX01523,21245998105,465,,Fresh Vitamins,Fresh Vitamins,0
9771617321281,L-Glutamina en Polvo Fermentado de Fuente Vegana de MRM Nutrition | Apoyo Muscular y Digestivo | 325g,49836381339969,325g,VHMX01533,609492721013,395,,Fresh Vitamins,Fresh Vitamins,0
9769343484225,"Metil Folato 400 mcg DFE de KAL | Función cardiovascular y cognitiva, Bienestar mental, Apoyo en el embarazo, Desarrollo fetal | 90 Tabletas",49836380258625,90 tabletas,VHMX01525,21245306863,385,,Fresh Vitamins,Fresh Vitamins,0
9923194487105,Omega 3 Ultra 500 mg EPA / 250 mg DHA para Corazón y Mente | Nutravia |  60 Cápsulas,50418563285313,60 Cápsulas,VHMX01855,7506462800453,375,,Fresh Vitamins,Fresh Vitamins,0
9769372942657,Papaya Zyme de KAL Enzimas Digestivas | Proporciona enzimas naturales para una digestión más cómoda y eficiente | 100 Tabletas masticables,49836380553537,100 tabletas masticables,VHMX01528,21245262312,230,,Fresh Vitamins,Fresh Vitamins,0
9769215426881,"Raíz de Jengibre GINGER 550mg de Solaray | Apoyo digestivo, propiedades antiinflamatorias, apoyo al sistema inmunitario | 60 cápsulas veganas",49836382519617,60 cápsulas,VHMX01550,76280647143,235,,Fresh Vitamins,Fresh Vitamins,0
9793478000961,"Selenio 100 mcg de L-Selenometionina Libre de Levadura de Solaray | Antioxidante, Función Tiroidea, Refuerza el Sistema Inmunológico | 90 cápsulas veganas",49836382585153,90 cápsulas,VHMX01551,76280046762,265,,Fresh Vitamins,Fresh Vitamins,0
9771623678273,"Spirulina / Espirulina (Alga Entera Orgánica) 410 mg de Solaray | Funcionamiento cerebro-vascular, Mejora del sistema inmunológico | 60 cápsulas veganas",49836381602113,60 cápsulas,VHMX01538,76280413557,245,,Fresh Vitamins,Fresh Vitamins,0
9766466060609,"Ultra Omega 3-6-9 Borraja, Pescado y Linaza de KAL con Vitamina E | Sistema cardiovascular, colesterol, triglicéridos y función arterial | 50 cápsulas blandas",49836380619073,50 cápsulas,VHMX01529,21245363514,395,,Fresh Vitamins,Fresh Vitamins,0
9769333883201,"Vitamina C 300mg con Rosa Mosqueta de KAL | Sistema inmunológico, Antioxidante, Apoya el bienestar de la piel y la producción de colágeno | 100 Cápsulas veganas",49836380979521,100 cápsulas,VHMX01531,21245740780,295,,Fresh Vitamins,Fresh Vitamins,0
9766475399489,"Vitaminas del Complejo B con Calcio, Colina e Inositol de KAL | Apoyo Energético | 60 Tabletas",49836379767105,60 tabletas,VHMX01519,21245164869,224,,Fresh Vitamins,Fresh Vitamins,0
9769379168577,"Z Max Quelato de Aminoácido de Zinc de KAL | Sistema inmunológico, Bienestar de la piel, Equilibrio hormonal, Antioxidante | 100 tabletas",49836381110593,100 tabletas,VHMX01532,21245589167,237,,Fresh Vitamins,Fresh Vitamins,0
9640176091457,"Apoyo tiroideo, Thyroid Max Support | GOU Medical | 90 cápsulas de 490 mg",49836352307521,90 cápsulas,VHMX01025,91234567893,720,,Gou Medical,Gou Medical,0
9640187494721,Berberina: Sinergia de glucosa 580mg de Gou Medical | Ofrece apoyo metabólico para una mejor absorción de la glucosa y los lípidos | 60 cápsulas vegetales,49836352438593,60 cápsulas,VHMX01027,91234567895,880,,Gou Medical,Gou Medical,0
9640190902593,D3 10.000 UI + K2 300mg de Gou Medical | Apoya la función cardiovascular saludable y fortalece los huesos | 60 cápsulas vegetales,49836352504129,60 cápsulas,VHMX01028,91234567896,400,,Gou Medical,Gou Medical,0
9639819804993,"DHEA 25 mg, GOU Medical 300 mg | Apoya el equilibrio hormonal en hombres y mujeres | 60 cápsulas",49836352143681,60 cápsulas,VHMX01023,91234567890,496,,Gou Medical,Gou Medical,0
9640209318209,L-Glutamina 5mg por porción de Gou Medical | Aminoácido que interviene en la composición de las proteínas que mantienen a las células en buen estado y reparan los tejidos | 300g sin sabor,49836352602433,300g,VHMX01030,91234567898,560,,Gou Medical,Gou Medical,0
9640183234881,"Magnesio bisglicinato, malato y taurato, Tri-Magnesium Ultra, GOU Medical | Contribuye al equilibrio del sistema nervioso |  60 cápsulas",49836352373057,60 cápsulas,VHMX01026,91234567894,560,,Gou Medical,Gou Medical,0
9640201158977,Sauzgatillo - Fem V 400mg de Gou Medical  | Bienestar femenino | 90 cápsulas vegetales,49836352569665,60 cápsulas,VHMX01029,91234567897,596,,Gou Medical,Gou Medical,0
9996536545601,Enzimas Digestivas de GüdGut | Apoyo digestivo  | 60 Cápsulas,50731297538369,60 Cápsulas,VHMX02151,0634240201615,899,,GudGut,GudGut,0
9996533760321,Glutamina + Zinc L-Carnosina de GüdGut | Apoyo Digestivo | 30 sobres,50736914792769,30 Sobres,VHMX02150,7506250800719,1180,,GudGut,GudGut,0
9996489228609,GüdZen Probióticos de GüdGut | Conexción Intestino Cerebro| 30 Cápsulas veganas,50730744348993,60 Cápsulas,VHMX02147,a 0634240216527,799,,GudGut,GudGut,0
9996337250625,"Magnesio 5X PRO, Citrato de magnesio, Cúrcuma y Piperina GüdGut | Combinación Antiinflamatoria | 120 cápsulas",50730378068289,120 Cápsulas,VHMX02146,634240470530,579,,GudGut,GudGut,0
9996505809217,Proteína caldo de huesos de GüdGut | Huesos y Articulaciones |  500 g Varios Sabores,50732817908033,500 gr / Chocolate,VHMX02149,634240223761,1499,,GudGut,GudGut,0
9996505809217,Proteína caldo de huesos de GüdGut | Huesos y Articulaciones |  500 g Varios Sabores,50732817940801,500 gr / Vainilla,VHMX02148,0634240222566,1499,,GudGut,GudGut,0
10281833890113,Proteína Vegana con Probióticos Habits | Digestión y Recuperación | Polvos 488 gr,51830337798465,488 gr / Cacao,VHMX02728,7 501468 148738,695,,Habits,Habits,0
10281833890113,Proteína Vegana con Probióticos Habits | Digestión y Recuperación | Polvos 488 gr,51830337831233,488 gr / Maca Cacao,VHMX02729,7 501468 149780,695,,Habits,Habits,0
10281833890113,Proteína Vegana con Probióticos Habits | Digestión y Recuperación | Polvos 488 gr,51830337896769,488 gr / Macchiato,VHMX02731,7 501468 151615,695,,Habits,Habits,0
10281833890113,Proteína Vegana con Probióticos Habits | Digestión y Recuperación | Polvos 488 gr,51830337864001,488 gr / Matcha vainilla,VHMX02730,7 501468 149797,695,,Habits,Habits,0
10281833890113,Proteína Vegana con Probióticos Habits | Digestión y Recuperación | Polvos 488 gr,51830337765697,488 gr / Natural,VHMX02727,7 501468 148745,695,,Habits,Habits,0
10281833890113,Proteína Vegana con Probióticos Habits | Digestión y Recuperación | Polvos 488 gr,51830337732929,488 gr / Vanilla,VHMX02726,7 501468 148721,695,,Habits,Habits,0
9969567400257,Ashwagandha Orgánica de Lalun | Energía y vitalidad| 30 Cápsulas Vegetales,50605874872641,30 Cápsulas,VHMX02090,7503038787002,840,,Lalun Organic,Lalun Organic,0
9969572479297,Beauty Blend de Lalun | Extractos orgánicos de hongos funcionales | 60 Cápsulas,50605899841857,60 Cápsulas,VHMX02091,75003038787170,1191.6,,Lalun Organic,Lalun Organic,0
9969576345921,Cordyceps Orgánico de Lalun | Equilibrio Corporal | 30 Cápsulas,50605916455233,30 Cápsulas,VHMX02092,7503038787057,840,,Lalun Organic,Lalun Organic,0
9970324570433,"Digestive Blend de Lalun | Extracto Orgánico de Triphala, Cúrcuma y Jenjibre  | 60 Cápsulas",50607302148417,60 Cápsulas,VHMX02093,7503038787187,1191.6,,Lalun Organic,Lalun Organic,0
9970667356481,Extracto de Triphala Organico de Lalun | Antioxidante Natural | 30 Cápsulas,50609593647425,30 Cápsulas,VHMX02099,7503038787118,840,,Lalun Organic,Lalun Organic,0
9970665914689,Extracto Orgánico de Raíz de Shatavari | Bienestar Femenino | 30 Cápsulas,50609587028289,30 Cápsulas,VHMX02098,7500464645791,840,,Lalun Organic,Lalun Organic,0
9970405179713,Extracto Puro de Rhodiola Rosea de Lalun | Manejo del Estrés | 30 Cápsulas,50607510815041,30 Cápsulas,VHMX02096,7503038787019,840,,Lalun Organic,Lalun Organic,0
9970664407361,Extracto Puro de Schisandra Chinensis de Lalun | Claridad mental | 30 Cápsulas Veganas,50609576018241,30 Cápsulas,VHMX02097,7503038787095,840,,Lalun Organic,Lalun Organic,0
9970327322945,Melena de Leon de Lalun | Enfoque y concentración | 30 Cápsulas,50607324201281,30 Cápsulas,VHMX02094,7503038787040,840,,Lalun Organic,Lalun Organic,0
9970363007297,Reishi de Lalun | Descanso y equilibrio emocional | 30 Cápsulas,50607407923521,30 Cápsulas,VHMX02095,7500464645784,840,,Lalun Organic,Lalun Organic,0
9665897726273,"Cúrcuma, Canela, Pimienta, Cordyceps 5g Golden Milk de Landa Adaptógenos | Apoya la digestión y metabolismo | Bolsa de 150g - 30 servicios",49182399496513,150 g,VHMX01171,7503045634085,320,,Landa Adaptógenos,Landa Adaptógenos,0
9666283209025,Hongo Adaptógeno Chaga de Landa Adaptógenos | Contribuye con la acción antiinflamatoria | 30ml Alta Biodisponibilidad,49183844303169,30ml,VHMX01177,7503045634122,464,,Landa Adaptógenos,Landa Adaptógenos,0
9666273345857,Hongo Cola de pavo de Landa Adaptógenos | Apoyo del Sistema Inmune - Bienestar Digestivo | 30ml de Alta Biodisponibilidad,49183803670849,30ml,VHMX01176,7503045634153,464,,Landa Adaptógenos,Landa Adaptógenos,0
10030806139201,Hongo Cordyceps de Landa Adaptogenos | Contribuye al equilibrio metabólico y respiratorio | Polvo 100 g,50892192481601,100 g,VHMX02505,7503045634221,700,,Landa Adaptógenos,Landa Adaptógenos,0
9666092269889,"Hongo Cordyceps de Landa Adaptógenos | Estimula la oxigenación celular, apoya el sistema inmune | 30ml de Alta Biodisponibilidad",49182889607489,30ml,VHMX01174,7503045634139,464,,Landa Adaptógenos,Landa Adaptógenos,0
10030794572097,"Hongo Maitake,  extracto orgánico de Grifola frondosa de Landa | Contribuye al equilibrio metabólico y antioxidante | 100 g",50892168495425,100 gr,VHMX02504,7503045634276,700,,Landa Adaptógenos,Landa Adaptógenos,0
9666084274497,Hongo Melena de León de Landa Adaptógenos | Apoyo Cognitivo - Memoria y Concentración | 30ml de Alta Biodisponibilidad,49182868209985,30 ml,VHMX01173,7503045634146,464,,Landa Adaptógenos,Landa Adaptógenos,0
10030814593345,"Hongo Melena de León, extracto orgánico de Hericium erinaceus de Landa | Apoya la memoria y el enfoque cognitivo | Polvo 100 g",50892228165953,100 g,VHMX02506,7503045634238,700,,Landa Adaptógenos,Landa Adaptógenos,0
9666268102977,"Hongo Reishi de Landa Adaptógenos  | Apoyo para el Estrés, Sueño y Descanso | 30ml de Alta Biodisponibilidad",49183772246337,30ml,VHMX01175,7503045634115,464,,Landa Adaptógenos,Landa Adaptógenos,0
10030818459969,"Hongo Reishi, extracto orgánico de Ganoderma lucidum de Landa | Promueve un sueño profundo y reparador | Polvo 100 g",50892240224577,100 g,VHMX02507,7503045634214,700,,Landa Adaptógenos,Landa Adaptógenos,0
10030765932865,"Hongo Shiitake, extracto orgánico de Lentinula edodes de Landa Adaptogenos | Favorece la energía y la vitalidad diaria, sistema inmune | Polvo 100 g",50892094439745,100 gr,VHMX02501,7503045634306,700,,Landa Adaptógenos,Landa Adaptógenos,0
10030786019649,"Maca, extracto orgánico de raíz de Lepidium meyenii de Landa Adptogenos | Contribuye al equilibrio hormonal en hombres y mujeres | Polvos 100 g",50892150014273,100 gr,VHMX02503,7503045634269,550,,Landa Adaptógenos,Landa Adaptógenos,0
9665768325441,Mind & Stress Relief de Landa Adaptógenos | Ayuda a Reducir la Ansiedad y el Estrés | 90 cápsulas,49181984358721,90 cápsulas,VHMX01163,7503045634337,640,,Landa Adaptógenos,Landa Adaptógenos,0
10026699194689,Organic Mushroom Complex 7 en 1 de Landa Adaptogenos | Favorece la claridad mental y concentración | 90 cápsulas,50869008924993,90 cápsulas,VHMX02498,7503045634146,700,,Landa Adaptógenos,Landa Adaptógenos,0
9665843134785,Té Matcha Orgánico Premium + Hongo Melena de León 5g de Landa Adaptógenos | Apoyo Cardiovascular - Antioxidante | 100g - 20 porciones,49182235230529,100g,VHMX01169,7503045634078,320,,Landa Adaptógenos,Landa Adaptógenos,0
10238592483649,"Black Cohosh + Vitex Equilibrium de Menoglow | Equilibrio hormonal, bienestar en menopausia | 30 cápsulas",51675903361345,30 cápsulas,VHMX02697,7503034390428,560,,Menoglow,Menoglow,0
10238619025729,"GABA L-Teanina Luz de Luna de Menoglow | Contribuye al manejo del estrés, relajación | 60 cápsulas",51676059631937,60 cápsulas,VHMX02698,7503034390435,660,,Menoglow,Menoglow,0
10238634950977,"Maca Black Cohosh Fuego de Venus de Menoglow | Equilibrio hormonal, bienestar femenino | 90 cápsulas",51676205711681,90 cápsulas,VHMX02699,7503034390442,780,,Menoglow,Menoglow,0
9654852682049,"Aceite MCT, L-Carnitina, Vinagre de manzana y Omega 3 1400mg por porción Burn Baby, Burn de Moods | Ayudar en la energía para alimentaciones bajas en carbohidratos | 60 cápsulas veganas",49836342772033,60 cápsulas,VHMX00825,7500464557414,476.1,,Moods,Moods,0
9655537369409,"Colágeno hidrolizado, Glutatión y Ácido hialurónico con vitaminas 10g Forever Young de Moods | Promueve la elasticidad de la piel, ayudando a reducir arrugas | 300g sabor natural",49836370559297,300 g,VHMX01374,7500464557476,711.99,,Moods,Moods,0
9655568105793,"Glicinato, Citrato y Gluconato de Magnesio 164mg de Moods | Proporciona relajación y buen descanso, mejorando la función nerviosa | 120 cápsulas veganas",49836370624833,120 cápsulas,VHMX01375,7500464557490,440,,Moods,Moods,0
9654876143937,"Glucosamina, Condroitina, MSM y cúrcuma 1000mg por porción You Got The Moves de Moods | Promueve el buen descanso, fortaleciendo articulaciones y huesos  | 60 cápsulas veganas",49836343198017,60 cápsulas,VHMX00829,7500464557445,494.1,,Moods,Moods,0
9654874571073,"L-Teanina, GABA, Inositol con vitaminas y magnesio 1000mg por porción Peace Out de Moods | Contribuye en la conciliación y calidad del sueño | 60 cápsulas veganas",49836342968641,60 cápsulas,VHMX00828,7500464557452,494.1,,Moods,Moods,0
9655506665793,"Semilla de uva 300mg + GABA 200mg + Bálsamo de limón 200mg con aminoácidos - Just Chillin' de Moods | Promueve la relajación, combatiendo el estrés y Ansiedad | 60 cápsulas veganas",49836370493761,60 cápsulas,VHMX01373,7500464557483,434.1,,Moods,Moods,0
9654869786945,"Vitamina C, Calcio, Zinc con Bacopa y Diente de león 1000mg por porción Unstoppable Mind de Moods | Ayuda a la concentración, memoria y aprendizaje | 60 cápsulas veganas",49836342870337,60 cápsulas,VHMX00827,7500464557469,521.1,,Moods,Moods,0
9654859137345,"Vitamina C, D, B12 con antioxidantes y hongos adaptógenos 1400mg por porción Shields Up!  de Moods | Multivitamínico para el apoyo del sistema inmune, energía y vitalidad | 60 cápsulas veganas",49836342837569,60 cápsulas,VHMX00826,7500464557407,476.1,,Moods,Moods,0
9908198998337,Balance Mix de Munar | Suplemento Natural para Equilibrio Hormonal y Bienestar Integral | Polvos 90 gr,50361392562497,90 gr,VHMX01837,764451541641,712,,Munar,Munar,0
9908319748417,"Cordyceps de Munar | Energía, Resistencia y Vitalidad  | Polvos 90 gr",50361644810561,90 gr,VHMX01839,764451541610,569.6,,Munar,Munar,0
9908180943169,Perform Mix de Munar | Equilibrio Hormonal y Bienestar Femenino | Polvos 90 g,50361348489537,90 gr,VHMX01836,764451541627,712,,Munar,Munar,0
9975704813889,Aceite de krill con EPA y DHA de NATSA | Función Cardiovascular | 100 cápsulas blandas,50635257545025,100 Cápsulas,VHMX02048,7048314590438,315,,Natsa,Natsa,0
9977154076993,"Aceite de orégano 35ml de Natsa | Aporta propiedades antimicrobianas y antifúngicas, inmune  | Gotas 35ml",50640912154945,35 ml,VHMX02079,254908,199,,Natsa,Natsa,0
9975802265921,Aceite de Orégano de Natsa | Bienestar Digestivo y Respiratorio | 100 Cápsulas,50635479023937,100 Cápsulas,VHMX02049,7461559853340,219,,Natsa,Natsa,0
9975811375425,Aguaje de Natsa | Equilibrio Hormonal | 100 Cápsulas,50635531223361,100 Cápsulas,VHMX02050,7461559850066,189,,Natsa,Natsa,0
9649417322817,"Aguaje, Fenogreco, Maca e Hinojo 500mg de Supplement Factory - Woman Curves | Equilibrio Hormonal y Soporte Femenino | 60 Cápsulas Vegetales",49836362858817,60 cápsulas,VHMX01198,7461559851056,270,,Natsa,Natsa,0
9974914023745,Ajo negro 100 mg de NATSA | Apoya defensas naturales con compuestos antioxidantes  | 60 cápsulas,50630688145729,60 cápsulas,VHMX02042,7048314588480,180,,Natsa,Natsa,0
9975817535809,Alga Chorella 1000 mg de Natsa | Detox Natural | 100 Cápsulas,50635558715713,100 Cápsulas,VHMX02053,7048314590506,199,,Natsa,Natsa,0
9975813112129,Alga spirulina de Natsa | Apoyo al Sistema Inmune | 100 Cápsulas,50635534139713,100 Cápsulas,VHMX02051,7048314587018,139,,Natsa,Natsa,0
9839384527169,Ashwagandha 500mg VitaMX | Apoyo para el Manejo del Estrés y Bienestar General | 100 Cápsulas,49907170541889,100 capsulas,VHMX01798,7461559949920,250,,Natsa,Natsa,0
9845482062145,Berberina HCL | NATSA | Apoyo Metabólico y Control de Azúcar | 60 cápsulas,49941342355777,60 Cápsulas,VHMX01799,7461559855702,249,,Natsa,Natsa,0
9649056481601,"Biotina 10,000mcg + Ácido hialurónico + Colágeno - 500mg por cápsula de Natsa | Fortalece Piel, Uñas y Cabello | 100 cápsulas vegetales",49135489188161,100 cápsulas,VHMX01185,7048314589098,180,,Natsa,Natsa,0
9974925328705,Carbón activado vegetal de NATSA 350 mg | Apoya procesos de detoxificación digestiva | 100 cápsulas,50630779601217,100 cápsulas,VHMX02043,7461559856174,180,,Natsa,Natsa,0
9975666671937,Cardo Mariano de Natsa 1000 mg | Detox Hepático | 100 cápsulas,50635124146497,100 Cápsulas,VHMX02052,7461559851360,189,,Natsa,Natsa,0
9975707992385,Carnitina 1200 mg de Supplement Factory | Energía celular  | 60 cápsulas,50635265573185,60 cápsulas,VHMX02087,7461559850202,180,,Natsa,Natsa,0
9649240801601,Citrato de magnesio 1000mg por porción de Natsa | Contribuye en la Función Muscular y de los Huesos | 100 cápsulas vegetales,49135768731969,100 cápsulas,VHMX01188,7048314589166,180,,Natsa,Natsa,0
9649408540993,Citrato de Magnesio 3g por porción de Natsa | Fortalecimiento Muscular y Óseo | Presentación en bolsa de 1kg y 500g - Sabor Natural,49136022847809,1kg,VHMX01195,2549559850516,810,,Natsa,Natsa,0
9649408540993,Citrato de Magnesio 3g por porción de Natsa | Fortalecimiento Muscular y Óseo | Presentación en bolsa de 1kg y 500g - Sabor Natural,50923500405057,500 gr,VHMX01194,7461559850684,476.1,,Natsa,Natsa,0
9649263575361,Citrato de Potasio 1000mg por porción de Natsa | Regula la Presión Arterial - Equilibrio de Electrolitos | 100 cápsulas vegetales,49135798812993,100 cápsulas,VHMX01189,7048314589234,199,,Natsa,Natsa,0
9649412374849,Citrato de Potasio 3000 mg por porción de NATSA | Suplemento Mineral 100 % Puro | Bolsa de 1 kg y 500 g,49136031596865,1kg,VHMX01197,7461559850370,540,,Natsa,Natsa,0
9649412374849,Citrato de Potasio 3000 mg por porción de NATSA | Suplemento Mineral 100 % Puro | Bolsa de 1 kg y 500 g,50533712396609,500gr,VHMX01196,7461559850448,405,,Natsa,Natsa,0
9983069716801,"CLA 1000 mg, Ácido Linoleico Conjugado Natsa | Contribuye al mantenimiento metabólico saludable  | 100 cápsulas blandas",50669831946561,100 cápsulas,VHMX02054,7461559851674,270,,Natsa,Natsa,0
9649380098369,"Colágeno Hidrolizado Puro Tipo 1 & 3 - 10g por porción de Natsa | Promueve el fortalecimiento de piel, cabello y uñas | 1kg sin sabor - 100 porciones",49135953445185,1kg,VHMX01193,7461559851810,630,,Natsa,Natsa,0
9649380098369,"Colágeno Hidrolizado Puro Tipo 1 & 3 - 10g por porción de Natsa | Promueve el fortalecimiento de piel, cabello y uñas | 1kg sin sabor - 100 porciones",50923501060417,500 gr,VHMX02025,7461559852664,319,,Natsa,Natsa,0
9977095848257,Cordyceps  1000 mg de NATSA | Rendimiento físico y la vitalidad | 100 cápsulas,50640786719041,100 cápsulas,VHMX02081,7461559854194,225,,Natsa,Natsa,0
9649427710273,Creatina Monohidratada 100% PURA - 5g por porción de Supplement Factory | Potenciar el Rendimiento Físico | Polvo de 1kg y 500g Sabor Natural,49136101949761,1kg,VHMX01191,7461559852046,675,,Natsa,Natsa,0
9649427710273,Creatina Monohidratada 100% PURA - 5g por porción de Supplement Factory | Potenciar el Rendimiento Físico | Polvo de 1kg y 500g Sabor Natural,50923499585857,500 gr,VHMX01190,7461559851988,382.5,,Natsa,Natsa,0
9649192567105,Cúrcuma 500mg y Raíz de Jengibre 500mg de Natsa | Alivio de la inflamación estomacal - Bienestar Digestivo | 100 cápsulas vegetales,49135690776897,100 cápsulas,VHMX01186,7048314590360,139,,Natsa,Natsa,0
9980876751169,"Cúrcuma Curcumín C3 Complex 500 mg NATSA | Apoya el bienestar digestivo, antioxidante | 100 cápsulas",50657538933057,100 cápsulas,VHMX02055,7461559853968,139,,Natsa,Natsa,0
9840570532161,"Enzimas Digestivas con Bromelina, Papaina y Vitaminas B Natsa | Apoyo Digestivo Natural | 100 Cápsulas",49912108286273,100 capsulas,VHMX01802,7461559856006,225,,Natsa,Natsa,0
9980879470913,"Fenogreco 500 mg, NATSA | Fuente natural de fibra y antioxidantes, bienestar hormonal femenino  | 100 cápsulas",50657555611969,100 cápsulas,VHMX02056,7048314590124,150,,Natsa,Natsa,0
9983166021953,"Forskolina 20%, Coleus Forskohlii 500 mg Supplement Factory | Promueve el equilibrio metabólico y la composición corporal | 60 cápsulas",50670026785089,60 cápsulas,VHMX02086,6362768836500,399,,Natsa,Natsa,0
9974935191873,GABA 900 mg con Melissa de NATSA extracto 10:1 | Equilibrio del sistema nervioso | 60 cápsulas,50630797361473,60 cápsulas,VHMX02044,7461559855320,180,,Natsa,Natsa,0
9975679680833,Garcinia de Cambogia 1000 mg de natsa | Control del peso | 60 Cápsulas,50635155374401,60 Cápsulas,VHMX02045,636276883575,179,,Natsa,Natsa,0
9980883403073,"Glicinato de Magnesio 500 mg NATSA,  | Apoya la función muscular y neuromuscular | 100 cápsulas",50657567277377,100 cápsulas,VHMX02057,7471559853104,225,,Natsa,Natsa,0
9980895723841,Glucosamina Complex 500 mg NATSA | Favorece la flexibilidad y movilidad articular | 100 cápsulas,50657639301441,100 cápsulas,VHMX02058,7461559850998,225,,Natsa,Natsa,0
9975681286465,Goji de Natsa 500mg | Equilibrio Antioxidante | 60 Cápsulas,50635160781121,60 Cápsulas,VHMX02046,7048314587636,179.99,,Natsa,Natsa,0
9980898476353,Hoja de Guanábana 400 mg NATSA | Ideal para rutinas de desintoxicación y equilibrio | 100 cápsulas,50657650606401,100 cápsulas,VHMX02059,7461559854926,139,,Natsa,Natsa,0
9975717462337,"Hongo Cola de Pavo - Turkey Tail 1000 mg de NATSA | Ayuda a combatir el estrés oxidativo, sistema inmune | 100 cápsulas",50635307254081,100 cápsulas,VHMX02085,7461559855498,225,,Natsa,Natsa,0
9975769399617,"Hongo Reishi 500 mg de NATSA | Aporta antioxidantes naturales al organismo, equilibrio físico y emocional | 100 cápsulas",50635412406593,100 cápsulas,VHMX02083,7461559854408,225,,Natsa,Natsa,0
9975756357953,"Hongo Shiitake 500 mg de NATSA | Contribuye al equilibrio y energía del cuerpo, sistema inmune | 100 cápsulas",50635387306305,100 cápsulas,VHMX02084,7461559854330,225,,Natsa,Natsa,0
9980899393857,Jengibre 400 mg NATSA | Aporta compuestos antioxidantes naturales | 100 cápsulas,50657654899009,100 cápsulas,VHMX02060,7461559853418,139,,Natsa,Natsa,0
9983084560705,Levadura de Cerveza 500 mg Natsa | Apoya el sistema digestivo y microbiota intestinal | 100 cápsulas,50669891191105,100 cápsulas,VHMX02061,7461559851292,139,,Natsa,Natsa,0
9980982657345,Maca Amarilla 500 mg NATSA | Contribuye al equilibrio hormonal en hombres y mujeres | 100 cápsulas,50657749139777,100 cápsulas,VHMX02063,7461559851506,140,,Natsa,Natsa,0
9980980756801,Maca Negra 500 mg NATSA | Apoya el rendimiento físico y mental  | 100 cápsulas,50657747042625,100 cápsulas,VHMX02062,7461559851438,199,,Natsa,Natsa,0
9975685349697,"Maca Premium de Natsa | Mezcla de Maca Amarilla, Roja Y Negra | 60 Cápsulas",50635177951553,60 Cápsulas,VHMX02047,7048314588008,179,,Natsa,Natsa,0
9649421844801,"Maca, Tribulus y Zinc MEN TESTO Supplement Factory | Apoya la vitalidad y energía diaria | 100 Cápsulas Vegetales",49836362924353,100 cápsulas,VHMX01199,7048314591732,225,,Natsa,Natsa,0
9975698358593,"Magnesio PRO Ultra de Supplement Factory | Favorece la relajación muscular y el descanso, huesos y articulaciones  | 60 cápsulas",50635253317953,60 cápsulas,VHMX02088,7461559852282,225,,Natsa,Natsa,0
9980986589505,Melatonina 5 mg NATSA | Favorece la conciliación del sueño de forma natural | 100 cápsulas,50657821688129,100 cápsulas,VHMX02064,2543550,180,,Natsa,Natsa,0
9976839864641,"Melena de León - Lions Mane 500 mg de NATSA | Memoria y estado de ánimo, antioxidante y antiinflamatorio | 100 cápsulas",50640693297473,100 cápsulas,VHMX02082,7461559854262,225,,Natsa,Natsa,0
9982174134593,Moringa oleifera 500 mg NATSA | Apoya la nutrición con antioxidantes naturales | 100 cápsulas,50664410480961,100 cápsulas,VHMX02065,7048314591114,149,,Natsa,Natsa,0
9840540483905,"NAD Liposomal + CoQ10, Resveratrol y Vitamina C Natsa | Regeneración Celular y Vitalidad | 60 cápsulas",49912030527809,60 capsulas,VHMX01800,7461559855948,450,,Natsa,Natsa,0
9982175478081,Omega 3 de pescado 1000 mg Natsa | Favorece el funcionamiento cardiovascular | 100 cápsulas blandas,50664420442433,100 cápsulas,VHMX02066,7461559852350,270,,Natsa,Natsa,0
9980315140417,Proteína de Soya Aislada Natsa |  Favorece el mantenimiento de la masa muscular | Polvo 1 kg sabor natural,50655423693121,1 Kg,VHMX02077,7461559851742,315,,Natsa,Natsa,0
9977256739137,Psyllium plantago - fibra natural de Natsa | Favorece el tránsito intestinal y la regularidad | Polvos 1 kg,50641237016897,1 Kg,VHMX02078,7461559852800,450,,Natsa,Natsa,0
9977128288577,Raíz de astrágalo 500 mg de Natsa | Función hepática y renal | 100 cápsulas,50640848224577,100 cápsulas,VHMX02080,7461559855184,225,,Natsa,Natsa,0
9983131451713,Raíz de Wereke 500 mg Natsa | Contribuye al equilibrio natural de los niveles de glucosa | 100 cápsulas,50669962330433,100 cápsulas,VHMX02072,7461559850134,149,,Natsa,Natsa,0
9840470196545,Resveratrol Natsa | Antioxidante Natural | 100 cápsulas,49911874322753,100 Cápsulas,VHMX01803,7461559855634,315,,Natsa,Natsa,0
9982182228289,"Shilajit del Himalaya, Ácido Fúlvico Natsa | Promueve un envejecimiento activo y funcional | 100 cápsulas",50664445083969,100 cápsulas,VHMX02067,7461559855566,270,,Natsa,Natsa,0
9975691706689,Tongkat Ali 200:1 de Supplement Factory | Equilibrio hormonal masculino | 60 cápsulas,50635214553409,60 cápsulas,VHMX02089,7461559853722,199,,Natsa,Natsa,0
9649221271873,Treonato de magnesio 1000 mg por porción de Natsa | Apoyo de la Función Cognitiva | 60 cápsulas vegetales,49836360073537,60 cápsulas,VHMX01187,7461559853654,270,,Natsa,Natsa,0
9845436219713,"Valeriana, pasiflora, tila y manzanilla ZLP de NATSA | Apoyo para el sueño reparador | 100 cápsulas",49941088993601,100 comprimidos,VHMX01801,7461559855870,199,,Natsa,Natsa,0
9649348870465,Vinagre de Manzana 1000mg por porción de Natsa | Bienestar Digestivo - Control de peso | 100 cápsulas vegetales,49135919071553,100 cápsulas,VHMX01192,7048314591046,179,,Natsa,Natsa,0
9982182654273,"Vitamina C, Ácido Ascórbico 500 mg Natsa | Apoya el funcionamiento del sistema inmune | 100 tabletas",50664447443265,100 cápsulas,VHMX02068,7048314590810,180,,Natsa,Natsa,0
9982184358209,Vitamina D3  5000 IU Natsa | Contribuye al mantenimiento de huesos fuertes | 300 cápsulas blandas,51984916676929,100 softgels,VHMX02070,2542546,180,,Natsa,Natsa,0
9982184358209,Vitamina D3  5000 IU Natsa | Contribuye al mantenimiento de huesos fuertes | 300 cápsulas blandas,50664459895105,300 cápsulas,VHMX02074,2542546,285,,Natsa,Natsa,0
9982185701697,Vitamina E 400 IU  Natsa | Complementa rutinas de bienestar antioxidante  | 100 cápsulas blandas,50664465334593,100 cápsulas,VHMX02071,7461559853272,225,,Natsa,Natsa,0
9982185406785,Zinc 20 mg Natsa | Contribuye al funcionamiento del sistema inmune | 100 tabletas,50664462647617,100 cápsulas,VHMX02073,2542201,180,,Natsa,Natsa,0
9911071375681,"Aqua Glam de Natural Health | Colágeno Marino + NAD Booster con Vitaminas, Biotina, Resveratrol y Ácido Hialurónico | Regeneración celular - Longevidad y Vitalidad | Polvos 300 gr",50373231542593,300 gr,VHMX01844,7501853804232,454.3,,Natural Health,Natural Health,0
9909688074561,Golden Mushroom de Natural Health | Café Soluble con Adaptógenos y Hongos Funcionales | Polvos 300 gr,50366941987137,300 gr,VHMX01842,75018538042249,251.4,,Natural Health,Natural Health,0
9909676638529,Green Alba de Natural Health | Mezcla de Super Greens con Lactobacilos y Enzimas Digestivas | Polvo 180 gr,50366868357441,180 gr,VHMX01840,7501853804317,251.4,,Natural Health,Natural Health,0
9909696594241,"Proyectile 500mg de Natural Health | Maca, Shilajit y Tribulus Terrestris para Energía y Vitalidad Masculina | 120 cápsulas",50367008080193,120,VHMX01843,7501853804263,550,,Natural Health,Natural Health,0
9909681062209,Revibe Up! de Natural Health | Electrolitos sin Azúcar Añadida con BCAA's y Glutamina  | 180 gr,50366908989761,180 gr,VHMX01841,7501853804256,251.58,,Natural Health,Natural Health,0
9911161192769,Soulax 500 mg de Natural Health | Glicinato de Magnesio + Bacopa Monnieri para Relajación y Enfoque Mental | 120 cápsulas,50373482414401,120 Cápsulas,VHMX01845,7501853804225,251.4,,Natural Health,Natural Health,0
9644213305665,Aceite de Aguacate Extra Virgen con Vitamina E de NBF | Prensado en Frío - Apoyo Cardiovascular | Aceite de 260ml,49118267048257,260 ml,VHMX00748,7503019799826,145,,NBF,NBF,0
9656680841537,Berberina 500mg de Nutrasana | Apoya la función cardiovascular al mantener niveles saludables de colesterol y triglicéridos | 60 Tabletas Vegetales,49836370690369,60 tabletas,VHMX01376,750140602005,590,,Nutrasana,Nutrasana,0
9651008930113,"Berberina, Melón Amargo, Canela & Cromo 930mg BioMetabolix de Bioptimizado | Apoyo de la función metabólica, mejorando la sensibilidad a la insulina | 60 cápsulas vegetales",49836369609025,60 cápsulas,VHMX01361,7503034981961,450,,Nutrasana,Nutrasana,0
9651138658625,Betaína HCI & Extracto de Cúrcuma 730mg BioZyme de Bioptimizado | Compuesto por Enzimas Digestivas que facilitan la descomposición de nutrientes - Alivia la acidez estomacal y tiene Propiedades Antiinflamatorias | 100 cápsulas vegetales,49836369707329,100 cápsulas,VHMX01363,7501301020078,549,,Nutrasana,Nutrasana,0
9650883723585,"Calostro de Bovino & L-Glutamina 870mg BioIgG de Bioptimizado | Rico en anticuerpos y factores de crecimiento, fortalece el sistema inmunitario y promueve la reparación celular | 100 cápsulas vegetales",49836369510721,100 cápsulas,VHMX01359,7503034737531,650,,Nutrasana,Nutrasana,0
10024988049729,"Colágeno Grass-Fed Vital-PRO de Nutrasana | Apoya el aspecto de la piel, cabello y uñas | Polvo 300 g",50861546701121,300 gr,VHMX02493,7503034963910,600,,Nutrasana,Nutrasana,0
9654714794305,Creatina Monohidratada + Cloruro Calcio + Malato de Magnesio 8.8g Ketolitos de Bioptimizado | Los electrolitos aseguran una hidratación adecuada y un equilibrio mineral | Polvo de 244g Sabor a Limón,49836369903937,264g,VHMX01366,7503034014324,490,,Nutrasana,Nutrasana,0
9651105890625,"Extracto de Cúrcuma, Menta, Qubracho, Castaño de Indias y Quercetina - Mezcla propia 947mg BioPhenol de Bioptimizado | Apoyo de la Función Cardiovascular, promoviendo la buena circulación sanguínea | 90 cápsulas vegetales",49836369674561,90 cápsulas,VHMX01362,7503034672319,450,,Nutrasana,Nutrasana,0
9650856329537,"Extracto de Rhodiola, Colina y Vitaminas del Complejo B 786mg - BioBest de Bioptimizado | Potencia la Energía y la Función Cardiovascular - Inmunitaria | 60 cápsulas vegetales",49836369346881,60 cápsulas,VHMX01356,7503040600450,399,,Nutrasana,Nutrasana,0
9650910495041,"Glicinato de Magnesio Quelado 662mg BioMag de Bioptimizado | Promueve la función muscular y Ósea, como asi también el Sueño y Buen Descanso | 100 cápsulas vegetales",49836369543489,100 cápsulas,VHMX01360,7503034732389,450,,Nutrasana,Nutrasana,0
9650889425217,Glucosamina + Condroitina + MSM + Boswellia 945mg BioFlex de Bioptimizado | Contribuye en la función articular | 100 cápsulas vegetales,49836369445185,100 cápsulas,VHMX01358,7503034985419,400,,Nutrasana,Nutrasana,0
9656788517185,Myo Inositol 600mg de Nutrasana | Formulado para contribuir en la función reproductiva y metabólica | 120 tabletas vegetales,49836370788673,120 tabletas,VHMX01378,7502011250014,549,,Nutrasana,Nutrasana,0
9654700441921,"NAC (N Acetil Cisteína) + L-Glicina 970mg Glynac de Bioptimizado |  Apoya la desintoxicación del hígado, fortalece el sistema inmunitario | 90 cápsulas vegetales",49836369838401,90 cápsulas,VHMX01365,503040607008,500,,Nutrasana,Nutrasana,0
9657039913281,"Péptidos Bioactivos de Colágeno 10g de Nutraceutix | Diseñado para mejorar el aspecto de la piel, fortalecer el cabello y las uñas, aumentando la elasticidad de la piel | Polvo de 400g",49836371149121,400 g,VHMX01383,7503034983910,499,,Nutrasana,Nutrasana,0
9654698803521,"Vitamina A, Zinc , Mezcla propia con L-Glutamina, Aloe Vera y Polvo de Malvavisco 751mg BioZincar Plus de Bioptimizado | Ayuda a fortalecer el sistema inmunitario, promueve la reparación celular, reduciendo inflamaciones | 60 cápsulas vegetales",49836369772865,60 cápsulas,VHMX01364,7503055108057,500,,Nutrasana,Nutrasana,0
9650861080897,Vitamina D3 + K2 20mcg Bio-DK de Bioptimizado | Vitaminas esenciales para la función ósea y cardiovascular además del apoyo a nivel Inmunitario | Gotero de 30ml,49836369379649,30ml,VHMX01357,7503034863724,400,,Nutrasana,Nutrasana,0
9640364212545,"Ácido caprílico + Aceite de menta + Berberina 650mg de NutriADN | Apoya la digestión y la función intestinal | 90 cápsulas vegetales, 30 servicios",49836349325633,90 cápsulas,VHMX00947,7506497103284,740,,NutriADN,NutriADN,0
9974816670017,Akkermansia Support de Nutriadn | Microbiota Intestinal | 60 Cápsulas,50630287950145,60 Cápsulas,VHMX02100,7506497104380,796.01,,NutriADN,NutriADN,0
10025720283457,B Complex Support de nutriADN | Concentración y Enfoque  | 60 cápsulas,50864468459841,60 cápsulas,VHMX02494,7506497105806,580,,NutriADN,NutriADN,0
9640249753921,Berberina + Glicinato de Magnesio + Ácido Alfa Lipoico de NutriADN | Ayuda a reducir los niveles de triglicéridos y colesterol total | 60 Cápsulas Vegetales,49836348768577,60 cápsulas,VHMX00938,7506497104403,655.5,,NutriADN,NutriADN,0
10147007332673,"Colina + DHA + EPA Baby Bloom de nutriADN | Contribuye al neurodesarrollo saludable, bienestar durante el embarazo | cápsulas, 90",51325621633345,90 cápsulas,VHMX02653,7506497105196,840,,NutriADN,NutriADN,0
10025847914817,CoQ10 Ubiquinol Support de nutriADN 400 mg | Actúa como antioxidante natural | 60 cápsulas,50864687841601,60 cápsulas,VHMX02496,7506497105820,990,,NutriADN,NutriADN,0
9887651463489,Creatine Monohydrate Support | Creatina Monohidratada NutriADN | 300 gr 100 Porciones por envase,50274386805057,300 gr,VHMX01826,7506497106001,560,,NutriADN,NutriADN,0
10146921185601,"Cúrcuma con Zinc, Thyroid Support de NutriADN | Favorece el equilibrio hormonal, función tiroidea normal | 60 cápsulas",51325444882753,60 cápsulas,VHMX02652,7506497104366,690,,NutriADN,NutriADN,0
9640242053441,"Cúrcuma, Glicinato de Magnesio, Pimienta y Vitamina D de NutriADN - Endo Support | Diseñado para mujeres que padecen de endometriosis y síndrome premenstrual - Ayuda a aliviar síntomas | 60 Cápsulas Vegetales",49836348703041,60 cápsulas,VHMX00937,7506497103024,525.93,,NutriADN,NutriADN,0
10326019244353,"D3 400 UI + K2 de NutriADN | Mantenimiento de huesos y dientes, sistema inmunológico | 30 ml",52015172157761,30 ml,VHMX02758,7506497107077,450,,NutriADN,NutriADN,0
10146649211201,Enzimas Digestivas Digestive Enzymes de NutriADN | Contribuye a la formación de tejidos  | 90 cápsulas,51324631384385,30 cápsulas,VHMX02650,7506497106490,742,,NutriADN,NutriADN,0
10201097470273,EpigenTest NutriADN análisis epigenético bienestar,51513907773761,1 Kit,VHMX02658,,3500,,NutriADN,NutriADN,0
10326000730433,"FertiHim de NutriADN con L-Carnitina, CoQ10 y DHA | Nutrición masculina, planificación reproductiva | 120 cápsulas",52015035744577,120 cápsulas,VHMX02756,7506497108289,970,,NutriADN,NutriADN,0
9640307425601,"Glicinato de Magnesio, GABA, L-Teanina, 5HTP y Vitamina B 6 de NutriADN | Apoyo para el Sueño y Buen Descanso - Relaja al Organismo | 60 Cápsulas Vegetales",49836348997953,60 cápsulas,VHMX00942,7506497103086,611.22,,NutriADN,NutriADN,0
9990413877569,Greens Support de NutriADN | Apoyo digestivo y antioxidante | Polvo 240 g,50702383317313,240 gr,VHMX02120,7506497105417,655,,NutriADN,NutriADN,0
10203366064449,GutBiome Test NutriADN microbiota digestiva avanzada,51525168988481,1 Kit,VHMX02659,,8900,,NutriADN,NutriADN,0
9640297365825,"Inositol + Myo y D-Chiro + NAC NutriADN  | Apoyo para SOP y Resistencia a la Insulina | 600g, 60 Porciones",49836348866881,300g,VHMX00940,7506497103062,935.3,,NutriADN,NutriADN,0
9640369946945,Iron Plus con Vitamina C 50mg de NutriADN | Refuerza el sistema inmunológico | 120 cápsulas vegetales,49836349358401,120 cápsulas,VHMX00948,7506497107381,690,,NutriADN,NutriADN,0
9640357921089,"L-Metil Folato, Colina y Coenzima Q10 - Multivitamínico de NutriADN | Aporta nutrientes clave durante el embarazo | 90 Cápsulas Vegetales",49836349260097,90 cápsulas,VHMX00946,7506497103222,653.86,,NutriADN,NutriADN,0
9897279684929,Longevity Support NutriADN | Promueve la regeneración celular | 90 cápsulas,50319206187329,90 Cápsulas,VHMX01830,7506497103079,857.6,,NutriADN,NutriADN,0
10025765273921,"Magnesio quelado, Magnesium Blend de nutriADN | Promueve el equilibrio neurológico | 60 cápsulas",50864577347905,60 cápsulas,VHMX02495,7506497105813,580,,NutriADN,NutriADN,0
9640315879745,"Metilfolato, NAC, Vitamina E, C + Coenzima Q10 y Ácido Alfa Lipoico de NutriADN | Complemento ideal para una rutina de bienestar femenino | 120 Cápsulas Vegetales",49836349161793,60 cápsulas,VHMX00944,7506497103079,857.6,,NutriADN,NutriADN,0
10326013673793,"Mind Support de NutriADN Bitartrato de Colina y DHA | Fórmula para memoria, concentración y rendimiento cognitivo | 60 cápsulas",52015124119873,60 cápsulas,VHMX02757,7506497107084,1090,,NutriADN,NutriADN,0
9640311324993,"NAC (N Acetil Cisteína), Glutatión, Cardo Mariano, Vitamina C, E y Cúrcuma 645mg Detox Support de NutriADN | Alto poder antioxidante, refuerza el sistema antioxidante | 120 cápsulas vegetales",49836349030721,120 cápsulas,VHMX00943,7506497103055,611.22,,NutriADN,NutriADN,0
9990444810561,Omega 3 Strong de NutriADN | EPA y DHA alta pureza | 120 cápsulas,50702438334785,120 Cápsulas,VHMX02122,7506497104397,1130.5,,NutriADN,NutriADN,0
10203367375169,Prueba genética nutriADN Avanzada NutriADN bienestar,51525200838977,1 Kit,VHMX02656,,6900,,NutriADN,NutriADN,0
10202669678913,SensiTest+ NutriADN prueba digestiva intolerancias,51521402339649,1 Kit,VHMX02657,,6900,,NutriADN,NutriADN,0
9640324038977,"Soporte de L-Metilfolato 1000mcg + Colágeno Hidrolizado 500mg de NutriADN | Diseñado para mujeres con el fin de ayudar a disminuir síntomas premenstruales, menstruales y el equilibrio hormonal | 60 Cápsulas Vegetales",49836349194561,60 cápsulas,VHMX00945,7506497103048,450.12,,NutriADN,NutriADN,0
9640302412097,Soporte de Omega 3 con DHA + EPA 720mg de NutriADN | Contribuye en la acción antiinflamatoria del cuerpo | 60 Cápsulas Blandas,49836348932417,60 cápsulas,VHMX00941,7506497103017,690,,NutriADN,NutriADN,0
9640253817153,"Stress Support  Rhodiola Rosea 400mg, Fostfatidilserina 400mg y Glicinato de Magnesio 300mg de NutriADN | Apoyo al estrés, contribuye con la función cognitiva | 60 Cápsulas Vegetales",49836348834113,60 cápsulas,VHMX00939,7506497103031,655.5,,NutriADN,NutriADN,0
9990455132481,Vitamina D3 5000 UI Support de NutriADN | Apoyo óseo e inmunológico | 60 cápsulas,50702467203393,60 Cápsulas,VHMX02121,7506497105387,361,,NutriADN,NutriADN,0
9616465363265,5-HTP 100 mg de Now Foods | Apoya la regulación del sueño | 60 y 120 cápsulas vegetales,50923571183937,120 Cápsulas,VHMX00073,733739001061,426.74,,OLSEGO GROUP,OLSEGO GROUP,0
9616465363265,5-HTP 100 mg de Now Foods | Apoya la regulación del sueño | 60 y 120 cápsulas vegetales,49836307677505,60 cápsulas,VHMX00072,733739001054,282.68,,OLSEGO GROUP,OLSEGO GROUP,0
9999951790401,Aceite de Ajo 1500 mg de Now | Contribuye al fortalecimiento del sistema inmune | 250 Cápsulas,50750622368065,250 Cápsulas,VHMX02192,733739017925,341,,OLSEGO GROUP,OLSEGO GROUP,0
9625218122049,"Aceite de ajo 1500 mg Garlic Oil de NOW Foods | Favorece la función cardiovascular, contribuye al bienestar inmunológico | 100 Cápsulas Blandas",49836313739585,100 cápsulas,VHMX00170,733739017901,128.5,,OLSEGO GROUP,OLSEGO GROUP,0
10355781927233,Aceite de Borraja 1000 mg GLA de NOW Foods | Equilibrio y bienestar de la piel | 60 cápsulas blandas,52143820603713,60 cápsulas blandas,VHMX02763,733739017208,470,,OLSEGO GROUP,OLSEGO GROUP,0
9604287627585,Aceite de Comino Negro 500mg de Life Extension | Apoyo del Sistema Inmunitario con acción antioxidante | 60 cápsulas blandas,49836316950849,60 cápsulas,VHMX00234,737870170969,347.09,,OLSEGO GROUP,OLSEGO GROUP,0
9726346723649,"Aceite de Comino Negro Orgánico 600mg de Mary Ruth's | Rico en antioxidantes, fortalece el sistema inmune y promueve el bienestar general | 60ml",49836332286273,60ml,VHMX00568,850036700760,392.85,,OLSEGO GROUP,OLSEGO GROUP,0
9625213075777,"Aceite de Hígado de Bacalao 1,000 mg de Now Foods | Apoya la función cardiovascular | 90 cápsulas blandas",49836313674049,90 cápsulas,VHMX00169,733739017437,270.14,,OLSEGO GROUP,OLSEGO GROUP,0
9624076190017,Aceite de Orégano 181 mg de Now Foods| Contribuye al equilibrio de la flora intestinal | 90 cápsulas blandas,49836312887617,90 cápsulas,VHMX00153,733739047328,267,,OLSEGO GROUP,OLSEGO GROUP,0
9981921624385,Aceite de Orégano 200 mg 97% Corvacol | Soporte del Sistema Inmunológico | 60 Cápsulas,50662737707329,60 cápsulas,VHMX02104,657628668619,151.2,,OLSEGO GROUP,OLSEGO GROUP,0
9617319428417,Aceite MCT Orgánico Coco de Nature's Way | Aumenta la Energía y la Resistencia | 480ml - 32 servicios,49048649433409,480ml,VHMX00276,33674108956,655.5,,OLSEGO GROUP,OLSEGO GROUP,0
9639164543297,Ácido Alfa Lipoico 600mg de Nature's Way  para la función Metabólica del organismo | 60 cápsulas veganas,49836321833281,60 cápsulas,VHMX00327,33674451816,511.96,,OLSEGO GROUP,OLSEGO GROUP,0
9796901372225,Ácido Alfa Lipoico de Best Naturals | Potente Antioxidante y Apoyo Metabólico | 600 mg 120 Cápsulas,49836394185025,120 Cápsulas,VHMX01754,817716012681,474.68,,OLSEGO GROUP,OLSEGO GROUP,0
9633325777217,"Ácido Caprílico 600 mg de NOW Foods - Triglicéridos de Cadena Media (MCT) 1,000 mg de Aceite MCT | Favorece la absorción de nutrientes al optimizar el proceso digestivo  | 100 Cápsulas Blandas",49836314427713,100 cápsulas,VHMX00185,733739033475,346.5,,OLSEGO GROUP,OLSEGO GROUP,0
9616405332289,"Ácido Pantoténico 500 mg - Vitamina B5 Complejo B de NOW Foods para el Metabolismo Celular, Producción de Energía y Apoyo Nutricional Diario | 100 Cápsulas vegetales",49836307480897,100 cápsulas,VHMX00068,733739004864,297.53,,OLSEGO GROUP,OLSEGO GROUP,0
9984364642625,Alpha GPC 300 mg de Now Foods | Favorece el enfoque y la claridad mental | 60 cápsulas vegetales,50674099192129,60 cápsulas,VHMX02117,733739030856,897,,OLSEGO GROUP,OLSEGO GROUP,0
9623626449217,Aminoácido L-TPF 500 mg de NOW Foods | Mejora el Estado de Ánimo y el Sueño | 120 Cápsulas Veganas,49836311347521,120 cápsulas,VHMX00124,733739001672,655.98,,OLSEGO GROUP,OLSEGO GROUP,0
10126856814913,"Anti-OX Global de IVB | Astaxantina, CoQ10, Luteína, Licopeno y Zeaxantina | 60 Cápsulas",51275117297985,60 Cápsulas,VHMX02643,8437025981328,802.24,,OLSEGO GROUP,OLSEGO GROUP,0
9999949594945,Arginina y Citrulina de NOW Sports | Favorece la circulación sanguínea | 120 cápsulas,50750618665281,120 Cápsulas,VHMX02217,733739000378,491.19,,OLSEGO GROUP,OLSEGO GROUP,0
9644654526785,Arroz de Levadura Roja 1.2g de Designs For Health | Apoyo del Sistema Cardiovascular - Acción Antioxidante | 180 Cápsulas Vegetales,49836330484033,180 cápsulas,VHMX00533,879452002487,987.05,,OLSEGO GROUP,OLSEGO GROUP,0
10126856880449,"ArtiCare de IVB | Glucosamina, MSM, AprèsFlex®, boro y manganeso |  90 Cápsulas",51275117986113,90 Cápsulas,VHMX02644,8437025981281,575.4,,OLSEGO GROUP,OLSEGO GROUP,0
9981946233153,Ashwagandha optimizada + Magnesio | Kit Duerme Bien de Briah,50662885753153,60 Cápsulas cada Frasco,VHMX02115,,260,,OLSEGO GROUP,OLSEGO GROUP,0
9978781434177,Ashwagandha Optimizada de Briah 500 mg por porción | Bienestar Emocional | 60 cápsulas,50649218220353,60 Cápsulas,VHMX02107,0657628668589,161.1,,OLSEGO GROUP,OLSEGO GROUP,0
10108973711681,Ashwagandha Orgánica de Himalaya | Manejo del Estrés | 30 Tabletas,51195946500417,30 Tabletas,VHMX02585,605069060356,242.1,,OLSEGO GROUP,OLSEGO GROUP,0
10355753386305,"Benfotiamina 250 mg + B1 Life Extension | Sistema nervioso, metabolismo energético | 120 Cápsulas",52143693988161,120 Cápsulas,VHMX02762,737870925125,480.99,,OLSEGO GROUP,OLSEGO GROUP,0
10298685751617,"Berberina HCl con Ácido alfa lipoico (ALA), Berberine Synergy™ de Designs for Health | Energía celular, equilibrio metabólico | 60 Cápsulas Vegetales",51906329411905,60 Cápsulas Vegetales,VHMX02742,879452003934,985.83,,OLSEGO GROUP,OLSEGO GROUP,0
9618661638465,Berberina Soporte de Glucosa 400mg + MCT de NOW Foods | Apoyo al Metabolismo de la Glucosa | 90 cápsulas blandas,49836308660545,90 cápsulas,VHMX00087,733739014184,758.85,,OLSEGO GROUP,OLSEGO GROUP,0
9618752012609,"Betaína HCl 648 mg de NOW Foods | Soporte Digestivo, Fórmula Vegetariana | 120 Cápsulas Vegetales",49836309152065,120 cápsulas,VHMX00097,733739029386,470.3,,OLSEGO GROUP,OLSEGO GROUP,0
9929895018817,Betaína HCl Enzymedica con enzimas digestivas | Bienestar digestivo | 120 cápsulas,50443336450369,120 cápsulas,VHMX01859,670480100813,697,,OLSEGO GROUP,OLSEGO GROUP,0
9978785497409,Biotina 10.000 microgramos por porción + colágeno + ácido hialurónico Briah | Crecimiento de cabello y uñas | 60 cápsulas,50649249579329,60 cápsulas,VHMX02108,0657628668596,125.1,,OLSEGO GROUP,OLSEGO GROUP,0
9606480625985,"Biotina 5,000 mcg de NOW Foods | Apoyo energético y fortalecimiento del cabello, piel y uñas | 60 cápsulas vegetales",49836306694465,60 cápsulas,VHMX00056,733739004710,230.33,,OLSEGO GROUP,OLSEGO GROUP,0
9803272683841,"Biotina, Ácido hialuronico, Selenio, Vitamina D - Mezcla patentada liposomal 15ml por sobre de Mary Ruth's | Diseñado para nutrir el cabello, la piel y apoyar el sistema inmunológico | 14 Sobres de 15ml c/u",49836379701569,14 sobres de 15ml,VHMX01518,850036700586,788.52,,OLSEGO GROUP,OLSEGO GROUP,0
9620622934337,Bisglicinato de Magnesio de Now Foods | Apoya el funcionamiento del sistema nervioso | Polvos 227 gr,49836308562241,227g,VHMX00086,733739012999,507.46,,OLSEGO GROUP,OLSEGO GROUP,0
9625453232449,"Boro, complejo de quelato avanzado 3mg de Life Extension | Fortalecimiento Óseo | 100 cápsulas vegetarianas",49836318228801,100 cápsulas,VHMX00259,737870166115,195.35,,OLSEGO GROUP,OLSEGO GROUP,0
9616279568705,Calcio y Magnesio con Vitamina D-3 y Zinc de NOW Foods | Soporte para la Salud Ósea y Mejor Absorción | 120 Cápsulas Blandas,49836307317057,120 cápsulas,VHMX00065,733739012517,349.33,,OLSEGO GROUP,OLSEGO GROUP,0
9620562182465,Candida Support de Now Ácido Caprílico 500mg + Pau D'Arco 300mg + Aceite de orégano 200mg | Contribuye a la función intestinal y digestiva | 90 cápsulas vegetales,49836307251521,90 cápsulas,VHMX00064,733739033086,375,,OLSEGO GROUP,OLSEGO GROUP,0
9609217769793,Candidase™  (equivalente Candida Support) Enzimas Digestivas + Probióticos de Enzymedica -Fuerza Extra | Diseñado para promover un equilibrio saludable en la microbiota intestinal | 42 Cápsulas Vegetarianas,49030335332673,42 cápsulas,VHMX00545,670480201404,901,,OLSEGO GROUP,OLSEGO GROUP,0
9799349240129,Cardo Mariano 2000mg por porción de Nature's Answer | Propiedades antioxidantes y apoyo a la función hepática - Detoxificación del organismo | Gotero de 30 y 60ml - 15 servicios,49836390875457,30ml,VHMX01701,83000006456,325.13,,OLSEGO GROUP,OLSEGO GROUP,0
10031973433665,Cardo Mariano de Briah | Apoyo a la Función Hepática | 60 Cápsulas,50899776045377,60 Cápsulas,VHMX02514,0657628668701,169,,OLSEGO GROUP,OLSEGO GROUP,0
9635100590401,Cascara Sagrada 270mg de Nature's Way  para el Bienestar Digestivo y la Detoxificación | 100 cápsulas veganas,49836319670593,100 cápsulas,VHMX00291,33674113004,296.6,,OLSEGO GROUP,OLSEGO GROUP,0
9978784743745,Citrato de Magnesio 1000 mg por porción de Briah | Energía Celular | 60 cápsulas blandas,50649246171457,60 Cápsulas,VHMX02102,0657628668534,150,,OLSEGO GROUP,OLSEGO GROUP,0
9600969638209,Citrato de Magnesio 100mg de Life Extension | Apoyo Cardiovascular y Muscular | 100 cápsulas vegetarianas,49836316000577,100 cápsulas,VHMX00217,737870168218,283.93,,OLSEGO GROUP,OLSEGO GROUP,0
9594357186881,Citrato de Magnesio 400 mg de NOW Foods | Apoyo al Sistema Nervioso y Energía | 90 Y 120 cápsulas vegetarianas,50923590877505,120 Cápsulas,VHMX00023,733739012944,405,,OLSEGO GROUP,OLSEGO GROUP,0
9594357186881,Citrato de Magnesio 400 mg de NOW Foods | Apoyo al Sistema Nervioso y Energía | 90 Y 120 cápsulas vegetarianas,49861751603521,90 Cápsulas,VHMX00024,733739012975,395.97,,OLSEGO GROUP,OLSEGO GROUP,0
9644577915201,Citrato de Magnesio en Polvo 300mg de Designs For Health | Promueve un Bienestar Intestinal de Relajación y Regularidad - Favorece el buen descanso | 240g Sabor a Limón,49836329533761,240g,VHMX00506,879452003231,909,,OLSEGO GROUP,OLSEGO GROUP,0
9623846682945,Coenzima Q10 (CoQ10) 200 mg de NOW Foods | Apoyo Cardiovascular y Producción de Energía Celular | 60 cápsulas vegetales,49836312428865,60 cápsulas,VHMX00142,733739031761,626.25,,OLSEGO GROUP,OLSEGO GROUP,0
10277648728385,"Coenzima Q10 High Absorption Doctor's Best 100 mg | Bienestar cardiovascular, energía celular | 120 Cápsulas Blandas",51817874948417,120 cápsulas vegetales,VHMX02718,753950001831,745.95,,OLSEGO GROUP,OLSEGO GROUP,0
10108966011201,Colágeno hidrolizado bovino grass fed + Probioticos de Garden of Life | 14 y 28 servicios,51195925922113,14 Servicios 280g,VHMX02582,658010124577,429.19,,OLSEGO GROUP,OLSEGO GROUP,0
10108966011201,Colágeno hidrolizado bovino grass fed + Probioticos de Garden of Life | 14 y 28 servicios,51195925954881,28 Servicios 560g,VHMX02583,658010124591,759,,OLSEGO GROUP,OLSEGO GROUP,0
9623975002433,"Colesterol Pro™ con Bergamota 500mg y Policosanol 10mg de NOW Foods | Apoyo Cardiovascular, Niveles Saludables de Colesterol, Sin Soya | 120 Tabletas Veganas",49836312625473,120 tabletas,VHMX00148,733739035103,1190.13,,OLSEGO GROUP,OLSEGO GROUP,0
9999954641217,"Complejo B , Vitamina A, Vitamina C, D, E, ADAM de Now Foods | Fortalece el sistema inmunológico, antioxidante  | 60 tabletas",50750632984897,60 tabletas,VHMX02202,733739038753,417.94,,OLSEGO GROUP,OLSEGO GROUP,0
10277704073537,"Complejo B Activo Doctor's Best | Producción de energía diaria, bienestar celular | 60 Cápsulas Vegetales",51817961816385,60 cápsulas,VHMX02719,753950005013,947.5,,OLSEGO GROUP,OLSEGO GROUP,0
9613061423425,"Complejo de Enzimas, Zinc 2mg, L-Leucina 30mg de Enzymedica Acid Soothe | para Alivio de Acidez e Indigestión | 60 Tabletas Masticables - Sabor Frutos del Bosque, Vegano",49836332122433,60 tabletas,VHMX00560,670480270066,433.06,,OLSEGO GROUP,OLSEGO GROUP,0
9999950807361,Complejo de Vitamina C-1000 mg de NOW Food | Inmunidad y Colágeno | 180 Tabletas,50750620434753,180 tabletas,VHMX02235,733739007025,775.33,,OLSEGO GROUP,OLSEGO GROUP,0
9599802081601,Complejo de Vitaminas B  enzimáticamente activo de Life Extension | Proporciona energía y Vitalidad | 60 cápsulas vegetales,49836315803969,60 cápsulas,VHMX00213,737870194569,345.03,,OLSEGO GROUP,OLSEGO GROUP,0
9635946332481,Complejo de Vitaminas B - Multivitamínico en Gomitas para Mujeres |  Energía y Apoyo para el Metabolismo y Cabello | 130 Gomitas de Nature's Way,49836320489793,130 gomitas,VHMX00307,33674115367,608,,OLSEGO GROUP,OLSEGO GROUP,0
9732236607809,Complejo Vitamina B de Mary Ruth's 0.5ml por porción | Apoyo de la función Metabólica Integral | Gotero de 30ml Sabor Cereza - 30 servicios,49836332450113,30ml,VHMX00576,850029392996,419.04,,OLSEGO GROUP,OLSEGO GROUP,0
9999953985857,CoQ10 100 mg de NOW Foods | Favorece la producción de energía celular | 150 cápsulas blandas,50750629282113,150 Cápsulas,VHMX02193,733739032096,893.82,,OLSEGO GROUP,OLSEGO GROUP,0
10126856945985,CREAMAG de IVB | Creatina Monohidratada + Magnesio en Polvo  | 60 Servicios,51275120214337,Neutro,VHMX02609,8437025981229,823.04,,OLSEGO GROUP,OLSEGO GROUP,0
10126856945985,CREAMAG de IVB | Creatina Monohidratada + Magnesio en Polvo  | 60 Servicios,51275120247105,Sandía,VHMX02610,8437025981236,823.04,,OLSEGO GROUP,OLSEGO GROUP,0
10126857044289,Creatine Essential de IVB | Creatina Ultrafiltrada Creavitalis® | 60 Servicios,51275121688897,60 Servicios,VHMX02611,8437025981335,567,,OLSEGO GROUP,OLSEGO GROUP,0
9625206260033,Cristales de Vitamina C Ácido Ascórbico en Polvo de NOW Foods | Apoya la función inmunológica | 227 g,49836313608513,227 gr,VHMX00164,733739007902,440.5,,OLSEGO GROUP,OLSEGO GROUP,0
9600894075201,Cromo Optimizado con Crominex® 3+ 500 mcg de Life Extension | Contribuye en el aumento a la sensibilidad a la insulina | 60 Cápsulas Vegetarianas,49836315935041,60 cápsulas,VHMX00216,737870150466,220.1,,OLSEGO GROUP,OLSEGO GROUP,0
10109023715649,"Cúrcuma 95, Turmeric 95 Himalaya | Favorece el bienestar digestivo | 30 Cápsulas",51196237087041,30 Cápsulas,VHMX02589,605069432054,466,,OLSEGO GROUP,OLSEGO GROUP,0
10108963848513,"Cúrcuma Orgánica extra fuerte, Jenjibre, extracto de pimienta negra y mezcla probiótica de garden of life | 60 Tabletas",51195921662273,60 Tabletas,VHMX02581,658010121903,577,,OLSEGO GROUP,OLSEGO GROUP,0
9605160239425,Curcumina Avanzada Elite 500mg de Life Extension | Apoyo Cardiovascular e Inmune que favorece la función celular | 30 cápsulas blandas,49836317475137,30 cápsulas,VHMX00245,737870232438,593.32,,OLSEGO GROUP,OLSEGO GROUP,0
9999954608449,"Daily Vits NOW Foods multivitamínico con luteína y licopeno | Bienestar ocular, energía y vitalidad diaria | 100 tabletas",50750632952129,100 tabletas,VHMX02153,733739037701,440.05,,OLSEGO GROUP,OLSEGO GROUP,0
9603048407361,DHEA 25mg de Life Extension | Fortalece el Sistema Inmune y Hormonal | 100 cápsulas vegetales,49836316393793,100 cápsulas,VHMX00224,737870335108,385.23,,OLSEGO GROUP,OLSEGO GROUP,0
9612995264833,Digest Gold™ Mezcla de enzimas + ATPro  de Enzymedica | Favorece la digestión | 45 cápsulas,49836331630913,45 cáps,VHMX00551,670480202111,655.31,,OLSEGO GROUP,OLSEGO GROUP,0
9644568379713,DIM-Evail™ 100mg de Designs for Health | Equilibrio Hormonal y Desintoxicación | 60 y 120 Cápsulas Blandas etales,49119379292481,60 cápsulas,VHMX00515,879452001237,722.9,,OLSEGO GROUP,OLSEGO GROUP,0
9618866110785,"Dong Quai, Cohosh Negro, Soja de Now Foods | Apoyo para la Menopausia | 90 cápsulas vegetales, 30 servicios",49836309840193,90 cápsulas,VHMX00109,733739033253,375.04,,OLSEGO GROUP,OLSEGO GROUP,0
10108956246337,Dr. Formulated Probiotics Organic Kids | Mezcla probiótica infantil 14 cepas bacterianas | 30 tabletas masticables,51195886403905,30 Tabletas,VHMX02577,658010118422,599,,OLSEGO GROUP,OLSEGO GROUP,0
10031978807617,Duo Biotina con colágeno y ácido Hialurónico de Briah | 60 Cápsulas,50899799146817,60 cápsulas,VHMX02517,0657628668701,242.69,,OLSEGO GROUP,OLSEGO GROUP,0
10031977759041,Duo Cardo Mariano | Función Hepática | 60 cápsulas,50899794624833,60 Cápsulas,VHMX02515,0657628668701,327,,OLSEGO GROUP,OLSEGO GROUP,0
10031988539713,Duo Maca negra peruana de briah | Energía diaria masculina,50899857736001,60 Cápsulas,VHMX02521,0657628668657,366,,OLSEGO GROUP,OLSEGO GROUP,0
10031990833473,Duo Magnesio Súper Complex | 4 Tipos de magnesio + vitamina b6,50899874578753,60 Cápsulas,VHMX02523,0657628668671,270.4,,OLSEGO GROUP,OLSEGO GROUP,0
10031989555521,Duo Myo Inositol Puro y optimizado de briah | Balance Hormonal,50899863208257,60 Cápsulas,VHMX02522,0657628668688,358,,OLSEGO GROUP,OLSEGO GROUP,0
10031987818817,Duo Shilajit de briah | Vigor y Energía masculina,50899848692033,60 Cápsulas,VHMX02520,0657628668664,327,,OLSEGO GROUP,OLSEGO GROUP,0
10031987032385,DUO TestoMEN Complex de Briah,50899834765633,60 Cápsulas,VHMX02519,0657628668596,347,,OLSEGO GROUP,OLSEGO GROUP,0
9999955460417,"Elderberry Kids, Saúco negro 500mg + Zinc de NOW Foods | Sistema inmune | Liquido 237 ml",50750633869633,240 ml,VHMX02250,733739048516,459.77,,OLSEGO GROUP,OLSEGO GROUP,0
10239534563649,"Elderberry Sambucus Jarabe de Nature’s Answer | Apoya el sistema inmune, bienestar general | 120 ml",51680345686337,120 ml,VHMX02700,083000260407,265,,OLSEGO GROUP,OLSEGO GROUP,0
9999954280769,Energy NOW Foods | Metabolismo y Soporte Adrenal | 90 cápsulas vegetales,50750631510337,90 capsulas,VHMX02276,733739033260,578.11,,OLSEGO GROUP,OLSEGO GROUP,0
9796677632321,Enzima Lactasa de Best Naturals | Digestión Mejorada y Alivio de la Intolerancia a la Lactosa | 180 Tabletas,49836393496897,180 tabletas,VHMX01745,859375002900,392.64,,OLSEGO GROUP,OLSEGO GROUP,0
9920137363777,"Enzimas Digestivas Digest Basic de Enzymedica | Apoyo Suave para Digestión, Reducción de Gases e Hinchazón | 90 Cápsulas Veganas y Kosher",50405827641665,90 Cápsulas,VHMX00550,670480290101,488.08,,OLSEGO GROUP,OLSEGO GROUP,0
9613054837057,Enzimas Digestivas Lypo Gold de Enzymedica con Lipasa de Alta Potencia para Digestión de Grasas y Apoyo Cardiovascular | 60 Cápsulas Veganas y Kosher,49836332056897,60 cápsulas,VHMX00559,670480981306,634.94,,OLSEGO GROUP,OLSEGO GROUP,0
9613038584129,Enzimas Digestivas para Niños de Enzymedica | Apoyo Digestivo Suave Natural | 90 Tabletas Masticables Veganas y Kosher,51561027633473,60 tabletas,VHMX02662,670480110102,265.99,,OLSEGO GROUP,OLSEGO GROUP,0
9613038584129,Enzimas Digestivas para Niños de Enzymedica | Apoyo Digestivo Suave Natural | 90 Tabletas Masticables Veganas y Kosher,49836331958593,90 tabletas,VHMX00556,670480110119,399.24,,OLSEGO GROUP,OLSEGO GROUP,0
9613005914433,"Enzimas digestivas y probióticos, Digest Gold™ + Probióticos Enzymedica | Apoyo Digestivo | 45 cápsulas",49836331696449,45 cápsulas,VHMX00552,670480291108,746.7,,OLSEGO GROUP,OLSEGO GROUP,0
10298787823937,"Enzimas Digestivas, Enhanced Super Digestive Enzymes de Life Extension |  Absorción de nutrientes, confort digestivo | 60 Cápsulas vegetales",51906850750785,60 Cápsulas vegetales,VHMX02746,737870202165,365,,OLSEGO GROUP,OLSEGO GROUP,0
9613029769537,"Enzimas digestivas, GlutenEase™  Extra Fuerte Enzymedica | Digestion del Gluten | 30 cápsulas",49836331893057,30 cápsulas,VHMX00554,670480120101,488.53,,OLSEGO GROUP,OLSEGO GROUP,0
10108969091393,Extracto de Arjuna Orgánico de Himalaya | Bienestar Cardiovascular | 60 Tabletas,51195935785281,60 Tabletas,VHMX02584,605069413015,401.4,,OLSEGO GROUP,OLSEGO GROUP,0
9620374225217,"Extracto de Ashwaganda 450mg de Now | Reduce Cortisol, Balance Hormonal| 90 Capsulas Vegetales",49836306006337,90 cápsulas,VHMX00046,733739046031,323.99,,OLSEGO GROUP,OLSEGO GROUP,0
9620454506817,Extracto de Ashwagandha de Now Foods | Apoya el manejo del estrés ocasional | 59 ml,49836306071873,59ml,VHMX00047,73339048219,484,,OLSEGO GROUP,OLSEGO GROUP,0
9602886631745,"Extracto de Ashwagandha Optimizada 125mg de Life Extension | Ayuda a reducir el estrés y la ansiedad, contribuyendo al descanso | 60 cápsulas vegetarianas",49836316033345,60 cápsulas,VHMX00218,737870888062,219,,OLSEGO GROUP,OLSEGO GROUP,0
9623998234945,Extracto de Boswellia 500mg de NOW Foods | Apoya una respuesta inmune equilibrada | 90 cápsulas,49836312789313,90 cápsulas,VHMX00150,733739049360,562.49,,OLSEGO GROUP,OLSEGO GROUP,0
9633063502145,Extracto de Cardo Mariano 150 mg con Silimarina 120 mg y Cúrcuma de NOW Foods | Contribuye a la desintoxicación del hígado | 60 Cápsulas Vegetales,49836315115841,60 cápsulas,VHMX00199,733739047359,196.19,,OLSEGO GROUP,OLSEGO GROUP,0
9633091092801,"Extracto de Cardo Mariano 150 mg, Silimarina (120 mg), con Cúrcuma de NOW Foods  | Apoyo a la Función Hepática | 120 Cápsulas Vegetarianas",49836315476289,120 cápsulas,VHMX00207,733739047373,380.2,,OLSEGO GROUP,OLSEGO GROUP,0
9633108525377,Extracto de Cardo Mariano Doble Fuerza 300 mg de NOW Foods con Alcachofa y Diente de León | Apoya procesos naturales de detoxificación | 50 Cápsulas Vegetarianas,49836315148609,50 cápsulas,VHMX00200,733739047380,199,,OLSEGO GROUP,OLSEGO GROUP,0
10298819608897,"Extracto de Cardo Mariano, Silimarina Liver Refresh de NOW Foods | Funcionamiento normal del hígado, antioxidante celular | 90 cápsulas vegetales",51907011477825,90 cápsulas vegetales,VHMX02747,733739024480,485,,OLSEGO GROUP,OLSEGO GROUP,0
9634010300737,"Extracto de Cúrcuma con Meriva 500 mg de NOW Foods | Alta biodisponibilidad, apoya la flexibilidad y movilidad articular | 60 Cápsulas Vegetales",49836314788161,60 cápsulas,VHMX00192,733739046420,683.99,,OLSEGO GROUP,OLSEGO GROUP,0
9799809204545,Extracto de hoja de Gordolobo 2000mg por porción de Nature's Answer | Promueve una función respiratoria saludable | Gotero de 30ml,49836391498049,30ml,VHMX01711,83000006487,342.65,,OLSEGO GROUP,OLSEGO GROUP,0
9633043087681,"Extracto de Hongos Reishi y Shiitake 270 mg, Rei-Shi Mushrooms de NOW Foods | Apoyo Inmunológico y Vitalidad | 100 Cápsulas Vegetales",49836315050305,100 cápsulas,VHMX00198,733739047335,319.06,,OLSEGO GROUP,OLSEGO GROUP,0
9634100674881,"Extracto Doble Fuerza de Cardo Mariano 300 mg, Silimarina 240 mg de NOW Foods | Apoyo para la Desintoxicación y Función del Hígado con Alcachofa y Diente de León | 100 Cápsulas Vegetarianas",49836315541825,100 cápsulas,VHMX00208,733739047397,450.59,,OLSEGO GROUP,OLSEGO GROUP,0
9884815655233,FemmeBalance | IVB Wellness Lab | Apoyo Hormonal y Equilibrio Femenino | 60 Cápsulas,50262259630401,60 Cápsulas,VHMX01804,8437025981014,759.49,,OLSEGO GROUP,OLSEGO GROUP,0
10126857175361,"FerroPlus de IVB |  Hierro bisglicinato Ferrochel® con vitamina C, cobre, vitamina B12 y folatos | 60 Cápsulas",51275122803009,60 Cápsulas,VHMX02612,8437025981342,492.98,,OLSEGO GROUP,OLSEGO GROUP,0
10126857273665,"FertiUp de IVB | Myoinositol, D-chiro inositol, cobre y zinc | 210 g",51910811320641,Kiwi,VHMX02751,8437025981120,848,,OLSEGO GROUP,OLSEGO GROUP,0
10126857273665,"FertiUp de IVB | Myoinositol, D-chiro inositol, cobre y zinc | 210 g",51275123458369,Piña,VHMX02613,8437025981120,848,,OLSEGO GROUP,OLSEGO GROUP,0
10126857404737,FiberTotal de IVB | Complemento alimenticio de fibra soluble en polvo | 20 servicios,51275124146497,Chocolate,VHMX02616,8437025981380,649,,OLSEGO GROUP,OLSEGO GROUP,0
10126857404737,FiberTotal de IVB | Complemento alimenticio de fibra soluble en polvo | 20 servicios,51275123917121,Neutro,VHMX02615,8437025981373,649,,OLSEGO GROUP,OLSEGO GROUP,0
9603985473857,Folato Bioactivo 680mcg y Vitamina B12 300mcg de Life Extension | Apoyo del Sistema Cardiovascular | 90 cápsulas vegetarianas,49836316623169,90 cápsulas,VHMX00229,737870184294,274.52,,OLSEGO GROUP,OLSEGO GROUP,0
9602910683457,Folato Optimizado 1700 mcg DFE de Life Extension  | Promueve el bienestar durante el embarazo | 100 cápsulas vegetarianas,49836316131649,100 cápsulas,VHMX00220,737870193913,328.95,,OLSEGO GROUP,OLSEGO GROUP,0
9644590530881,Fórmula Digestiva de Enzimas Vegetales Designs for Health | Favorece la digestión de alimentos complejos | 90 cápsulas,49836329632065,90 cápsulas,VHMX00510,879452000636,715,,OLSEGO GROUP,OLSEGO GROUP,0
9635164094785,GABA 250 mg de Nature's Way  | Contribuye a aliviar el estrés y la ansiedad | 60 cápsulas veganas,49836320260417,60 cápsulas,VHMX00302,763948055265,479.75,,OLSEGO GROUP,OLSEGO GROUP,0
10126857568577,GestaNatal de IVB | Multivitamínico y mineral Prenatal Completo| 60 Cápsulas,51275124703553,60 Cápsulas,VHMX02617,8437025981496,539.1,,OLSEGO GROUP,OLSEGO GROUP,0
9797457412417,Glicina de Best Naturals | Apoyo Relajante y Metabólico | 1000 mg 180 Cápsulas,49836394611009,180 Cápsulas,VHMX01756,817716014159,463.61,,OLSEGO GROUP,OLSEGO GROUP,0
9617415078209,"Glicinato de Hierro Líquido 18mg de Nature's Way  | Contribuye a aumentar la energía y reduce la fatiga | 480ml, 32 servicios",49836319342913,480ml,VHMX00285,371401923169,449,,OLSEGO GROUP,OLSEGO GROUP,0
9606505627969,Glicinato de Magnesio 200mg de NOW Foods | Soporte para el Sistema Nervioso | 180 Tabletas,49836306760001,180 cápsulas,VHMX00057,733739012890,580.89,,OLSEGO GROUP,OLSEGO GROUP,0
9634090811713,"Gluconato de Zinc 50 mg de NOW Foods | Soporte Inmunológico, Funciones Enzimáticas | 100 y 250 Tabletas",49836315377985,100 Tabletas,VHMX00204,733739015204,222.1,,OLSEGO GROUP,OLSEGO GROUP,0
9634090811713,"Gluconato de Zinc 50 mg de NOW Foods | Soporte Inmunológico, Funciones Enzimáticas | 100 y 250 Tabletas",50923539562817,250 Tabletas,VHMX00205,733739015228,314.86,,OLSEGO GROUP,OLSEGO GROUP,0
9623600529729,Glutatión 500 mg con Extracto de Cardo Mariano y Ácido Alfa Lipoico de Now Foods | 30 y 60 Cápsulas Vegetales,50481443799361,30 Cápsulas,VHMX00120,733739001757,418.15,,OLSEGO GROUP,OLSEGO GROUP,0
9623600529729,Glutatión 500 mg con Extracto de Cardo Mariano y Ácido Alfa Lipoico de Now Foods | 30 y 60 Cápsulas Vegetales,50923551031617,60 cápsulas,VHMX00121,733739001047,793.93,,OLSEGO GROUP,OLSEGO GROUP,0
9999955067201,"Graviola 500 mg NOW Foods  |  Antioxidante, energía y vitalidad diaria | 100 cápsulas veganas",50750633476417,100 cápsulas veganas,VHMX02333,733739047038,268.57,,OLSEGO GROUP,OLSEGO GROUP,0
9618950291777,"Hierro Bisglicinato 36 mg de NOW Foods | Suave y Sin Estreñimiento, Hierro Doble Fuerza | 90 Cápsulas Vegetales",49836310331713,90 cápsulas,VHMX00115,733739014443,270.83,,OLSEGO GROUP,OLSEGO GROUP,0
9810244436289,High Potency D3 & K2 Complex de Irwin Naturals: Apoyo Óseo y Cardiovascular | 60 Cápsulas,49781030289729,60 Cápsulas,VHMX01674,710363592011,468.92,,OLSEGO GROUP,OLSEGO GROUP,0
9636042309953,"Hoja de bálsamo de limón Melissa 1500mg de Nature's Way | Promueve la mejora del sueño y el descanso, relajando cuerpo y mente | 100 cápsulas veganas",49836320981313,100 cápsulas,VHMX00314,33674146507,296.6,,OLSEGO GROUP,OLSEGO GROUP,0
9722350698817,Homocisteína Suprema™ + Vitaminas del Complejo B de Designs for Health | Apoyo Cardiovascular y Metabólico | 60 cápsulas Vegetales,49382113116481,60 cápsulas,VHMX00534,879452006676,583.99,,OLSEGO GROUP,OLSEGO GROUP,0
9625153798465,"Hongos con Biomasa Micelial y Extracto de Astrágalo, 3.5 oz (99 g) de NOW Foods - Polvo Inmuno Renovador Vegano | Apoyo para el Sistema Inmunólogico",49836313116993,99g,VHMX00157,733739047908,583.75,,OLSEGO GROUP,OLSEGO GROUP,0
9612865700161,Immune Defense™ de Enzymedica | Refuerza la función del sistema inmune | 90 cápsulas,49836331237697,90 cápsulas,VHMX00546,670480290804,1199,,OLSEGO GROUP,OLSEGO GROUP,0
10049480229185,"Isoflavonas de soja, salvia, valeriana y azafrán | Menomaster de IVB | 60 Cápsulas",50961977639233,60 Cápsulas,VHMX02529,8437025981069,811,,OLSEGO GROUP,OLSEGO GROUP,0
9604882301249,"L- Treonato de Magnesio 144mg Neuro-Mag - de Life Extension | Apoya la función neurológica, contribuyendo a la memoria y el aprendizaje | 90 cápsulas vegetarianas",49836317212993,90 cápsulas,VHMX00237,737870160397,834.88,,OLSEGO GROUP,OLSEGO GROUP,0
9604042621249,L-Glutamina 500mg de Life Extension | Promueve el bienestar digestivo y el sistema inmunológico | 100 cápsulas vegetales,49836316721473,100 cápsulas,VHMX00231,737870345107,356.16,,OLSEGO GROUP,OLSEGO GROUP,0
10299648508225,"L-Glutamina en Polvo de NOW Sports 5000 mg | Mantenimiento de la masa muscular, bienestar intestinal | 170 g 34 Porciones",51909785518401,170g,VHMX02749,733739002204,382.09,,OLSEGO GROUP,OLSEGO GROUP,0
9999949791553,"L-Lysine 1000 mg, NOW Foods | Refuerza la función inmunológica, piel, huesos y articulaciones | 100 tabletas",50750618992961,100 tabletas,VHMX02195,733739001139,361.15,,OLSEGO GROUP,OLSEGO GROUP,0
9999949857089,L-Prolina 500 mg de Now Foods | Contribuye a la firmeza y elasticidad de la piel | 120 Cápsulas,50750619058497,100 Cápsulas,VHMX02307,733739001337,364.96,,OLSEGO GROUP,OLSEGO GROUP,0
9625167626561,L-Teanina Doble Fuerza 200 mg de NOW Foods con Inositol | Ayuda a mantener la función cognitiva | 120 Cápsulas Vegetales,49836313313601,120 cápsulas,VHMX00160,733739001481,670.65,,OLSEGO GROUP,OLSEGO GROUP,0
10298703184193,"L-Tirosina Thyroid Energy de Now Foods |  Metabolismo energético, síntesis de hormonas tiroideas | 90 Cápsulas Vegetales",51906402648385,90 cápsulas vegetales,VHMX02744,733739033680,385,,OLSEGO GROUP,OLSEGO GROUP,0
9999950020929,L-Triptófano 500 mg Now | Promueve la relajación natural | 60 Cápsulas,50750619255105,60 capsulas,VHMX02152,733739001665,412.3,,OLSEGO GROUP,OLSEGO GROUP,0
9796924440897,L-Triptófano de Best Naturals | Apoyo al Estado de Ánimo y Sueño | 500 mg 120 Cápsulas,49836394578241,120 cápsulas,VHMX01755,817716013114,474.68,,OLSEGO GROUP,OLSEGO GROUP,0
10126857699649,LactaNatal de IVB | Multivitamínico y mineral Apoyo a la Lactancia Materna | 60 Cápsulas,51275126276417,60 Cápsulas,VHMX02618,8437025981489,566.1,,OLSEGO GROUP,OLSEGO GROUP,0
10031976579393,Maca negra peruana | Energía y vitalidad masculina | 60 Cápsulas,50899788005697,60 Cápsulas,VHMX02510,0657628668657,159.2,,OLSEGO GROUP,OLSEGO GROUP,0
9624153325889,Magnesio 500mg de Life Extension | Fortalecimiento Muscular y Apoyo Cardiovascular | 100 cápsulas vegetales,49836317606209,100 cápsulas,VHMX00247,737870145912,274.52,,OLSEGO GROUP,OLSEGO GROUP,0
10277069390145,Magnesio Glicinato y Lisinato Doctor's Best | Funcionamiento normal del sistema nervioso | 120 Tabletas,51816381514049,120 tabletas,VHMX02716,753950000254,345.55,,OLSEGO GROUP,OLSEGO GROUP,0
10277780619585,"Magnesio Glicinato y Malato OptiMag 125 de Xymogen | Relajación y el descanso, sistema nervioso | 120 Cápsulas Vegetales",51818102849857,120 Cápsulas Vegetales,VHMX02721,871149000080,670.8,,OLSEGO GROUP,OLSEGO GROUP,0
9978786971969,Magnesio Neuro  L- Treonato de Magnesio de Briah | Función cognitiva | 60 cápsulas blandas,50649255215425,60 cápsulas,VHMX02106,0657628668572,179.28,,OLSEGO GROUP,OLSEGO GROUP,0
10031975891265,Magnesio Súper Complex | 4 tipos de Magnesio + Vitamina b6 | 60 Cápsulas,50899784859969,60 Cápsulas,VHMX02512,0657628668671,135.2,,OLSEGO GROUP,OLSEGO GROUP,0
9884866412865,Magnesio Total | IVB Wellness Lab | Bisglicinato y Malato | Apoyo Muscular y Nervioso | 60 Cápsulas,50262414852417,60 Cápsulas,VHMX01808,8437025981045,481.8,,OLSEGO GROUP,OLSEGO GROUP,0
10278500041025,"Magnesio Treonato OptiMag Neuro Xymogen | Favorece memoria y concentración, sistema nervioso  | Polvo 75 g",51820197675329,75 g,VHMX02722,871149003388,1350,,OLSEGO GROUP,OLSEGO GROUP,0
9625575948609,"MaquiBright 60 mg, Apoyo para Lágrimas de Life Extension | Promueve la Producción Saludable de Lágrimas y la Hidratación Ocular Natural | 30 cápsulas vegetales",49836318392641,30 cápsulas,VHMX00262,737870191834,415.35,,OLSEGO GROUP,OLSEGO GROUP,0
10278640877889,"MedCaps T3 Xymogen | Soporte Tiroideo, equilibrio hormonal  | 120 Cápsulas Vegetales",51820365185345,120 Cápsulas Vegetales,VHMX02725,871149000448,1049,,OLSEGO GROUP,OLSEGO GROUP,0
9599752405313,"Mega D-3 5000 IU y MK-7 180 mcg, Vitaminas D-3 y K-2 de NOW Foods para Huesos y Sistema Cardiovascular | 60 Cápsulas Veganas",49836304662849,60 Cápsulas,VHMX00022,733739003843,395,,OLSEGO GROUP,OLSEGO GROUP,0
9618831835457,Melatonina 5mg de NOW Foods para el Sueño y Descanso | 60 cápsulas Vegetales,49836309676353,60 cápsulas,VHMX00106,733739035554,228.28,,OLSEGO GROUP,OLSEGO GROUP,0
9618849104193,"Melatonina Extra Fuerte 10 mg de NOW Foods |  Apoyo al Sueño Saludable, Proporciona apoyo antioxidante adicional | 100 Cápsulas Vegetarianas",49836309741889,100 cápsulas,VHMX00107,733739035578,328.96,,OLSEGO GROUP,OLSEGO GROUP,0
9604872405313,Melatonina líquida 3mg sabor citrus - vainilla de Life Extension  | Contribuye a promover un sueño y descanso reparador | 59ml,49836317049153,59 ml,VHMX00236,737870223429,260.79,,OLSEGO GROUP,OLSEGO GROUP,0
9719020224833,Melena de León Orgánica 500 mg de Now Foods | Apoya el bienestar cognitivo | 60 Cápsulas Vegetales,49836315279681,60 cápsulas,VHMX00202,733739047892,544.63,,OLSEGO GROUP,OLSEGO GROUP,0
9604914774337,Melissa Oficinalis y L-Teanina 300 mg de Life Extension | Contribuye en el alivio del estrés y la ansiedad | 30 Cápsulas Vegetarianas de Liberación Rápida,49836317278529,30 cápsulas,VHMX00239,737870987031,624.15,,OLSEGO GROUP,OLSEGO GROUP,0
10126857830721,"Memory-ON de IVB | Cognizin®,  SAMe,	 Bacomind®, Extracto seco de de Bacopa Monnieri , Zinc, Cobre | 60 Cápsulas",51275126669633,60 Cápsulas,VHMX02619,8437025981090,783,,OLSEGO GROUP,OLSEGO GROUP,0
10109021913409,"Menocare Himalaya | Favorece el equilibrio femenino diario, acompaña cambios hormonales naturales | 120 cápsulas vegetales",51196226371905,120 Cápsulas,VHMX02590,605069027014,710.5,,OLSEGO GROUP,OLSEGO GROUP,0
10126858060097,"Metabolic-Max de IVB | Berbevis®, Gimnema, Cardo mariano, Piperina y Cromo| 60 Cápsulas",51275127521601,60 Cápsulas,VHMX02620,8437025981083,848,,OLSEGO GROUP,OLSEGO GROUP,0
9620483440961,Metil B-12 1000mcg de Now Foods  | Apoyo al Sistema Nervioso - Contribuye en la función cognitiva y la memoria | 100 pastillas veganas,49836306334017,100 pastillas,VHMX00052,733739004956,220.56,,OLSEGO GROUP,OLSEGO GROUP,0
9618551112001,"Metil Folato 1,000 mcg de NOW Foods | Apoya la salud neurológica y la división celular | 90 tabletas vegetales",49836308267329,90 cápsulas,VHMX00082,733739004918,375.04,,OLSEGO GROUP,OLSEGO GROUP,0
10126858191169,Metil-B12 Líquido de IVB | Función del sistema nervioso e inmunitario| 60 Cápsulas,51275128340801,60 Cápsulas,VHMX02621,8437025981106,467.1,,OLSEGO GROUP,OLSEGO GROUP,0
9599720685889,"Metilcobalamina, Vitamina B12 de 1mg Life Extension | Apoyo de la función cardiovascular y formación de glóbulos rojos | 60 cápsulas vegetales",49836315738433,60 cápsulas,VHMX00212,737870153665,209.54,,OLSEGO GROUP,OLSEGO GROUP,0
9618892718401,"Mezcla de Enzimas Digestivas con Bromelina, Bilis de Buey, Pancreatina y Papaína de NOW Foods | Enzimas para la Absorción de Nutrientes y Apoyo Digestivo | 90 Cápsulas vegetales",49836312199489,90 cápsulas,VHMX00136,733739029638,549.47,,OLSEGO GROUP,OLSEGO GROUP,0
9644605243713,Mezcla de Probióticos 350mg 50 Mil Millones de UFC ProbioMed™ 50 de Designs for Health | Bienestar Digestivo e Inmunitario | 30 Cápsulas Vegetales,49119570166081,30 cápsulas,VHMX00513,879452005105,757,,OLSEGO GROUP,OLSEGO GROUP,0
9639071252801,Mezcla Premium de hierbas con Arándano 1260mg de Nature's Way  | Promueve la función del tracto urinario | 100 cápsulas veganas,49836321603905,100 cápsulas,VHMX00322,33674793206,300.59,,OLSEGO GROUP,OLSEGO GROUP,0
9635133555009,Micro Alga Espirulina 760mg de Nature's Way  | Apoyo del Sistema Inmunológico | 100 cápsulas veganas,49836320096577,100 cápsulas,VHMX00298,33674172001,379.25,,OLSEGO GROUP,OLSEGO GROUP,0
9618680250689,"Minerales de Espectro Completo - Fórmula Multimineral para el  Sistema Óseo, con Alto Contenido de Calcio y Sin Hierro de Now Foods | 120 cápsulas vegetales, 60 servicios",49836308857153,120 cápsulas,VHMX00089,733739015440,484.5,,OLSEGO GROUP,OLSEGO GROUP,0
9604897669441,"Minerales traza, Zinc, Manganeso, Molibdeno de Life Extension |  Fortalece el Sistema Inmunitario | 90 cápsulas vegetarianas",49836317245761,90 cápsulas,VHMX00238,737870132899,328.95,,OLSEGO GROUP,OLSEGO GROUP,0
9974274359617,Mood+ Probióticos 50B CFU de Garden of Life | Equilibrio emocional y bienestar mental  | 60 cápsulas,50626625634625,60 cápsulas,VHMX02004,658010120043,1439.99,,OLSEGO GROUP,OLSEGO GROUP,0
9600373391681,"Multivitamínico con Colina, Ácido fólico, DHA + vitaminas y minerales de Life Extension | Nutrientes para la mamá y los lactantes en desarrollo | 120 cápsulas blandas",49836315902273,120 cápsulas,VHMX00215,737870231912,564.79,,OLSEGO GROUP,OLSEGO GROUP,0
9633157054785,"Multivitamínico de Alta Potencia Two-Per-Day con Minerales Esenciales de Life Extension | Sin OGM, Certificado Libre de Gluten, Potente Suplemento para el Bienestar Diario | 120 Cápsulas Vegetales",49836318654785,120 cápsulas,VHMX00266,737870231516,628.3,,OLSEGO GROUP,OLSEGO GROUP,0
9625508938049,Multivitamínico One Per Day de Life Extension | Apoyo para la función Inmunológica y Cardiovascular | 60 tabletas vegetales,49836318556481,60 tabletas,VHMX00265,737870231363,646.44,,OLSEGO GROUP,OLSEGO GROUP,0
10132645773633,Multivitamínico Prenatal VitalNatal Woman | Apoya necesidades prenatales | 60 cápsulas,51294866932033,60 Cápsulas,VHMX02634,8437025981137,518.4,,OLSEGO GROUP,OLSEGO GROUP,0
10277055627585,"Multivitamínico Women’s 50+ Premium Gummies Alive! Nature’s Way | Apoya el bienestar óseo, metabolismo energético | 75 gomitas",51816292122945,75 gomitas,VHMX02715,033674158999,397.48,,OLSEGO GROUP,OLSEGO GROUP,0
9715829866817,Myo & D-Chiro Inositol 1.6g + Ácido Alfa Lipoico 100mg Sensitol™ de Designs for Health | Sensibilidad a la Insulina - Función Metabólica Saludable | 120 Cápsulas Vegetales,49362453692737,120 cápsulas,VHMX00531,879452004474,1349,,OLSEGO GROUP,OLSEGO GROUP,0
10031974646081,Myo Inositol Puro y Optimizado de Briah | Balance Hormonal Femenino | 60 Cápsulas,50899778437441,60 Cápsulas,VHMX02511,0657628668688,179,,OLSEGO GROUP,OLSEGO GROUP,0
9605622300993,NAC (N-Acetil Cisteína) 600 mg con Selenio y Molibdeno de NOW Foods - Protección contra Radicales Libres y Sistema Inmunológico | 100 tabletas veganas,49836306137409,100 tabletas,VHMX00048,733739000859,348.89,,OLSEGO GROUP,OLSEGO GROUP,0
9600016449857,NAC (N-Acetil-L-Cisteína) 600mg de Life Extension | Apoya la desintoxicación del hígado | 60 cápsulas vegetales,49836315836737,60 cápsulas,VHMX00214,737870154365,307.5,,OLSEGO GROUP,OLSEGO GROUP,0
9599594037569,NAD suplemento | NAD + regenerador celular 100 mg de Life extension | Regeneración celular - Longevidad y Vitalidad | 30 cápsulas vegetarianas,49836104876353,30 cápsulas,VHMX00211,737870190431,463.99,,OLSEGO GROUP,OLSEGO GROUP,0
9624304845121,NAD+ 300 mg con Resveratrol de Life Extension | Regenerador celular - Contribuye a aumentar y potenciar la energía y la longevidad celular | 30 cápsulas vegetales,49836317901121,30 cápsulas,VHMX00251,737870234838,999,,OLSEGO GROUP,OLSEGO GROUP,0
9978786414913,"NAD+ con Resveratrol, Vitamina C y Coenzima Q10 de Briah | Protección Antioxidante | 30 cápsulas",50649251184961,30 Cápsulas,VHMX02103,0657628668541,269.1,,OLSEGO GROUP,OLSEGO GROUP,0
9624399806785,NAD+ Regenerador celular 300 mg de Life extension | Ayuda en la producción de energía celular y el funcionamiento óptimo del metabolismo | 30 cápsulas vegetarianas,49836318163265,30 cápsulas,VHMX00258,737870234432,899,,OLSEGO GROUP,OLSEGO GROUP,0
9879880925505,NMN Puro 250 mg | Genex | Apoyo Premium a la Longevidad y Energía Celular | 60 Cápsulas Vegetales,50244120641857,60 Cápsulas,VHMX01815,868095000332,697,,OLSEGO GROUP,OLSEGO GROUP,0
9644619170113,Omega 3 EPA - DHA OmegAvail™ Hi-Po de Designs for Health | Apoyo Cardiovascular | 60 Cápsulas Vegetales,49119630819649,60 cápsulas,VHMX00521,879452002821,836.95,,OLSEGO GROUP,OLSEGO GROUP,0
9978793754945,Omega 3 Espectro Completo de Briah | Función Cardiovascular y Cognitiva |  60 Cápsulas,50649266782529,60 Cápsulas,VHMX02105,0657628668565,189,,OLSEGO GROUP,OLSEGO GROUP,0
9603758883137,Omega 3 Molecularmente Destilado 1000 mg de Now Foods | Apoya la salud cardiovascular | 100 Cápsulas,49017134874945,100 Cápsulas,VHMX00031,733739016508,299,,OLSEGO GROUP,OLSEGO GROUP,0
10146864464193,Omega 3 rico en DHA de IVB | Omega 3 con certificación IFOS | 30 cápsulas,51325247160641,30 Cápsulas,VHMX02524,8437025981403,630,,OLSEGO GROUP,OLSEGO GROUP,0
10146995536193,Omega 3 rico en EPA IVB | Apoyo Cardiovascular | 60 Cápsulas,51325595189569,60 Cápsulas,VHMX02525,8437025981397,304.1,,OLSEGO GROUP,OLSEGO GROUP,0
10278568853825,"Omega 3 y CoQ10 CoQmax Ubiquinol Xymogen | Bienestar cardiovascular, antioxidante | 60 Cápsulas Blandas",51820292243777,60 cápsulas vegetales,VHMX02723,871149003647,1669.7,,OLSEGO GROUP,OLSEGO GROUP,0
9999951888705,Omega 3-6-9 1000 mg de Now | Contribuye a la elasticidad y firmeza de la piel | 100 y 250 Cápsulas,50767021179201,100 Capsulas,VHMX02314,733739018359,380,,OLSEGO GROUP,OLSEGO GROUP,0
9999951888705,Omega 3-6-9 1000 mg de Now | Contribuye a la elasticidad y firmeza de la piel | 100 y 250 Cápsulas,50750622531905,250 Cápsulas,VHMX02213,733739018373,693.26,,OLSEGO GROUP,OLSEGO GROUP,0
10277742674241,"Omega 3, OmegaPure 820 de Xymogen EPA DHA | Bienestar Cardiovascular, función cognitiva | 120 Cápsulas Blandas",51818032300353,120 Cápsulas Blandas,VHMX02720,871149002176,1250,,OLSEGO GROUP,OLSEGO GROUP,0
9624270635329,Omega-3 con EPA - DHA 2000mg de Life Extension + Lignanos de Sésamo y Extracto de Oliva | Promueve la función cerebral y cardiovascular | 60 cápsulas blandas,49836317802817,60 cápsulas,VHMX00250,737870198369,446.9,,OLSEGO GROUP,OLSEGO GROUP,0
9974742090049,Once Daily Womens de Garden of Life | Multivitaminico Probiótico para  Mujer 50B CFU | 30 cápsulas,50629736661313,30 Cápsulas,VHMX02003,658010118323,1303.99,,OLSEGO GROUP,OLSEGO GROUP,0
9999952970049,OralBiotic de Now Foods  | Apoya la microbiota bucal y de vías respiratorias | 60 probióticos orales,50750628168001,60 pastillas,VHMX02257,733739029218,475.42,,OLSEGO GROUP,OLSEGO GROUP,0
10109018505537,Pasta Dental Herbal Menta | Libre de Fluor | 150 g,51196216377665,150 g,VHMX02587,605069200240,157,,OLSEGO GROUP,OLSEGO GROUP,0
10109020143937,Pasta Dental Natural con Neem y Granada | Libre de Fluor | 150 g,51196225192257,150 g,VHMX02588,605069200073,157,,OLSEGO GROUP,OLSEGO GROUP,0
9625546064193,"Pregnenolone 100 mg de Life Extension | Contribuye a memoria y balance hormonal | 100 cápsulas vegetales sin Gluten, Ni GMO",49836318753089,100 cápsulas,VHMX00269,737870700104,492.22,,OLSEGO GROUP,OLSEGO GROUP,0
10052586864961,Probiótico + Prebiótico Vaginal de Briah | Mezcla Probiótica 6 cepas 2.5 UFC | 60 cápsulas para 30 días,50969090916673,60 Cápsulas,VHMX02528,0657628668718,159.2,,OLSEGO GROUP,OLSEGO GROUP,0
9603745907009,"Probiótico 100 Mil Millones UFC con 10 Cepas Diferentes para el Cuidado Digestivo - NOW Foods | Libre de Lácteos, Soya y Gluten | 30 Cápsulas Vegetarianas",49836305121601,30 cápsulas,VHMX00028,733739029317,786.3,,OLSEGO GROUP,OLSEGO GROUP,0
9635095609665,"Probiótico Fortify + Prebióticos para mujeres mayores de 50 años, 30 mil millones CFU de Nature's Way con 10 cepas | 30 cápsulas de liberación retardada",49836319539521,30 cápsulas,VHMX00289,33674102930,646.95,,OLSEGO GROUP,OLSEGO GROUP,0
9599792283969,"Probiótico-10, 25 Mil Millones, 10 Cepas Probióticas de NOW Foods | 30 y 50 Cápsulas Vegetales",49003029889345,30 cápsulas,VHMX00025,733739029379,376.08,,OLSEGO GROUP,OLSEGO GROUP,0
9599792283969,"Probiótico-10, 25 Mil Millones, 10 Cepas Probióticas de NOW Foods | 30 y 50 Cápsulas Vegetales",50923590058305,50 cápsulas,VHMX00026,733739029263,499,,OLSEGO GROUP,OLSEGO GROUP,0
9974251290945,Probióticos Hombre 50B CFU de Garden of Life | Apoya el sistema inmunológico masculino | 30 cápsulas,50626542010689,30 cápsulas,VHMX02002,658010118293,1303.99,,OLSEGO GROUP,OLSEGO GROUP,0
10108960964929,Probióticos RAW Ultimate Care 100 Billion UFC de Garden of Life | 30 Cápsulas Vegetarianas,51195916747073,30 Cápsulas,VHMX02580,658010116640,1059,,OLSEGO GROUP,OLSEGO GROUP,0
9644647907649,Quercetina 200mg + Ortigas 200mg de Designs For Health |  Fortalece el sistema inmunológico y ayuda a controlar los niveles de histamina que promueven la función cardiovascular | 90 Cápsulas Vegetales,49836330189121,90 cápsulas,VHMX00528,879452000957,701.44,,OLSEGO GROUP,OLSEGO GROUP,0
9635203055937,Raíz de Astrágalo 1410mg de  Nature's Way | Contribuye a fortalecer el sistema inmunológico | 100 cápsulas veganas,49836320391489,100 cápsulas,VHMX00304,33674101803,435.3,,OLSEGO GROUP,OLSEGO GROUP,0
9803638112577,Raíz de Diente de León 1575 por servicio de Nature's Way | Apoyo de la función urinaria - Aporta antioxidantes naturales | 100 cápsulas veganas,49833958768961,100 cápsulas,VHMX00278,33674123003,285.2,,OLSEGO GROUP,OLSEGO GROUP,0
9634057584961,Raíz de Maca 500 mg de NOW Foods - Apoyo Reproductivo y Energético para Hombres y Mujeres | 100 Cápsulas Vegetales,49836314952001,100 cápsulas,VHMX00197,733739047212,280.2,,OLSEGO GROUP,OLSEGO GROUP,0
9799771062593,Raíz de Maca y Ashwagandha con Ginsenósidos de Irwin Naturals | Apoya la respuesta adaptativa al estrés | 75 Cápsulas,49836389105985,75 Cápsulas,VHMX01649,710363592059,655.05,,OLSEGO GROUP,OLSEGO GROUP,0
9800249475393,Raíz de malvavisco 2000mg de Nature's Answer | Propiedades naturales que actúan como calmantes y beneficios para el sistema digestivo | Gotero de 30ml,49836391924033,30ml,VHMX01719,083000003943,308.06,,OLSEGO GROUP,OLSEGO GROUP,0
10278608503105,"RelaxMax Xymogen Myo Inositol GABA y L-Teanina | Equilibrio emocional, relajación diaria | Polvo 234 g",51820333728065,234 g,VHMX02724,871149002831,1575.95,,OLSEGO GROUP,OLSEGO GROUP,0
9623949705537,"Resveratrol con extracto de vino tinto, 200 mg de NOW Foods | Favorece el Antienvejecimiento Celular | 60 cápsulas veganas",49836312592705,60 cápsulas,VHMX00147,733739033536,499,,OLSEGO GROUP,OLSEGO GROUP,0
9999954510145,Resveratrol Extra Fuerte de Now Foods | Soporte Cardiovascular | 60 cápsulas,50750631870785,60 capsulas,VHMX02291,733739033864,680.54,,OLSEGO GROUP,OLSEGO GROUP,0
9617381785921,Resveratrol Mezcla Premium 650mg de Nature's Way | Proporciona una potente acción antioxidante y apoya la función cardiovascular | 60 cápsulas veganas,49836319113537,60 cápsulas,VHMX00281,33674156117,440,,OLSEGO GROUP,OLSEGO GROUP,0
9625140855105,Rhodiola 500 mg - Adaptógeno Natural de NOW Foods | Extracto Estandarizado al 3% de Rosavinas | 60 Cápsulas Vegetales,49836313051457,60 cápsulas,VHMX00156,733739047540,605.44,,OLSEGO GROUP,OLSEGO GROUP,0
9616225927489,"Selenio 200 mcg de NOW Foods | Contribuye al fortalecimiento del sistema inmunológico | Mineral Esencial, Libre de Levadura | 90 Cápsulas Vegetales",49836307087681,90 cápsulas,VHMX00062,733739014856,239.96,,OLSEGO GROUP,OLSEGO GROUP,0
10298713768257,"Selenio 200 mcg de NOW Foods | Protección antioxidante, funcionamiento normal de la tiroides | 180 cápsulas vegetales",51906451538241,180 cápsulas vegetales,VHMX02745,733739014863,355,,OLSEGO GROUP,OLSEGO GROUP,0
10108982198593,Shatavari Orgánico de Himalaya | Balance Hormonal | 60 Tabletas,51195978318145,60 Tabletas,VHMX02586,605069410014,466,,OLSEGO GROUP,OLSEGO GROUP,0
10031972581697,Shilajit estandarizado 500 mg de Briah | Vigor y Energía diaria para hombre| 60 cápsulas,50899773817153,60 Cápsulas,VHMX02509,0657628668664,169,,OLSEGO GROUP,OLSEGO GROUP,0
10126858453313,"SomniLove de IVB | Glicina, extractos de plantas y L-teanina | 180 gr",51275128930625,180 g,VHMX02624,8437025981366,629,,OLSEGO GROUP,OLSEGO GROUP,0
10126858551617,Sticks de sabores de IVB | Para personalizar el sabor de tus complementos en polvo | 10 sobres,51275130175809,Cacao,VHMX02626,8437025981434,50,,OLSEGO GROUP,OLSEGO GROUP,0
10126858551617,Sticks de sabores de IVB | Para personalizar el sabor de tus complementos en polvo | 10 sobres,51275130241345,Canela,VHMX02628,8437025981441,50,,OLSEGO GROUP,OLSEGO GROUP,0
10126858551617,Sticks de sabores de IVB | Para personalizar el sabor de tus complementos en polvo | 10 sobres,51275130274113,Chocolate blanco-Fresa,VHMX02629,8437025981458,50,,OLSEGO GROUP,OLSEGO GROUP,0
10126858551617,Sticks de sabores de IVB | Para personalizar el sabor de tus complementos en polvo | 10 sobres,51275129749825,Mix de Sabores,VHMX02625,8437025981465,50,,OLSEGO GROUP,OLSEGO GROUP,0
10126858551617,Sticks de sabores de IVB | Para personalizar el sabor de tus complementos en polvo | 10 sobres,51275130208577,Vainilla,VHMX02627,8437025981427,50,,OLSEGO GROUP,OLSEGO GROUP,0
10126858912065,"Stress OFF de IVB | Reishi, eleuterococo y schisandra | 60 Cápsulas",51275131650369,60 Cápsulas,VHMX02630,8437025981205,528.3,,OLSEGO GROUP,OLSEGO GROUP,0
9722365772097,Super Enzimas de NOW Foods | Bienestar general | 90 Tabletas Vegetales,49836312265025,90 tabletas,VHMX00138,733739029607,525,,OLSEGO GROUP,OLSEGO GROUP,0
9602949644609,Súper Enzimas digestivas 140mg con Probióticos 10mg de Life Extension | Contribuye en la digestión y absorción de nutrientes  | 60 cápsulas vegetarianas,49836316197185,60 cápsulas,VHMX00221,737870202264,564.79,,OLSEGO GROUP,OLSEGO GROUP,0
9620348043585,Super Omega 360 mg EPA + 240 mg DHA por cápsula de NOW Foods | Apoyo Cardiovascular | 240 Cápsulas blandas,49836305744193,240 cápsulas,VHMX00040,733739016836,740.95,,OLSEGO GROUP,OLSEGO GROUP,0
9603958047041,Súper Omega-3 con EPA + DHA 2000mg de Life Extension | Promueve la función cerebral y cardiovascular | 240 cápsulas blandas,49836316459329,240 cápsulas,VHMX00225,737870198628,907.23,,OLSEGO GROUP,OLSEGO GROUP,0
9624169939265,Súper Selenio 200mcg + Vitamina E de Life Extension | Apoya la función metabólica y cardiovascular | 100 cápsulas vegetarianas,49836317671745,100 cápsulas,VHMX00248,737870177814,298.27,,OLSEGO GROUP,OLSEGO GROUP,0
9633172422977,Super Vitamina K1 + K2 2600mcg de Life Extension | Apoyo del Sistema Cardiovascular y Óseo | 90 cápsulas blandas,49836318687553,90 cápsulas,VHMX00267,737870233435,594.85,,OLSEGO GROUP,OLSEGO GROUP,0
9811785056577,Suplemento de Cardo Mariano Liver Detox & Blood Refresh de Irwin Naturals |  Complementa procesos de detoxificación | 60 cápsulas,49791620219201,60 Capsulas Blandas,VHMX01650,710363594619,655.05,,OLSEGO GROUP,OLSEGO GROUP,0
9999949922625,Taurina de NOW Foods 500 mg | Apoya la función cardiovascular y muscular | 100 cápsulas vegetales,50750619156801,100 cápsulas vegetales,VHMX02156,733739001405,242.76,,OLSEGO GROUP,OLSEGO GROUP,0
9625227526465,"Té Verde con 700 mg de Extracto de Té Verde, 350 mg de EGCG de NOW Foods | Apoya un metabolismo saludable y activo | 90 Cápsulas Vegetarianas",49836313903425,90 cápsulas,VHMX00172,733739020758,583.75,,OLSEGO GROUP,OLSEGO GROUP,0
10031977398593,TestoMEN Complex | Suplemento para Hombres| Precursor con 6 ingredientes | 60 Cápsulas,50899792822593,60 Cápsulas,VHMX02513,0657628668695,179,,OLSEGO GROUP,OLSEGO GROUP,0
10031977955649,Tripack Cardo Mariano | Apoyo a la función Hepática,50899795050817,60 Cápsulas,VHMX02516,0657628668701,481.65,,OLSEGO GROUP,OLSEGO GROUP,0
9884852879681,TyroEnergy | IVB Wellness Lab | Apoyo para la Energía y la Función Tiroidea | 60 Cápsulas,50262369829185,60 Cápsulas,VHMX01806,8437025981007,767.8,,OLSEGO GROUP,OLSEGO GROUP,0
9644653740353,Ubiquinol 200mg y transgeranilgeraniol (GG) 120mg de Designs For Health | Apoya la función Cardiovascular y del Sistema Inmunológico | 60 Cápsulas Blandas,49836330385729,60 cápsulas,VHMX00532,879452005600,1466.28,,OLSEGO GROUP,OLSEGO GROUP,0
9603821961537,Ultra Omega-3 con Vitamina D-3 600 mg EPA - 300 mg DHA | Apoyo Cardiovascular | 90 y 180 Cápsulas Blandas,50441803301185,180 Cápsulas,VHMX00039,733739016645,1070.15,,OLSEGO GROUP,OLSEGO GROUP,0
9603821961537,Ultra Omega-3 con Vitamina D-3 600 mg EPA - 300 mg DHA | Apoyo Cardiovascular | 90 y 180 Cápsulas Blandas,49836305678657,90 cápsulas,VHMX00038,733739016638,674.69,,OLSEGO GROUP,OLSEGO GROUP,0
10298693648705,"Ultra Omega-3 Fish Oil 500 EPA / 250 DHA de NOW Foods | Funcionamiento cardiovascular, cognitiva y memoria | 180 cápsulas blandas",51906360049985,180 cápsulas blandas,VHMX02743,733739016621,980,,OLSEGO GROUP,OLSEGO GROUP,0
9603771957569,"Ultra Omega-3, Concentrado de Aceite de Pescado con 500 mg de EPA y 250 mg de DHA de NOW Foods | Apoyo Cardiovascular y Función Cerebral | 90 Cápsulas Blandas Entéricas",49836305383745,90 Cápsulas,VHMX00034,733739016614,515.12,,OLSEGO GROUP,OLSEGO GROUP,0
9884907274561,Vegan Omega 3+ | IVB Wellness Lab | DHA y EPA de Microalgas | 60 Cápsulas,50262588260673,60 Cápsulas,VHMX01814,8437025981175,675.18,,OLSEGO GROUP,OLSEGO GROUP,0
9884907274561,Vegan Omega 3+ | IVB Wellness Lab | DHA y EPA de Microalgas | 60 Cápsulas,51461869011265,90 Cápsulas,VHMX02631,8437027176524,799,,OLSEGO GROUP,OLSEGO GROUP,0
10049505526081,"Verbena de limón, Hibisco estandarizados, Extracto seco de azafrán | Satisens de IVB | Control del apetito | 60 Cápsulas",50962040750401,60 Cápsulas,VHMX02530,8437025981076,877.8,,OLSEGO GROUP,OLSEGO GROUP,0
10126859239745,Vita C 500 de IVB | Protección Celular y al Daño Oxidativo | 60 Cápsulas,51275132862785,60 Cápsulas,VHMX02632,8437025981038,299,,OLSEGO GROUP,OLSEGO GROUP,0
10126859698497,VitalNatal Man de IVB | Bienestar reproductivo del hombre | 60 Cápsulas,51275133681985,60 Cápsulas,VHMX02633,8437025981144,646.2,,OLSEGO GROUP,OLSEGO GROUP,0
9616783769921,"Vitamina A 25,000 UI de NOW Foods - Soporte Ocular y Función Inmunitaria | 100 Cápsulas Blandas",49836307906881,100 cápsulas,VHMX00077,733739003409,200.18,,OLSEGO GROUP,OLSEGO GROUP,0
9719101915457,"Vitamina B-12, 1000 mcg con Ácido Fólico de NOW Foods para Energía y Apoyo al Sistema Nervioso | 100 Pastillas para Masticar, Vegetariano/Vegano",49836311478593,100 pastillas,VHMX00125,733739004666,175.03,,OLSEGO GROUP,OLSEGO GROUP,0
9616809066817,Vitamina B1 100 mg de NOW Foods | Apoyo para el Sistema Nervioso y Energetico | 100 tabletas veganas,49836307972417,100 cápsulas,VHMX00078,733739004468,228.75,,OLSEGO GROUP,OLSEGO GROUP,0
9605825298753,Vitamina B12 Metilada 5000 mcg Now Foods con Folato | Soporte al Sistema Nervioso | 120 cápsulas,49836306530625,120 pastillas,VHMX00054,0733739004932,745.17,,OLSEGO GROUP,OLSEGO GROUP,0
9999947170113,Vitamina B12 Metilcobalamina Spray Orgánico MaryRuth’s | Sistema nervioso | 30 ml,50750613520705,30 ml,VHMX02370,861365000469,376.2,,OLSEGO GROUP,OLSEGO GROUP,0
9620595704129,Vitamina B2 100 mg Riboflavina de NOW | Suplemento Alimenticio | Potencia la Energía,49836308070721,100 cápsulas,VHMX00079,733739004475,228.75,,OLSEGO GROUP,OLSEGO GROUP,0
9616826630465,Vitamina B6 100 mg NOW Foods | Apoyo Cardiovascular y Función Nerviosa | 100 Cápsulas Vegetarianas,49836308136257,100 cápsulas,VHMX00080,733739004567,261.87,,OLSEGO GROUP,OLSEGO GROUP,0
9644593545537,"Vitamina B6, B 12, Inositol, GABA, y más NeuroCalm™ de Designs for Health | Estado de Ánimo Saludable - Sensación de Bienestar | 60 Cápsulas Vegetales",49119541428545,60 cápsulas,VHMX00511,879452002869,1063.99,,OLSEGO GROUP,OLSEGO GROUP,0
9602953707841,Vitamina C 1000mg y Bio-Quercetina 15mg de Life Extension | Promueve la función del sistema inmunológico | 60 tabletas vegetales,49836316229953,60 tabletas,VHMX00222,737870222866,274.52,,OLSEGO GROUP,OLSEGO GROUP,0
9605126357313,Vitamina C 100mg + Bio-Quercetina 15mg de Life Extension | Promueve la fortaleza del sistema inmunológico | 250 cápsulas vegetales,49836317409601,250 cápsulas,VHMX00244,737870222729,709.94,,OLSEGO GROUP,OLSEGO GROUP,0
9605612798273,Vitamina C Liposomal 1.000mg de NOW Foods | Defensas y Fortalecimiento del Sistema Inmune | 120 cápsulas vegetarianas,49836305940801,120 cápsulas,VHMX00045,733739006196,685.9,,OLSEGO GROUP,OLSEGO GROUP,0
9605195891009,"Vitamina C Liposomal 24 Horas 350mg con Lipo-Cmax 1000mg y Ascorbato de Calcio, Fórmula Hydrogel de Life Extension |  Apoyo del Sistema Inmunológico | 60 tabletas vegetales de alta absorción",49836317540673,60 tabletas,VHMX00246,737870250166,759,,OLSEGO GROUP,OLSEGO GROUP,0
9603836084545,Vitamina C-1000 con Bioflavonoides 100mg de Now Foods | Protección Antioxidante - Fortalece Sistema Inmunológico | 100 Cápsulas veganas,49836305809729,100 cápsulas vegetales,VHMX00042,733739006905,297,,OLSEGO GROUP,OLSEGO GROUP,0
9625457230145,"Vitamina C-1000 con Rosa Mosqueta y Bioflavonoides, 1000 mg, de NOW Foods | Protección Antioxidante para el Sistema Inmunológico | 100 Tabletas Vegetales",49836365119809,100 cápsulas,VHMX01288,733739006851,296.7,,OLSEGO GROUP,OLSEGO GROUP,0
9999950643521,"Vitamina C-1000 NOW | Beneficia piel, huesos y articulaciones | 250 tabletas",50750620270913,250 tabletas,VHMX02224,733739006820,650.99,,OLSEGO GROUP,OLSEGO GROUP,0
9718966518081,"Vitamina C, B, PABA, Complejo Suprarrenal, N-Acetil-L-Tirosina de Designs for Health | Apoya la función suprarrenal saludable | 120 cápsulas vegetales",49836329468225,120 cápsulas,VHMX00503,879452001435,899,,OLSEGO GROUP,OLSEGO GROUP,0
9599675367745,"Vitamina D-3 & K-2, 1000 IU - 45 mcg de NOW Foods - Apoyo para la función ósea, cardiovascular y absorción de calcio | 120 cápsulas veganas",49836304531777,120 cápsulas,VHMX00021,733739003690,301.14,,OLSEGO GROUP,OLSEGO GROUP,0
9814063219009,"Vitamina D-3 5000 UI Alta Potencia, Soporte Inmunológico, Fortalece Dientes y Huesos, Mejora la Salud Muscular, No GMO | 30 y 120 Cápsulas",49911674405185,120 Cápsulas,VHMX00008,733739003720,247.95,,OLSEGO GROUP,OLSEGO GROUP,0
9814063219009,"Vitamina D-3 5000 UI Alta Potencia, Soporte Inmunológico, Fortalece Dientes y Huesos, Mejora la Salud Muscular, No GMO | 30 y 120 Cápsulas",49802604118337,30 cápsulas,VHMX00007,733739003744,130,,OLSEGO GROUP,OLSEGO GROUP,0
9587711050049,"Vitamina D-3 5000 UI Alta Potencia| Apoya sistema inmune y huesos | 30, 120 y 240 Cápsulas Blandas",49840839524673,240 cápsulas,VHMX00009,733739003737,399.29,,OLSEGO GROUP,OLSEGO GROUP,0
9587711050049,"Vitamina D-3 5000 UI Alta Potencia| Apoya sistema inmune y huesos | 30, 120 y 240 Cápsulas Blandas",48968812331329,30 cápsulas,VHMX00007,733739003720,130,,OLSEGO GROUP,OLSEGO GROUP,0
9597715841345,Vitamina D2 1000 UI de NOW Foods | Apoyo para Huesos y Sistema Inmunológico |  120 Cápsulas vegetarianas,49836304105793,120 cápsulas,VHMX00013,733739003683,261.58,,OLSEGO GROUP,OLSEGO GROUP,0
9884896493889,"Vitamina D3 + K2  | IVB Wellness Lab | Soporte Óseo, Absorción de Calcio y Apoyo Cardiovascular | 60 Cápsulas",50262540190017,60 Cápsulas,VHMX01811,8437025981021,582.12,,OLSEGO GROUP,OLSEGO GROUP,0
9597886071105,Vitamina D3 10.000 UI de NOW Foods | Apoyo del Sistema Inmunitario y Ósea | 240 cápsulas blandas,49911435755841,240 Cápsulas,VHMX00017,733739003850,478.42,,OLSEGO GROUP,OLSEGO GROUP,0
9899449483585,Vitamina D3 10.000 UI de NOW Foods | Apoyo del Sistema Inmunitario y Ósea | 30 y 120 cápsulas blandas,50326063448385,120 Cápsulas,VHMX00016,733739003768,242.08,,OLSEGO GROUP,OLSEGO GROUP,0
9899449483585,Vitamina D3 10.000 UI de NOW Foods | Apoyo del Sistema Inmunitario y Ósea | 30 y 120 cápsulas blandas,50326063415617,30 cápsulas,VHMX00015,733739003874,209.72,,OLSEGO GROUP,OLSEGO GROUP,0
9978783826241,"Vitamina D3 5000 UI Briah | Mejora la absorción de calcio y fósforo,  | 60 cápsulas blandas",50649246302529,60 cápsulas,VHMX02109,0657628668602,206.1,,OLSEGO GROUP,OLSEGO GROUP,0
9599592300865,Vitamina D3 5000 UI de NOW Foods | Apoyo para la función Ósea y Sistema Inmunitario | 120 gomitas masticables vegetarianas,49836304335169,120 gomitas,VHMX00019,733739003584,284.01,,OLSEGO GROUP,OLSEGO GROUP,0
9618600657217,"Vitamina E-400 IU, D-Alfa Tocoferol, Derivado de Plantas de NOW Foods | Apoya la función inmune | 100 Cápsulas Blandas",49836308431169,100 cápsulas,VHMX00084,733739008374,408.68,,OLSEGO GROUP,OLSEGO GROUP,0
9602980774209,Vitaminas D y K con Complejo de Yodo Marino de Life Extension | Fortalecimiento Óseo e Inmune | 60 cápsulas vegetarianas,49836316328257,60 cápsulas,VHMX00223,737870204060,492.22,,OLSEGO GROUP,OLSEGO GROUP,0
9799626916161,VTEX (V. Agnus Castus) 40mg por porción de Nature's Answer | Formula diseñada para apoyar el equilibrio hormonal femenino | 90 cápsulas veganas,49836391399745,90 cápsulas,VHMX01709,83000163548,276.23,,OLSEGO GROUP,OLSEGO GROUP,0
9884874047809,ZeroDol Palmitoiletanolamida 500 mg | IVB Wellness Lab | Bienestar articular y muscular | 60 Cápsulas,50262464069953,60 Cápsulas,VHMX01810,8437025981052,657.8,,OLSEGO GROUP,OLSEGO GROUP,0
9624199102785,Zinc Caps de alta potencia 50mg de Life Extensión | Apoyo Cardiovascular y del Sistema Inmune | 90 cápsulas vegetarianas,49836317737281,90 cápsulas,VHMX00249,737870181392,264.61,,OLSEGO GROUP,OLSEGO GROUP,0
10277076336961,"Zinc L-Carnosina PepZin GI Doctor's Best | Renovación celular, bienestar digestivo | 120 Cápsulas vegetales",51816427684161,120 cápsulas vegetales,VHMX02717,753950001367,745.65,,OLSEGO GROUP,OLSEGO GROUP,0
9603973218625,BCAAs + Electrolitos + Antioxidantes de Quenut - Strength | Nutrición Deportiva | Apoyo Muscular - Recuperación | Presentación de 500g en diferentes sabores,50923586519361,Jamaica | 500g,VHMX01202,7502303910091,999,,Quenut,Quenut,0
9603973218625,BCAAs + Electrolitos + Antioxidantes de Quenut - Strength | Nutrición Deportiva | Apoyo Muscular - Recuperación | Presentación de 500g en diferentes sabores,50923586552129,Lychee | 500g,VHMX01203,7502303910756,999,,Quenut,Quenut,0
9603973218625,BCAAs + Electrolitos + Antioxidantes de Quenut - Strength | Nutrición Deportiva | Apoyo Muscular - Recuperación | Presentación de 500g en diferentes sabores,49017765265729,Mora | 500g,VHMX01204,7502303910084,999,,Quenut,Quenut,0
9603973218625,BCAAs + Electrolitos + Antioxidantes de Quenut - Strength | Nutrición Deportiva | Apoyo Muscular - Recuperación | Presentación de 500g en diferentes sabores,50923586584897,Naranja- Mandarina | 500g,VHMX01205,7500464202994,999,,Quenut,Quenut,0
9645404586305,Mezcla de Electrolitos con Vitamina C  y D - Carbs Mix de Quenut | Nutrición Deportiva | Apoyo de la función Muscular + Energía | Presentación de 700g con distintos sabores,50923505942849,Jamaica 700g,VHMX01208,7502303910053,499,,Quenut,Quenut,0
9645404586305,Mezcla de Electrolitos con Vitamina C  y D - Carbs Mix de Quenut | Nutrición Deportiva | Apoyo de la función Muscular + Energía | Presentación de 700g con distintos sabores,50923505975617,Limonada 700g,VHMX01209,7500464202901,499,,Quenut,Quenut,0
9645404586305,Mezcla de Electrolitos con Vitamina C  y D - Carbs Mix de Quenut | Nutrición Deportiva | Apoyo de la función Muscular + Energía | Presentación de 700g con distintos sabores,49123044032833,Piña-coco 700g,VHMX01206,7502303910060,499,,Quenut,Quenut,0
9645404586305,Mezcla de Electrolitos con Vitamina C  y D - Carbs Mix de Quenut | Nutrición Deportiva | Apoyo de la función Muscular + Energía | Presentación de 700g con distintos sabores,50923505910081,Sin sabor 700g,VHMX01207,7502303910077,1901.05,,Quenut,Quenut,0
10018679914817,"Berberina,  ácido alfa lipoico, cromo, canela y granada de Reset | Apoyo Metabólico | 90 Cápsulas",50836146553153,90 Cápsulas,VHMX02482,7501062950010,749.99,,Reset,Reset,0
10022673482049,"Glicinato, Citrato y Malato de Magnesio de Alta Absorción, con L-teanina, Vitamina B6 y Extracto de Manzanilla | Reset M3+ | 90 Cápsulas",50849416544577,90 Cápsulas,VHMX02486,7501062950058,515.99,,Reset,Reset,0
10022672761153,"L-Teanina y Ginseng, Adjust+ de Reset | Apoya el manejo del estrés y la calma mental | 60 cápsulas",50849416675649,60 cápsulas,VHMX02489,7501062950089,667.99,,Reset,Reset,0
10022681608513,"Myo inositol + D-chiro inositol 40:1 con zinc (picolinato), metilfolato y vitamina B6 P5P |  Myo Inositol + de Reset | 90 Cápsulas",50849456554305,90 Cápsulas,VHMX02484,7501062950034,606.48,,Reset,Reset,0
10022669812033,"Myo inositol, D-chiro inositol, Colágeno Hidrolizado, Vitamina B9 (metilfolato), Zinc y Vitamina B6 | Myo Inositol Collagen Reset | 750 g",50959881077057,750 g / Pink Lemonade,VHMX02485,7501062950041,1231.91,,Reset,Reset,0
10022669812033,"Myo inositol, D-chiro inositol, Colágeno Hidrolizado, Vitamina B9 (metilfolato), Zinc y Vitamina B6 | Myo Inositol Collagen Reset | 750 g",50959881109825,750 g / Sin sabor,VHMX02481,7501062914814,1170,,Reset,Reset,0
10022664241473,"Omega 3 (EPA y DHA), glutatión reducido, curcuminoides y extracto de pimienta negra | Omega Glutathione+ de Reset | Apoyo Antioxidante | 90 cápsulas",50849379221825,90 Cápsulas,VHMX02483,7501062950027,939.99,,Reset,Reset,0
10022676365633,"Resveratrol, Quercetina, N-acetilcisteína (NAC), Coenzima Q10 y NAD, Resvera NAD+ de Reset | Respalda el equilibrio de funciones metabólicas | 60 cápsulas",50849428701505,60 Cápsulas,VHMX02488,7501062950072,889.99,,Reset,Reset,0
10022674432321,"Vitex Agnus Castus, DIM, isoflavonas de soya, selenio y vitamina B9 | Harmony+ de Reset | 90 Cápsulas",50849421295937,90 Cápsulas,VHMX02487,7501062950065,668.99,,Reset,Reset,0
9623948788033,"Colágeno Hidrolizado + Ácido Hialurónico con Antioxidantes, Vitaminas y Omegas 24g por porción de Silvia Strauss",49064703361345,1200g,VHMX01178,631758003182,969,,Silvia Strauss,Silvia Strauss,0
9623948788033,"Colágeno Hidrolizado + Ácido Hialurónico con Antioxidantes, Vitaminas y Omegas 24g por porción de Silvia Strauss",49836359582017,24g,VHMX01179,631758004325,594.15,,Silvia Strauss,Silvia Strauss,0
9922222457153,Magnesio Hello Balance! de Silvia Strauss | Energía y Relajación Muscular | 100 Cápsulas,50415673606465,100 Cápsulas,VHMX01858,799192108839,424.15,,Silvia Strauss,Silvia Strauss,0
9624062460225,"Omega 3 EPA - DHA + Vitamina E 1400mg, Hello Vitality! Silvia Strauss | Apoyo Cardiovascular, Ocular y Cerebral con propiedades antiinflamatorias | 100 cápsulas",49836359680321,100 cápsulas,VHMX01181,799192107443,500.65,,Silvia Strauss,Silvia Strauss,0
9624103420225,Probióticos 60 Billones 11 Cepas 650mg Hello Gut Health! Silvia Strauss | Formulado para apoyar la función intestinal y el equilibrio de la flora intestinal | 90 cápsulas vegetales,49836359745857,90 cápsulas,VHMX01182,799192107467,594.15,,Silvia Strauss,Silvia Strauss,0
9624015372609,"Proteína de origen vegetal Plant Based Vainilla, Silvia Strauss | Diseñado para apoyar la función y el desarrollo muscular | Polvo de 900g",49836359647553,900g,VHMX01180,727785273015,1003,,Silvia Strauss,Silvia Strauss,0
9624140316993,Vitamina C Hello Radiance! Silvia Strauss | Refuerza el sistema inmune de forma natural | 100 cápsulas vegetales,49836359876929,100 cápsulas,VHMX01184,799192107450,356.15,,Silvia Strauss,Silvia Strauss,0
9624133861697,"Vitamina D3 y K2 con Aceite de aguacate, Linaza y Germen de Trigo 650mg de Silvia Strauss | 110 cápsulas vegetales",49836359811393,110 cápsulas,VHMX01183,799192107474,500.65,,Silvia Strauss,Silvia Strauss,0
9606691225921,"Ácido fólico, Vitaminas y Minerales Prenacim 4g de Súluu | Bienestar femenino, fortalece el sistema inmunológico | 240g en 60 gomitas Sabor Durazno",49836341854529,60 gomitas,VHMX00813,7502306270093,296.65,,Súluu,Súluu,0
9606768591169,"Cafeína natural + Taurina + Vitaminas y Minerales 4g Bolt Boost de Súluu | Aumento del Rendimiento Físico, Potenciando la Energía | 240g en 60 gomitas sabor Aloe",49963845484865,60 Gomitas,VHMX00816,7502306270079,296.65,,Súluu,Súluu,0
9608865612097,"Extracto de Té Verde  Vitaminas y Minerales 4g Neuro Focus Nootrópico de Súluu | Promueve la función cognitiva, contribuyendo a la concentración y la memoria | 240g en 60 gomitas sabor Limón - Jengibre",49836342477121,60 gomitas,VHMX00819,7502306270048,296.65,,Súluu,Súluu,0
9608930197825,"GABA + Magnesio + Pasiflora y Manzanilla 4g Media Luna de Súluu | Promueve un sueño profundo y reparador, actuando sobre el insomnio | 240g en 60 gomitas sabor Menta - Jengibre",49963900764481,60 Gomitas,VHMX00821,7502306270031,296.65,,Súluu,Súluu,0
9608842838337,"Luteína + Betacarotenos + Vitamins y Minerales 4g Luz Azul de Súluu | Contribuye a la reducción del estrés ocular, manteniendo la vista descansada | 240g en 60 gomitas sabor Acaí - Mango",49836342411585,60 gomitas,VHMX00818,7502306270062,296.65,,Súluu,Súluu,0
9606777995585,"Manzanilla + L-Teanina + Magnesio y Zinc 4g Multivitamínico Relaha de Súluu | Ayuda a reducir el estrés y la ansiedad, promoviendo la relajación muscular | 240g en 60 gomitas sabor Mora",49963883233601,60 Gomitas,VHMX00817,7502306270086,296.65,,Súluu,Súluu,0
9606688932161,"Vitamina A, C, D, Betaglucanos y Zinc 4g Pro D-Fence de Súluu | Fortalece el Sistema Inmunológico, Ayudando en la Recuperación de los Resfriados | 240g en 60 gomitas Sabor Mandarina",49836341821761,60 gomitas,VHMX00812,7502306270000,296.65,,Súluu,Súluu,0
9608894087489,"Vitamina A, C, E + Biotina, Selenio y Zinc 4g Beau de Súluu | Ayuda a mejorar la elasticidad, tonificación y aspecto general de la piel, uñas y cabello | 240g en 60 gomitas sabor Fresa",49836342608193,60 gomitas,VHMX00820,7502306270055,296.65,,Súluu,Súluu,0
9606724550977,"Vitaminas A, C, D, E, Calcio, Magnesio, Yodo, Zinc, Inositol, Vitaminas del complejo B - Multivitamínico para niños 4g de Súluu | 240g en 60 gomitas sabor Fruta",49836341920065,60 gomitas,VHMX00814,7502306270017,296.65,,Súluu,Súluu,0
9606745063745,"Vitaminas del complejo B, Calcio, Hierro y Vitamina C, D y K 4g de Súluu | Diseñado con el fin de promover la fortaleza del sistema inmune de la mujer | 240g en 60 gomitas sabor Fresa - Mango",49836342018369,60 gomitas,VHMX00815,7502306270024,296.65,,Súluu,Súluu,0
9633529233729,Aceite de Ajo Concentrado 1mg de Swanson | Soporte cardiovascular - Contribuye a reforzar el sistema inmunológico | 250 cápsulas blandas,49836326650177,250 cápsulas,VHMX00459,87614013930,230.1,,Superlabs,Superlabs,0
9633529233729,Aceite de Ajo Concentrado 1mg de Swanson | Soporte cardiovascular - Contribuye a reforzar el sistema inmunológico | 250 cápsulas blandas,50747449213249,500 Cápsulas,,,499,,Superlabs,Superlabs,0
10090135847233,Aceite de krill Superlabs 500 mg con EPA DHA | Contribuye al equilibrio metabólico | 100 cápsulas,51114619306305,100 cápsulas,VHMX02559,7503045489258,464,,Superlabs,Superlabs,0
9634689155393,"Ácido Alfa Lipoico 300mg de Swanson | Apoyo de la función metabólica, ayudando a regular los niveles de azúcar en sangre y promoviendo la desintoxicación del organismo | 120 cápsulas vegetales",49836327338305,120 cápsulas,VHMX00469,87614021904,456.08,,Superlabs,Superlabs,0
9621573042497,"Ácido Fólico 800 mcg de Swanson |  Fortalece el sistema inmunológico, vital para la producción celular y del ADN| 250 cápsulas vegetales",49836324716865,250 cápsulas,VHMX00414,87614010359,243.52,,Superlabs,Superlabs,0
10090529620289,Aguaje 500 mg Superlabs | Contribuye al bienestar general | 100 cápsulas,51116829212993,100 cápsulas,VHMX02558,7503045489258,312,,Superlabs,Superlabs,0
10090538991937,Ajo Negro 500 mg Superlabs | Ideal para complementar rutinas diarias | 60 cápsulas,51116881838401,60 cápsulas,VHMX02560,7503045489111,232,,Superlabs,Superlabs,0
10090547740993,Alga Spirulina 500 mg Superlabs | Contribuye al bienestar general |  100 cápsulas,51116941443393,100 cápsulas,VHMX02564,7503045489142,250,,Superlabs,Superlabs,0
9999949562177,Amino Complete de Now | Contribuye a mantener la masa muscular | 120 cápsulas,50750618632513,120 Cápsulas,VHMX02340,733739000118,459,,Superlabs,Superlabs,0
9619195527489,"Ashwagandha 450mg de Swanson | Combate el estrés y la ansiedad, promoviendo el bienestar general | 100 cápsulas vegetales",49836323144001,100 Cápsulas,VHMX00384,87614019574,259,,Superlabs,Superlabs,0
10090573005121,Ashwagandha 500 mg Superlabs | Favorece una Respuesta Adaptativa al Estrés | 100 cápsulas,51116981813569,100 cápsulas,VHMX02551,7503045489159,312,,Superlabs,Superlabs,0
9597328064833,Berberina 400mg de Swanson | Apoyo del Sistema Cardiovascular y Metabólico | 60 cápsulas vegetales,49836323012929,60 cápsulas,VHMX00382,87614114118,456.83,,Superlabs,Superlabs,0
9621549613377,Betacaroteno Vitamina A 25.000 UI 7500mcg de Swanson | Contribuye a mejorar la visión y mantener una piel saludable | 100 cápsulas blandas,49836324684097,100 cápsulas,VHMX00413,87614010076,221.28,,Superlabs,Superlabs,0
10090576216385,"Biotina 500 mg Superlabs | Acompaña el bienestar de piel, cabello y uñas | 100 cápsulas",51116993675585,100 cápsulas,VHMX02562,7503045489043,259,,Superlabs,Superlabs,0
9621772828993,"Biotina 5000 mcg de Swanson | Promueve el cuidado del cabello, piel y uñas | 30 cápsulas vegetales",49836324880705,30 cápsulas,VHMX00419,87614112398,176.86,,Superlabs,Superlabs,0
10090588635457,Carbón activado Superlabs 350mg | Acompaña procesos de desintoxicación ocasional | 100 cápsulas,51117023199553,100 cápsulas,VHMX02572,7503045489241,232,,Superlabs,Superlabs,0
9633288782145,"Cardo Mariano 500 mg de Swanson | Propiedades hepatoprotectoras, ayudando a proteger el hígado contra el daño oxidativo y mejorar su función | 100 cápsulas vegetales",49836325929281,100 cápsulas,VHMX00446,87614019666,265,,Superlabs,Superlabs,0
9625283887425,Cardo Mariano 700mg + Diente de León 250mg de Swanson | Proporciona Bienestar Digestivo y Desintoxicación | 120 cápsulas vegetales,49836325863745,120 cápsulas,VHMX00444,87614117072,299,,Superlabs,Superlabs,0
10090615046465,Cardo Mariano Superlabs 500mg | Aporta antioxidantes de origen vegetal | 100 cápsulas,51117097615681,100 cápsulas,VHMX02552,7503045489128,268,,Superlabs,Superlabs,0
9633082868033,Cáscara Premium de Psyllium 610mg de Swanson | Bienestar Digestivo - Favorece la regularidad intestinal | 100 cápsulas vegetales,49836326682945,100 cápsulas,VHMX00460,87614018027,275,,Superlabs,Superlabs,0
9621445640513,"Centella Asiática de Espectro Completo 435 mg de Swanson | Favorece la circulación saguínea, aumentando la energía y vitalidad | 60 cápsulas vegetales",49836324290881,60 cápsulas,VHMX00405,087614113326,299,,Superlabs,Superlabs,0
9629969187137,Citrato de Magnesio + Calcio + Potasio Max-Hydrate Endurance de Trace Minerals | Rehidrata tras ejercicio intenso | 10 tabletas,49836322062657,10 tabletas,VHMX00333,878941004179,97,,Superlabs,Superlabs,0
9629969187137,Citrato de Magnesio + Calcio + Potasio Max-Hydrate Endurance de Trace Minerals | Rehidrata tras ejercicio intenso | 10 tabletas,51539495551297,Caja 8 tubos,VHMX02661,878941004179,631.2,,Superlabs,Superlabs,0
10090521002305,Citrato de Magnesio 500 mg Superlabs | Apoya el equilibrio metabólico | 100 cápsulas,51116810142017,100 cápsulas,VHMX02548,7503045489005,250,,Superlabs,Superlabs,0
10091683578177,Citrato de Magnesio en Polvo | Apoyo al Sistema Nervioso | 500 gr,51120778903873,500 gr,VHMX02571,7503045489654,527,,Superlabs,Superlabs,0
10122160013633,"Citrato de Potasio en Polvo Superlabs | Apoya el equilibrio de electrolitos, bienestar muscular | Polvo 500 mg",51258971455809,500 g,VHMX02635,7503045489050,250,,Superlabs,Superlabs,0
10090617602369,Citrato de Potasio Superlabs 500mg | Apoya la función muscular y nerviosa | 100 cápsulas,51117101941057,100 cápsulas,VHMX02550,7503045489050,250,,Superlabs,Superlabs,0
9715839467841,Coenzima Q10 200mg de Swanson | Apoyo Cardiovascular y Antioxidante | 90 cápsulas vegetales,49836325732673,90 cápsulas,VHMX00442,87614020358,729.94,,Superlabs,Superlabs,0
10090620617025,"Colágeno Hidrolizado Grass Fed Superlabs| Favorece firmeza y apariencia de la piel, cabello y uñas | Polvo 454g Sin sabor",51117123731777,Polvos 454g,VHMX02549,7503045489012,759,,Superlabs,Superlabs,0
9632958087489,"Complejo Adaptogénico a base de Ashwagandha, Rhodiola y Ginseng de Swanson | Manejo del Estrés, aumentando energía y vitalidad | 60 Cápsulas vegetales",49836325962049,60 cápsulas,VHMX00447,87614110950,307.15,,Superlabs,Superlabs,0
10194129158465,"Complejo B Super Estrés con Vitamina C de Swanson | Promueve la función metabólica, aumentando los niveles de Energía | 100 cápsulas vegetales",51483077312833,100 cápsulas,VHMX02654,87614019208,489,,Superlabs,Superlabs,0
9621486829889,Complejo de 14 Hongos Adaptógenos de Swanson | Soporte para la función del Sistema Inmunológico | 60 cápsulas veganas,49836324520257,60 cápsulas,VHMX00410,87614119366,479.51,,Superlabs,Superlabs,0
9633352712513,Complejo de Selenio Albion 200 mcg de Swanson | Favorece la función metabólica y promueve una potente acción antioxidante | 90 cápsulas vegetales,49836326125889,90 cápsulas,VHMX00449,87614020679,227.6,,Superlabs,Superlabs,0
9625260523841,Complejo Supremo de DHEA con Zinc y plantas de Swanson | Apoyo en la Vitalidad Sexual | 45 cápsulas vegetales,49836325699905,45 tabletas,VHMX00441,87614080048,242.16,,Superlabs,Superlabs,0
9645231505729,"Concentrado Electrolítico 40000 Volts de Trace Minerals | Producto vegano que potencia la energía, brindando mayor rendimiento y resistencia física | 237ml",49836322718017,237ml,VHMX00372,878941001109,438.21,,Superlabs,Superlabs,0
10090644406593,"Creatina Monohidratada Superlabs | Favorece energía en entrenamientos exigentes, fuerza y potencia muscular | Polvo 500g",51117167935809,500 gr,VHMX02573,7503045489760,391,,Superlabs,Superlabs,0
9633175273793,Cúrcuma Amplio Espectro 720 mg de Swanson | Propiedades antiinflamatorias y antioxidante | 100 cápsulas vegetales,49836326748481,100 cápsulas,VHMX00461,87614019406,205.29,,Superlabs,Superlabs,0
10090681434433,Cúrcuma Complex Superlabs 500mg | Favorece la respuesta inflamatoria natural | 100 cápsulas,51117195919681,100 cápsulas,VHMX02567,7503045489210,232,,Superlabs,Superlabs,0
9715996590401,DHEA 50mg de Swanson | Fortalecimiento Óseo y Promueve un envejecimieto saludable | 120 cápsulas vegetales,49836326584641,120 cápsulas,VHMX00458,87614022611,360.5,,Superlabs,Superlabs,0
9629980524865,"Electrolitos en Polvo PowerPak de Trace Minerals - Vitaminas C, B6, B12 y Minerales Esenciales para potenciar la Energía | Gran Variedad de Sabores con 30 Sobres  c/u",50923542937921,Acai,VHMX00343,878941002632,405.2,,Superlabs,Superlabs,0
9629980524865,"Electrolitos en Polvo PowerPak de Trace Minerals - Vitaminas C, B6, B12 y Minerales Esenciales para potenciar la Energía | Gran Variedad de Sabores con 30 Sobres  c/u",50923542905153,Arándano,VHMX00340,878941001505,405.2,,Superlabs,Superlabs,0
9629980524865,"Electrolitos en Polvo PowerPak de Trace Minerals - Vitaminas C, B6, B12 y Minerales Esenciales para potenciar la Energía | Gran Variedad de Sabores con 30 Sobres  c/u",50923542872385,Frambuesa,VHMX00339,878941000546,405.2,,Superlabs,Superlabs,0
9629980524865,"Electrolitos en Polvo PowerPak de Trace Minerals - Vitaminas C, B6, B12 y Minerales Esenciales para potenciar la Energía | Gran Variedad de Sabores con 30 Sobres  c/u",50923542970689,Frutos Rojos,VHMX00344,878941002878,405.2,,Superlabs,Superlabs,0
9629980524865,"Electrolitos en Polvo PowerPak de Trace Minerals - Vitaminas C, B6, B12 y Minerales Esenciales para potenciar la Energía | Gran Variedad de Sabores con 30 Sobres  c/u",49834076733761,Limón,VHMX00336,878941000522,379.81,,Superlabs,Superlabs,0
9629980524865,"Electrolitos en Polvo PowerPak de Trace Minerals - Vitaminas C, B6, B12 y Minerales Esenciales para potenciar la Energía | Gran Variedad de Sabores con 30 Sobres  c/u",50923543003457,Maracuyá,VHMX00347,878941003653,405.2,,Superlabs,Superlabs,0
9629980524865,"Electrolitos en Polvo PowerPak de Trace Minerals - Vitaminas C, B6, B12 y Minerales Esenciales para potenciar la Energía | Gran Variedad de Sabores con 30 Sobres  c/u",50923542806849,Naranja,VHMX00337,878941000539,405.2,,Superlabs,Superlabs,0
9629980524865,"Electrolitos en Polvo PowerPak de Trace Minerals - Vitaminas C, B6, B12 y Minerales Esenciales para potenciar la Energía | Gran Variedad de Sabores con 30 Sobres  c/u",50923543036225,Sandía,VHMX00348,878941004391,405.2,,Superlabs,Superlabs,0
9629980524865,"Electrolitos en Polvo PowerPak de Trace Minerals - Vitaminas C, B6, B12 y Minerales Esenciales para potenciar la Energía | Gran Variedad de Sabores con 30 Sobres  c/u",50923542839617,Uva,VHMX00338,878941001130,405.2,,Superlabs,Superlabs,0
9621822767425,"Enzimas Digestivas 545mg de Swanson | Bienestar del Sistema Digestivo, aumentando la absorción de nutrientes  | 90 cápsulas vegetales",49836325011777,90 tabletas,VHMX00422,87614017129,434.84,,Superlabs,Superlabs,0
9633571602753,Extracto de Frijol Blanco 500mg de Swanson | Complemento ideal para hábitos saludables | 180 cápsulas vegetales,49836326879553,180 cápsulas,VHMX00463,87614040653,1123.6,,Superlabs,Superlabs,0
9633563214145,"Extracto de Fruta de Arándano, Vitamina B12, Ácido Pantoténico, L-Metionina - Kidney Essentials de Swanson | Aporta antioxidantes para protección celular | 60 Cápsulas Veganas",49836326814017,60 cápsulas,VHMX00462,87614071015,386,,Superlabs,Superlabs,0
9621537194305,"Extracto de Ginkgo Biloba estandarizado 30mg de Swanson | Promueve el funcionamiento cognitivo, concentración y memoria | 30 cápsulas vegetales",49836324651329,30 cápsulas,VHMX00412,87614112428,205.95,,Superlabs,Superlabs,0
10090699620673,"Fenogreco 500 mg Superlabs | Favorece la saciedad natural, apoya la función digestiva | 100 cápsulas",51117226328385,100 cápsulas,VHMX02557,7503045489081,232,,Superlabs,Superlabs,0
9621427913025,"GABA + Melatonina Esencial para dormir con Valeriana y Pasiflora de Swanson | Proporciona un descanso y sueño reparador, reduciendo el estrés | 60 cápsulas veganas",49836324192577,60 cápsulas,VHMX00403,87614071046,275.73,,Superlabs,Superlabs,0
9625205735745,"GABA 250 mg de Swanson | Soporte para la relajación, sueño y descanso | 60 cápsulas vegetales",49836325404993,60 cápsulas,VHMX00435,87614115443,185.02,,Superlabs,Superlabs,0
9625245122881,Garcinia Cambogia 250 mg de Swanson |  Contribuye a mejorar el metabolismo | 120 cápsulas vegetales,49836325601601,120 cápsulas,VHMX00440,87614142890,372.64,,Superlabs,Superlabs,0
10090708566337,Guanábana Graviola Superlabs 500 mg | Contribuye al bienestar general diario | 100 cápsulas,51117257687361,100 cápsulas,VHMX02568,7503045489180,232,,Superlabs,Superlabs,0
9621436694849,"Hongo Melena de León 500 mg de Swanson | Promueve la función cognitiva, la concentración y la memoria | 60 cápsulas vegetales",49836324258113,60 cápsulas,VHMX00404,87614110967,345,,Superlabs,Superlabs,0
10091699208513,Inositol 500 mg Superlabs | Favorece el equilibrio general del organismo | 100 cápsulas,51120800727361,100 cápsulas,VHMX02563,7503045489258,259,,Superlabs,Superlabs,0
9625146982721,L-Arginina 850 mg de Swanson |  Apoyo Cardiovascular y del Sistema Inmunológico que proporciona energía y resistencia | 100 cápsulas vegetales,49836325437761,90 cápsulas,VHMX00436,87614117133,253.3,,Superlabs,Superlabs,0
9621342159169,"L-Glutamina 500mg de Swanson | Ayuda en la recuperación muscular, aumentando los niveles de energía | 100 cápsulas vegetales",49836323930433,100 cápsulas,VHMX00398,87614018263,228.01,,Superlabs,Superlabs,0
9632990134593,L-Metionina 100% pura 500 mg de Swanson | Soporte antioxidante para el organismo y detoxificación | 30 cápsulas vegetales,49836326355265,30 cápsulas,VHMX00453,87614111216,253.99,,Superlabs,Superlabs,0
9629972201793,"L-Teanina, GABA y Mezcla de Hierbas Relajantes Natural Rest Plus+ de Trace Minerals | Fórmula Nocturna para Apoyar un Sueño Reparador, Libre de Gluten, Certificado Vegano, 60 Tabletas",49836322160961,60 tabletas,VHMX00335,878941002618,417.94,,Superlabs,Superlabs,0
9634551497025,Maca 500 mg de Swanson |  Ayuda a mejorar el estado de ánimo y el enfoque | 60 cápsulas vegetales,49836326945089,60 cápsulas,VHMX00466,87614080116,236.83,,Superlabs,Superlabs,0
10091602837825,"Maca Peruana, Tribulus Terrestris, Fenogreco, L-arginina y Zinc | TestoMen 500mg | 100 Cápsulas",51120672145729,100 Cápsulas,VHMX02569,7503045489692,446,,Superlabs,Superlabs,0
10091722572097,Maca Premium 500 mg Superlabs | Útil para acompañar el equilibrio hormonal natural | 100 cápsulas,51120830775617,100 cápsulas,VHMX02554,7503045489067,250,,Superlabs,Superlabs,0
9722650329409,Magnesio Iónico 400mg Potasio + Boro + Cloruro de Trace Minerals | Apoyo Muscular y Cardiovascular | 59 y 118ml,50486420341057,118ml,VHMX00365,878941003530,410.28,,Superlabs,Superlabs,0
9722650329409,Magnesio Iónico 400mg Potasio + Boro + Cloruro de Trace Minerals | Apoyo Muscular y Cardiovascular | 59 y 118ml,49836322455873,59ml,VHMX00364,878941000171,244.03,,Superlabs,Superlabs,0
9676812583233,"Magnesio, Cloruro, Potasio ENDURE Performance Electrolitos de Trace Minerals | Mezcla especial de electrolitos esenciales que su cuerpo necesita para funcionar a niveles óptimos de energía, resistencia e hidratación | 30 y 118ml",49836321964353,30ml,VHMX00330,878941000102,227.56,,Superlabs,Superlabs,0
9621800419649,"Melatonina 3 mg de Swanson | Contribuye a reducir el insomnio, promoviendo un descanso reparador | 120 cápsulas vegetales",49836324946241,120 cápsulas,VHMX00421,87614015026,216.69,,Superlabs,Superlabs,0
10091716149569,"Melatonina 5 mg, Superlabs | Ideal para complementar hábitos saludables de sueño | 100 Tabletas",51120823894337,100 tabletas,VHMX02566,7503045489135,257,,Superlabs,Superlabs,0
9618820464961,"Melatonina Líquida Extra Fuerza 3 mg, 59 ml de NOW Foods | Regula el Ciclo del Sueño",49836309479745,59ml,VHMX00104,733739032614,242.65,,Superlabs,Superlabs,0
10091735384385,Moringa 500mg Superlabs | Contribuye al bienestar intestinal diario | 100 cápsulas,51120850501953,100 cápsulas,VHMX02556,7503045489166,223,,Superlabs,Superlabs,0
9625170837825,"MSM, Extracto de cola de caballo y Colina | Soporte para Cabello, Piel y Uñas, Aporta nutrientes esenciales | 60 Tabletas vegetales",49836325503297,60 tabletas,VHMX00438,87614018836,298.5,,Superlabs,Superlabs,0
10091735515457,Myo Inositol en polvo de Superlabs Nutrition  | Equilibrio Femenino | Polvo 250gr,51120850829633,250 gr,VHMX02575,7503056106007,343,,Superlabs,Superlabs,0
9621843706177,"NAC (N-Acetil Cisteína) 600 mg de Swanson |  Ayuda a aumentar los niveles de glutatión, un antioxidante crucial en el cuerpo, protegiendo las células del daño oxidativo | 100 cápsulas vegetales",49836325044545,100 cápsulas,VHMX00423,87614018546,363.78,,Superlabs,Superlabs,0
9634623127873,P-5-P (piridoxal-5-fosfato) Doble Concentración 40 mg de Swanson | Apoyo cardiovascular y promueve el metabolismo energético | 60 cápsulas vegetales,49836327272769,60 cápsulas,VHMX00468,087614210278,267,,Superlabs,Superlabs,0
9633126678849,Picolinato de Cromo 200 mcg de Swanson | Apoya la función metabólica | 100 y 200 cápsulas vegetales,49836326027585,100 cápsulas,VHMX00448,87614019222,246,,Superlabs,Superlabs,0
9633126678849,Picolinato de Cromo 200 mcg de Swanson | Apoya la función metabólica | 100 y 200 cápsulas vegetales,50486541222209,200 Cápsulas,VHMX00455,87614019239,259,,Superlabs,Superlabs,0
9718864904513,"Picolinato de Zinc 22mg de Swanson | Ayuda a la cicatrización de la piel, promoviendo el metabolismo celular | 60 cápsulas vegetales",49836324356417,60 cápsulas,VHMX00406,87614111131,212.58,,Superlabs,Superlabs,0
9621898101057,Probiótico 7 cepas específicas 9.8 mil millones de UFC para Mujeres de Swanson | Ayuda a equilibrar la flora vaginal - Proporciona apoyo al sistema urinario | 60 cápsulas vegetales,49836325241153,60 cápsulas,VHMX00430,87614025346,356.87,,Superlabs,Superlabs,0
10091719983425,Psyllium Plantago de superlabs | Bienestar Intestinales | 1 kg,51120824156481,1 kg,VHMX02576,7503045489975,389,,Superlabs,Superlabs,0
9619246186817,"Raíz de Rhodiola Rosea 400mg de Swanson | Aumenta la energía y la resistencia, ayudando a mejorar el rendimiento físico y mental | 100 cápsulas vegetales",49836323406145,100 cápsulas,VHMX00389,87614110042,279.84,,Superlabs,Superlabs,0
9625187811649,Resveratrol 100 mg de Swanson | Apoyo cardiovascular y proporciona potentes beneficios antioxidantes | 30 cápsulas vegetales,49836325339457,30 cápsulas,VHMX00433,87614022833,180.99,,Superlabs,Superlabs,0
9715920208193,Saccharomyces Boulardii Probiótico de Swanson | Equilibra la flora intestinal saludable y previene el malestar digestivo | 30 cápsulas vegetales,49836325110081,30 cápsulas,VHMX00424,87614190129,271.15,,Superlabs,Superlabs,0
9619290652993,"Saw Palmetto 540mg de Swanson | Bienestar masculino, que apoya el equilibrio hormonal | 100 y 250 cápsulas vegetales",49836323799361,100 cápsulas,VHMX00394,87614019093,255,,Superlabs,Superlabs,0
9619290652993,"Saw Palmetto 540mg de Swanson | Bienestar masculino, que apoya el equilibrio hormonal | 100 y 250 cápsulas vegetales",51513788498241,250 cápsulas,VHMX02655,87614019109,422,,Superlabs,Superlabs,0
9621527494977,Tongkat Ali 800mg por porción Swanson | Suplemento para Energía y Salud Hormonal,49836324585793,120 cápsulas,VHMX00411,87614080130,245.51,,Superlabs,Superlabs,0
9999953822017,"Ubiquinol CoQH-CF NOW Foods 50 mg | Apoyo Cardiovascular, vitalidad y rendimiento físico | 60 Cápsulas",50750629118273,60 Cápsulas,VHMX02198,733739031457,656.1,,Superlabs,Superlabs,0
9634465317185,"Ultra Selenio 200 mcg de Swanson |  Protección antioxidante, fortalece el sistema inmunológico y ayuda a regular la función tiroidea | 60 cápsulas vegetales",49836327240001,60 cápsulas,VHMX00467,87614020860,199.85,,Superlabs,Superlabs,0
10090708959553,Vinagre de Manzana | Bienestar Digestivo | 100 Cápsulas,51117258801473,100 Cápsulas,VHMX02555,7503045489074,250,,Superlabs,Superlabs,0
9625226969409,Vinagre de Sidra de Manzana 200mg de Swanson | Formulado para apoyar la detoxificación del cuerpo | 120 tabletas vegetales,49836325568833,120 tabletas,VHMX00439,87614040363,226.99,,Superlabs,Superlabs,0
9619261882689,"Vitamina B12 500 mcg de Swanson |  Producción de energía, combatiendo la fatiga - Favorece la función cerebral, contribuyendo a una mejor concentración y memoria | 100 y 250 cápsulas vegetales",49836323471681,100 cápsulas,VHMX00390,87614010304,286.08,,Superlabs,Superlabs,0
9722422788417,Vitamina B12 Iónico 1000mcg de Trace Minerals | Ayuda a favorecer al funcionamiento del sistema nervioso central | 59ml,49836322357569,59ml,VHMX00359,878941003561,402.66,,Superlabs,Superlabs,0
9625118015809,Vitamina C 1000 mg con Rosa Mosqueta Swanson  | Apoya el sistema inmunológico y ayuda en la absorción de hierro | 90 cápsulas vegetales,49836325273921,90 cápsulas,VHMX00432,87614110547,193.59,,Superlabs,Superlabs,0
10090701291841,"Vitamina C 1000 mg de Superlabs | Protección Antioxidante, bienestar general | 100 tabletas",51117232914753,100 Tabletas,VHMX02570,7503045489715,241,,Superlabs,Superlabs,0
9621414969665,"Vitamina C con rosa mosqueta 500mg de Swanson |  Refuerza el sistema inmune, ayudando al cuerpo a defenderse contra enfermedades e infecciones | 100 cápsulas vegetales",49836324127041,100 cápsulas,VHMX00402,87614011011,312.99,,Superlabs,Superlabs,0
9633426309441,Vitamina D3 400 UI de Swanson | Favorece la absorción de calcio en el cuerpo | 250 cápsulas,49836326388033,250 cápsulas,VHMX00454,87614112114,259,,Superlabs,Superlabs,0
10090688840001,Vitamina D3 5000 UI | Apoyo óseo y funcion muscular | 100 Cápsulas,51117204144449,100 Cápsulas,VHMX02561,7503045489098,366,,Superlabs,Superlabs,0
9621454684481,"Vitamina K2 100 mcg de Swanson | Esencial para la correcta coagulación sanguínea y para prevenir la calcificación arterial, ayudando a mantener las arterias saludables | 30 cápsulas vegetales",49836324421953,30 cápsulas,VHMX00407,87614026725,264.88,,Superlabs,Superlabs,0
9715979714881,"Vitamina K2 50 mcg de Swanson | Esencial para la correcta coagulación sanguínea y para prevenir la calcificación arterial, ayudando a mantener las arterias saludables | 30 cápsulas blandas vegetales",49836325798209,30 cápsulas,VHMX00443,87614026718,197.33,,Superlabs,Superlabs,0
9621663744321,"Vitaminas del complejo B + Colina + Inositol + PABA de Swanson | Apoya un metabolismo saludable, con energía y vitalidad | 100 y 250 cápsulas vegetales",49836324782401,100 cápsulas,VHMX00416,87614010571,311.78,,Superlabs,Superlabs,0
9621744550209,Vitaminas del complejo B + Colina + Inositol + PABA de Swanson | Promueve un metabolismo saludable con energía y vitalidad | 100 cápsulas vegetales,49836324815169,100 cápsulas,VHMX00418,87614010557,462.67,,Superlabs,Superlabs,0
10090616062273,Zinc 20 mg Superlabs | Apoyo inmunológico | 100 Cápsulas,51117101318465,100 Cápsulas,VHMX02565,7503045489258,250,,Superlabs,Superlabs,0
9885729194305,"Collagenics | Metagenics  | Soporte para Colágeno, Piel, Articulaciones y Tejido Conectivo | 60 Tabletas",50266066059585,60 tabletas,VHMX01816,755571944436,750,,Ultragenics,Ultragenics,0
9885858464065,"CoQ10 ST-100 | Metagenics | Coenzima Q10, Vitamina E y Zinc | 60 Cápsulas",50266420085057,60 cápsulas,VHMX01817,755571920508,1439,,Ultragenics,Ultragenics,0
9885884907841,Mag Glycinate | Metagenics | Magnesio Bisglicinato | Sistema nervioso y muscular | 120 Tabletas,50266563543361,120 tabletas,VHMX01818,755571960689,839,,Ultragenics,Ultragenics,0
9888378487105,Multivitamínico avanzado PhytoMulti Metagenics | Apoya salud visual y cardiovascular| 60 cápsulas,50277008998721,60 cápsulas,VHMX01822,755571953810,994.96,,Ultragenics,Ultragenics,0
9887457378625,Omega-3 | OmegaGenics EPA-DHA 720 | Metagenics | 60 Cápsulas,50272800407873,60 cápsulas,VHMX01820,755571914552,839,,Ultragenics,Ultragenics,0
9888372752705,Omega-3 EPA DHA – Soporte Cardiovascular y Cognitivo | OmegaGenics EPA-DHA 1000 | Metagenics | 60 Cápsulas,50276983963969,60 cápsulas,VHMX01821,755571958228,1019,,Ultragenics,Ultragenics,0
9888755712321,SpectraSoy de Metagenics con Isoflavonas de Soya | Equilibrio Hormonal | 90 tabletas,50278678135105,90 Cápsulas,VHMX01823,755571944856,1167,,Ultragenics,Ultragenics,0
9888766394689,UltraFlora EQ | Probióticos de Metagenics | Bienestar digestivo| 60 cápsulas,50278701662529,60 Cápsulas,VHMX01824,755571912305,997,,Ultragenics,Ultragenics,0
9888776716609,UltraFlora Women's | Probióticos de Metagenics | Equilibrio Femenino | 30 cápsulas,50278739607873,30 Cápsulas,VHMX01825,755571954961,839,,Ultragenics,Ultragenics,0
9887453806913,Vitamina B3 | Multigenics Intensive Care Formula | Metagenics | Energía y metabolismo | 120 Tabletas,50272782221633,120 tabletas,VHMX01819,755571911148,969,,Ultragenics,Ultragenics,0
10003684524353,"Péptidos Bioactivos de Colágeno Hidrolizado Myo y D Chiro Inositol, Biotina, Ácido Hialurónico y Vitamina C | VALARA GLOWiN | 300 g",50767906373953,300 gr / Vainilla,VHMX02437,7503034977322,549,,Valara,Valara,0
9889316143425,VALARA Proteína Vegana en Polvo 528 g | Baja en Carbohidratos y Libre de Azúcar | 16 Porciones,50281873244481,528 gr / Choco Avellana,VHMX01829,7503034977278,526,,Valara,Valara,0
9889316143425,VALARA Proteína Vegana en Polvo 528 g | Baja en Carbohidratos y Libre de Azúcar | 16 Porciones,50584614568257,528 gr / Vainilla,VHMX01828,7503034977261,526,,Valara,Valara,0
10112889585985,Plan Control Inflamación | Por la Lic. Paulina Servin,51216935747905,,VHMX02545,,2197.47,,Vitahub,Vitahub,0
10072807047489,Plan Descanso Total | Por la Lic. Paulina Servin,51062309749057,60 cápsulas / 60 Cápsulas,VHMX02544,,721.1,,Vitahub,Vitahub,0
9798316294465,3 in 1 Joint Fórmula de Irwin Naturals | Apoya la movilidad y flexibilidad articular | 90 cápsulas,49836388745537,90 Cápsulas,VHMX01642,710363262426,993,,Vitaminate,Vitaminate,0
9999949726017,"5-HTP 50 mg, NOW Foods |Ayuda en el manejo del estrés cotidiano|  90 cápsulas",50750618894657,90 Cápsulas,VHMX02160,733739000996,349.18,,Vitaminate,Vitaminate,0
9644558680385,5-HTP Sinergia 50mg + Vitamina B6 de Designs for Health | Apoyo para la relajación y evitar el estrés | 90 Cápsulas Vegetales,49119327846721,90 cápsulas,VHMX00502,879452000759,715.44,,Vitaminate,Vitaminate,0
9799446659393,Aceite de Ajo 2000mg de Nature's Answer | Favorece el sistema cardiovascular | Gotero de 30ml,49836396151105,30ml,VHMX01707,83000003042,290.53,,Vitaminate,Vitaminate,0
9999955820865,"Aceite de Citronela, NOW, 100% puro | Bienestar Natural | 30 ml",50750635409729,30 ml / Citronella,VHMX02185,733739075352,206.87,,Vitaminate,Vitaminate,0
9620777730369,Aceite de hígado de bacalao para niños de Child Life | Favorece el desarrollo cerebral y cognitivo - Cardiovascular | Liquido de 273 ml,49836329238849,273ml,VHMX00499,608274105003,430.7,,Vitaminate,Vitaminate,0
9999955951937,"Aceite de Jojoba Orgánico de Now | Hidratante piel y cabello, protege contra la pérdida de humedad |  118 ml",50750635704641,120 ml,VHMX02221,733739077134,328.96,,Vitaminate,Vitaminate,0
9603809050945,Aceite de Kril Neptune 500 mg de NOW Foods| Apoyo Cardiovascular | 60 Cápsulas Blandas,49836305613121,60 cápsulas,VHMX00037,733739016256,566.79,,Vitaminate,Vitaminate,0
9618747982145,"Aceite de MCT 100% triglicéridos de cadena media, 15 ml por cucharada | Termogénico con 32 servicios, sin sabor | 473 ml - NOW Sport",49836309086529,473ml,VHMX00096,733739022110,401.24,,Vitaminate,Vitaminate,0
9999951757633,"Aceite de Onagra 500 mg, Now| Contribuye al equilibrio hormonal femenino | 100 Cápsulas",50750622335297,100 Cápsulas,VHMX02231,733739017505,321.65,,Vitaminate,Vitaminate,0
9999955919169,Aceite de Onagra de Now | Nutre y Protege la Piel |  118 ml,50750635671873,118 ml,VHMX02256,733739076908,514.99,,Vitaminate,Vitaminate,0
9800804892993,Aceite de Orégano 13mg de Nature's Answer | Apoyo para el bienestar Intestinal e Inmunológico del Organismo | Gotero de 30ml,49834107633985,30ml,VHMX01727,83000006517,707.21,,Vitaminate,Vitaminate,0
9800477376833,Aceite de Orégano 150mg de Nature's Answer | Apoyo al bienestar  Intestinal e Inmunológico | 90 cápsulas blandas,49836392546625,90 Cápsulas,VHMX01730,83000163081,574.33,,Vitaminate,Vitaminate,0
9625154289985,"Aceite de Orégano 30ml, 100% Puro de NOW Foods Essential Oils | Aceite Esencial para Revitalizar Cuerpo y Mente",49836313182529,30ml,VHMX00158,733739075734,321.68,,Vitaminate,Vitaminate,0
9644650529089,"Aceite de Orégano 60mg de Designs For Health | Apoyo del Sistema Inmunológico, contribuye al bienestar digestivo | 120 Cápsulas Vegetales",49836330320193,120 cápsulas,VHMX00530,879452004153,713.37,,Vitaminate,Vitaminate,0
9796568285505,"Aceite de Orégano de Best Naturals | Propiedades Antimicrobianas, Antioxidantes y Digestivas | 250 mg 120 Cápsulas Blandas",49836393201985,120 Capsulas,VHMX01737,817716010182,316.9,,Vitaminate,Vitaminate,0
9795817079105,Aceite de Semilla Negra (Black Seed Oil) 500 mg + 2% de Timoquinona de Health Thru Nutrition | Promueve el Bienestar General - Cuidado del Sistema Inmunológico | 100 cápsulas Blandas,49836390121793,100 cápsulas,VHMX01681,819193020067,282.62,,Vitaminate,Vitaminate,0
9999955788097,"Aceite esencial Cassia de NOW | Promueve sensación de bienestar, relajación | 30 ml",50750635376961,30 ml,VHMX02216,733739075307,249.78,,Vitaminate,Vitaminate,0
9999955722561,Aceite esencial de árbol de té 100% puro de Now | Aromaterapia |  59 mL,50750635311425,59 ml,VHMX02294,733739074898,413.87,,Vitaminate,Vitaminate,0
9999956214081,Aceite esencial de menta orgánica de Now Roll-On | Bienestar y energía | 10 ml,50750635934017,10 ml,VHMX02272,733739079060,254.65,,Vitaminate,Vitaminate,0
9999956181313,Aceite Esencial Orgánico Lavanda de NOW Foods | Promueve relajación y calma natural |  Roll-On 10 ml,50750635901249,10 ml,VHMX02170,733739079053,279.68,,Vitaminate,Vitaminate,0
9616212033857,Acetil L-Carnitina 500 mg de Now Foods | Ayuda en la producción de energía celular| 200 Cápsulas Vegetales,49836307022145,200 cápsulas,VHMX00061,733739000842,814.39,,Vitaminate,Vitaminate,0
9796799463745,Acetil L-Carnitina y ALA de Best Naturals | Apoyo Energético y Antioxidante | 750 mg 120 Cápsulas,49836393857345,120 cápsulas,VHMX01750,817716012414,533.28,,Vitaminate,Vitaminate,0
9795020652865,Ácido Alfa Lipoico de Best Naturals 600 mg | Apoyo al Metabolismo de la Glucosa para la Energía Celular | 60 Cápsulas,49701702697281,60 Cápsulas,VHMX01734,817716015125,286.3,,Vitaminate,Vitaminate,0
9796303552833,Ácido Caprílico 600 mg de Health Thru Nutrition | Bienestar Digestivo y Soporte del Sistema Inmunológico | 100 cápsulas Blandas,49836390318401,100 cápsulas,VHMX01685,819193020821,355.05,,Vitaminate,Vitaminate,0
9616858317121,Ácido Fólico 800 mcg con Vitamina B-12 de NOW Foods | Complejo de Vitamina B para Metabolismo de la Homocisteína | 250 Tabletas,49836308201793,250 cápsulas,VHMX00081,733739004765,200.88,,Vitaminate,Vitaminate,0
9645270270273,Ácido Fúlvico Iónico 250mg + Magnesio de Trace Minerals | Para el bienestar digestivo y proporcionar energía y vitalidad | 59ml,49836322849089,59ml,VHMX00375,878941003110,482.65,,Vitaminate,Vitaminate,0
9616444784961,Ácido Gamma-Aminobutírico 750 mg - NOW Foods | Apoyo para la Relajación y el Equilibrio del Sistema Nervioso | 100 y 200 Cápsulas Vegetales,49836307611969,100 cápsulas,VHMX00070,733739000897,316.44,,Vitaminate,Vitaminate,0
9616444784961,Ácido Gamma-Aminobutírico 750 mg - NOW Foods | Apoyo para la Relajación y el Equilibrio del Sistema Nervioso | 100 y 200 Cápsulas Vegetales,50923571282241,200 Cápsulas,VHMX00071,733739001290,607.92,,Vitaminate,Vitaminate,0
9616423649601,"Ácido Gamma-Aminobutírico con Vitamina B6, GABA 500 mg de NOW Foods | Ayuda a equilibrar los niveles de estrés y favorece la calma | 100 Cápsulas Veganas",49836307546433,100 cápsulas,VHMX00069,733739000873,215.67,,Vitaminate,Vitaminate,0
9999953920321,Ácido hialurónico con MSM de Now | Hidratación y Firmeza de la Piel | 120 cápsulas,50750629216577,120 capsulas,VHMX02306,733739031570,664.75,,Vitaminate,Vitaminate,0
9796827283777,Ácido Hialurónico de Best Naturals | Apoyo a la Piel y Articulaciones | 100 mg 120 Cápsulas,49836393890113,120 cápsulas,VHMX01751,859375002702,497.46,,Vitaminate,Vitaminate,0
9999956115777,Ácido Hialurónico de Now |  Sérum Reafirmante Firmeza y Elasticidad | 30 ml,50750635868481,30 ml,VHMX02214,733739077882,418.15,,Vitaminate,Vitaminate,0
9999949365569,Adaptógenos y Extractos Herbales MaryRuth’s | Energía mental y Concentración |30 ml,50750617125185,30 ml,VHMX02352,856645008471,322.99,,Vitaminate,Vitaminate,0
9618726355265,"Aislado de Proteína de Suero con 25g de Proteína por Scoop | Apoyo Muscular, Sin Soya, Con BCAA de NOW Sport | 19 Servicios, 544g",49836308988225,544g,VHMX00094,733739021724,849.95,,Vitaminate,Vitaminate,0
9603959095617,Alga DHA 100mg con Vitamina A 180mg y Luteína de Child Life | Apoya el desarrollo cognitivo en niños en crecimiento | 60 cápsulas blandas Sabor a Bayas,49836328026433,60 Cápsulas,VHMX00478,608274165502,434.32,,Vitaminate,Vitaminate,0
9999953232193,Aloe Vera Gels NOW Foods  | Contribuye a procesos naturales de regeneración | 100 Cápsulas,50750628462913,100 Cápsulas,VHMX02177,733739030368,266.61,,Vitaminate,Vitaminate,0
9644648825153,Aminoácido Taurina 1 g por porción de Designs For Health | Diseñado para potenciar la energía y resistencia física | 120 Cápsulas Vegetales,49836330254657,120 cápsulas,VHMX00529,879452000414,590.89,,Vitaminate,Vitaminate,0
9999949660481,Aminoácidos BCAA 2600 mg de Now Sports | Favorece la recuperación muscular tras el ejercicio | 120 cápsulas,50750618763585,120 Cápsulas,VHMX02262,733739000538,480.08,,Vitaminate,Vitaminate,0
9726776213825,Arándano Orgánico para Niños 75mg de Mary Ruth's | Ayuda a reforzar el sistema inmunológico y la función respiratoria  | 30ml sabor arándano y frambuesa,49836333826369,30ml,VHMX00616,850018471480,383.25,,Vitaminate,Vitaminate,0
9999954706753,Astrágalo de Now Foods 1000 mg | Apoyo inmune | 100 cápsulas vegetales,50750633050433,100 capsulas,VHMX02209,733739046055,267.35,,Vitaminate,Vitaminate,0
9999947268417,Astrágalo Orgánico en Gotas de MaryRuth’s | Sistema inmune y energía | 30 ml,50750613619009,30 ml,VHMX02407,#N/A,369,,Vitaminate,Vitaminate,0
9800323006785,"Baya de Schisandra 2000mg de Nature's Answer |  Mejora la respuesta al estrés, apoya la energía y vitalidad  | Gotero de 30ml",49836392153409,30ml,VHMX01721,83000006708,308.06,,Vitaminate,Vitaminate,0
9999950086465,BCAA Blast Tropical Punch Now Sports | Resistencia y recuperación | 340 g,50750619320641,340 gr,VHMX02341,733739002167,1154.02,,Vitaminate,Vitaminate,0
9999950053697,BCAA en Polvo de Now| Recuperación Múscular | 340 g,50750619287873,340 gr,VHMX02311,733739002136,885.65,,Vitaminate,Vitaminate,0
9799724204353,Beet Root RED™ de Irwin Naturals con Betalaínas | Contribuye al rendimiento físico | 60 cápsulas,49836389073217,60 Cápsulas,VHMX01648,710363591854,707.04,,Vitaminate,Vitaminate,0
9797153030465,"Berberina Fuerza Clínica 500 mg de Health Thru Nutrition | Beneficia la función intestinal, Apoya el metabolismo | 60 cápsulas Blandas",49836390777153,60 cápsulas,VHMX01696,819193020043,479.15,,Vitaminate,Vitaminate,0
9999953101121,"BerryDophilus Kids, Now | Probióticos Infantiles, fortalece el sistema inmune | 120 Tabletas masticables",50750628331841,120 masticables,VHMX02290,733739029492,656.99,,Vitaminate,Vitaminate,0
9999953068353,"BerryDophilus™ Probiótico | Favorece la salud digestiva infantil, sistema inmune | 60 cápsulas masticables",50750628299073,60 cápsulas,VHMX02172,733739029362,358.82,,Vitaminate,Vitaminate,0
9999952085313,Beta Alanina de Now Foods 750 mg | Rendimiento y Recuperación | 120 cápsulas vegetales,50750622859585,120 Cápsulas,VHMX02304,733739020086,577.97,,Vitaminate,Vitaminate,0
9597988045121,"Beta Alanina, L-Citrulina y Rhodiola, 287.5g de Humble | Pre - Entrenamiento con Energía y Enfoque | 25 servicios",49836327633217,287.5g,VHMX00471,197644703043,572.76,,Vitaminate,Vitaminate,0
9999953559873,"Beta-Sitosterol, Esteroles Vegetales de Now | Función cardiovascular | 90 Cápsulas",50750628790593,90 Cápsulas,VHMX02335,733739030788,637.27,,Vitaminate,Vitaminate,0
9609040888129,"Betaína HCI de Acción Rápida con Extracto de Higo Chumbo y Hoja de Olivo, Enzimas Veganas de Enzymedica para la Digestión de Proteínas y Alivio de Acidez y Mala Digestión | 60 Cápsulas Veganas",49836331073857,60 cápsulas,VHMX00544,670480100783,341.33,,Vitaminate,Vitaminate,0
9796877779265,Betaína HCL de Best Naturals | Apoyo Digestivo | 648 mg 250 Cápsulas,49836393955649,250 cápsulas,VHMX01753,817716012377,474.68,,Vitaminate,Vitaminate,0
9999950479681,Betaína TMG de NOW | Metabolismo de la Homocisteína | 100 Tabletas,50750619877697,100 tabletas,VHMX02205,733739004949,578.11,,Vitaminate,Vitaminate,0
9633383809345,"Biotina 5000 mcg, Zinc, Ácido Hialurónico, Vitamina C y E, NOW Foods | Soporte Nutricional para Cabello, Piel y Uñas | 90 Cápsulas Veganas",49836314689857,90 cápsulas,VHMX00187,733739033819,480.08,,Vitaminate,Vitaminate,0
9625196364097,"Biotina Extra Fuerte 10 mg (10,000 mcg) de Now Foods | Soporte para la Producción de Energía | 120 cápsulas vegetales",49836313477441,120 cápsulas,VHMX00163,733739004796,377.27,,Vitaminate,Vitaminate,0
9618933645633,Bisglicinato de Hierro 18 mg de NOW Foods | Suave y No Estriñe - Apoyo Energético e Inmunológico | 120 Cápsulas Vegetales,49836310298945,120 cápsulas,VHMX00114,733739014436,303.07,,Vitaminate,Vitaminate,0
9733046632769,"Bisglicinato de Magnesio, Mezcla Liposomal + Vitamina E de Mary Ruth's | Promueve el equilibrio del sistema nervioso | Líquido de 450ml Sabor Almendra y Vainilla",49836332876097,450ml,VHMX00587,850018471886,669.82,,Vitaminate,Vitaminate,0
9999954739521,Black Cohosh Root de Now | Apoyo a la menopausia | 90 cápsulas,50750633083201,90 capsulas,VHMX02334,733739046079,415.99,,Vitaminate,Vitaminate,0
9603980067137,"Bone Restore de Life extension con Vitamina K2, D3, Magnesio, Calcio Restauración Ósea, Fortalecimiento de los Huesos | 120 cápsulas vegetales",49836316557633,120 cápsulas,VHMX00228,737870172710,558.85,,Vitaminate,Vitaminate,0
9796709056833,"Boro de Best Naturals | Apoyo Óseo, Estructural y Metabólico Integral | 5 mg 240 Tabletas",49836393759041,240 Cápsulas,VHMX01747,817716018508,416.08,,Vitaminate,Vitaminate,0
9645241139521,"Boro Iónico con Magnesio, Cloruro y Complejo de Minerales Iónicos de Trace Minerals | Soporte para Huesos, Músculos y Función Cerebral | 2 oz (59 mL) - Vegano y Sin OGM",49836303974721,59ml,VHMX00374,878941000140,364.57,,Vitaminate,Vitaminate,0
9796097474881,Boswellia 300 mg de Health Thru Nutrition | Actúa como antiinflamatorio y antioxidante | 60 cápsulas Blandas,49836390187329,60 cápsulas,VHMX01683,819193020081,339.06,,Vitaminate,Vitaminate,0
9811983401281,Brain Awake con L-Teanina y MCT de Irwin Naturals | Apoya el suministro de energía física y mental |60 cápsulas,49798224511297,60 Capsulas Blandas,VHMX01654,710363583132,624.2,,Vitaminate,Vitaminate,0
9999954248001,Brain Elevate NOW Foods | Favorece la memoria y la concentración | 60 cápsulas,50750631477569,60 capsulas,VHMX02173,733739033031,413.8,,Vitaminate,Vitaminate,0
9618757189953,"Bromelina 2400 GDU/g – 500 mg de NOW Foods | Enzima Proteolítica Natural, Apoya Digestión Saludable y Confort Articular | 60 y 120 Cápsulas Vegetales",50923559223617,120 Cápsulas,VHMX00099,733739029478,899,,Vitaminate,Vitaminate,0
9618757189953,"Bromelina 2400 GDU/g – 500 mg de NOW Foods | Enzima Proteolítica Natural, Apoya Digestión Saludable y Confort Articular | 60 y 120 Cápsulas Vegetales",49836309184833,60 Cápsulas,VHMX00098,733739029430,433.76,,Vitaminate,Vitaminate,0
9796604264769,Bromelina de Best Naturals | Digestión Óptima y Acción Antiinflamatoria Potente | 500 mg 120 Tabletas,49836393333057,120 tabletas,VHMX01740,817716013459,316.9,,Vitaminate,Vitaminate,0
9644606357825,Calcio & Magnesio 2:1 450mg de Designs for Health | Apoyo de la función Óseo - Muscular | 180 Cápsulas Vegetales,49119573770561,180 cápsulas,VHMX00514,879452002777,911.13,,Vitaminate,Vitaminate,0
9811693699393,Calcio + Cáscara Sagrada - Weekend Colon Flush de Natures Secret | Diseñado para apoyar la limpieza rápida del colon | 16 Tabletas,49791451857217,16 tabletas,VHMX01639,840081408490,314.64,,Vitaminate,Vitaminate,0
9795702522177,"Calcio 300 mg, Magnesio 300 mg, Alfalfa de Michael's Health | Diseñadas para fortalecer los huesos, apoyar el sistema muscular y contribuir al equilibrio mineral del cuerpo | 90 Masticables Veganas Sabor Frutas Tropicales",49836387598657,90 masticables,VHMX01624,755929050154,514.13,,Vitaminate,Vitaminate,0
9999949136193,"Calcio K2 + D3, MaryRuth’s | Apoya la función celular y metabólica | 60 gomitas",50750616076609,60 gomitas,VHMX02391,856645008051,467.99,,Vitaminate,Vitaminate,0
9999951069505,Calcio Magnesio DK de Now |Refuerza la utilización del calcio con vitamina K2 |180  Capsulas,50750621548865,180 Cápsulas,VHMX02287,733739012678,578.11,,Vitaminate,Vitaminate,0
9999951036737,"Calcio y Magnesio de Now con Vitamina D3 y Zinc | Complementa dietas bajas en calcio, función muscular | 240 Cápsulas",50750621516097,240 Cápsulas,VHMX02297,733739012524,716.17,,Vitaminate,Vitaminate,0
9999951003969,"Calcio, Magnesio y Polvo de Hueso, Bone Meal Powder + Cal-Mag DK, NOW | Función Muscular | 450 gr",50750621483329,454 gramos,VHMX02330,733739012203,578.11,,Vitaminate,Vitaminate,0
9795202744641,"Calcio, Raíz de Malvavisco, Corteza de Cerezo Silvestre de Michael's Health | Apoya la digestión después de las comidas | 90 masticables veganos Sabor Cereza",49836387238209,90 masticables,VHMX01620,755929012138,533.48,,Vitaminate,Vitaminate,0
9999954018625,Calostro bovino 500 mg de Now Foods | Sistema Inmunitario y Función Intestinal | 120 Cápsulas,50750629314881,120 capsulas,VHMX02252,733739032164,618.94,,Vitaminate,Vitaminate,0
9999954051393,Calostro de Now Foods 500 mg | Refuerzo de la respuesta Inmunológica | 90 cápsulas,50750629347649,90 Cápsulas,VHMX02239,733739032324,576.71,,Vitaminate,Vitaminate,0
9999955624257,"Cápsulas vacías vegetales NOW Double ""00"" 250 piezas",50750635213121,250 envases,VHMX02310,733739051066,321.71,,Vitaminate,Vitaminate,0
9999952937281,Carbón activado de Now | Detox Natural | 200 Cápsulas,50750628135233,200 Cápsulas,VHMX02302,733739029157,459.77,,Vitaminate,Vitaminate,0
9999947628865,Carbón Activado en Cápsulas de MaryRuth’s | Detox Natural | 40 cápsulas,50750614044993,40 Cápsulas,VHMX02399,850018471350,359.1,,Vitaminate,Vitaminate,0
9999947202881,"Cardo Mariano Orgánico Líquido, MaryRuth’s,|  Apoyo hepático y antioxidante| 30 ml",50750613553473,30 ml,VHMX02354,810104620512,395.1,,Vitaminate,Vitaminate,0
9796163076417,"Cardo mariano, Raíz de diente de león y Lecitina 1715mg + Vitaminas de Michael's Health | Estimula el metabolismo de grasas y toxinas | 60 tabletas vegetarianas",49836387795265,60 tabletas,VHMX01628,755929011100,498,,Vitaminate,Vitaminate,0
9796543840577,"Cáscara de Nuez Negra, Semillas de Calabaza, Clavo y otras Hierbas 2620mg de Michael's Health | Diseñado para promover un apoyo digestivo integral y la eliminación de toxinas | 60 Cápsulas Veganas",49836387959105,60 Cápsulas,VHMX01631,755929120024,498,,Vitaminate,Vitaminate,0
9999955689793,Cáscara de psyllium entera de Now | Fibra soluble | 340 g,50750635278657,340 g,VHMX02241,733739059802,396.65,,Vitaminate,Vitaminate,0
9999954870593,Cayena 500 mg de Now | Digestión y Circulación |  100 Cápsulas Veganas,50750633214273,100 cápsulas,VHMX02289,733739046253,262,,Vitaminate,Vitaminate,0
9633132478785,Ceramidas restauradoras de la piel 350mg de Life Extension | Contribuye a mejorar la hidratación de la piel | 30 cápsulas líquidas vegetarianas,49836318490945,30 cápsulas,VHMX00264,737870209638,510.37,,Vitaminate,Vitaminate,0
9999952838977,Chlorella de Now Foods | Favorece procesos naturales de desintoxicación | 120 Tabletas,50750627905857,120 tabletas,VHMX02167,733739026323,491.19,,Vitaminate,Vitaminate,0
9633186709825,"Citicolina CDP 250g de Life Extension | Apoya la función Cognitiva, promoviendo la concentración y memoria | 60 cápsulas vegetarianas",49836318818625,60 cápsulas,VHMX00271,737870165965,673.65,,Vitaminate,Vitaminate,0
9617400463681,Citrato de Calcio 500mg de Nature's Way  | Contribuye a fortalecer los huesos y las articulaciones | 100 cápsulas veganas,49836319211841,100 cápsulas,VHMX00283,33674410103,298.58,,Vitaminate,Vitaminate,0
9999951364417,Citrato de Magnesio 400mg | Función Muscular y Sistema Nervioso| 240 Cápsulas,50750621942081,240 Cápsulas,VHMX02336,733739012968,815.4,,Vitaminate,Vitaminate,0
9645290127681,"Citrato de Magnesio 84mg en Gomitas de Trace Minerals | Fortalece el Sistema Cardiovascular e Inmunológico | 120 gomitas, Sabores: Mandarina, Sandía y Durazno",50923510006081,Durazno,VHMX00378,878941006890,551.13,,Vitaminate,Vitaminate,0
9645290127681,"Citrato de Magnesio 84mg en Gomitas de Trace Minerals | Fortalece el Sistema Cardiovascular e Inmunológico | 120 gomitas, Sabores: Mandarina, Sandía y Durazno",49836322914625,Mandarina,VHMX00377,878941005039,551.13,,Vitaminate,Vitaminate,0
9645290127681,"Citrato de Magnesio 84mg en Gomitas de Trace Minerals | Fortalece el Sistema Cardiovascular e Inmunológico | 120 gomitas, Sabores: Mandarina, Sandía y Durazno",50923510038849,Sandía,VHMX00379,878941004889,551.13,,Vitaminate,Vitaminate,0
9633503510849,"Citrato de Magnesio en Polvo 630 mg de Swanson | Promueve la relajación muscular, y ayuda en la absorción de calcio | 244g sin sabor",49836326519105,244 g,VHMX00457,87614117546,436.6,,Vitaminate,Vitaminate,0
9616390291777,Citrato de Potasio 99 mg de NOW Foods | Apoyo al Balance Electrolítico y Contracción Muscular | 180 Cápsulas Veganas,49836307415361,180 cápsulas,VHMX00067,733739014481,340.23,,Vitaminate,Vitaminate,0
9619169968449,"Citrato de Potasio 99 mg de Swanson  | Apoya la función muscular, ayudando a prevenir calambres y mejorando el rendimiento físico | 120 cápsulas vegetales",49836323111233,120 cápsulas,VHMX00383,87614023953,181.39,,Vitaminate,Vitaminate,0
9606610747713,"CLA 800 mg Aceite Nutricional de Cártamo de NOW Foods, No GMO| Fuente de ácido linoleico conjugado no OGM | 90 Cápsulas Blandas",49836306956609,90 cápsulas,VHMX00060,733739017277,424.6,,Vitaminate,Vitaminate,0
9795169124673,Cleanse & Flush 15 días de Nature’s Secret | Favorece la desintoxicación digestiva | 60 tabletas,49836388417857,60 Tabletas,VHMX01637,710363255541,403.14,,Vitaminate,Vitaminate,0
9726611259713,Clorofila 50mg por Servicio de Mary Ruth's | Apoyo para la Piel | Gotero de 60ml Sabor Menta,49836333596993,60 ml,VHMX00605,850029392194,366.66,,Vitaminate,Vitaminate,0
9635152167233,Clorofila Líquida 132mg de Nature's Way  | Sabor a menta natural - Fortalece el Sistema Inmune | 480ml,49836320227649,480 ml,VHMX00300,358008035013,369.72,,Vitaminate,Vitaminate,0
9999951495489,Cloruro de Potasio en Polvo Now Foods | Apoyo a la función Muscular| 227 g,50750622073153,227 gr,VHMX02227,733739014504,262.54,,Vitaminate,Vitaminate,0
9624381849921,Clovinol 250mg y Delphinol 200mg de Life Extension Protector Glucémico™ | Optimizado para regular glucosa después de las comidas | 30 Cápsulas Vegetales,49836318064961,30 cápsulas,VHMX00255,737870212232,917.42,,Vitaminate,Vitaminate,0
9999955886401,Cocoa Butter Lotion de Now | Hidrata Profundamente |  237 ml,50750635475265,237 ml,VHMX02285,733739076823,349.32,,Vitaminate,Vitaminate,0
9797177770305,"Coenzima Q10 100 mg + BioPerina 5mg Health Thru Nutrition | Apoyo cardiovascular, Antioxidate | 120 cápsulas Blandas",49836390744385,120 cápsulas,VHMX01694,819193020180,503.4,,Vitaminate,Vitaminate,0
9733103026497,Coenzima Q10 120mg de Mary Ruth's |  Apoyo para la función Cardiovascular | 60 gomitas Sabor Frambuesa - 30 servicios,49836334088513,60 gomitas,VHMX00623,861365000483,445.13,,Vitaminate,Vitaminate,0
9726545133889,"Coenzima Q10 Liposomal 75mg, 5ml por porción de Mary Ruth's | Apoyo Cardiovascular y Antioxidante | Líquido de 225ml Sabor Melocotón Cítrico",49836334711105,225ml,VHMX00632,850018471909,466.34,,Vitaminate,Vitaminate,0
9800048116033,"Cola de Caballo 2000mg de Nature's Answer | Fortalecimiento del Cabello, la Piel y las Uñas - Aporta antioxidantes naturales | Gotero de 30ml",49836391530817,30ml,VHMX01712,83000006371,325.13,,Vitaminate,Vitaminate,0
9625383764289,"Colágeno BioCell Hidrolizado Tipo II 1,000 mg de Now Foods |  Favorece la flexibilidad de articulaciones, Apoya la hidratación de la piel  | 120 cápsulas vegetales",49836314198337,120 cápsulas,VHMX00176,733739030085,879.07,,Vitaminate,Vitaminate,0
9999953625409,Colágeno Hidrolizado Peptídico de Now Foods | Contribuye a la elasticidad y firmeza de la piel | Polvos 227 gr,50750628888897,8 0z/227 gr,VHMX02186,733739030863,470.3,,Vitaminate,Vitaminate,0
9598365270337,"Colágeno Multi con Vitaminas C, Biotina, Silicio y Ácido Hialurónico de Humble | Apoyo para Uñas, Cabello y Piel | 60 gomitas, sabor durazno",49836327960897,60 gomitas,VHMX00477,198168886717,234.35,,Vitaminate,Vitaminate,0
9639047823681,Colina + Inositol 1.000mg de Nature's Way  | Contribuye a favorecer la memoria y el aprendizaje | 100 cápsulas veganas,49836321472833,100 cápsulas,VHMX00319,33674404621,461.11,,Vitaminate,Vitaminate,0
9623660790081,Colina 250 mg e Inositol 250 mg de NOW Foods | Apoya la Transmisión Nerviosa y el Metabolismo de Ácidos Grasos | 100 Cápsulas Vegetarianas,49836311937345,100 cápsulas,VHMX00126,733739004703,340.23,,Vitaminate,Vitaminate,0
9999950545217,Colina 300 mg de Now | Sistema de Nervioso | 100 Cápsulas,50750619943233,100 Cápsulas,VHMX02317,733739005069,380.75,,Vitaminate,Vitaminate,0
9636003381569,"Colina 55mg y Fosfatidilserina 25mg, Brain Builder de Nature's Way | Apoya la memoria y el aprendizaje | 60 gomitas sabor a limonada",49836320850241,60 gomitas,VHMX00312,33674138823,422.44,,Vitaminate,Vitaminate,0
9794223898945,"Colina, B6, Inositol, Lecitina y otros compuestos de Michael's Health |  Apoyo en el metabolismo de las grasas y optimización de la energía corporal, promoviendo el descenso de peso | 90 tabletas vegetarianas",49836386484545,90 tabletas,VHMX01610,755929036004,682.78,,Vitaminate,Vitaminate,0
9999948742977,Combinado para el crecimiento del cabello de MaryRuth’s| Crecimiento capilar y cuidado de piel | 450 ml,50750615617857,450 ml,VHMX02362,,1287,,Vitaminate,Vitaminate,0
9633358971201,"Complejo B + 120 mg, Cafeína Natural + Malato de Magnesio de NOW Sports | Aumenta Energía y Enfoque - 45 servicios | 90 cápsulas veganas",49836314460481,90 cápsulas,VHMX00186,733739033529,618.94,,Vitaminate,Vitaminate,0
9633394753857,"Complejo B Super Estrés con Vitamina C de Swanson | Promueve la función metabólica, aumentando los niveles de Energía | 240 cápsulas vegetales",49836326289729,240 cápsulas,VHMX00452,87614110738,863.81,,Vitaminate,Vitaminate,0
9999950348609,Complejo B-100 de Now Foods | Apoya la función cognitiva y concentración | 100 Cápsulas,50750619615553,100 cápsulas,VHMX02200,733739004369,512.3,,Vitaminate,Vitaminate,0
9639143571777,Complejo de Boro 3mg de Nature's Way  | Contribuye a fortalecer los huesos | 100 cápsulas veganas,49836321767745,100 cápsulas,VHMX00326,33674411018,230.95,,Vitaminate,Vitaminate,0
9635105440065,Complejo de Calcio y Magnesio 750mg de Nature's Way  | Contribuye en la función Ósea y Muscular | 250 cápsulas veganas,49836319932737,250 cápsulas,VHMX00295,33674413111,479.17,,Vitaminate,Vitaminate,0
9644584665409,Complejo de Curcumina C3 400mg de Designs For Health | Propiedades antioxidantes - Tres formas bioactivas diferentes de curcuminoides de la especie cúrcuma | 60 Cápsulas Vegetales,49119462949185,60 cápsulas,VHMX00508,879452001213,1014.53,,Vitaminate,Vitaminate,0
9618671894849,"Complejo de Hierro con Vitamina C 50mg y Hierro Bisglicinato 27mg de NOW Foods | Fuente Bio-disponible, Ayuda con el Estreñimiento | 100 Tabletas Vegetales",49836308726081,100 tabletas,VHMX00088,733739014405,321.65,,Vitaminate,Vitaminate,0
9796632183105,"Complejo de L-Arginina y L-Citrulina de Best Naturals | Mejora de la Circulación, Energía y Función Muscular | 1000 mg 120 Tabletas",49836393365825,120 tabletas,VHMX01741,817716015460,316.9,,Vitaminate,Vitaminate,0
9639062307137,Complejo de Magnesio 500mg de Nature's Way  | Contribuye a mejorar la función muscular | 100 cápsulas veganas,49836321571137,100 cápsulas,VHMX00320,33674410516,293.74,,Vitaminate,Vitaminate,0
9796763582785,Complejo de Polen de Abeja de Best Naturals | Energía y Apoyo Nutricional | 120 Tabletas,49836393824577,120 tabletas,VHMX01749,817716011462,533.28,,Vitaminate,Vitaminate,0
9619206209857,Complejo Triple de Magnesio 400mg de Swanson | Fortalecimiento óseo y dental - Aumenta energía y vitalidad | 120 cápsulas vegetales,49836323209537,100 cápsulas,VHMX00385,87614018089,187.07,,Vitaminate,Vitaminate,0
9999951266113,"Comprimidos de Citrato de Magnesio de 200 mg | Apoya el sistema nervioso, función muscular  | 250 Comprimidos",50750621843777,250 comprimidos,VHMX02328,733739012920,854.23,,Vitaminate,Vitaminate,0
9999952642369,Copos de Levadura de Now| Alternativa saludable para sazonar alimentos |284 g,50750627152193,284 gr,VHMX02288,733739024558,459.77,,Vitaminate,Vitaminate,0
9999953199425,Cordyceps NOW Foods 750 mg | Apoya la función vascular y circulación saludable | 90 cápsulas,50750628430145,90 capsulas,VHMX02166,733739030054,472,,Vitaminate,Vitaminate,0
9644629492033,"Cordyceps, Astrágalo, Ginseng - Kidney Korrect™ de Designs for Health | Apoyo de la Función Renal | 60 Cápsulas Vegetarianas",49119670206785,60 cápsulas,VHMX00526,879452003460,1494.39,,Vitaminate,Vitaminate,0
9974718890305,Creatina Clean de Ascent | Creapure | 45 servicios,50629528191297,225 gr,VHMX01992,815863021662,694.57,,Vitaminate,Vitaminate,0
9604961403201,Creatina monohidratada 1000mg + Vitamina C 11mg de Life Extension | Fortalecimiento Muscular y Metabólico | 120 cápsulas vegetales,49836317311297,120 cápsulas,VHMX00241,737870152910,342.55,,Vitaminate,Vitaminate,0
9999952183617,Creatina Monohidratada de now 750 mg  |  Mejora la fuerza y potencia muscular  | 120 Cápsulas,50750622957889,120 Cápsulas,VHMX02238,733739020352,390.21,,Vitaminate,Vitaminate,0
9625224184129,"Creatina Monohidratada Pura en Polvo 5,000 mg por porción | Aumenta la Masa Muscular | 45 servicios de NOW Sports",49836313837889,227g,VHMX00171,733739020307,374.78,,Vitaminate,Vitaminate,0
9999952380225,Crema rejuvenecedora MSM Healthy Skin de NOW | 237 ml,50750625513793,237 ml,VHMX02300,733739021236,331.95,,Vitaminate,Vitaminate,0
9999951462721,Cromo GTF 200 mcg de NOW Foods | Ayuda a mantener niveles normales de azúcar | 100 tabletas,50750622040385,100 Tabletas,VHMX02196,733739014306,228.75,,Vitaminate,Vitaminate,0
9797352751425,"Curcu-Gel Ultra 325 mg de Health Thru Nutrition | Apoyo cardiovascular, Antioxidate | 60 cápsulas Blandas",49836390711617,60 cápsulas,VHMX01693,819193020203,523.95,,Vitaminate,Vitaminate,0
9797281874241,"Curcu-Gel Ultra 650 mg de Health Thru Nutrition | Apoyo cardiovascular, Antioxidate | 60 cápsulas Blandas",49836390416705,60 cápsulas,VHMX01689,819193020210,762.85,,Vitaminate,Vitaminate,0
9794486174017,"Cúrcuma 500 mg de Kaneka™ de Heath Thru Nutrition | Apoya la función articular, reduciendo la inflamación  | 120 y 60 cápsulas Blandas",49836389794113,120 cápsulas,VHMX01677,819193021125,878.1,,Vitaminate,Vitaminate,0
9999955525953,Cúrcuma Curcuminoides de Now| Protección Antioxidante | 60 cápsulas,50750633935169,60 capsulas,VHMX02264,733739049384,868.95,,Vitaminate,Vitaminate,0
9999953723713,Cúrcuma y Bromelina de Now| Movilidad articular | 90 Cápsulas,50750629019969,90 Capsulas,VHMX02339,733739031105,656,,Vitaminate,Vitaminate,0
9633023820097,Cúrcuma y Pimienta Negra 605mg de Swanson | Apoyo cardiovascular y función de las articulaciones | 60 cápsulas veganas,49836326453569,60 cápsulas,VHMX00456,87614116136,238.02,,Vitaminate,Vitaminate,0
9624040603969,Curcumina de Extracto de Cúrcuma 95% + Curcuminoides 665 mg por cápsula  de NOW Foods | Ayuda a mantener la salud articular | 60 Cápsulas Vegetales,49064950726977,60 cápsulas,VHMX00151,733739046383,728.09,,Vitaminate,Vitaminate,0
9625353847105,D-Mannosa 500 mg de NOW Foods | Apoya el Tracto Urinario Saludable | 120 Cápsulas Vegetales,49836314001729,120 cápsulas,VHMX00174,733739028112,595.99,,Vitaminate,Vitaminate,0
9795225485633,D3 5000 IU con Vitamina K2 90mcg de Michael's Health | Apoya el sistema inmunológico | 90 Masticables Vegetarianos Sabor Albaricoque,49836387303745,90 masticables,VHMX01621,755929104031,509.29,,Vitaminate,Vitaminate,0
9999947006273,D3+B12 Organico de Mary Ruth´s | Estado de ánimo y Soporte celular | 60 Gomitas,50750613356865,60 Gomitas / Cereza,VHMX02392,810104620246,445.13,,Vitaminate,Vitaminate,0
9600578322753,"Daily Omega Kids | Suplemento | Salud Cerebral, Ocular, Cardiovascular",49005371654465,30 capsulas / Fresa,VHMX00539,768990018176,344,,Vitaminate,Vitaminate,0
9603780084033,DHA 250 mg con EPA 125 mg de NOW Foods | Aceite de Pescado Molecularmente Destilado | Apoya la Función Cerebral y Cardiovascular |  120 Cápsulas Blandas,49836305449281,120 cápsulas,VHMX00035,733739016102,338.3,,Vitaminate,Vitaminate,0
9600551485761,DHA 830 mg de Nordic Naturals | Esencial para la función cardiovascular y cognitiva | 90 cápsulas blandas sabor Fresa,49836330680641,90 cápsulas,VHMX00536,768990017438,873,,Vitaminate,Vitaminate,0
9999951659329,"DHA Kids de Now | Sistema nervioso, función cognitiva y crecimiento | 60 Cápsulas",50750622236993,60 Cápsulas,VHMX02188,733739016072,466.89,,Vitaminate,Vitaminate,0
9615377826113,DHA Puro 90mg y EPA 60mg de Child Life | Apoyo de la función Cerebral - Cognitiva Infantil | 90 cápsulas blandas Sabor Natural a Bayas,49836328747329,90 cápsulas,VHMX00488,608274105508,297.3,,Vitaminate,Vitaminate,0
9603797975361,"DHA-500, 500 mg de DHA y 250 mg de EPA de NOW Foods | Soporte para la Función del Cerebro y Cardiovascular | 90 Cápsulas Blandas",49836305514817,90 Cápsulas,VHMX00036,733739016126,566.79,,Vitaminate,Vitaminate,0
9621369160001,DHEA 25mg de Swanson | Fortalecimiento Óseo y Promueve un envejecimiento saludable | 120 cápsulas vegetales,49836323995969,120 cápsulas,VHMX00400,87614015262,230.95,,Vitaminate,Vitaminate,0
9795151692097,"Diente de León, Semilla de Lino, Calabaza – Vitaminas, Minerales & Mezcla Patentada de Michael's Health | Formula que apoya al Bienestar Digestivo y la Desintoxicación del Organismo | 84 cápsulas vegetarianas en 3 paquetes diarios",49836387008833,84 cápsulas,VHMX01616,755929010592,621.82,,Vitaminate,Vitaminate,0
9999953363265,DIM 200 de NOW Foods | Apoya el equilibrio hormonal en hombres y mujeres | 90 cápsulas,50750628561217,90 Cápsulas,VHMX02154,733739030498,568,,Vitaminate,Vitaminate,0
9639026131265,DIM-plus 100mg de  Nature's Way  | Promueve el equilibrio hormonal y la desintoxicación del cuerpo | 60 cápsulas veganas,49836321046849,60 cápsulas,VHMX00315,33674148105,473.72,,Vitaminate,Vitaminate,0
9618780520769,DMAE 250 mg (Dimetiletanolamina Bitartrato) de NOW Foods | Apoyo para la Producción de Neurotransmisores y Función Cognitiva | 100 Cápsulas Vegetarianas,49836309348673,100 cápsulas,VHMX00102,733739030900,285.81,,Vitaminate,Vitaminate,0
9618876989761,Dong Quai 520 mg de NOW Foods | Extracto de Raíz de Angelica Sinensis | Apoyo Hormonal y Menstrual | 100 Cápsulas Veganas,49836310004033,100 cápsulas,VHMX00110,733739046550,374,,Vitaminate,Vitaminate,0
9999955427649,Echinacea líquida de NOW Kids | Apoya el bienestar inmunológico infantil  | 59 ml,50750633836865,60 ml,VHMX02228,733739048493,361.15,,Vitaminate,Vitaminate,0
9999949201729,Elderberry Organico de Mary Ruth´s | Soporte Inmunológico | 30 ml,50750616928577,30 ml,VHMX02400,856645008150,395.1,,Vitaminate,Vitaminate,0
9974136865089,Electrolitos Clean Hidratacion + Energía de Ascent | Polvo 40 porciones,50626657812801,400 gr / Limón Frambuesa,VHMX01993,815863021679,553.81,,Vitaminate,Vitaminate,0
9974136865089,Electrolitos Clean Hidratacion + Energía de Ascent | Polvo 40 porciones,50625757053249,400 gr / Naranja Mango,VHMX01994,815863021686,592.25,,Vitaminate,Vitaminate,0
9795168698689,"Eleuthero, Cúrcuma, Vitamina C, B12,B5, Calcio y Ácido Pantoténico de Michael's Health |  Apoya la función adrenal y ayuda a manejar el estrés diario | 90 Cápsulas Vegetarianas",49836387107137,60 tabletas,VHMX01618,755929310012,581.22,,Vitaminate,Vitaminate,0
9999952019777,Energía Sostenida de Now | Rendimiento Físico | 90 cápsulas vegetales,50750622728513,90 Cápsulas,VHMX02293,733739019950,656.99,,Vitaminate,Vitaminate,0
9613069549889,"Enzima Alfa Galactosidasa 300 GalU BeanAssist™  de Enzyedica | Ayuda a mantener un sistema digestivo equilibrado, reduciendo la hinchazón por gases | 30 cápsulas vegetales",49836332187969,30 cápsulas,VHMX00561,670480130308,240.21,,Vitaminate,Vitaminate,0
9606578274625,"Enzimas BioCore® DPP IV 274 mg de NOW Foods, para la Digestión de Gluten y Cereales | Apoyo Gastrointestinal | 60 Cápsulas Vegetales",49836306891073,60 cápsulas,VHMX00059,733739029591,464,,Vitaminate,Vitaminate,0
9794205614401,Enzimas Digestivas  600mg de Michael's Health | Apoya la recuperación muscular después del ejercicio y el Bienestar Digestivo | 90 tabletas de Ph estables con recubrimiento entérico,49836386353473,90 tabletas,VHMX01609,755929011674,772.42,,Vitaminate,Vitaminate,0
9796119560513,Enzimas Digestivas 520 mg + Calcio 120 mg de Health Thru Nutrition | Apoya la Digestión y Contribuye a la absorción de nutrientes | 60 cápsulas Blandas,49836390220097,60 cápsulas,VHMX01684,819193020319,339.17,,Vitaminate,Vitaminate,0
9613048185153,Enzimas Digestivas Avanzadas Lacto™ de Enzymedica para Intolerancia a la Lactosa y Caseína | Soporte Completo para la Digestión de Lácteos | 30 Cápsulas Veganas y Kosher,49836332024129,30 cápsulas,VHMX00558,670480241202,485.9,,Vitaminate,Vitaminate,0
9999948251457,Enzimas digestivas de MaryRuth’s| Apoyo a la Digestión| 60 cápsulas,50750614765889,60 Cápsulas,VHMX02378,850029392002,774,,Vitaminate,Vitaminate,0
9612961481025,"Enzimas Digestivas Digest Basic de Enzymedica | Apoyo Suave para Digestión, Reducción de Gases e Hinchazón | 30 Cápsulas Veganas y Kosher",49836331598145,30 cápsulas,VHMX00549,670480290507,279.99,,Vitaminate,Vitaminate,0
9613017088321,"Enzimas Digestivas Especializadas para Soporte en la Digestión de Gluten, Lactosa, Fenoles y Caseína de Enzymedica Digest Spectrum - Fórmula Avanzada para la Intolerancia Alimentaria | 90 Cápsulas Vegana, Kosher y Sin OMG",49836331761985,90 cápsulas,VHMX00553,670480291719,837.51,,Vitaminate,Vitaminate,0
9634133279041,"Enzimas Digestivas para Lácteos de Now Foods, Dairy Digest Complete | Ayuda a la digestión de la lactosa, proteínas y grasas lácteas | 90 Cápsulas Veganas",49836312330561,90 cápsulas,VHMX00139,733739029560,342.67,,Vitaminate,Vitaminate,0
9618759778625,"Enzimas Digestivas, Pancreatina 2000mg de NOW Foods | Digestión de Proteínas, Grasas y Carbohidratos, | 100 Cápsulas vegetales",49836309250369,100 cápsulas,VHMX00100,733739029454,407.22,,Vitaminate,Vitaminate,0
10015705039169,Enzimas Serrapeptasa de MaryRuth’s | Contribuye al equilibrio mineral y vitamínico | 60 cápsulas,50823432274241,60 Cápsulas,VHMX00598,856645008266,564,,Vitaminate,Vitaminate,0
9623822500161,"Enzimas vegetales, con lactasa, proteasa, papaína y bromelina de Now Foods | Apoya la digestión saludable | 120 cápsulas vegetales",49836312396097,120 cápsulas,VHMX00140,733739029669,433.13,,Vitaminate,Vitaminate,0
9598103781697,EPA 625 mg - DHA 244 mg | Aceite de Pescado Molecularmente Destilado 1360mg de Humble | Apoyo Cardiovascular y Cognitivo | 60 Cápsulas Blandas,49836327862593,60 cápsulas,VHMX00475,197644881888,440,,Vitaminate,Vitaminate,0
9621876310337,Epic Pro 25 Probiótico 30mil millones UFC de Swanson | Ayuda a equilibrar la flora intestinal y brinda apoyo al sistema inmunológico | 30 cápsulas vegetales,49836325175617,30 cápsulas,VHMX00426,87614190303,438.87,,Vitaminate,Vitaminate,0
9999955296577,Epimedium con extracto de raíz de maca de Now Foods | Energía y Vitalidad | 90 tabletas,50750633705793,90 tabletas,VHMX02265,733739047588,578.11,,Vitaminate,Vitaminate,0
9635086631233,Equinácea + Astrágalo + Reishi 1200mg de Nature's Way  | Contribuye a reforzar el sistema inmunológico - Propiedades antioxidantes | 100 cápsulas veganas,49836319441217,100 cápsulas,VHMX00287,33674004135,306.36,,Vitaminate,Vitaminate,0
9618905628993,Equinácea 400 mg Extracto de Raíz Púrpura de NOW Foods | Apoya el sistema inmunológico | 100 Cápsulas Vegetales,49836310167873,100 cápsulas,VHMX00112,733739046604,227.87,,Vitaminate,Vitaminate,0
9726399938881,Equinácea Orgánica de Mary Ruth's 1ml por porción | Fortalece el Sistema Inmunológico | Líquido de 30ml,49836332384577,30ml,VHMX00569,810104620611,346,,Vitaminate,Vitaminate,0
9800171782465,Equinácea Purpurea de 1000mg de Nature's Answer | Fortalece el Sistema Inmunológico - Combate infecciones respiratorias comunes | Gotero de 30ml,49836391858497,30ml,VHMX01718,83000006128,455.65,,Vitaminate,Vitaminate,0
9796675535169,Estroncio de Best Naturals | Fortalecimiento Óseo y Mantenimiento Articular | 680 mg por Porción 90 Cápsulas,49836393431361,90 cápsulas,VHMX01743,817716016191,372.15,,Vitaminate,Vitaminate,0
9808890954049,EstroPause Menopause Support de Irwin Naturals | Equilibrio hormonal | 80 Cápsulas,49774592655681,80 Cápsulas,VHMX01664,710363262440,494.8,,Vitaminate,Vitaminate,0
9639203635521,Extracto de Albahaca Sagrada de 450mg | Nature's Way - Apoyo al Estrés | 60 cápsulas veganas,49836321898817,60 cápsulas,VHMX00329,33674154939,448.04,,Vitaminate,Vitaminate,0
9999954772289,Extracto de Arándano Europeo | Visión y Antioxidantes | 100 Cápsulas,50750633148737,100 cápsulas,VHMX02319,733739046123,696.44,,Vitaminate,Vitaminate,0
9800482259265,"Extracto de Arándano, Ácido Caprílico, Uva Ursi 1955mg de Nature's Answer | Promueve la función del tracto urinario, previniendo las molestias urinarias recurrentes | 90 Cápsulas Vegetarianas",49836392513857,90 Cápsulas,VHMX01726,83000263750,857.29,,Vitaminate,Vitaminate,0
9617367892289,Extracto de Ashwagandha 500mg de Nature's Way  | Contribuye a reducir la ansiedad y el estrés | 60 cápsulas veganas,49836319048001,60 cápsulas,VHMX00280,33674153871,497.83,,Vitaminate,Vitaminate,0
9796575297857,Extracto de Astrágalo de Best Naturals | Fortalecimiento del Sistema Inmunológico y Acción Antioxidante Poderosa | 1000 mg 120 Cápsulas,49836393267521,120 Capsulas,VHMX01739,817716012643,316.9,,Vitaminate,Vitaminate,0
9625112510785,Extracto de Bayas de Palma Enana Americana 550 mg de NOW Foods | Soporte para la Función de la Próstata | 100 Cápsulas Vegetales,49836312985921,100 cápsulas,VHMX00155,733739047472,274.09,,Vitaminate,Vitaminate,0
9623995711809,"Extracto de Boswellia 500 mg por porción + Cúrcuma | Respuesta Inmunitaria Equilibrada de NOW Foods | 120 cápsulas vegetales, 60 porciones",49836312691009,120 cápsulas,VHMX00149,733739046147,686.85,,Vitaminate,Vitaminate,0
9635112190273,Extracto de Boswellia Premium 307mg de Nature's Way  | Fortalecimiento de las articulaciones | 60 cápsulas veganas,49836320031041,60 cápsulas,VHMX00296,33674644003,391.1,,Vitaminate,Vitaminate,0
9633093058881,Extracto de Cardo Mariano Avanzado 760mg + fosfolípidos | Promueve la desintoxicación hepática | 120 cápsulas blandas,49836318458177,120 cápsulas,VHMX00263,737870192510,1079.96,,Vitaminate,Vitaminate,0
9999955231041,Extracto de Cardo Mariano con Cúrcuma de Now | Fución Hepática | 60 cápsulas,50750633640257,60 capsulas,VHMX02212,733739047359,262,,Vitaminate,Vitaminate,0
9618917196097,Extracto de Chasteberry 300mg con Dong Quai  150mg de NOW Foods | Contribuye al equilibrio hormonal femenino | 90 Cápsulas Vegetales,49836310233409,90 cápsulas,VHMX00113,733739047731,460.28,,Vitaminate,Vitaminate,0
9603968270657,Extracto de Cúrcuma 500mg de Life Extension | Apoyo de la función Cardiovascular | 60 cápsulas vegetarianas,49836316492097,60 cápsulas,VHMX00226,737870240761,754.79,,Vitaminate,Vitaminate,0
9797094408513,"Extracto de cúrcuma, Alfalfa, Potasio, Vitaminas D3,B3,B5, Magnesio de Michael's Health | Aporta antioxidantes y compuestos antiinflamatorios | 60 cápsulas",49836388385089,60 tabletas,VHMX01636,755929012237,468.98,,Vitaminate,Vitaminate,0
9618804703553,Extracto de Dopa Plus Estandarizado 800 mg con 15% L-Dopa de NOW Foods | Estimula la función cerebral | 90 Cápsulas Veganas,49836309414209,90 cápsulas,VHMX00103,733739030924,358.69,,Vitaminate,Vitaminate,0
9620687847745,Extracto de Equinácea de Now Foods | Apoyo al Sistema Inmune | 59 ml,49836310102337,59ml,VHMX00111,733739048400,349.33,,Vitaminate,Vitaminate,0
9799554367809,"Extracto de Espino 2,000 mg por porción de Nature’s Answer | Apoyo del Sistema Cardiovascular y reduce la tensión nerviosa y la fatiga | Gotero de 30ml",49836391366977,30ml,VHMX01708,83000003431,290.53,,Vitaminate,Vitaminate,0
9605691867457,"Extracto de Ginseng Panax, 1,000 mg de Now Foods | Mejora la concentración y el rendimiento cognitivo | 100 y 250 Cápsulas Vegetales",49836306202945,100 cápsulas,VHMX00049,733739040121,390.8,,Vitaminate,Vitaminate,0
9605691867457,"Extracto de Ginseng Panax, 1,000 mg de Now Foods | Mejora la concentración y el rendimiento cognitivo | 100 y 250 Cápsulas Vegetales",50480238788929,250 Cápsulas,VHMX00050,733739040145,920.67,,Vitaminate,Vitaminate,0
9999947956545,"Extracto de gordolobo, raíz de malvavisco, baya de saúco europeo, cáscara de naranja y flor de caléndula de MaryRuth’s | Soporte respiratorio| 30 ml",50750614372673,30 ml,VHMX02371,850018471732,395.1,,Vitaminate,Vitaminate,0
9796665639233,Extracto de Granada de Best Naturals | Antioxidante Potente y Soporte para el Sistema Cardiovascular | 250 mg 250 Cápsulas,49836393398593,250 cápsulas,VHMX01742,817716014616,372.15,,Vitaminate,Vitaminate,0
9800451293505,Extracto de Hoja de Olivo Estandarizado 1500mg de Nature's Answer | Contribuye al bienestar general diario - Actúa como Antioxidante | Gotero de 60ml,49836392874305,60ml,VHMX01733,83000006531,374.2,,Vitaminate,Vitaminate,0
9733074518337,Extracto de Mezcla Orgánica Patentada 1180mg -  Enfoque y Atención de Niños de Mary Ruth's 1ml por porción | Apoya la concentración y claridad mental en los niños | Gotero de 30ml - 30 servicios,49836333859137,30ml,VHMX00617,850029392026,384.12,,Vitaminate,Vitaminate,0
9799438729537,"Extracto de Ortiga 2000mg por porción de Nature's Answer |  Antioxidante Natural, favorece eliminación de toxinas | Gotero de 30ml",49836391334209,30ml,VHMX01706,83000006500,308.06,,Vitaminate,Vitaminate,0
9625110348097,Extracto de Palma Enana Americana 320 mg de NOW Foods con aceite de semilla de calabaza | Soporte para la función de la próstata | 90 cápsulas vegetales,49836312953153,90 cápsulas,VHMX00154,733739047564,893.05,,Vitaminate,Vitaminate,0
9623936565569,"Extracto de plantas antioxidantes, Super Antioxidantes de  NOW Foods | Apoya la función cerebral y la memoria | 120 cápsulas vegetales",49836312527169,120 cápsulas,VHMX00145,733739033222,893.05,,Vitaminate,Vitaminate,0
9644642533697,"Extracto de polen de flores 252mg, Arándano 250mg y Extracto de polifenoles de granada 200mg - Prostect™  de Designs For Health| Bienestar Masculino | 60 Cápsulas Vegetales",49836330156353,60 cápsulas,VHMX00527,879452004917,1174.66,,Vitaminate,Vitaminate,0
9800381661505,"Extracto de raíz de Bardana 2000mg de Nature's Answer | Apoya procesos de desintoxicación, estimula el sistema inmunológico | Gotero de 30ml",49836392350017,30ml,VHMX01722,83000005848,308.06,,Vitaminate,Vitaminate,0
9635127656769,"Extracto de Raíz de Cohosh Negro + Fórmula AM/PM de Nature’s Way | Bienestar femenino, apoya el equilibrio emocional | 60 Tabletas Veganas",49836320063809,60 tabletas,VHMX00297,763948072064,593.99,,Vitaminate,Vitaminate,0
9799621247297,"Extracto de Raíz de Diente de León 1260mg por porción de Nature's Answer | Apoya la función hepática y desintoxicante, Reforzando el Bienestar General | 90 cápsulas veganas",49836391432513,90 cápsulas,VHMX01710,83000161667,317.74,,Vitaminate,Vitaminate,0
9800870035777,"Extracto de Raíz de Diente de León 1350mg por porción de Nature's Answer | Apoya la función hepática y desintoxicante, Reforzando el Bienestar General | Gotero de 60ml",49833923150145,60ml,VHMX01728,83000002502,523.91,,Vitaminate,Vitaminate,0
9800097268033,Extracto de Raíz de Diente de León 2000mg por porción de Nature's Answer | Bienestar General | Gotero de 30ml,49836391825729,30ml,VHMX01717,83000006043,325.13,,Vitaminate,Vitaminate,0
9999955165505,Extracto de raíz de ortiga de Now | Apoyo para la  próstata | 90 Cápsulas,50750633574721,90 capsulas,VHMX02278,733739047199,400.6,,Vitaminate,Vitaminate,0
9635180282177,Extracto de Regaliz Deglicirrizado (DGL) 75 mg con Glicina de Nature's Way | Ayuda en el alivio de la acidez estomacal | 100 Tabletas Masticables Sabor Regaliz,49836320325953,100 cápsulas,VHMX00303,763948090013,406.95,,Vitaminate,Vitaminate,0
9800490647873,Extracto de Resina de Propóleo 1000mg de Nature's Answer | Apoyo al Sistema Inmunológico - Protegiendo al organismo de infecciones | Gotero 30ml,49836392481089,30 ml,VHMX01725,83000006579,342.45,,Vitaminate,Vitaminate,0
9604237820225,Extracto de Rhodiola 250mg de Life Extension | Contribuye a disminuir el estrés y ansiedad | 60 cápsulas vegetarianas,49836316885313,60 cápsulas,VHMX00233,737870889069,454.45,,Vitaminate,Vitaminate,0
9800303378753,Extracto de Sarsaparrilla 2000mg de Nature's Answer | Ayuda en el mantenimiento de niveles saludables de energía y el bienestar digestivo | Gotero de 30ml,49836392120641,30ml,VHMX01720,83000006692,308.06,,Vitaminate,Vitaminate,0
9999955263809,Extracto de Saw Palmetto 160 mg de Now | Función Próstatica | 120 Cápsulas blandas,50750633673025,120 Cápsulas,VHMX02320,733739047427,558,,Vitaminate,Vitaminate,0
9999954149697,Extracto de semilla de uva NOW | Protección Celular | 200 cápsulas,50750630232385,200 capsulas,VHMX02274,733739032492,664.75,,Vitaminate,Vitaminate,0
9624351179073,Extracto de Té Verde 725mg de Life Extension | Promueve la función Metabólica y Antioxidante | 100 cápsulas vegetales,49836317966657,100 cápsulas,VHMX00252,737870954101,699.66,,Vitaminate,Vitaminate,0
9999955132737,Extracto de Té Verde EGCg 400mg de NOW Foods | Aporta antioxidantes para bienestar celular | 90 cápsulas,50750633541953,90 capsulas,VHMX02182,733739047045,289.55,,Vitaminate,Vitaminate,0
9999955558721,"Extracto de Valeriana Liquido de  NOW Foods | Favorece el equilibrio emocional, relajación y calma natural | 60 ml",50750633967937,60 ml,VHMX02165,733739049704,412,,Vitaminate,Vitaminate,0
9799412056385,Extracto fluido de trébol rojo 2000mg por porción de Nature's Answer |  Apoyo a la menopausia | Gotero de 30ml,49836391268673,30ml,VHMX01705,83000006586,308.06,,Vitaminate,Vitaminate,0
9999949431105,Extracto líquido de Albahaca Sagrada  | Apoya la claridad mental y concentración | 30 ml,50750617715009,30 ml,VHMX02408,856645008518,386.1,,Vitaminate,Vitaminate,0
9799346585921,Extracto líquido de nuez 2ml por porción de Nature's Answer | Apoyo de la función digestiva e Inmunológica | 30ml - 15 servicios,49836390842689,30ml,VHMX01700,83000005800,325.13,,Vitaminate,Vitaminate,0
9800059748673,"Extracto Liquido de Passiflora 2000mg por porción de Nature's Answer | Propiedades calmantes naturales, que ayudan a promover la relajación y el bienestar | Gotero de 30ml",49836391727425,30ml,VHMX01714,83000006548,325.13,,Vitaminate,Vitaminate,0
9799359627585,Extracto líquido de Raíz de Jengibre 1000mg de Nature's Answer | Contribuye al equilibrio intestinal | Gotero de 30ml,49836390908225,30ml,VHMX01702,83000006166,342.65,,Vitaminate,Vitaminate,0
9800496349505,Extracto Líquido de Raíz de Regaliz 525 mg - 1500mg por porción de Nature's Answer | Apoyo para el Bienestar Digestivo - Sin Alcohol | Gotero de 30 ml,49836392415553,30 ml,VHMX01723,83000006401,308.06,,Vitaminate,Vitaminate,0
9999947792705,"Extracto Líquido Kava Orgánico, Calming de MaryRuth’s | Relajación y descanso | 30 ml",50750614208833,30 ml,VHMX02385,850018471671,351,,Vitaminate,Vitaminate,0
9999948087617,Extracto Líquido Orgánico Cúrcuma de MaryRuth’s | Favorece el equilibrio y bienestar general | 30 ml,50750614602049,30 ml,VHMX02380,850018471756,395.1,,Vitaminate,Vitaminate,0
9999947923777,Extracto Líquido Orgánico de hongos de MaryRuth’s | Equilibrio y bienestar general | 30 ml,50750614339905,30 ml,VHMX02376,850018471718,406.98,,Vitaminate,Vitaminate,0
9999947891009,Extracto Líquido Orgánico de Melena de Leon de MaryRuth’s | Apoya el equilibrio y bienestar del sistema nervioso | 30 ml,50750614307137,30 ml,VHMX02377,850018471695,363.74,,Vitaminate,Vitaminate,0
9999948022081,Extracto Líquido Orgánico Ortiga de MaryRuth’s | Fitonutrientes y antioxidantes | 30 ml,50750614438209,30 ml,VHMX02405,850018471749,367.99,,Vitaminate,Vitaminate,0
9999948611905,"Extracto Líquido Orgánico Uña del diablo, uña de gato, jengibre y regaliz | Articulaciones y movilidad | 30 ml",50750615486785,30 ml,VHMX02411,‎ 0810104622141,369,,Vitaminate,Vitaminate,0
9999948120385,Extracto Líquido Raíz de Valeriana Orgánica de MaryRuth’s | Relajación Natural | 30 ml,50750614634817,30 ml,VHMX02374,850018471763,395.1,,Vitaminate,Vitaminate,0
9999955493185,Extracto Pau D’Arco líquido de Now | Antioxidante y protector celular | 59 ml,50750633902401,59 ml,VHMX02331,733739049100,372.85,,Vitaminate,Vitaminate,0
9811365626177,Fat Reduction Max Accelerator de Irwin Naturals con Sinetrol | Estimula el metabolismo de forma natural | 72 Cápsulas,49788896051521,72 Cápsulas,VHMX01653,710363582463,655.05,,Vitaminate,Vitaminate,0
9617254449473,Fem V 400mg de Nature's Way | Apoyo para el bienestar del ciclo menstrual - Promueve el bienestar general | 100 y 320 cápsulas veganas,50481567334721,100 cápsulas,VHMX00274,33674117507,294.48,,Vitaminate,Vitaminate,0
9617254449473,Fem V 400mg de Nature's Way | Apoyo para el bienestar del ciclo menstrual - Promueve el bienestar general | 100 y 320 cápsulas veganas,49836318916929,320 cápsulas,VHMX00275,033674119235,569.99,,Vitaminate,Vitaminate,0
9999948906817,"Fenogreco Orgánico, MaryRuth’s | Apoyo digestivo y hormonal |30 ml",50750615781697,30 ml,VHMX02412,810104622936,333,,Vitaminate,Vitaminate,0
9795740893505,"Fenogreco, corteza de olmo resbaladizo, hoja de gordolobo 3300mg de Michael's Health | Diseñadas para ofrecer apoyo integral al bienestar respiratorio y digestivo | 60 masticables vegetarianos",49836387631425,60 tabletas,VHMX01625,755929120031,514.13,,Vitaminate,Vitaminate,0
9974760276289,Fisetina 125 mg | Fisetin PRO Longevity Plus de ProHealth |  60 cápsulas,50629867536705,60 Cápsulas,VHMX01998,850023410955,1320.99,,Vitaminate,Vitaminate,0
9612920127809,"Fórmula Completa de Enzimas Digestivas de Enzymedica | para Soporte Digestivo Mejorado, con Amilasa, Proteasa, Lipasa y Más | 30 Cápsulas Veganas y Kosher",49836331532609,30 cápsulas,VHMX00548,670480981139,284.46,,Vitaminate,Vitaminate,0
9612886606145,"Fórmula Completa para la Digestión de Lácteos de Enzymedica, con Lactasa y Proteasa | Favorece la digestión de productos lácteos | 30 Cápsulas",49836331401537,30 cápsulas,VHMX00547,670480140505,299.21,,Vitaminate,Vitaminate,0
9623924769089,"ForsLean, Super Citrimax, L-Carnitina y Té Verde - Apoyo Dietético de Now Foods | Energía Celular | 120 Cápsulas Vegetales",49836312494401,120 cápsulas,VHMX00144,733739033079,769.33,,Vitaminate,Vitaminate,0
9644613206337,"Fosfatidilcolina 420mg de Designs For Health | Bienestar Integral que apoya la función digestiva, cardiovascular y cognitiva | 180 Cápsulas Blandas Vegetales",49836329861441,180 cápsulas,VHMX00518,879452002050,1259.48,,Vitaminate,Vitaminate,0
9616258990401,"Fosfatidilserina, Colina e Inositol, 100 mg de NOW Foods | Mejora la Memoria y la Función Cerebral, Apoyo Cognitivo | 60 Cápsulas Vegetales",49836307153217,60 cápsulas,VHMX00063,733739023803,733.22,,Vitaminate,Vitaminate,0
9999955001665,Frenogreco Orgánico de Now | Apoyo Digestivo |  100 Cápsulas,50750633410881,100 capsulas,VHMX02280,733739046772,262,,Vitaminate,Vitaminate,0
9639041728833,Fruta de Arándano 930mg de Nature's Way  | Ayuda a prevenir infecciones del tracto urinario  | 180 cápsulas veganas,49836321374529,180 cápsulas,VHMX00318,33674153611,666.8,,Vitaminate,Vitaminate,0
9796572348737,Fruta de Vitex de Best Naturals | Bienestar Femenino | 400 mg 250 Cápsulas,49836393234753,250 capsulas,VHMX01738,817716012315,316.9,,Vitaminate,Vitaminate,0
9999954575681,Gastro Comfort NOW Foods | Soporte Digestivo y Gástrico | 60 cápsulas,50750632919361,60 capsulas,VHMX02187,733739035202,676.99,,Vitaminate,Vitaminate,0
9999955755329,Gel calmante de aloe de NOW Solutions | Calmante e hidratante para la piel |  237 mL,50750635344193,237ml,VHMX02190,733739075086,296.55,,Vitaminate,Vitaminate,0
10065838539073,GI Revive de Designs for Health | Bienestar Digestivo | 28 porciones polvo Sabor durazno,51036164981057,225 gr,VHMX00525,879452001428,1633,,Vitaminate,Vitaminate,0
9600376996161,"Ginkgo Biloba 590mg en Gotas de Mary Ruth's 0.5ml por porción | Diseñado para apoyar la función cerebral, promover una circulación sanguínea saludable y combatir la fatiga mental | Gotero de 60ml",49836332745025,60 ml,VHMX00585,850018471688,339.25,,Vitaminate,Vitaminate,0
9795683287361,"Ginkgo Biloba, Gotu Kola y Colina de Michael's Health -| Función Cognitiva, Memoria & Concentración | 60 Cápsulas Vegetarianas",49836387565889,60 tabletas,VHMX01623,755929033089,511.12,,Vitaminate,Vitaminate,0
9808881779009,Ginkgo Smart + Colina + DMAE + omega-3 de Irwin Naturals | Estimula el enfoque y rendimiento diario |60 Cápsulas,49774537539905,60 Cápsulas,VHMX01661,710363262372,639,,Vitaminate,Vitaminate,0
9999949758785,Glicina 1000 mg de Now Foods 1000 mg | Contribuye a la salud del sistema nervioso | 100 Cápsulas vegetales,50750618927425,120 Cápsulas,VHMX02162,733739001078,351.46,,Vitaminate,Vitaminate,0
9598048502081,"Glicinato de Magnesio 400 mg de Humble | Alta Absorción, Relajación Muscular | 60 Cápsulas",49836327731521,60 cápsulas,VHMX00473,197644832453,379.47,,Vitaminate,Vitaminate,0
9999951135041,Glicinato de Magnesio con BioPerine® de Now Foods | Favorece la función muscular y la relajación | 180 Cápsulas,50750621614401,180 Cápsulas,VHMX02255,733739012876,657,,Vitaminate,Vitaminate,0
9800467611969,Glicinato y Malato de Magnesio 200mg de Nature's Answer | Favorece la función muscular de todo el organismo y contribuye al metabolismo energético | Líquido de 480ml Sabor Mandarina,49836392841537,480 ml,VHMX01732,83000261732,374.2,,Vitaminate,Vitaminate,0
9617407344961,"Gluconato de Hierro 18mg de Nature's Way  | Fortalece Sistema Inmune, contribuyendo a aumentar energía y reducir fatiga  | 100 cápsulas veganas",49836319277377,100 cápsulas,VHMX00284,33674410417,285.65,,Vitaminate,Vitaminate,0
9639092027713,"Glucosamina 2000mg, Condroitina 1200mg, MSM y Vitamina D3 - Join Movement de Nature's Way   | Fortalecimiento Muscular y Óseo | 480ml, 16 servicios",49836321669441,480 ml,VHMX00323,371401394167,431.62,,Vitaminate,Vitaminate,0
9999954182465,Glucosamine 1100mg & MSM 500mg | Cartílago y Movilidad Articular | 60 Cápsulas,50758574244161,120 Cápsulas,VHMX02240,733739031303,485.96,,Vitaminate,Vitaminate,0
9999954182465,Glucosamine 1100mg & MSM 500mg | Cartílago y Movilidad Articular | 60 Cápsulas,50750631412033,60 Cápsulas,VHMX02236,733739032782,303.2,,Vitaminate,Vitaminate,0
9803186274625,Glutatión Aminoácidos 250mg de Now Foods | Desintoxicación y Apoyo de la función Antioxidante del Organismo | 60 cápsulas veganas,49836310692161,60 cápsulas,VHMX00119,733739000965,413.08,,Vitaminate,Vitaminate,0
9604010869057,"Glutatión, Cisteína y Vitamina C de Life Extension | Promueve la fortaleza del sistema inmunológico  | 100 cápsulas vegetales",49836316655937,100 cápsulas,VHMX00230,737870154112,528.51,,Vitaminate,Vitaminate,0
9999948775745,Gomitas con Melatonina y L-Teanina de MaryRuth’s | Contribuye al equilibrio del ritmo circadiano | 60 gomitas,50750615650625,60 gomitas,VHMX02353,850029392620,419.7,,Vitaminate,Vitaminate,0
9999947399489,Gomitas de Omega-3 Vegano de MaryRuth’s | Bienestar Cardiovascular | 60 gomitas,50750613815617,60 gomitas,VHMX02381,850036700722,439.99,,Vitaminate,Vitaminate,0
9999948185921,"Gomitas Orgánicas Vitamina C de MaryRuth’s | Favorece la producción de colágeno para piel y tejidos| 60 gummies,",50750614700353,60 gomitas,VHMX02397,810104621779,467.99,,Vitaminate,Vitaminate,0
9999947366721,Gomitas para Dormir con L-Teanina y Flor de Manzanilla | Sueño y Descanso |  60 gomitas,50750613782849,60 gomitas,VHMX02372,850036700692,362.9,,Vitaminate,Vitaminate,0
9999949168961,Gomitas para Inmunidad de Mary Ruth´s | 90 gomitas,50750616895809,90 gomitas,VHMX02350,856645008075,439.99,,Vitaminate,Vitaminate,0
9999949005121,Gomitas para menopausia de MaryRuth’s| Contribuye al equilibrio del estado de ánimo | 60 Gomitas,50750615880001,60 gomitas,VHMX02406,,477,,Vitaminate,Vitaminate,0
9999948579137,Gomitas para Relajación Nocturna de MaryRuth’s | Bienestar Infantil | 60 gomitas,50750615454017,60 gomitas,VHMX02357,850029392088,445.5,,Vitaminate,Vitaminate,0
9733209588033,Gotas de Aceite De Orégano Orgánico de Mary Ruth's 0.15ml por porción | Ayuda a combatir infecciones y mejorar la función respiratoria y digestiva | Gotero de 30ml - 200 servicios,49836333564225,30ml,VHMX00604,850018471725,389.99,,Vitaminate,Vitaminate,0
9726701371713,Gotas Herbales Orgánicas Para Riñón Y Vejiga 1ml de Mary Ruth's | Favorece la eliminación natural de toxinas y el equilibrio de líquidos en el cuerpo | Gotero de 30ml - 30 servicios,49836333400385,30ml,VHMX00600,856645008525,384.12,,Vitaminate,Vitaminate,0
9733054136641,Gotas Líquidas de Yodo de Mary Ruth's | Apoyo Metabólico | Gotero de 30ml Sin Sabor,49836333367617,30ml,VHMX00599,856645008167,356.11,,Vitaminate,Vitaminate,0
9999948677441,"Gray Guard Liposomal, MaryRuth’s| Apoya la pigmentación natural del cabello | 450 ml",50750615552321,450 ml,VHMX02394,810104622356,813.96,,Vitaminate,Vitaminate,0
9798330548545,Healthy Brain All-Day Focus con Ginkgo Biloba de Irwin Naturals | Apoya la memoria y la claridad mental | 60 cápsulas,49836388778305,60 Cápsulas,VHMX01643,840081408223,941.47,,Vitaminate,Vitaminate,0
9615656288577,Hierbas Naturales - Jarabe para la tos para Niños de Child Life | Apoyo de la función Inmunitaria | Líquido de 118.5 ml Sabor a Bayas Naturales,49836329075009,118.5 ml,VHMX00494,608274109506,350.67,,Vitaminate,Vitaminate,0
9999949300033,Hierro Liquido de Mary Ruth´s | Metabolismo Energético | 450 ml,50750617059649,450 ml,VHMX02343,856645008419,621,,Vitaminate,Vitaminate,0
9604587946305,Hierro Líquido para niños de Child Life | Impulsa la formación de glóbulos rojos y el transporte de oxígeno - Energía | 118 ml sabor a bayas naturales,49836328452417,118 ml,VHMX00483,608274121003,337.74,,Vitaminate,Vitaminate,0
9999947301185,"Hierro Orgánico Líquido para Niños, MaryRuth’s | Energía y Vitalidad Infantil | 60 ml",50750613651777,60 ml,VHMX02356,850036700562,432,,Vitaminate,Vitaminate,0
9799380861249,Hongo Reishi 1000mg por porción de Nature's Answer | Fortalece el Sistema Inmunológico - Antioxidante Natural | 60 cápsulas veganas,49836391137601,60 cápsulas,VHMX01704,83000164255,430.72,,Vitaminate,Vitaminate,0
9999953396033,Immune Renew de Now | Refuerzo Inmune Natural  | 90 Cápsulas,50750628626753,90 Cápsulas,VHMX02222,733739030559,427.85,,Vitaminate,Vitaminate,0
9999949463873,Immunity Gummies sin azúcar de MaryRuth’s | Favorecen la producción natural de defensas | 90 gomitas,50750617747777,90 gomitas,VHMX02414,856645008570,445.5,,Vitaminate,Vitaminate,0
9999953428801,Indole-3-Carbinol I3C de Now| Equilibrio Metabólico | 60 Cápsulas,50750628659521,60 Cápsulas,VHMX02242,733739030566,572.99,,Vitaminate,Vitaminate,0
9635102327105,Inositol 500 mg de Nature's Way  | Contribuye a aliviar el estrés y la ansiedad | 100 cápsulas veganas,49836319768897,100 cápsulas,VHMX00293,33674404614,341.68,,Vitaminate,Vitaminate,0
9623705420097,"Inositol 500 mg para el Apoyo la Función  Celular de Now Foods | Cápsulas Vegetales, 100 Unidades",49836311970113,100 cápsulas,VHMX00127,733739004758,297.87,,Vitaminate,Vitaminate,0
9619280724289,"Inositol 650mg de Swanson | Promueve la función Cerebral y Cognitiva, apoyando al equilibrio emocional | 100 cápsulas vegetales",49836323733825,100 cápsulas,VHMX00393,87614018744,349.67,,Vitaminate,Vitaminate,0
9796706140481,"Inositol de Best Naturals | Soporte Celular, Nervioso y Equilibrio Mental | 1000 mg 120 Tabletas",49836393693505,120 tabletas,VHMX01746,817716014302,416.08,,Vitaminate,Vitaminate,0
9644614844737,Inositol en polvo 700mg de Designs for Health | Apoyo para el Buen Sueño y Descanso - Sistema Nervioso | 250g Apto Veganos,49119607095617,250g,VHMX00519,879452002074,1137.01,,Vitaminate,Vitaminate,0
9623707353409,Inositol en Polvo 730 mg de Now Foods | Mantenimiento de la función celular y el equilibrio de calcio dentro de las células | 227 g,49836312035649,227g,VHMX00128,733739005281,596.52,,Vitaminate,Vitaminate,0
9625371869505,"Inulina Orgánica Certificada en Polvo, Prebiótico de NOW Foods | Apoyo Intestinal y Bajo Índice Glucémico | Polvos 227g",49836314067265,227g,VHMX00175,733739029447,340.23,,Vitaminate,Vitaminate,0
9999948448065,"Jengibre, hinojo, toronjil y manzanilla de MaryRuth’s| Relajación nocturna | 120 ml",50750615322945,120 ml,VHMX02413,VHMX02412,333,,Vitaminate,Vitaminate,0
9999954215233,Joint Support de NOW Foods | Apoya la movilidad y flexibilidad articular | 90 cápsulas,50750631444801,90 capsulas,VHMX02194,733739032904,537.67,,Vitaminate,Vitaminate,0
9999952740673,Kidney Cleanse de Now | Bienestar renal y detoxificación | 90 cápsulas,50750627250497,90 capsulas,VHMX02208,733739024633,441.23,,Vitaminate,Vitaminate,0
9644616679745,L-5-MTHF (5-Metiltetrahidrofolato) 1700mcg de Designs for Health | Apoyo para el Desarrollo Fetal - Cardiovascular y Mental | 120 Cápsulas Vegetales,49119616139585,120 cápsulas,VHMX00520,879452002784,976.89,,Vitaminate,Vitaminate,0
9623540465985,L-Arginina 1000 mg de Now Foods | Contribuye en la recuperación muscular | 120 Tabletas,49836310397249,120 cápsulas,VHMX00116,733739000354,544.49,,Vitaminate,Vitaminate,0
9794150039873,"L-Arginina 2250mg, Citrulina 750mg & Betabel Orgánico de Michael´s Health | Promueve una mejor circulación y rendimiento físico | 45 tabletas veganas",49836386222401,45 tabletas,VHMX01607,755929060009,366.37,,Vitaminate,Vitaminate,0
9619214205249,L-Arginina 500 mg de Swanson | Apoyo Cardiovascular y del Sistema Inmunológico | 100 cápsulas vegetales,49836323275073,100 cápsulas,VHMX00386,87614018522,200.66,,Vitaminate,Vitaminate,0
9811833651521,"L-Citrulina, Nitric Oxide Pre-Sport de Irwin Naturals | Aumenta la energía y el rendimiento físico | 60 cápsulas",49791718916417,60 Capsulas Blandas,VHMX01651,710363584863,648.4,,Vitaminate,Vitaminate,0
9623592075585,L-Glutamina 1000 mg de NOW Sport - Apoya el sistema inmunológico | 120 cápsulas vegetales,49064042627393,120 cápsulas,VHMX00118,733739000941,538.23,,Vitaminate,Vitaminate,0
9623589978433,L-Glutamina 500 mg de NOW Foods | Apoyo a Función Inmune | 120 Cápsulas Vegetales,49836310462785,120 cápsulas,VHMX00117,733739000927,345,,Vitaminate,Vitaminate,0
9733065343297,"L-Lisina + Amla Fruta + Vitamina A y C - Gomitas Potenciadoras de Colágeno de Mary Ruth's | Apoyo para Cabello, Piel y Uñas | 90 Gomitas Sabor Sandía",49836333138241,90 gomitas,VHMX00592,856645008334,445.13,,Vitaminate,Vitaminate,0
9999951561025,L-OptiZinc 30 mg con Cobre de NOW Foods | Favorece el equilibrio mineral en el organismo |100 cápsulas,50750622138689,100 Cápsulas,VHMX02204,733739015105,284.49,,Vitaminate,Vitaminate,0
9999950119233,"L-Serina 500 mg, Now| Favorece la función cerebral y la memoria|  120 Cápsulas",50750619353409,120 cápsulas,VHMX02326,733739002587,854.23,,Vitaminate,Vitaminate,0
9625166872897,L-Teanina 100 mg con Té Verde Descafeinado de NOW Foods | Apoya la función cognitiva saludable | 90 Cápsulas Vegetarianas,49836313215297,90 cápsulas,VHMX00159,733739001450,388.43,,Vitaminate,Vitaminate,0
9795783131457,L-Teanina 200 mg de Health Thru Nutrition | Promueve la Relajación y el Enfoque Mental | 60 cápsulas Blandas,49836389892417,60 cápsulas,VHMX01680,819193020791,254.84,,Vitaminate,Vitaminate,0
9796689920321,L-Teanina de Best Naturals | Relajación Natural y Reducción del Estrés Cotidiano | 200 mg 120 Tabletas,49836393464129,120 tabletas,VHMX01744,817716018546,372.15,,Vitaminate,Vitaminate,0
9999955394881,"L-Teanina, 5-HTP y Melatonina de Now Foods  | Descanso y relajación | 90 Cápsulas",50750633804097,120 tabletas,VHMX02163,733739047694,544.49,,Vitaminate,Vitaminate,0
9999949955393,L-Theanine 100 mg  | 90 Tabletas masticables,50750619189569,90 tabletas,VHMX02327,733739001443,538.66,,Vitaminate,Vitaminate,0
9623605281089,L-Tirosina 500 mg Aminoácido de Now Foods | Apoya la Capacidad de Respuesta al Estrés | 120 Cápsulas,49836311183681,120 cápsulas,VHMX00122,733739001627,396.55,,Vitaminate,Vitaminate,0
9623606886721,L-Tirosina 750 mg Aminoácido de Now Foods | Apoya la Capacidad de Respuesta al Estrés | 90 Cápsulas,49836311249217,90 cápsulas,VHMX00123,733739001658,383.47,,Vitaminate,Vitaminate,0
9999955657025,Leche de coco en polvo orgánica de Now Foods | Alternativa libre de lácteos para bebidas y recetas  | Polvo 340 g,50750635245889,340 gr,VHMX02258,733739058355,354.84,,Vitaminate,Vitaminate,0
9999952544065,Levadura de Cerveza NOW Foods 650 mg | Apoyo Metabólico | 200 Tabletas,50750625677633,200 tabletas,VHMX02338,733739024107,400.6,,Vitaminate,Vitaminate,0
9602902524225,Litio 1000 mcg de Life Extension | Apoyo de la función Cerebral y Cognitiva | 100 cápsulas vegetales,49836316066113,100 cápsulas,VHMX00219,737870240310,342,,Vitaminate,Vitaminate,0
9795941990721,Luteína 20 mg + Zeaxantina 4 mg de Health Thru Nutrition | Actúa como antioxidante y energizante celular | 60 cápsulas Blandas,49836390154561,60 cápsulas,VHMX01682,819193020364,349.07,,Vitaminate,Vitaminate,0
9605050204481,MacuGuard® 173mg con Azafrán y Extracto de Grosella Negra Europea | Soporte Ocular y Visión con Luteína y Zeaxantina | 60 Cápsulas Blandas,49836317376833,60 cápsulas,VHMX00243,737870199267,515.13,,Vitaminate,Vitaminate,0
9645177274689,"Magnesio + Cloruro + Potasio + Boro Mega-Mag 400mg - Oligoelementos iónicos de Trace Minerals | Apoya la función del sistema nervioso, músculos, huesos, dientes y metabolismo  | 118ml",49836322292033,118ml,VHMX00357,878941000256,402.66,,Vitaminate,Vitaminate,0
9645279871297,"Magnesio 25mg, Cloruro 65mg, Litio y Boro de Trace Minerals | Minerales de apoyo para mantener el equilibrio del pH corporal saludable |  Gotero de 30ml",49836322947393,30ml,VHMX00381,878941002397,376.4,,Vitaminate,Vitaminate,0
9999951102273,Magnesio 400 mg de NOW Flow | Apoya la salud del sistema nervioso | 180 cápsulas,50750621581633,180 Cápsulas,VHMX02176,733739012838,470.3,,Vitaminate,Vitaminate,0
9999951200577,Magnesio Citrato NOW | Suplemento con Magnesio de Alta Biodisponibilidad | 60 y 100 Tabletas,50750621778241,100 Tabletas,VHMX02251,733739012906,459.77,,Vitaminate,Vitaminate,0
9999951200577,Magnesio Citrato NOW | Suplemento con Magnesio de Alta Biodisponibilidad | 60 y 100 Tabletas,50769926324545,60 Tabletas,VHMX02286,733739012913,301.98,,Vitaminate,Vitaminate,0
9999951298881,Magnesio e Inositol Relax NOW | Apoya la función y energía celular diaria | 454 g,50750621876545,454 gramos,VHMX02337,733739012937,716.17,,Vitaminate,Vitaminate,0
9999955984705,Magnesio en Hojuelas de Now | Uso tópico | 750 g,50750635737409,750 g,VHMX02329,733739077417,311.32,,Vitaminate,Vitaminate,0
9633002979649,Magnesio L-Treonato - Magtein 144 mg de NOW Foods | Apoyo Cognitivo para la Memoria y el Aprendizaje | 90 Cápsulas Vegetales,49836315410753,90 cápsulas,VHMX00206,733739023902,937.56,,Vitaminate,Vitaminate,0
9999956083009,Manteca de Karité Orgánica de NOW Foods | Hidrata profundamente la piel seca | 85 g,50750635835713,3oz/85 gr,VHMX02179,733739077516,225,,Vitaminate,Vitaminate,0
9618738217281,MCT Oil 1000 mg de NOW Sports |Ideal para deportistas de alto rendimiento | 150 cápsulas blandas,49836309020993,150 cápsulas,VHMX00095,733739021960,494.3,,Vitaminate,Vitaminate,0
9810228838721,Mega D3 &amp; K2 + Extracto de Curcuma de Irwin Naturals |  Apoya el funcionamiento adecuado del sistema nervioso | 60 Cápsulas,49781008105793,60 Cápsulas,VHMX01673,710363579791,468.92,,Vitaminate,Vitaminate,0
9617430741313,Mega DHA 1.000mg Omega 3 de Nature's Way | Apoya y promueve la función cognitiva y ocular | 60 cápsulas blandas,49836319375681,60 cápsulas,VHMX00286,33674156827,489.09,,Vitaminate,Vitaminate,0
9620636303681,"Melatonina 1mg de Now Foods | Apoya el sistema nervioso y la relajación, Favorece un ciclo de sueño saludable | 100 Cápsulas",49836309610817,100 tabletas,VHMX00105,733739032621,213.9,,Vitaminate,Vitaminate,0
9619233079617,"Melatonina de Triple Potencia 10mg de Swanson |  Ayuda a regular el ciclo del sueño, favoreciendo un ritmo circadiano saludable - Promueve la longevidad | 60 cápsulas vegetales",49836323373377,60 cápsulas,VHMX00388,87614023052,145.85,,Vitaminate,Vitaminate,0
9794126086465,"Melatonina, Citrato de Magnesio, Calcio, GABA y 5HTP de Michael's Health | Formula diseñada para apoyar el sueño y buen descanso del organismo | 30 Cápsulas Veganas",49836386025793,30 cápsulas,VHMX01606,755929118809,334.29,,Vitaminate,Vitaminate,0
9999954477377,Membrana de Cáscara de huevo 500 MG | Soporte Articular | 60 cápsulas,50750631838017,60 cápsulas,VHMX02312,733739033857,933.12,,Vitaminate,Vitaminate,0
9999950512449,"Methyl B-12, Vitamina B12 de NOW Foods 1000 mcg | Apoya el funcionamiento del sistema nervioso | 100 tabletas",50750619910465,100 pastillas,VHMX02168,733739004956,270.3,,Vitaminate,Vitaminate,0
9618571821377,"Metil Folato 5,000 mcg de NOW Foods | Apoya la salud neurológica y la división celular | 50 cápsulas vegetales",49836308365633,50 cápsulas,VHMX00083,733739005021,879.07,,Vitaminate,Vitaminate,0
9999956312385,Mezcla de Aceites Esenciales  |  Alivio al Dolor de Cabeza | Roll-on Orgánico (10 ml),50750636163393,10 ml,VHMX02175,733739079084,279.68,,Vitaminate,Vitaminate,0
9999956246849,"Mezcla de Aceites Esenciales de Te de Arbol, Roll-on Organico | Complementa rutinas de cuidado facial, purifica la piel | 10 ml",50750635966785,10 ml,VHMX02301,733739079077,254.65,,Vitaminate,Vitaminate,0
9635145417025,"Mezcla de Aloe Vera, 340g de Nature's Way para el Bienestar Digestivo | 100 cápsulas veganas",49836320162113,100 cápsulas,VHMX00299,33674009000,312.49,,Vitaminate,Vitaminate,0
9594916241729,"Mezcla de Electrolitos con Vitaminas Esenciales Hydration I.V. de Trace Minerals |  Hidratación Eficaz y Rápida, Bajo en Calorías, Sabor a Limonada de Frambuesa | 256g en 16 Sobres de 16g",49836321997121,256g,VHMX00332,878941005602,551.13,,Vitaminate,Vitaminate,0
9863434600769,"Mezcla de Enzimas Digestivas con Bromelina, Bilis de Buey, Pancreatina y Papaína de NOW Foods | Enzimas para la Absorción de Nutrientes y Apoyo Digestivo | 180 Cápsulas Vegetales",50096710680897,180 Cápsulas,VHMX00137,733739029645,604.38,,Vitaminate,Vitaminate,0
9621463695681,"Mezcla de Enzimas patentadas 28mg + Pancreatina 145mg y Bioperina 5mg de Swanson | Bienestar digestivo, ayuda a reducir la hinchazón | 60 cápsulas vegetales",49836324487489,60 cápsulas,VHMX00408,87614021300,263.66,,Vitaminate,Vitaminate,0
9999949398337,"Mezcla de Ginseng asiático, Ginseng americano, Ashwagandha, Eleuthero, Maca, Vitality de MaryRuth’s | Suplemento Adaptógeno Líquido| 30 ml",50750617682241,30 ml,VHMX02364,856645008501,432,,Vitaminate,Vitaminate,0
9623778918721,Mezcla enzimática BioCore Optimum™ - Optimal Digestive System de NOW Foods | Favorece la absorción eficiente de nutrientes | 90 cápsulas,49836312166721,90 cápsulas,VHMX00135,733739029584,470.3,,Vitaminate,Vitaminate,0
9800472461633,"Mezcla natural de ingredientes herbales 500mg de Nature's Answer | Apoyo Respiratorio, ayuda a disolver y despejar mucosidad | Spray de 60ml",49836392808769,60 ml,VHMX01731,83000262555,670.72,,Vitaminate,Vitaminate,0
9733123866945,Mezcla Orgánica Patentada en Gotas para el Bienestar de la Mujer de Mary Ruth's 1ml por porción | Apoya el Equilibrio Hormonal Femenino y la Energía | Gotero de 30ml,49836332515649,30ml,VHMX00583,850018471770,419.04,,Vitaminate,Vitaminate,0
9639131873601,Mezcla Premium de Hierbas Tradicionales para el Riñón y la Vejiga 900mg de Nature's Way |  Favorece el correcto funcionamiento de los riñones | 100 Cápsulas Veganas,49836321734977,100 cápsulas,VHMX00324,33674001103,311.04,,Vitaminate,Vitaminate,0
9808907043137,Mighty Moringa de Irwin Naturals | Contribuye al bienestar cardiovascular |60 Cápsulas,49774633353537,60 Cápsulas,VHMX01667,710363583156,543.3,,Vitaminate,Vitaminate,0
9808556228929,"Milk Thistle Liver Detox de Irwin Naturals, Silimarina (extracto de cardo mariano) | Contribuye a la protección celular antioxidante, promueve el metabolismo de toxinas  | 60 cápsulas",49773737902401,60 Cápsulas,VHMX01652,710363585495,639,,Vitaminate,Vitaminate,0
9999951429953,Minerales coloidales de Now | Función Metabólica | 946 ml,50750622007617,946 ml,VHMX02248,733739014054,578.11,,Vitaminate,Vitaminate,0
9645151748417,"Minerales en gotas de Trace Minerals | Apoya la función ósea y articular  | Presentaciones de 15, 59, 118 y 237ml",50486325018945,118 ml,VHMX00352,878941000065,556.32,,Vitaminate,Vitaminate,0
9645151748417,"Minerales en gotas de Trace Minerals | Apoya la función ósea y articular  | Presentaciones de 15, 59, 118 y 237ml",49836322226497,15ml,VHMX00350,878941000089,162.01,,Vitaminate,Vitaminate,0
9645151748417,"Minerales en gotas de Trace Minerals | Apoya la función ósea y articular  | Presentaciones de 15, 59, 118 y 237ml",50486325051713,237 ml,VHMX00353,878941000058,795.04,,Vitaminate,Vitaminate,0
9645151748417,"Minerales en gotas de Trace Minerals | Apoya la función ósea y articular  | Presentaciones de 15, 59, 118 y 237ml",50486324986177,59 ml,VHMX00351,878941000072,349.34,,Vitaminate,Vitaminate,0
9615315206465,Minerales y Multivitaminas con Inositol para Niños de Child Life | Apoya el crecimiento y desarrollo saludable | Fórmula líquida con sabor natural a naranja - mango,49836328517953,273 ml,VHMX00484,608274103009,375.82,,Vitaminate,Vitaminate,0
9999952412993,MSM 1500 mg de Now |  Producción de colágeno y queratina | 200 tabletas,50750625546561,200 Tabletas,VHMX02284,733739021311,674.69,,Vitaminate,Vitaminate,0
9999948972353,Multimineral nocturno niños de MaryRuth’s | Sueño y Descanso | 450 ml,50750615847233,450 ml,VHMX02409,,531,,Vitaminate,Vitaminate,0
9733135532353,"Multimineral Nocturno para Niños de Mary Ruth´s | Bienestar Integral del Niño - Apoya la función ósea, muscular y el bienestar general durante el descanso | Líquidos de 946ml Sabor Piña y Coco",50923406688577,946 | Coco,VHMX00597,850036700517,641,,Vitaminate,Vitaminate,0
9733135532353,"Multimineral Nocturno para Niños de Mary Ruth´s | Bienestar Integral del Niño - Apoya la función ósea, muscular y el bienestar general durante el descanso | Líquidos de 946ml Sabor Piña y Coco",49836333236545,946 ml |Piña,VHMX00596,856645008228,644.39,,Vitaminate,Vitaminate,0
9999948841281,Multivitamínico  Liposomal para Hombre 40+ de MaryRuth’s | Promueve bienestar antioxidante y celular |450 ml,50750615716161,450 ml,VHMX02398,850029392774,621,,Vitaminate,Vitaminate,0
9624396333377,Multivitamínico - Mezcla de fórmula para niños de Life Extension | Contribuye a reforzar el sistema inmunológico infantil | 120 comprimidos masticables,49836318130497,120 cápsulas,VHMX00256,737870219910,766,,Vitaminate,Vitaminate,0
9999949070657,"Multivitamínico + Hair Growth, MaryRuth’s | Crecimiento del Cabello | 60 gomitas",50750616011073,60 gomitas,VHMX02344,810104623407,1080,,Vitaminate,Vitaminate,0
9620801356097,Multivitamínico + Zinc y Selenio en gomitas para niños de Child Life | Fortalece el Sistema Inmune | 27 cápsulas blandas Sabor Naranja,49836329304385,27 cápsulas,VHMX00500,608274108509,422.52,,Vitaminate,Vitaminate,0
9726725292353,Multivitamínico 30ml por porción Prenatal y Postnatal de Mary Ruth's | Apoyo nutricional para mujeres que cuidan su bienestar antes y después del embarazo | Líquido de 946ml,49836333072705,946ml,VHMX00591,856645008686,677.45,,Vitaminate,Vitaminate,0
9635976315201,Multivitamínico Completo para Hombres con Extractos de Frutas y Verduras 100mg - Alive! Nature's Way | Fortalecimiento del sistema inmunológico | 50 tabletas veganas,49836320719169,50 cápsulas,VHMX00310,33674136607,357.55,,Vitaminate,Vitaminate,0
9635988898113,"Multivitamínico completo para mujeres 100mg de Alive! Nature's Way, 100% de vitaminas y minerales | Fortalece el sistema inmunológico | 50 tabletas veganas",49836320817473,50 cápsulas,VHMX00311,33674136638,357.55,,Vitaminate,Vitaminate,0
9999947530561,Multivitamínico con Postbióticos de MaryRuth’s | Desarrollo Infantil | 60 Gomitas,50750613946689,60 gomitas / Frutos Rojos,VHMX02349,810104621038,472.5,,Vitaminate,Vitaminate,0
9732259381569,Multivitamínico Infantil + Hierro + Zinc de Mary Ruth's | Fortalece el Sistema Inmunológico | Gotero de 60ml Sabor Naranja - Vainilla,49836333760833,60ml,VHMX00610,810104620949,406.98,,Vitaminate,Vitaminate,0
9598222958913,"Multivitamínico Infantil con Vitaminas A, C, D, Zinc, Biotina de Humble - Better Bears | Apoyo Inmunológico y Energía | 60 Gomitas",49836327895361,60 gomitas,VHMX00476,198168493052,238.62,,Vitaminate,Vitaminate,0
9999948808513,Multivitamínico Liposomal Mujer 40+ de MaryRuth’s| Refuerza defensas e inmunidad | 450 ml,50750615683393,450 ml,VHMX02363,850029392750,585.03,,Vitaminate,Vitaminate,0
9803263279425,Multivitamínico Líquido con Lustriva para Mujeres de Mary Ruth's | Crecimiento Capilar y Cuidado de la Piel | 887 ml Sabor Melocotón - Mango,49836379439425,887ml,VHMX01517,810104622370,1105.99,,Vitaminate,Vitaminate,0
9999948939585,Multivitamínico líquido Essentials+ MaryRuth’s | Favorece el metabolismo energético diario| 887 ml,50750615814465,887 ml,VHMX02393,810104623018,684,,Vitaminate,Vitaminate,0
9999948710209,Multivitamínico Mujer de MaryRuth’s | Refuerza el sistema inmunológico | 60 Cápsulas,50750615585089,60 gomitas,VHMX02366,850029392361,419.7,,Vitaminate,Vitaminate,0
9733260345665,"Multivitamínico Orgánicas Para Niños de Mary Ruth's | Estas gomitas apoyan el sistema inmunológico, la función cognitiva y promueven el desarrollo óseo y dental | 60 gomitas Sabor Mezcla de Frutos Rojos y Cerezas",49836334285121,60 gomitas,VHMX00627,810104620291,445.13,,Vitaminate,Vitaminate,0
9999947333953,"Multivitamínico Orgánico Infantil, MaryRuth’s| Apoya el crecimiento y fortalecimiento óseo | 60 ml",50750613750081,60 ml,VHMX02404,810104620567,406.98,,Vitaminate,Vitaminate,0
9999947039041,Multivitaminico Organico Para Hombres de Mary Ruth´s | Soporte Cognitivo e Inmunológico | 60 Gomitas,50750613389633,60 Gomitas / Cereza y Frambuesa,VHMX02359,810104620284,472.5,,Vitaminate,Vitaminate,0
9999947071809,Multivitaminico Organico Para Mujeres de Mary Ruth´s | Bienestar Ocular y de la piel | 60 Gomitas,50750613422401,60 Gomitas / Cereza,VHMX02358,810104620307,445.13,,Vitaminate,Vitaminate,0
9796536697153,"Multivitamínico para adolescentes mujeres - Dong Quai, Diente de León + Vitaminas A, C, D, E de Michael's Health | Contribuye al apoyo del sistema inmunológico - Piel, Cabello y Uñas | 60 tabletas vegetarianas",49836387926337,60 tabletas,VHMX01630,755929044009,498,,Vitaminate,Vitaminate,0
9797121376577,"Multivitamínico para Adolescentes Varones - Vitaminas A, C, D, E, B y minerales esenciales de Michael's Health | Contribuye al desarrollo físico, del sistema inmune, aportando energía y vitalidad | 60 tabletas vegetarianas",49836388352321,60 tabletas,VHMX01635,755929041008,478.65,,Vitaminate,Vitaminate,0
9999954673985,Multivitamínico para Hombre de Now | Fortalece el Sistema Inmune | 90 cápsulas,50750633017665,90 Cápsulas,VHMX02277,733739038906,715.99,,Vitaminate,Vitaminate,0
9794348843329,"Multivitamínico para Hombres - Vitaminas A, C, D, E, Ginseng Asiático y Serenoa de Michael's Health | Apoyo integral para el bienestar diario masculino - Función de la próstata | 90 Cápsulas Vegetarianas",49836386550081,90 tabletas,VHMX01611,755929040032,682.78,,Vitaminate,Vitaminate,0
9999948644673,"Multivitaminico para Mujer + Lustriva Crecimiento del Cabello, Liposomal  de MaryRuth’s | Aporta antioxidantes esenciales | 450 ml",50750615519553,450 ml,VHMX02346,810104622349,983.54,,Vitaminate,Vitaminate,0
9795159261505,"Multivitamínico para Mujeres con Vitaminas A, C, D, E con Cardo Bendito y Dong Quai de Michael's Health | Formula diseñada para favorecer el bienestar femenino | 90 Cápsulas Veganas",49836387041601,90 tabletas,VHMX01617,755929043033,551.22,,Vitaminate,Vitaminate,0
9794200600897,"Multivitamínico para Niños - Vitaminas del Complejo B, A,C, D3, E y Minerales de Michael's Health | Soporte nutricional a través de vitaminas esenciales y extractos naturales | 60 Masticables Sabor Tropical",49836386287937,60 masticables,VHMX01608,755929046317,463.49,,Vitaminate,Vitaminate,0
9726880022849,"Multivitamínico para Niños de Mary Ruth's | Contiene vitaminas y minerales esenciales para el crecimiento y desarrollo, estas gomitas incluyen posbióticos, que apoyan la función digestiva | 60 gomitas Sabor Mezcla de Frutos Rojos y Cerezas",49836334448961,60 gomitas,VHMX00628,810104620314,445.13,,Vitaminate,Vitaminate,0
9733266800961,"Multivitamínico Para Niños En Gomitas con Zinc, Colina e Inositol de Mary Ruth's | Fortalece el Sistema Inmune | 60 gomitas Sabor Fresa, Papaya y Super Ponche",49836334186817,60 gomitas,VHMX00626,856645008389,419.7,,Vitaminate,Vitaminate,0
9999947497793,Multivitamínico para niños pequeños de MaryRuth’s | Refuerza el sistema inmune | 60 gomitas,50750613913921,60 gomitas,VHMX02360,810104621021,472.5,,Vitaminate,Vitaminate,0
9999947432257,Musgo marino de MaryRuth’s | Favorece la salud digestiva | 60 gomitas,50750613848385,60 gomitas,VHMX02403,810104620796,445.13,,Vitaminate,Vitaminate,0
9618766823745,"NAC 1.000mg, Quercetina 500mg y Zinc 15mg de Now Foods -  para Soporte Inmunológico y Respiratorio | 90 Cápsulas Vegetales",49836309315905,90 cápsulas,VHMX00101,733739030887,804.75,,Vitaminate,Vitaminate,0
9811561283905,NAC 600 mg Respiratory Support de Nature’s Secret | Refuerza las defensas respiratorias | 60 tabletas,49790688067905,60 tabletas,VHMX01638,710363255602,409.67,,Vitaminate,Vitaminate,0
9616709321025,NAC N-Acetil Cisteína 1000 mg de NOW Foods - Protección Celular y Sistema Inmunológico | 120 tabletas veganas,49836307808577,120 tabletas,VHMX00075,733739001856,711.85,,Vitaminate,Vitaminate,0
9999953690945,NADH 10 mg con D-Ribosa de Now | Favorece la producción natural de energía celular | 60 Cápsula,50750628987201,60 Capsulas,VHMX02169,733739031037,984.18,,Vitaminate,Vitaminate,0
9625187778881,"Niacinamida 500 mg, Vitamina B-3 No Flush de NOW Foods | Apoya el sistema nervioso | 100 Cápsulas Vegetales",49836313411905,100 cápsulas,VHMX00162,733739004789,246.4,,Vitaminate,Vitaminate,0
9974763389249,NMN Liposomal 300 mg de ProHealth | Metabolismo Energético Celular | 60 cápsulas,50629899714881,60 Cápsulas,VHMX01999,850030779472,1399,,Vitaminate,Vitaminate,0
9974756737345,"NMN Pro Uthever®  de Prohealth | Precursor de NAD+, envejecimiento saludable | 30 Cápsulas",50629846630721,30 Cápsulas,VHMX01997,850023410009,1129.25,,Vitaminate,Vitaminate,0
9633254932801,"Ñame Silvestre y Dong Quai, Fórmula Herbal de NOW Foods | Equilibrio Femenino, Ayuda a balancear el sistema hormonal de manera natural | 90 Cápsulas Veganas",49836314296641,90 cápsulas,VHMX00182,733739032959,442.78,,Vitaminate,Vitaminate,0
9999955591489,Olmo resbaladizo de NOW | Apoyo Digestivo | 113 g Polvo Vegano,50750634000705,113 g,VHMX02246,733739050601,433.13,,Vitaminate,Vitaminate,0
9600555712833,"Omega 3 1280mg de Nordic Naturals | Apoyo de la función Cerebral, Ocular y Cardiovascular | 60 cápsulas blandas sabor Limón",49836330746177,60 cápsulas,VHMX00537,768990017902,756.99,,Vitaminate,Vitaminate,0
9600557187393,"Omega 3 2840mg de Nordic Naturals | Apoyo de la función Cerebral, Ocular y Cardiovascular | 119ml sabor Limón",49836330811713,119 ml,VHMX00538,768990017933,1099,,Vitaminate,Vitaminate,0
9615363244353,Omega 3 500mg por cápsula - Prenatal DHA de Child Life | Apoya el desarrollo cerebral del bebé y Proporciona ácidos grasos esenciales para la madre | 30 cápsulas blandas Sabor Limón,49836328681793,30 cápsulas,VHMX00487,608274125001,434.32,,Vitaminate,Vitaminate,0
9600586547521,Omega-3 - Gomitas 82mg de Nordic Naturals | Promueve la función cardiovascular  y cognitiva en niños | 60 gomitas sabor mandarina,49836330975553,60 gomitas,VHMX00542,768990301308,635.87,,Vitaminate,Vitaminate,0
9600584122689,"Omega-3 1560 mg de Nordic Naturals | Apoyo de la función Cerebral, Ocular y Cardiovascular | 237ml sabor a limón",49836330942785,237 ml,VHMX00541,768990027635,779.86,,Vitaminate,Vitaminate,0
9600588284225,Omega-3 1660 mg DHA Xtra Nordic Naturals | Apoya el desarrollo y mantenimiento cerebral | 60 cápsulas,49005430702401,60 capsulas / Fresa,VHMX00543,768990017452,847.99,,Vitaminate,Vitaminate,0
9600581861697,"Omega-3 690 mg de Nordic Naturals | Apoyo para la función Cerebral, Ocular y cardiovascular | 120 cápsulas blandas sabor a limón",49836330877249,120 capsulas,VHMX00540,768990027604,800,,Vitaminate,Vitaminate,0
9813737308481,Omega-3 Molecularmente Destilado 1000 mg de Now Foods | Apoya la función cardiovascular |  Diferentes presentaciones en Cápsulas Blandas y Gomitas,49840881074497,200 Cápsulas,VHMX00032,733739016522,507.46,,Vitaminate,Vitaminate,0
9813737308481,Omega-3 Molecularmente Destilado 1000 mg de Now Foods | Apoya la función cardiovascular |  Diferentes presentaciones en Cápsulas Blandas y Gomitas,50923360846145,200 Gomitas,VHMX00033,733739016485,550.63,,Vitaminate,Vitaminate,0
9813737308481,Omega-3 Molecularmente Destilado 1000 mg de Now Foods | Apoya la función cardiovascular |  Diferentes presentaciones en Cápsulas Blandas y Gomitas,50923360878913,30 Cápsulas,VHMX02220,733739016492,191.99,,Vitaminate,Vitaminate,0
9999947661633,Omega-3 para Niños de MaryRuths | Bienestar y Desarrollo Infantil | 60 Gomitas,50750614077761,60 gomitas,VHMX02342,850018471459,445.5,,Vitaminate,Vitaminate,0
9617352163649,"Omega-3, 500mg NutraVege de Nature's Way  | Apoyo de la función cardiovascular | 30 cápsulas blandas",49836318982465,30 cápsulas,VHMX00277,33674121979,614.71,,Vitaminate,Vitaminate,0
9810156781889,One-Per-Day Mega B-12 de Irwin Naturals| Promueve energía física y mental con MCTs | 60 Cápsulas,49780946993473,60 Cápsulas,VHMX01668,710363585990,543.3,,Vitaminate,Vitaminate,0
9795125739841,Óxido de Magnesio de Best Naturals | Fortalecimiento Óseo y Función Muscular Óptima | 180 Tabletas de 500 mg,49836392972609,180 tabletas,VHMX01735,817716013480,309.04,,Vitaminate,Vitaminate,0
9615401550145,"Passiflora, Melissa Officinalis, Valeriana, L-Teanina de Child Life - Sueño Esencial | Ayuda a la mejora del sueño y buen descanso Infantil | Liquido 59 ml Sabor a Baya Natural",49836328812865,59 ml,VHMX00489,608274106505,478.97,,Vitaminate,Vitaminate,0
9718917366081,"Pau D'Arco 500 mg de NOW Foods | Corteza Interna, Apoyo Herbal Tradicional que Ayuda a reducir la inflamación | 100 Cápsulas vegetales",49836312822081,100 cápsulas,VHMX00152,733739047250,255,,Vitaminate,Vitaminate,0
9617168204097,Perlas Probióticas Inmunitarias 7mg + Lactoferrina 10mg de Nature's Way | Contribuye a reforzar el sistema inmunológico | 30 cápsulas blandas,49836318851393,30 cápsulas,VHMX00273,763948044030,429.92,,Vitaminate,Vitaminate,0
9625256984897,"Polen de Abeja 500 mg de NOW Foods | Suplemento Nutricional Natural, Fuente Rica en Nutrientes y Antioxidantes | Apoya la producción de energía y el bienestar general | 100 Cápsulas Vegetales",49836313936193,90 cápsulas,VHMX00173,733739025203,213.9,,Vitaminate,Vitaminate,0
9795150676289,Polvo de hoja de Alfalfa 500mg de Best Naturals  | Apoyo Nutricional y Bienestar Digestivo Integral |  180 Cápsulas,49836393005377,180 Cápsulas,VHMX01736,817716016436,309.04,,Vitaminate,Vitaminate,0
9635103146305,Potasio 99mg de Nature's Way  | Apoyo Cardiovascular y Metabólico | 100 cápsulas veganas,49836319867201,100 cápsulas,VHMX00294,33674410714,225.32,,Vitaminate,Vitaminate,0
9999951528257,"Potasio Gluconato de Now Foods | Función Muscular, ayuda en la recuperación tras ejercicio |  100 tabletas",50750622105921,100 Tabletas,VHMX02261,733739014603,228.75,,Vitaminate,Vitaminate,0
9645187203393,"Potasio Iónico Líquido 99mg + Magnesio + Calcio de Trace Minerals | Apoyo del Sistema Nervioso, Cardiovascular y Cognitivo | 59ml",49836322554177,59ml,VHMX00366,878941002762,323.95,,Vitaminate,Vitaminate,0
9794686026049,"PQQ (Pirroloquinolina quinona) 20 mg Kaneka™ de Health Thru Nutrition | Apoyo al sistema inmunológico, antioxidante | 120 y 60 Cápsulas Blandas",49836389826881,120 cápsulas,VHMX01678,819193020494,714.73,,Vitaminate,Vitaminate,0
9797262475585,"PQQ (Pirroloquinolina quinona) 40 mg de Health Thru Nutrition | Apoyo al sistema inmunológico, antioxidante | 120 y 30 Cápsulas Blandas",49836390383937,120 cápsulas,VHMX01688,819193020692,1263.15,,Vitaminate,Vitaminate,0
9999953953089,PQQ Energy NOW Foods | Apoya la memoria y concentración | 30 cápsulas,50750629249345,30 capsulas,VHMX02230,733739031686,500.99,,Vitaminate,Vitaminate,0
9600546734401,Prenatal DHA - Omega 3 + VitD | Suplemento | Desarrollo Neurológico,49836330647873,90 capsulas,VHMX00535,768990017414,733,,Vitaminate,Vitaminate,0
9974263152961,Prenatal Multi Orgánico de Garden of Life | Desarrollo Neural | 120 gomitas,50626590310721,120 gomitas,VHMX02013,658010120302,1001.67,,Vitaminate,Vitaminate,0
9603730932033,Probiótic-10 de NOW Foods | Apoya la digestión y absorción de nutrientes | 50 cápsulas,49836305088833,50 Cápsulas,VHMX00027,733739029287,804.62,,Vitaminate,Vitaminate,0
9635095740737,"Probiótico + prebióticos para mujeres, 30 mil millones de cultivos vivos, 10 cepas de Nature's Way | Apoyo para el Bienestar Digestivo | 30 cápsulas de liberación retardada",49836319605057,30 cápsulas,VHMX00290,33674102954,570.31,,Vitaminate,Vitaminate,0
9620754760001,Probiótico 5 Mil Millones de UFC con Calostro de Child Life - ChildBiotics  | Apoyo Inmunológico y Soporte Digestivo para niños | 92 tabletas masticables con sabor natural a bayas mixtas,49836329173313,92 tabletas,VHMX00497,608274111004,508.57,,Vitaminate,Vitaminate,0
9615681356097,Probiótico 5 Mil Millones de UFC de Child Life | Refuerzo del Sistema Inmunológico y Soporte Digestivo Infantil | 30 tabletas vegetales Sabor a Bayas,49836329140545,30 tabletas,VHMX00496,608274104006,469.89,,Vitaminate,Vitaminate,0
9603755180353,Probiótico Femenino 20 Mil Millonesde NOW Foods | Ayuda a mantener el equilibrio de la flora vaginal | 50 Cápsulas Veganas,49836305187137,50 cápsulas,VHMX00030,733739029065,678.76,,Vitaminate,Vitaminate,0
9715786645825,Probiótico Infantil 2.6 mil millones de UFC en gotas de Child Life | Apoyo para el Bienestar Digestivo y la Inmunidad | 10.5ml,49836328386881,10.5ml,VHMX00482,608274166004,443.18,,Vitaminate,Vitaminate,0
9625482821953,Probiótico Infantil 8.33 mg - 2.5 mil millones de UFC de Mary Ruth's | Apoyo para el Bienestar Digestivo de los Infantes | 60 gomitas Sabor Fresa,49836334514497,60 gomitas,VHMX00630,850029392279,747.5,,Vitaminate,Vitaminate,0
9999948546369,Probiótico Líquido Orgánico de MaryRuth’s | Bienestar digestivo | 60 y 120 ml,50750615421249,120 ml,VHMX02345,850029392071,612,,Vitaminate,Vitaminate,0
9999948546369,Probiótico Líquido Orgánico de MaryRuth’s | Bienestar digestivo | 60 y 120 ml,50813080928577,60 ml,VHMX02348,856645008310,441,,Vitaminate,Vitaminate,0
9598063083841,Probióticos 60 Mil Millones UFC + Prebióticos + Enzimas Digestivas de Humble | Bienestar Digestivo | 30 Cápsulas,49836327797057,30 cápsulas,VHMX00474,6181944248421,519.64,,Vitaminate,Vitaminate,0
9999949529409,Probióticos líquidos para niños de MaryRuth’s | Digestion y Equilibrio Intestinal |30 ml,50750618599745,30 ml,VHMX02361,856645008587,432,,Vitaminate,Vitaminate,0
9999951987009,Proteína de caldo de hueso de res de Now |  Bienestar óseo y articular  | 544 g,50750622695745,544 Gramos,VHMX02299,733739019608,923.79,,Vitaminate,Vitaminate,0
9618971853121,"Proteína de Chícharo Orgánica, Sin Lácteos ni Soya de NOW Sports | En sus presentaciones de 340,680 y 907g, Sin sabor y Vainilla toffe",49836308922689,340gr Sin sabor,VHMX00090,733739021328,426.9,,Vitaminate,Vitaminate,0
9618971853121,"Proteína de Chícharo Orgánica, Sin Lácteos ni Soya de NOW Sports | En sus presentaciones de 340,680 y 907g, Sin sabor y Vainilla toffe",50923557454145,608 gr Sin sabor,VHMX00093,733739021083,912.16,,Vitaminate,Vitaminate,0
9618971853121,"Proteína de Chícharo Orgánica, Sin Lácteos ni Soya de NOW Sports | En sus presentaciones de 340,680 y 907g, Sin sabor y Vainilla toffe",50923557486913,907 gr Sin sabor,VHMX00091,733739021359,988.69,,Vitaminate,Vitaminate,0
9618971853121,"Proteína de Chícharo Orgánica, Sin Lácteos ni Soya de NOW Sports | En sus presentaciones de 340,680 y 907g, Sin sabor y Vainilla toffe",50923557519681,907 gr Vainilla Toffe,VHMX00092,733739021342,1111.28,,Vitaminate,Vitaminate,0
9999952511297,Proteína de Suero con BCAA y GLutamina de Now | Desarrollo Muscular | 907 gr,50812576661825,907 gramos / Chocolate,VHMX02322,733739021809,1040.35,,Vitaminate,Vitaminate,0
9999952511297,Proteína de Suero con BCAA y GLutamina de Now | Desarrollo Muscular | 907 gr,50750625644865,907 gramos / Vainilla,VHMX02321,733739021854,1040.35,,Vitaminate,Vitaminate,0
9999952216385,Proteína vegetal orgánica de Now |  454g,50812577284417,454 gramos / Chocolate,VHMX02325,733739020789,551.39,,Vitaminate,Vitaminate,0
9999952216385,Proteína vegetal orgánica de Now |  454g,50750625284417,454 gramos / Sin sabor,VHMX02323,733739020772,545.73,,Vitaminate,Vitaminate,0
9999952216385,Proteína vegetal orgánica de Now |  454g,50812577251649,454 gramos / Vainilla,VHMX02324,733739020796,551.39,,Vitaminate,Vitaminate,0
9974083649857,Proteína Whey de Ascent | Proteína Limpia | Polvos 897 g 29 porciones,50629587370305,897 gr / Chocolate,VHMX01990,815863020016,1026.66,,Vitaminate,Vitaminate,0
9974083649857,Proteína Whey de Ascent | Proteína Limpia | Polvos 897 g 29 porciones,50629587403073,897 gr / Chocolate - Cacahuate,VHMX01989,815863020436,1026.66,,Vitaminate,Vitaminate,0
9974083649857,Proteína Whey de Ascent | Proteína Limpia | Polvos 897 g 29 porciones,50629587435841,897 gr / Vainilla,VHMX01991,815863020047,1026.66,,Vitaminate,Vitaminate,0
9634120532289,"Psyllium Husk  500 mg de NOW Foods | Bienestar Intestinal, Fibra Soluble Natural para la Regularidad Intestinal | 200 Cápsulas Vegetales",49836315574593,200 cápsulas,VHMX00209,733739059703,332.94,,Vitaminate,Vitaminate,0
9974187524417,Pterostilbeno Pro 250 mg | Bienestar metabólico y cerebral | 60 Cápsulas,50626067300673,60 Cápsulas,VHMX01995,850023410320,998.49,,Vitaminate,Vitaminate,0
9797346361665,PureQQ 20mg + Coenzima Q10 60mg + L-Arginina 400mg CelluRex 640 mg de Health Thru Nutrition | Apoya la circulación | 60 cápsulas Blandas,49836390449473,60 cápsulas,VHMX01690,819193020869,736.54,,Vitaminate,Vitaminate,0
9797351539009,"Pycnogenol 50 mg de Health Thru Nutrition | Apoyo articular, Refuerzo inmunológico | 30 cápsulas Blandas",49836390678849,30 cápsulas,VHMX01692,819193020548,637.02,,Vitaminate,Vitaminate,0
9644620579137,Quelato de Magnesio 200mg de Designs For Health | Apoyo de la función Ósea y Muscular - Alivio del Estrés | 120 tabletas vegetarianas,49119639994689,120 cápsulas,VHMX00522,879452004450,750,,Vitaminate,Vitaminate,0
9999953494337,Quercetina 500 mg | Contribuye al equilibrio del sistema inmune | 100 Cápsulas,50750628725057,100 Cápsulas,VHMX02181,733739030726,755,,Vitaminate,Vitaminate,0
9999953461569,Quercetina con Bromelina de Now Foods | Aporta antioxidantes naturales para las células | 120 Cápsulas,50750628692289,120 Cápsulas,VHMX02174,733739030702,854.23,,Vitaminate,Vitaminate,0
9733021335873,Raíz de Ashwagandha Orgánica 590 mg de Mary Ruth's | Ayuda a equilibrar el Cortisol - Proporciona un buen Sueño y Descanso | Gotero de 30ml - 60 servicios,49836332220737,30ml,VHMX00566,850018471657,382.5,,Vitaminate,Vitaminate,0
9800067744065,Raíz de Astrágalo 2000mg de  Nature's Answer |  Refuerza las defensas y apoya el cuerpo en momentos de fatiga | Gotero de 30ml,49836391792961,30ml,VHMX01716,83000005749,325.13,,Vitaminate,Vitaminate,0
9635963732289,Raíz de Eleuthero Siberiano 1275mg de Nature's Way  | Contribuye a reducir la ansiedad y estrés | 100 cápsulas veganas,49836320620865,100 cápsulas,VHMX00309,33674135006,285.65,,Vitaminate,Vitaminate,0
9604285235521,Raíz de Equinácea Orgánica para Niños de Child Life | Apoyo Inmunológico | 30ml - Fórmula líquida con sabor a naranja natural,49836328255809,30ml,VHMX00480,608274101005,274.42,,Vitaminate,Vitaminate,0
9634019115329,Raíz de Jengibre 550 mg de Now Foods |  Apoyo Digestivo y Cardiovascular | 100 Cápsulas Vegetales,49836314853697,100 cápsulas,VHMX00195,733739046802,213.9,,Vitaminate,Vitaminate,0
9636029530433,"Raíz de Kudzu 1226mg de Nature's Way  | Apoya el equilibrio hormonal femenino, aliviando los síntomas de la menopausia | 50 cápsulas veganas",49836320915777,50 cápsulas,VHMX00313,33674145500,363.45,,Vitaminate,Vitaminate,0
9634038743361,Raíz de Maca 750 mg de NOW Foods - Apoyo Reproductivo y Energético para Hombres y Mujeres | 90 Cápsulas Vegetales,49836314919233,90 cápsulas,VHMX00196,733739047779,491.86,,Vitaminate,Vitaminate,0
9726583832897,Raíz de Maca Orgánica 590 mg de Mary Ruth's | Apoyo Hormonal | Gotero de 30ml,49836333465921,30 ml,VHMX00602,850018471701,340.47,,Vitaminate,Vitaminate,0
9799366541633,Raíz de Ñame Silvestre (Wild Yam) 220mg por porción de Nature's Answer | Apoyo para el bienestar femenino - Efecto calmante en malestares menopáusicos | 60 cápsulas veganas,49836391104833,60 cápsulas,VHMX01703,83000164491,380.13,,Vitaminate,Vitaminate,0
9715866075457,Raíz de Ñame Silvestre 850mg de Nature's Way  | Apoya el equilibrio hormonal femenino | 180 cápsulas veganas,49836321145153,180 cápsulas,VHMX00317,33674153505,453.96,,Vitaminate,Vitaminate,0
9635101344065,Raíz de Ñame silvestre 850mg de Nature's Way  | Equilibrio hormonal femenino | 100 cápsulas veganas,49836319703361,100 cápsulas,VHMX00292,33674178706,285.65,,Vitaminate,Vitaminate,0
9635221209409,Raíz de Remolacha 1000mg de Nature's Way  | Apoyo Cardiovascular y Promueve la circulación sanguínea | 100 cápsulas veganas,49836320424257,100 cápsulas,VHMX00305,33674104002,300.59,,Vitaminate,Vitaminate,0
9999955034433,Raíz de Sello de Oro de Now | Apoyo Digestivo y Gastrointestinal | 50 cápsulas,50750633443649,50 capsulas,VHMX02282,733739046901,552.99,,Vitaminate,Vitaminate,0
9795988324673,"Raíz de uva de Oregón, Equinácea, Vitamina A y Vitamina C, Calcio, Zinc de Michael's Health | Contribuye al funcionamiento óptimo del sistema inmunitario | 60 cápsulas",49836387696961,60 tabletas,VHMX01626,755929010004,506.07,,Vitaminate,Vitaminate,0
9800061256001,Raíz de Valeriana 1000mg de Nature's Answer  | Promueve la relajación y mejora la calidad del sueño - Apoyo en momentos de estrés | Gotero de 30ml y 60ml,49836391760193,30ml,VHMX01715,83000006807,325.13,,Vitaminate,Vitaminate,0
9800493695297,Raíz de Valeriana 1500mg de Nature's Answer | Promueve un sueño profundo y reparador que contribuye a la relajación | 90 Cápsulas Vegetales,49836392448321,90 Cápsulas,VHMX01724,83000163463,361.03,,Vitaminate,Vitaminate,0
9617391714625,"Raíz de Valeriana 1590mg de Nature's Way  | Contribuye a aliviar la ansiedad y el estrés, promoviendo un sueño reparador | 100 cápsulas veganas",49836319179073,100 cápsulas,VHMX00282,33674177006,296.7,,Vitaminate,Vitaminate,0
9633122156865,"Raíz de Valeriana, 500 mg de NOW Foods - Suplemento Herbal Tradicional, Ayuda para el Sueño Natural, No-GMO | 100 Cápsulas Vegetales",49836315214145,100 cápsulas,VHMX00201,733739047700,236.76,,Vitaminate,Vitaminate,0
9974727672129,Raw One de Garden of Life | Multivitamínico para Hombre | 30 Cápsulas,50629669650753,30 Cápsulas,VHMX02014,658010114028,1037.63,,Vitaminate,Vitaminate,0
9999954346305,Relora de NOW Foods 300 mg | Control de estrés y apetito | 60 y 120 cápsulas veganas,50753571782977,120 Capsulas,VHMX02247,733739033437,597.18,,Vitaminate,Vitaminate,0
9999954346305,Relora de NOW Foods 300 mg | Control de estrés y apetito | 60 y 120 cápsulas veganas,50750631575873,60 capsulas,VHMX02171,733739033420,499,,Vitaminate,Vitaminate,0
9797125734721,Resveratrol 100 mg de Health Thru Nutrition | Actúa como antiinflamatorio y antioxidante | 60 cápsulas Blandas,49836390482241,60 cápsulas,VHMX01691,819193020555,686.28,,Vitaminate,Vitaminate,0
9634700296513,Resveratrol 250 mg de Swanson | Apoyo cardiovascular y potente antioxidante | 30 cápsulas vegetales,49836327403841,30 cápsulas,VHMX00470,87614025308,255.03,,Vitaminate,Vitaminate,0
9796854677825,Resveratrol de Best Naturals | Antioxidante y Apoyo Cardiovascular | 500 mg 60 Cápsulas,49836393922881,60 cápsulas,VHMX01752,859375002764,533.28,,Vitaminate,Vitaminate,0
9794628976961,"Rhodiola Rosea, Ashwagandha, Vitamina C, B12,B5, Calcio de Michael's Health | Apoya la respuesta al estrés y el equilibrio hormonal | 60 tabletas vegetarianas",49836386910529,60 tabletas,VHMX01614,755929310135,652.29,,Vitaminate,Vitaminate,0
9796227563841,"Rhodiola, Ashwagandha, B5, B6, Calcio Thyrodrenal de Michael's Health | Contribuye a reducir el estrés, mejora el metabolismo energético | 60 Cápsulas Veganas",49836387860801,60 tabletas,VHMX01629,755929011780,498,,Vitaminate,Vitaminate,0
9616687759681,SAMe 400 mg de NOW Foods - Apoyo al Sistema Nervioso | 60 Tabletas Veganas Pequeñas Estabilizadas,49836307743041,60 cápsulas,VHMX00074,733739001412,1549.11,,Vitaminate,Vitaminate,0
9600395772225,"Sauco (Elderberry) 35mg para bebés de Mary Ruth's | Poder antioxidante y antiviral de los arándanos y saúco, fórmula que ayuda a mantener la inmunidad, protegiendo contra resfriados y gripes | Gotero de 30ml Sabor Arándano - Frambuesa",49836333924673,30 ml,VHMX00620,850018471398,383.25,,Vitaminate,Vitaminate,0
9619307757889,"Saw Palmetto 160 mg de Swanson | Bienestar masculino, ayuda a mantener una próstata saludable | 120 cápsulas vegetales",49836323864897,120 cápsulas,VHMX00396,87614142227,655.88,,Vitaminate,Vitaminate,0
9616335536449,"Saw Palmetto Ortiga Zinc, Licopeno de Now Foods | Apoyo para la prostáta | 90 cápsulas blandas, con 45 servicios",49836307349825,90 cápsulas,VHMX00066,733739033406,708.09,,Vitaminate,Vitaminate,0
9999954411841,"Saw Palmetto, Licopeno, Zinc, Selenio| Bienestar Masculino | 60 Cápsulas",50750631641409,30 Cápsulas,VHMX02201,733739033482,879.07,,Vitaminate,Vitaminate,0
9999947465025,Sea Moss Extracto de Algas líquido MaryRuth’s | Apoya la energía y el bienestar celular | 30 ml,50750613881153,30 ml,VHMX02382,810104621014,373.07,,Vitaminate,Vitaminate,0
9645203358017,Selenio Iónico Líquido 300mcg de Trace Minerals | Acción antioxidante y de apoyo para la función cardiovascular y hormonal del organismo  | 59ml,49836322619713,59ml,VHMX00367,878941000188,370.61,,Vitaminate,Vitaminate,0
9632821870913,Semilla de Uva Espectro Completo 380mg de Swanson | Potente antioxidante para protección celular | 100 cápsulas vegetales,49836326191425,100 cápsulas,VHMX00451,87614110073,211.67,,Vitaminate,Vitaminate,0
9999953166657,"Serrapeptasa 60,000 U de Now| Complemento enzimático para bienestar general | 60 cápsulas",50750628397377,60 cápsulas,VHMX02318,733739029737,538.66,,Vitaminate,Vitaminate,0
9796720132417,Serrapeptasa de Best Naturals | Enzima Proteolítica y Apoyo Antiinflamatorio Completo | 40000 SPU 180 Cápsulas,49836393791809,180 Cápsulas,VHMX01748,817716010786,623.02,,Vitaminate,Vitaminate,0
9999956377921,Serúm de Bakuchiol de Now | Suero Facial Vegano Antiedad | 30 ml,50750636261697,30 ml,VHMX02243,733739080349,418.15,,Vitaminate,Vitaminate,0
9810220515649,"Sinetrol, Toronja y Naranja Dulce - Stored Fat Belly Burner de Irwin Naturals | Favorece el metabolismo energético | 60 Cápsulas Blandas",49780990148929,60 Cápsulas,VHMX01672,710363586386,568.55,,Vitaminate,Vitaminate,0
9796106518849,Skin Factors de Michael Health | Apoyo dérmico y antioxidante | 90 Cápsulas Vegetales,49836387762497,90 tabletas,VHMX01627,755929033102,506.07,,Vitaminate,Vitaminate,0
9620670153025,"Soy Isoflavones de Now Foods | Favorece la salud cardiovascular, Apoya el equilibrio hormonal natural | 120 Cápsulas",49836309774657,120 cápsulas,VHMX00108,733739032881,845.25,,Vitaminate,Vitaminate,0
9999952904513,"Spirulina orgánica de Now Foods | Fuente de antioxidantes y clorofila, sistema inmune | 100 Tabletas",50750628102465,100 tabletas,VHMX02178,733739026965,219.55,,Vitaminate,Vitaminate,0
9798397952321,Steel Líbido RED con L-Citrulina de Irwin Naturals | Contribuye al bienestar masculino | 75 cápsulas blandas,49836388876609,75 Cápsulas,VHMX01647,710363578602,791.83,,Vitaminate,Vitaminate,0
9999956050241,Suero Reafirmante y Aclarante con Vitamina C & Ácido Ferúlico 30 ML,50750635802945,30 ml,VHMX02266,733739077486,443.85,,Vitaminate,Vitaminate,0
9797360320833,"Sunny Mood con Rhodiola de Irwin Naturals | Equilibrio Emocional, claridad mental y enfoque | 75 cápsulas",49836388811073,75 Cápsulas,VHMX01644,710363580513,882.91,,Vitaminate,Vitaminate,0
9999951954241,Super Omega 3-6-9 NOW 1200 mg | Apoyo Cardiovascular |  90 cápsulas blandas,50750622662977,90 Cápsulas,VHMX02223,733739018397,440.05,,Vitaminate,Vitaminate,0
9604101046593,"Súper Ubiquinol CoQ10 100mg de Life Extension | Apoyo de la función Cardiovascular, aumentando los niveles de energía | 60 cápsulas blandas",49836316819777,60 cápsulas,VHMX00232,737870192961,1090.92,,Vitaminate,Vitaminate,0
10326025437505,"Superóxido Dismutasa, SOD Booster de  Life Extension  | Apoya la protección antioxidante | 30 Cápsulas",52015203516737,30 cápsulas,VHMX02759,737870236139,627.99,,Vitaminate,Vitaminate,0
9625524207937,Taurina 1000mg de Life Extension | Apoya la función Cardiovascular y el equilibrio electrolítico | 90 cápsulas vegetarianas,49836318294337,90 cápsulas,VHMX00260,737870182795,276.14,,Vitaminate,Vitaminate,0
9999950152001,Taurina en Polvo Puro de Now Foods | Contribuye al equilibrio de electrolitos en el cuerpo | 227 g,50750619386177,227 gr,VHMX02254,733739002600,345.99,,Vitaminate,Vitaminate,0
9799326368065,Té verde + Cafeína + Vitaminas del Complejo B de Nature's Answer | Shot energético diseñado para potenciar la energía de manera natural | Bebida de 60ml Sabor Bayas Mixtas,49836390809921,60ml,VHMX01697,83000017001,106.79,,Vitaminate,Vitaminate,0
9633402061121,"Té Verde Matcha Orgánico - 85 Porciones, 85 g de NOW Foods - Apoyo Digestivo y Energético, Rico en Polifenoles y L-Teanina",49836314722625,85g,VHMX00191,733739042538,447.47,,Vitaminate,Vitaminate,0
9999952445761,TestoJack 100 NOW Foods | Energía y vitalidad masculina |60 cápsulas,50750625579329,60 tabletas,VHMX02203,733739021687,403,,Vitaminate,Vitaminate,0
9798284017985,Testosterona UP RED con Extracto de raíz de maca de Irwin Naturals | Incrementa la energía y favorece la vitalidad masculina | 60 Cápsulas Blandas,49836388712769,60 Cápsulas,VHMX01641,710363585983,853.6,,Vitaminate,Vitaminate,0
9644622381377,"Tirosina, Vitamina A, B2, Zinc, Selenio Thyroid Synergy™ de Designs for Health | Apoyo de la Función Tiroidea | 120 Cápsulas Vegetarianas",49119643337025,120 cápsulas,VHMX00523,879452000933,918,,Vitaminate,Vitaminate,0
9625556156737,"TMG 1000 mg por porción de Life Extension | Apoyo para el funcionamiento cardiovascular y hepático | 60 cápsulas liquidas vegetales, 30 servicios",49836318327105,60 cápsulas,VHMX00261,737870185963,286.61,,Vitaminate,Vitaminate,0
9974753689921,Trans-Resveratrol Plus de ProHealth| Bienestar Celular | 60 cápsulas vegetales,50629818515777,60 Cápsulas,VHMX01996,850023410030,1060.16,,Vitaminate,Vitaminate,0
9999955198273,Trébol Rojo de Now | Equilibrio Hormonal Femenino | 100 Cápsulas,50750633607489,100 capsulas,VHMX02309,733739047304,305,,Vitaminate,Vitaminate,0
9623755718977,"Tribulus terrestris 1,000 mg + Calcio 130 mg de NOW Sports | Extracto Estandarizado, Doble Fuerza | 90 tabletas",49836312101185,90 cápsulas,VHMX00131,733739021717,468.03,,Vitaminate,Vitaminate,0
9999955362113,Triphala 500mg de Now Foods |  Soporte Digestivo  | 120 Cápsulas,50750633771329,120 tabletas,VHMX02263,733739047649,459,,Vitaminate,Vitaminate,0
9808570679617,"Triple-Source Magnesium + Ashwagandha Irwin Naturals, Magnesio y Ashwagandha | Reduce el estrés | 60 cápsulas",49773763723585,60 Cápsulas,VHMX01656,840081404324,706.96,,Vitaminate,Vitaminate,0
9999949988161,True Calm de NOW | Complejo aminoácidos y valeriana | 90 cápsulas,50750619222337,90 capsulas,VHMX02245,733739001559,358.69,,Vitaminate,Vitaminate,0
9625411518785,Ubiquinol 100 mg - CoQ10 de NOW Foods | Activo de Alta Biodisponibilidad para el Apoyo Cardiovascular y Protección Antioxidante | 60 Cápsulas Blandas,49836314231105,60 cápsulas,VHMX00179,733739031426,903.98,,Vitaminate,Vitaminate,0
9794301264193,Ubiquinol Coenzima Q10 100 mg Kaneka™  de Health Thru Nutrition | Actúa como antioxidante y energizante celular | 120 cápsulas Blandas,49836389761345,120 cápsulas,VHMX01676,819193020586,1488.81,,Vitaminate,Vitaminate,0
9797498700097,Ubiquinol Coenzima Q10 50 mg Kaneka™  de Health Thru Nutrition | Actúa como antioxidante y energizante celular | 90 cápsulas Blandas,49836389859649,90 cápsulas,VHMX01679,819193020562,682.64,,Vitaminate,Vitaminate,0
9999953789249,UC-II Colágeno Tipo II NOW Foods | Soporte Articular | 60 cápsulas,50750629085505,60 capsulas,VHMX02249,733739031341,791.85,,Vitaminate,Vitaminate,0
9619271057729,"Ultra 5-HTP 100mg de Swanson  | Proporciona un descanso reparador, que ayuda a la relajación y buen estado de ánimo | 60 cápsulas vegetales",49836323569985,60 cápsulas,VHMX00392,87614025186,250.59,,Vitaminate,Vitaminate,0
9999954837825,Uña de Gato de Now 500 mg  | Equilibrio Inmunológico | 100 cápsulas veganas,50750633181505,100 capsulas,VHMX02296,733739046185,301,,Vitaminate,Vitaminate,0
9633024672065,Vinagre de Sidra de Manzana 450 mg de NOW Foods | 180 Cápsulas Veganas para Apoyo Digestivo y Control de Peso,49836314362177,180 cápsulas,VHMX00183,733739033178,332.94,,Vitaminate,Vitaminate,0
9798332481857,Vision Sharp con Luteína de Irwin Naturals | Favorece el enfoque visual en adultos | 42 cápsulas,49836388843841,42 Cápsulas,VHMX01646,710363568320,707.04,,Vitaminate,Vitaminate,0
9616728359233,"Vitamina A 10,000 IU de NOW Foods - Apoya la Salud Ocular y Función Inmunológica Saludable | 100 Cápsulas blandas",49836307874113,100 cápsulas,VHMX00076,733739003300,233.77,,Vitaminate,Vitaminate,0
9795644293441,"Vitamina A 10.000 IU, Vitamina C, Vitamina D3, Zinc de Michael's Health | Soporte Integral que Fortalece el Sistema Inmunológico | 60 Cápsulas Vegetarianas",49836387336513,60 Cápsulas,VHMX01622,755929010042,514.13,,Vitaminate,Vitaminate,0
9605777129793,Vitamina B-12 5000mcg de NOW Foods - Apoyo para la función del Sistema Nervioso | 60 pastillas veganas,49836306268481,60 pastillas,VHMX00051,733739004628,258.74,,Vitaminate,Vitaminate,0
9605796004161,Vitamina B12 2000 mcg de NOW Foods | Ayuda a favorecer al funcionamiento del sistema nervioso central | 100 pastillas veganas,49836306465089,100 pastillas,VHMX00053,733739004598,319.06,,Vitaminate,Vitaminate,0
9999950446913,Vitamina B12 Methyl B-12 NOW 5000 mcg | Función cognitiva y memoria | 120 pastillas,50750619713857,120 Pastillas,VHMX02207,733739004932,745.17,,Vitaminate,Vitaminate,0
9796559798593,Vitamina B6 & Citrato de Potasio + Combinado de Hierbas 2700mg de Michael's Health | Apoyo para el Bienestar Digestivo | 60 cápsulas,49836388188481,60 tabletas,VHMX01632,755929036059,486.71,,Vitaminate,Vitaminate,0
9999950414145,Vitamina B6 100 mg de Now | Equilibrio Energético Diario | 250 cápsulas,50750619681089,250 Cápsulas,VHMX02273,733739004581,454.99,,Vitaminate,Vitaminate,0
9644601049409,"Vitamina B6, L-Tirosina, L-Glutamina, GABA y más Neurolink™ de  Designs for Health | Promueve la Función Cerebral y Cognitiva | 180 cápsulas vegetales",49119556829505,180 cápsulas,VHMX00512,879452000476,1176.14,,Vitaminate,Vitaminate,0
9796564877633,"Vitamina B6, Manganeso y Cromo + Mezcla Patentada de Hierbas 600mg de Michael's Health | Favorece el equilibrio hormonal natural | 60 Cápsulas Veganas",49836388254017,60 cápsulas,VHMX01633,755929011209,478.65,,Vitaminate,Vitaminate,0
9644611109185,"Vitamina B6, N-Acetil-L-Tirosina, Té Verde y Quercetina DopaBoost™ de Designs for Health | Apoyo del Sistema Nervioso Central | 60 Cápsulas Vegetales",49119585403201,60 cápsulas,VHMX00517,879452002708,788.65,,Vitaminate,Vitaminate,0
9603954442561,"Vitamina C (1,000 mg) y Zinc (15 mg) NOW Foods para el Apoyo Inmunológico | 90 y 180 Cápsulas Vegetales",50923586683201,180  Cápsulas,VHMX00044,733739006950,578.24,,Vitaminate,Vitaminate,0
9603954442561,"Vitamina C (1,000 mg) y Zinc (15 mg) NOW Foods para el Apoyo Inmunológico | 90 y 180 Cápsulas Vegetales",49836305842497,90 cápsulas,VHMX00043,733739006943,338.47,,Vitaminate,Vitaminate,0
9733272731969,Vitamina C + Zinc con Extracto de baya de saúco Europeo Orgánico de Mary Ruth's  | Antioxidantes y nutrientes que ayudan a proteger las células y apoyar la función respiratoria | 60 gomitas Sabor Bayas Mixtas,49836334121281,60 gomitas,VHMX00625,810104620253,419.7,,Vitaminate,Vitaminate,0
9999950577985,"Vitamina C 1000 mg con Rosa Mosqueta de Now Foods | Refuerza el sistema inmunológico, contribuye a la formación de colágeno | 100 tabletas",50750619976001,100 Tabletas,VHMX02164,733739006806,321.65,,Vitaminate,Vitaminate,0
9999950676289,"Vitamina C 1000 mg de NOW Foods | Funcionamiento inmunitario, antioxidante  | 250 Tabletas",50750620303681,250 tabletas,VHMX02158,733739006875,656.99,,Vitaminate,Vitaminate,0
9733250744641,Vitamina C 90mg Para Niños en Gomitas Orgánicas de Mary Ruth's | Fortalece el Sistema Inmune | 60 gomitas Sabor Naranja - 30 servicios,49836334645569,60 gomitas,VHMX00631,810104620239,445.13,,Vitaminate,Vitaminate,0
9999950840129,Vitamina C Ascorbato de Sodio de Now Foods |  Forma de vitamina C suave para el estómago| 227 g,50750620500289,227 gr,VHMX02260,733739007605,333.41,,Vitaminate,Vitaminate,0
9999947104577,Vitamina C de Mary Ruth´s | Soporte inmune | 60 Gomitas,50750613455169,60 Gomitas / Limón,VHMX02390,850036700418,445.5,,Vitaminate,Vitaminate,0
9598001643841,"Vitamina C Liposomal 1,450 mg de Humble | Absorción Mejorada y Fortalece el Sistema Inmune | 60 cápsulas vegetales",49836327665985,60 cápsulas,VHMX00472,197644037766,457.05,,Vitaminate,Vitaminate,0
9999948874049,Vitamina C Liposomal Megadosis de MaryRuth’s | Promueve energía y vitalidad diaria | 225 ml,50750615748929,250 ml,VHMX02355,850029392880,440.9,,Vitaminate,Vitaminate,0
9999947596097,"Vitamina C Líquida Orgánica para Bebés, MaryRuth’s | Apoyo inmune |60 ml",50750614012225,60 ml,VHMX02386,850018471329,415.45,,Vitaminate,Vitaminate,0
9999947727169,"Vitamina C Líquida Orgánica para Niños, MaryRuth’s | Apoyo inmune y antioxidante |  60 ml",50750614143297,60 ml,VHMX02395,850018471497,406.98,,Vitaminate,Vitaminate,0
9615613493569,Vitamina C Líquida para niños de Child Life | Apoyo del Sistema Inmunológico | 118ml fórmula líquida con sabor a naranja natural,49836328878401,118 ml,VHMX00490,608274102002,239.4,,Vitaminate,Vitaminate,0
9999947563329,Vitamina C para niños de MaryRuth’s| Función Inmunológica | 30 ml,50750613979457,30 ml,VHMX02375,850018471312,372.22,,Vitaminate,Vitaminate,0
9620820885825,"Vitamina C, D, Fruto de Saúco de Child Life | Diseñado para fortalecer el sistema inmunológico | 27 gomitas masticables sabor natural a bayas",49836329402689,27 gomitas,VHMX00501,608274110007,425.09,,Vitaminate,Vitaminate,0
9794389082433,"Vitamina C, D3, B3, B5, B6, Calcio, Panax Ginseng y otros compuestos de Michael's Health | Bienestar masculino | 60 tabletas vegetarianas",49836386615617,60 tabletas,VHMX01612,755929310050,682.78,,Vitaminate,Vitaminate,0
9726259724609,"Vitamina C, E, Biotina - Cabello, Piel y Uñas Gomitas de Mary Ruth's | Fortalece Piel, Uñas y Cabello | 60 gomitas Sabor Fresa - 30 Servicios",49836332810561,60 gomitas,VHMX00586,810104620260,445.13,,Vitaminate,Vitaminate,0
9625640534337,"Vitamina C, Zinc, Amla, Semillas de uva  - Antialérgico para niños de Child Life | Apoyo Inmunitario | 118 ml fórmula líquida con sabor a uva natural",49836329042241,118 ml,VHMX00493,608274104501,420.1,,Vitaminate,Vitaminate,0
9794463891777,"Vitamina C,B5, B6, D3, Calcio, Yodo, Magnesio y Combinado de Hierbas de Micahel's Health | Extractos orgánicos formulados para el equilibrio hormonal femenino | 90 tabletas vegetarianas",49836386844993,90 tabletas,VHMX01613,755929012831,691.74,,Vitaminate,Vitaminate,0
9757374611777,"Vitamina D-3 1,000 IU Alta Potencia de NOW Foods | Apoyo Inmunológico y Óseo | 180 Cápsulas Blandas Vegetales",49836304171329,180 cápsulas,VHMX00014,733739003652,228.75,,Vitaminate,Vitaminate,0
9597396451649,"Vitamina D-3 2000 UI de NOW Foods | Fortalecimiento Óseo y del Sistema Inmune | 30, 120 y 240 cápsulas blandas",51079164100929,120 Cápsulas,VHMX00011,733739003676,249,,Vitaminate,Vitaminate,0
9597396451649,"Vitamina D-3 2000 UI de NOW Foods | Fortalecimiento Óseo y del Sistema Inmune | 30, 120 y 240 cápsulas blandas",51079164133697,240 Cápsulas,VHMX00012,733739003775,345,,Vitaminate,Vitaminate,0
9597396451649,"Vitamina D-3 2000 UI de NOW Foods | Fortalecimiento Óseo y del Sistema Inmune | 30, 120 y 240 cápsulas blandas",48995725115713,30 cápsulas,VHMX00010,733739003553,142.99,,Vitaminate,Vitaminate,0
9599618646337,"Vitamina D-3 50,000 UI de NOW Foods - Máxima Potencia Soporte Estructural, No-GMO | Fortalece el sistema inmunológico | 50 cápsulas Blandas",49836304466241,50 cápsulas,VHMX00020,733739003782,338.44,,Vitaminate,Vitaminate,0
9594152059201,Vitamina D-3 Líquida de NOW Foods | Apoyo para la función Ósea y Sistema Inmune | 59ml,49836304269633,59ml,VHMX00018,733739003706,246.85,,Vitaminate,Vitaminate,0
9999950250305,Vitamina D2 1000 IU de Now | Apoyo huesos e inmunidad | 120 cápsulas,50750619484481,120 cápsulas,VHMX02218,733739003683,265.91,,Vitaminate,Vitaminate,0
9999946875201,Vitamina D3 + K2 vegana de MaryRuth’s | Apoya la salud del sistema inmunológico | 30 ml,50750613225793,30 ml,VHMX02365,850036700005,406.98,,Vitaminate,Vitaminate,0
9999950184769,Vitamina D3 1000 IU de Now | Apoya del sistema inmune| 180 Cápsulas Masticables,50750619418945,180 Cápsulas,VHMX02283,733739003577,239.77,,Vitaminate,Vitaminate,0
9598617780545,Vitamina D3 125mcg 5000 UI de Life Extension | Fortalece el Sistema Óseo y el Sistema Inmunológico  | 60 cápsulas blandas,49836315640129,60 cápsulas,VHMX00210,737870171362,256.38,,Vitaminate,Vitaminate,0
9604296573249,"Vitamina D3 25mcg 1000 UI de Life Extension | Fortalecimiento de huesos, dientes y del sistema Inmunológico | 250 cápsulas blandas",49836316983617,250 cápsulas,VHMX00235,737870175124,292.67,,Vitaminate,Vitaminate,0
9619225674049,"Vitamina D3 5000 UI 125mcg de Swanson | Apoya la absorción de calcio, asegurando que el cuerpo utilice eficientemente este mineral crucial para la función ósea | 250 cápsulas blandas vegetales",49836323307841,250 cápsulas,VHMX00387,87614113715,250.02,,Vitaminate,Vitaminate,0
9999947137345,"Vitamina D3 en Gomitas, MaryRuth’s | Huesos y Dientes Fuertes | 60 Gomitas",50750613487937,60 Gomitas,VHMX02379,850036700425,445.5,,Vitaminate,Vitaminate,0
9615623160129,Vitamina D3 Líquida 500UI de Child'Life | Fortalece los huesos y Apoya el Sistema Inmunológico | Gotero de 30ml Sabor a Bayas,49836328943937,30ml,VHMX00491,608274109001,241.41,,Vitaminate,Vitaminate,0
9999947694401,Vitamina D3 Líquida Orgánica para Niños de MaryRuth’s | Apoyo huesos e inmunidad | 15 ml,50750614110529,15 ml,VHMX02384,850018471473,330.67,,Vitaminate,Vitaminate,0
9615328772417,Vitamina D3 Orgánica 400 IU por gota de Child Life | Apoyo del Sistema Inmunitario para Niños | Liquido de 6.25 ml Sabor a Bayas Naturales,49836328583489,6.25 ml,VHMX00485,608274130005,336.31,,Vitaminate,Vitaminate,0
9999948349761,Vitamina D3 Vegana Spray Líquido de MaryRuth’s | Apoya el sistema inmune| 30 ml,50750614995265,30 ml,VHMX02388,850029392019,395.1,,Vitaminate,Vitaminate,0
9635093807425,Vitamina D3 y Calcio Alive! Gomas de Fruta con Mezcla de Vegetales Orchard 100mg | Soporte Óseo e Inmunológico | 60 Gominolas,49836319506753,60 gomitas,VHMX00288,33674102558,365.52,,Vitaminate,Vitaminate,0
9604135158081,"Vitamina D3, Calcio, Magnesio y Zinc en líquido de ChildLife Essentials | Apoya el desarrollo de huesos y dientes fuertes | 473ml Sabor Naranja",49836328091969,473ml,VHMX00479,608274107007,426.11,,Vitaminate,Vitaminate,0
9999950971201,Vitamina E 1000 IU de Now | Antioxidante natural |50 Cápsulas,50750621450561,50 Cápsulas,VHMX02271,733739009005,578.11,,Vitaminate,Vitaminate,0
9999946907969,"Vitamina E líquida MaryRuth’s | Bienestar de piel, cabello y uñas  | Gotas 60 ml",50750613258561,60 ml,VHMX02369,850036700043,373.07,,Vitaminate,Vitaminate,0
9999950938433,"Vitamina E-200 de Now Foods | Protección de la piel, sistema inmune | 100 Cápsulas blandas",50750621417793,100 Cápsulas,VHMX02292,733739008800,361.15,,Vitaminate,Vitaminate,0
9618643714369,"Vitamina K-2 100 mcg de NOW Foods - Soporte Óseo, Forma Biológicamente Activa Menaquinona-4 (MK-4), Metabolismo del Calcio | 100 Cápsulas Vegetales",49836308463937,100 cápsulas,VHMX00085,733739009906,306.27,,Vitaminate,Vitaminate,0
9615344140609,Vitamina K2 Orgánica 5mcg por gota de Child Life | Contribuye al desarrollo y fortalecimiento de los huesos | Liquido de 7.5 ml Sabor Natural a Bayas,49836328616257,7.5 ml,VHMX00486,608274145009,434.32,,Vitaminate,Vitaminate,0
9635947020609,"Vitaminas B, Multivitamínico para Mujeres 50+ | Energía y Fortalecimiento Óseo | 130 Gomitas de  Alive! Nature's Way",49836320555329,130 gomitas,VHMX00308,33674115374,595.14,,Vitaminate,Vitaminate,0
9795074163009,"Vitaminas B3, B6, D3, Colina, Magnesio y Mezcla Patentada de Michael's Health | Elaborado para promover el metabolismo saludable del colesterol | 90 tabletas vegetarianas",49836386943297,90 tabletas,VHMX01615,755929010776,641.54,,Vitaminate,Vitaminate,0
9795187441985,"Vitaminas B6, D3, Hawthorn Berry, Flor de Lúpulo, Calcio y Citrato Magnesio de Michael's Health | Factores™ de Presión Arterial - Sistema Cardiovascular  | 60 Cápsulas Veganas",49836387172673,60 tabletas,VHMX01619,755929011926,543.16,,Vitaminate,Vitaminate,0
9733159780673,"Vitaminas Complejo B, C,D,A - Multivitamínico Matutino de Mary Ruth's | Apoya la energía, el sistema inmunológico y el bienestar general | Líquidos 946 y 450ml Sabor Ponche de Frutas y Frambuesa",50923406426433,450 ml | Frambuesa,VHMX00594,850018471787,504.15,,Vitaminate,Vitaminate,0
9733159780673,"Vitaminas Complejo B, C,D,A - Multivitamínico Matutino de Mary Ruth's | Apoya la energía, el sistema inmunológico y el bienestar general | Líquidos 946 y 450ml Sabor Ponche de Frutas y Frambuesa",50923406459201,946 ml | Frambuesa,VHMX00595,850029392064,641,,Vitaminate,Vitaminate,0
9733159780673,"Vitaminas Complejo B, C,D,A - Multivitamínico Matutino de Mary Ruth's | Apoya la energía, el sistema inmunológico y el bienestar general | Líquidos 946 y 450ml Sabor Ponche de Frutas y Frambuesa",49836333171009,946ml | ponche de frutas,VHMX00593,856645008372,644.39,,Vitaminate,Vitaminate,0
9810208424257,Whole-Body Turmeric + Curcumin C3 Complex de Irwin Naturals | Aporta antioxidantes que combaten el estrés oxidativo | 60 Cápsulas,49780957184321,60 Cápsulas,VHMX01670,710363586379,648.34,,Vitaminate,Vitaminate,0
9722518470977,Yodo Iónico 225mcg de Trace Minerals | Apoyo Metabólico | 59ml,49836322423105,59ml,VHMX00362,878941003073,359.5,,Vitaminate,Vitaminate,0
9604288577857,Zinc + Hierbas Naturales - Primera Defensa para Niños de Child Life | Apoyo Inmunológico - Fuerte y Equilibrado | Líquido de 118 ml,49836328321345,118 ml,VHMX00481,608274101500,453.31,,Vitaminate,Vitaminate,0
9726795809089,"Zinc Iónico Líquido 3mg de Mary Ruth's |  Refuerza el sistema inmunológico, esencial para el crecimiento y desarrollo físico | Gotero de 120ml Sabor Fresa Limón",49836333728065,120ml,VHMX00609,850036700456,373.07,,Vitaminate,Vitaminate,0
9645216399681,"Zinc Iónico Líquido 50mg de Trace Minerals | Refuerza el sistema inmunológico, es esencial para el crecimiento y desarrollo físico, favoreciendo la cicatrización de heridas | 59ml",49836322685249,59ml,VHMX00368,878941000195,311.26,,Vitaminate,Vitaminate,0
9732242899265,Zinc Iónico Orgánico 3mg Para Niños de Mary Ruth's | Apoya el crecimiento y desarrollo saludable | Gotero de 60ml Sabor a Baya - 30 servicios,49836333990209,60ml,VHMX00622,850018471633,330.67,,Vitaminate,Vitaminate,0
9999947759937,Zinc Iónico Orgánico Líquido para Infantes| Apoyo Inmune | 60 ml,50750614176065,60 ml,VHMX02402,850018471527,378,,Vitaminate,Vitaminate,0
9999948218689,"Zinc Iónico Orgánico Líquido, MaryRuth’s| Energía celular y regeneración | 120 ml",50750614733121,120 ml,VHMX02351,850018471978,396,,Vitaminate,Vitaminate,0
9726817763649,"Zinc Liposomal Mora Azul 18mg + Vitamina E de Mary Ruth's | Fortalece el Sistema Inmune | Líquido de 450ml - Sabor Arándano, 30 servicios",49836332974401,450ml,VHMX00589,850018471879,457.85,,Vitaminate,Vitaminate,0
9615649669441,"Zinc Plus Líquido de ChildLife | Favorece el crecimiento y desarrollo infantil, sistema inmune | 118 ml",49254038896961,118 ml,VHMX00492,608274103504,274.98,,Vitaminate,Vitaminate,0
9974144500033,Zinc y Vitamina C Vitamin Code Raw de Garden of Life | Antioxidantes Naturales | 60 cápsulas,50625793524033,60 cápsulas,VHMX02017,658010116527,397,,Vitaminate,Vitaminate,0
9797163483457,"Zinc, Polen de Abeja y Extracto de baya Saw Palmetto con Vitaminas y Minerales de Michael's Health | Apoyo de la función prostática en hombres y el sistema urinario | 60 tabletas vegetarianas",49836388286785,60 tabletas,VHMX01634,755929012565,478.65,,Vitaminate,Vitaminate,0
9621385576769,"Biotina 5000 mcg de Swanson| Promueve el Cuidado del Cabello, Piel y Uñas | 100 cápsulas vegetales",49836324094273,100 cápsulas,VHMX00401,87614018775,187.02,,VITAMINATE,VITAMINATE,0
9609728459073,"Citrato de Magnesio y Potasio, Multivitamínico con Aminoácidos de Vitativa - Vulcano Metabolic | Diseñado para contribuir en las deficiencias nutricionales | Presentación de 300g con diferentes sabores",49031179764033,Fresa,VHMX00839,91234567830,900,,Vitativa,Vitativa,0
9609728459073,"Citrato de Magnesio y Potasio, Multivitamínico con Aminoácidos de Vitativa - Vulcano Metabolic | Diseñado para contribuir en las deficiencias nutricionales | Presentación de 300g con diferentes sabores",50923580621121,Naranja,VHMX00841,91234567832,900,,Vitativa,Vitativa,0
9609728459073,"Citrato de Magnesio y Potasio, Multivitamínico con Aminoácidos de Vitativa - Vulcano Metabolic | Diseñado para contribuir en las deficiencias nutricionales | Presentación de 300g con diferentes sabores",50923580588353,Uva,VHMX00840,91234567831,900,,Vitativa,Vitativa,0
9609572680001,"Multivitamínico con Magnesio, Probióticos, Colágeno de Vitativa - Elemental | Apoyo Inmunológico + Energía | Presentación de 200 g en diferentes sabores",49963935334721,Fresa - limon,VHMX00831,91234567814,800,,Vitativa,Vitativa,0
9609572680001,"Multivitamínico con Magnesio, Probióticos, Colágeno de Vitativa - Elemental | Apoyo Inmunológico + Energía | Presentación de 200 g en diferentes sabores",49976275173697,Naranja y Mandarina,VHMX00833,91234567815,800,,Vitativa,Vitativa,0
9609572680001,"Multivitamínico con Magnesio, Probióticos, Colágeno de Vitativa - Elemental | Apoyo Inmunológico + Energía | Presentación de 200 g en diferentes sabores",49030893633857,Uva,VHMX00832,91234567852,800,,Vitativa,Vitativa,0
9609851863361,"Multivitamínico con Minerales, Aminoácidos, Hongos Adaptógenos para Hombres de Vitativa - Viggo Testo | Bienestar Masculino - Energía | Presentación de 230g en diferentes sabores",49031329972545,Fresa,VHMX00842,91234567833,900,,Vitativa,Vitativa,0
9609851863361,"Multivitamínico con Minerales, Aminoácidos, Hongos Adaptógenos para Hombres de Vitativa - Viggo Testo | Bienestar Masculino - Energía | Presentación de 230g en diferentes sabores",50923580522817,Naranja,VHMX00844,91234567835,900,,Vitativa,Vitativa,0
9609851863361,"Multivitamínico con Minerales, Aminoácidos, Hongos Adaptógenos para Hombres de Vitativa - Viggo Testo | Bienestar Masculino - Energía | Presentación de 230g en diferentes sabores",50923580490049,Uva,VHMX00843,91234567834,900,,Vitativa,Vitativa,0
9945715114305,Creatina Monohidratada | Wild Protein | 500 g,50505683927361,500 gr,VHMX01988,7503048873368,440,,Wild Foods,Wild Foods,0
9945173754177,Wild Protein | Barras altas en proteína 15g | Pack de 5 y 16 unidades | Sin azúcares ni grasa añadida,50501333811521,16 Unidades / Caramelo,VHMX01973,7804673911136,395.15,,Wild Foods,Wild Foods,0
9945173754177,Wild Protein | Barras altas en proteína 15g | Pack de 5 y 16 unidades | Sin azúcares ni grasa añadida,50501333877057,16 Unidades / Chocolate,VHMX01975,7804673911037,395.15,,Wild Foods,Wild Foods,0
9945173754177,Wild Protein | Barras altas en proteína 15g | Pack de 5 y 16 unidades | Sin azúcares ni grasa añadida,50501333942593,16 Unidades / Chocolate - Cacahuate,VHMX01977,7804673911051,479,,Wild Foods,Wild Foods,0
9945173754177,Wild Protein | Barras altas en proteína 15g | Pack de 5 y 16 unidades | Sin azúcares ni grasa añadida,50501333975361,16 Unidades / Chocolate - Naranja,VHMX01978,7503048873054,395.15,,Wild Foods,Wild Foods,0
9945173754177,Wild Protein | Barras altas en proteína 15g | Pack de 5 y 16 unidades | Sin azúcares ni grasa añadida,50501333909825,16 Unidades / Chocolate Amargo,VHMX01976,7804673911099,407.15,,Wild Foods,Wild Foods,0
9945173754177,Wild Protein | Barras altas en proteína 15g | Pack de 5 y 16 unidades | Sin azúcares ni grasa añadida,50501333844289,16 Unidades / Chocolate-Coco,VHMX01974,7804673911075,395.15,,Wild Foods,Wild Foods,0
9945173754177,Wild Protein | Barras altas en proteína 15g | Pack de 5 y 16 unidades | Sin azúcares ni grasa añadida,50501334008129,16 Unidades / Moka,VHMX01979,7503048873023,407.15,,Wild Foods,Wild Foods,0
9945173754177,Wild Protein | Barras altas en proteína 15g | Pack de 5 y 16 unidades | Sin azúcares ni grasa añadida,50501333582145,5 Unidades / Caramelo,VHMX01966,7804673911129,149,,Wild Foods,Wild Foods,0
9945173754177,Wild Protein | Barras altas en proteína 15g | Pack de 5 y 16 unidades | Sin azúcares ni grasa añadida,50501333647681,5 Unidades / Chocolate,VHMX01968,7804673911020,149,,Wild Foods,Wild Foods,0
9945173754177,Wild Protein | Barras altas en proteína 15g | Pack de 5 y 16 unidades | Sin azúcares ni grasa añadida,50501333713217,5 Unidades / Chocolate - Cacahuate,VHMX01970,7804673911044,126.65,,Wild Foods,Wild Foods,0
9945173754177,Wild Protein | Barras altas en proteína 15g | Pack de 5 y 16 unidades | Sin azúcares ni grasa añadida,50501333745985,5 Unidades / Chocolate - Naranja,VHMX01971,7503048873047,149,,Wild Foods,Wild Foods,0
9945173754177,Wild Protein | Barras altas en proteína 15g | Pack de 5 y 16 unidades | Sin azúcares ni grasa añadida,50501333680449,5 Unidades / Chocolate Amargo,VHMX01969,7804673911082,126.65,,Wild Foods,Wild Foods,0
9945173754177,Wild Protein | Barras altas en proteína 15g | Pack de 5 y 16 unidades | Sin azúcares ni grasa añadida,50501333614913,5 Unidades / Chocolate-Coco,VHMX01967,7804673911068,126.65,,Wild Foods,Wild Foods,0
9945173754177,Wild Protein | Barras altas en proteína 15g | Pack de 5 y 16 unidades | Sin azúcares ni grasa añadida,50501333778753,5 Unidades / Moka,VHMX01972,7503048873009,126.65,,Wild Foods,Wild Foods,0
9945158549825,Wild Protein | Granola Crunchy Mix | 250 g | 10 g de Proteína,50501290131777,250 gr,VHMX01965,7503048873191,80,,Wild Foods,Wild Foods,0
9606453297473,"Citrato de Potasio 500mg de VidaLabs |  Apoya la función muscular, ayudando a prevenir calambres y favoreciendo la contracción y relajación muscular | 60 Cápsulas Vegetales",49836348506433,60 cápsulas,VHMX00930,7500464619587,800,,Wohl/VidaLabs,Wohl/VidaLabs,0
10126244970817,"Curcumina Max con AstraGin de Wohl VidaLabs | Antioxidante, bienestar articular, digestión ligera  | 60 Cápsulas",51271038533953,60 Cápsulas,VHMX00927,7500464619594,800,,Wohl/VidaLabs,Wohl/VidaLabs,0
10126245429569,"Luteína y Zeaxantina Vision Ultra de Wohl Vidalabs | Bienestar visual diario, cuidado macular | 60 Cápsulas",51271038927169,60 Cápsulas,VHMX00929,7503048674224,800,,Wohl/VidaLabs,Wohl/VidaLabs,0
9605623578945,Magnesio ULTRA | Citrato + Glicinato + Oroato + Gluconato con Vitamina B6 de Vida Labs - Relajación Muscular y Reducción de Calambres | 60 Cápsulas Vegetales,49836348309825,60 cápsulas,VHMX00924,7500464619563,800,,Wohl/VidaLabs,Wohl/VidaLabs,0
9605670076737,Probióticos Avanzados con Enzimas Digestivas de Wohl Laboratorios | Promueve el Bienestar intestinal  | 60 cápsulas vegetales,49836348375361,60 cápsulas,VHMX00925,7500464619570,800,,Wohl/VidaLabs,Wohl/VidaLabs,0
9605777883457,"Ultra Omega 3 EPA y DHA de Vida Labs | Apoyo de la Función Cardiovascular y Reduce la Inflamación, Ayudando a Aliviar Dolores y Malestares | 30 Cápsulas Blandas",49836348473665,30 cápsulas,VHMX00926,7503048674101,800,,Wohl/VidaLabs,Wohl/VidaLabs,0
9638965051713,Berberina + Magnesio 700mg de WU Nutrition | Apoyo en la regulación del azúcar en sangre | 120 cápsulas vegetales,49836336087361,120 cápsulas,VHMX00665,7503038910783,749,,WU Nutrition,WU Nutrition,0
9639026229569,"Citrato, Óxido y Gluconato de Magnesio + Mora azul 600mg Magnífico de WU Nutrition | Contribuye a mejorar la calidad del sueño,  fortalecer los huesos y facilitar una digestión más eficiente | 120 cápsulas vegetales",49836336644417,120 cápsulas,VHMX00674,7503036600839,449,,WU Nutrition,WU Nutrition,0
9639002898753,"Colágeno Hidrolizado + Biotina y Vitaminas A, B, D, E, K 700mg Querida de Wu Nutrition | Fortalece uñas, cabello y energía | 120 Cápsulas Vegetales",49836336283969,120 cápsulas,VHMX00668,7503031033540,399,,WU Nutrition,WU Nutrition,0
9639059194177,"Creatina + BCAA´s + Vitaminas A,B, D, E y K 600mg Alpha de WU Nutrition | Ayuda a mejorar tu fuerza y resistencia, además de reducir la fatiga muscular | 120 cápsulas vegetales",49836337103169,120 cápsulas,VHMX00681,7503036600808,399,,WU Nutrition,WU Nutrition,0
9639805681985,"Hongo Melena de León 700mg - Ruge de Wu Nutrition | Promueve la función del sistema nervioso,  a nivel cognitivo y memoria | 120 cápsulas vegetales",49836364923201,120 cápsulas,VHMX01282,7503038910905,460,,WU Nutrition,WU Nutrition,0
9639798931777,"Mezcla de Hongos Adaptógenos, Reishi, Melena de León, Cordyceps, Chaga, entre otros 700mg Adapta de WU Nutrition  | Acción antioxidante, antiinflamatoria, que promueve un sistema inmunológico saludable | 120 cápsulas vegetales",49836364857665,120 cápsulas,VHMX01281,7503038910899,460,,WU Nutrition,WU Nutrition,0
9639014596929,Myo Inositol y D-Chiro Inositol Andrés Plus de WU Nutrition | Apoyo para fertilidad y SOP | 120 cápsulas vegetales,49836336480577,120 cápsulas,VHMX00671,7503038910837,579,,WU Nutrition,WU Nutrition,0
9638968262977,Probióticos 60 Billones 700mg de WU Nutrition |  Promueve el Bienestar intestinal y de la piel  | 120 cápsulas vegetales,49836336152897,120 cápsulas,VHMX00666,7503036600846,549,,WU Nutrition,WU Nutrition,0
9639030554945,Resveratrol + Açaí + Semillas de Uva + Magnesio con Vitamina C y Pimienta 700mg de WU Nutrition | Su composición contribuye a la acción antioxidante y antiinflamatoria | 120 cápsulas vegetales,49836336742721,120 cápsulas,VHMX00675,7503038910851,449,,WU Nutrition,WU Nutrition,0
9639080853825,Vinagre de Sidra de Manzana 700mg Manzanita de WU Nutrition |  Ayuda a mantener saludable el sistema inmunitario y disminuir los niveles de azúcar en la sangre  | 120 cápsulas vegetales,49836364759361,120 cápsulas,VHMX01279,7503050589004,399,,WU Nutrition,WU Nutrition,0
9639022592321,Vitamina D3 400 UI + Aceite de Cártamo 0.25g Activa de WU Nutrition  | Contribuye a fortalecer los huesosy mantener un sistema inmunológico saludable | 250 cápsulas vegetales,49836336578881,250 cápsulas,VHMX00673,7503031033557,399,,WU Nutrition,WU Nutrition,0
10236749414721,"5-HTP + L-teanina, Moody de Matter | Contribuye enfoque, manejo del estrés  | 60 cápsulas",51665609195841,60 cápsulas,VHMX02668,7503034982289,999,,You Matter,You Matter,0
10237141942593,"Ácido Alfa Lipoico + NAC Cleantox de Matter | Favorece el metabolismo, apoyo detox antioxidante  | 120 cápsulas",51667105743169,120 cápsulas,VHMX02682,7503034982067,799,,You Matter,You Matter,0
10236725625153,"Ácido hialurónico Peach Please de Matter | Antioxidante, hidratación y elasticidad de la piel  | 30 cápsulas",51665451843905,30 cápsulas,VHMX02666,7503040661345,890,,You Matter,You Matter,0
10237150101825,Alca-C Vitamina C Alcalina Matter | Antioxidante | 120 tabletas,51667269091649,120 tabletas masticables,VHMX02687,7503034982005,329,,You Matter,You Matter,0
10237157736769,"Bacopa + Fosfatidilserina y CoQ10, Brainy de Matter | Favorece la memoria y concentración | 60 cápsulas",51667351765313,60 cápsulas,VHMX02683,7503034982845,990,,You Matter,You Matter,0
10236777627969,"Betaína HCl,  Betanin de Matter | Apoya función digestiva, favorece acidez gástrica adecuada  | 60 cápsulas",51665728045377,60 cápsulas,VHMX02671,7503034982029,399,,You Matter,You Matter,0
9606632735041,Bifidobacterium lactis B420™ Lactobacillus acidophilus NCFM® Extracto de Cáscara de Canela Probivos Lean Matter | 30 Cápsulas Vegetales,49836351488321,30 cápsulas,VHMX01012,7503034982951,940,,You Matter,You Matter,0
9606626115905,Bisglicinato de Magnesio Quelado y Óxido de Magnesio Magno Complex Matter | Alta Biodisponibilidad | 100 Cápsulas,49836351455553,100 cápsulas,VHMX01011,7503034982234,499,,You Matter,You Matter,0
9606669828417,Citrato de Magnesio Quelado Magno-Cit Matter 820 mg | Bienestar Muscular y Nervioso | 120 Cápsulas Vegetales,49836351979841,120 cápsulas,VHMX01020,7503040661185,449,,You Matter,You Matter,0
10237097247041,"Colágeno, Ossforte de Matter | Apoya huesos y articulaciones | Polvo 300 g",51666926600513,300 g,VHMX02679,7503040661000,799,,You Matter,You Matter,0
10237164552513,Colestin Levadura Roja de Arroz Matter | Soporte Cardiovascular | 90 cápsulas,51667370836289,90 cápsulas,VHMX02684,7503034982074,450,,You Matter,You Matter,0
9932451545409,Collagein de Matter | Colágeno hidrolizado | Fortalece piel y articulaciones | 500 g,50451997589825,500 gr / Chocolate Belga,VHMX01912,7503040661680,809,,You Matter,You Matter,0
9606640664897,Complejo B con Metil Folato (Quatrefolic®) y Vitamina B12 Besties Matter | Energía y Bienestar Diario | 60 Cápsulas Vegetales,49836351619393,60 cápsulas,VHMX01014,7503034982012,440,,You Matter,You Matter,0
9932456821057,Complete OMG-3 de Matter | Omega-3 MaxSimil® con Alta Biodisponibilidad | 60 y 90 Cápsulas,50452011909441,60 Cápsulas,VHMX01913,7503034982616,845,,You Matter,You Matter,0
9932456821057,Complete OMG-3 de Matter | Omega-3 MaxSimil® con Alta Biodisponibilidad | 60 y 90 Cápsulas,50477035749697,90 Cápsulas,VHMX01914,7503034982098,1299,,You Matter,You Matter,0
10237114024257,"CoQ10 Ultra DTX de Matter | Detox celular, favorece la función hepática | 7 sobres de 30 g",51667003375937,7 sobres de 30 g,VHMX02681,7503034982876,699,,You Matter,You Matter,0
10236718809409,"Creatina + L-Carnitina Mommy Energy de Matter | Favorece enfoque mental, manejo del estrés | 20 sobres 10 gr",51665428185409,20 sobres de 10 gr,VHMX02665,7503040661970,670,,You Matter,You Matter,0
10236796830017,"Creatina Creapure Stronger de Matter | Mejora rendimiento deportivo, recuperación muscular| Sobre 224 g",51665776804161,224 g,VHMX02676,7503040661147,450,,You Matter,You Matter,0
10237155868993,D-Fence Matter Echinacea y Saúco | Soporte Inmunológico | 60 cápsulas,51667345801537,60 cápsulas vegetales,VHMX02686,7503040661369,799,,You Matter,You Matter,0
10236793127233,D-Ribosa Mito Fuel de Matter | Favorece la recuperación muscular | 20 sobres de 10 gr,51665760256321,20 sobres de 10 gr,VHMX02674,7503034982937,699,,You Matter,You Matter,0
10238563254593,"DIMpulse de Matter | Equilibrio hormonal, favorece metabolismo de estrógenos | 60 cápsulas",51675738800449,60 cápsulas,VHMX02685,7503034982043,790,,You Matter,You Matter,0
10327323836737,"Electrolitos U-NIT de Matter | Favorece la recuperación, aporta hidratación | 27 sobres de 7 g",52019790283073,27 sobres de 7 g,VHMX02760,7503034982944,550,,You Matter,You Matter,0
10237085286721,"Electrolitos U-NIT Stronger de Matter | Favorece la recuperación, aporta hidratación | 24 sobres de 10g",51666877219137,24 sobres de 10 g,VHMX02677,7503058437161,590,,You Matter,You Matter,0
9606642991425,Enzimas Digestivas con TCM y Cúrcuma Multizyme Matter 750 mg,49836351652161,100 cápsulas,VHMX01015,7503034982296,629,,You Matter,You Matter,0
10236806005057,Ferral Bisglicinato Ferroso Matter | Apoyo Sanguíneo | 60 cápsulas,51665822548289,60 cápsulas vegetales,VHMX02689,7503034982128,460,,You Matter,You Matter,0
10236813017409,Folixol Metil Folato Matter | Apoyo cardiovascular| 60 cápsulas,51665836867905,60 cápsulas vegetales,VHMX02688,7503034982142,399,,You Matter,You Matter,0
9606644924737,"Fórmula Exclusiva con ALA, I3C, NAC, Vitamina C, Vitamina E, Selenio y Glicina 860mg - Antioxidantes Megantiox Matter | Apoya la producción de glutatión y protege al organismo contra el daño oxidativo | 60 Cápsulas Vegetales",49836351684929,60 cápsulas,VHMX01016,7503034982838,750,,You Matter,You Matter,0
10236763832641,"GABA + Inositol + Glicina, Sonnol de Matter | Apoya relajación del sistema nervioso, descanso nocturno | 60 cápsulas",51665662607681,60 cápsulas,VHMX02669,7503034982388,530,,You Matter,You Matter,0
9966439170369,"GI Fix de Matter | Péptidos de Colágeno, Aloe Vera, Cúrcuma y Zinc Carnosina Quelado | 740 gr",50586735149377,740 gr,VHMX02038,7503040661628,999,,You Matter,You Matter,0
10237164388673,"Glucosamina BONES de Matter | Bienestar animal, huesos, cartilago y articulaciones | Polvo 350 g",51667370934593,350 g,VHMX02694,7503040661413,899,,You Matter,You Matter,0
9606655705409,Glutatión Setria y AstraGin Forever Young  Matter | Protección Antioxidante y Energía Celular | 45 Cápsulas vegetales,49836351848769,45 cápsulas,VHMX01018,7503040661154,850,,You Matter,You Matter,0
9606666617153,"Gomitas con Fibra, Vitaminas y Minerales Quelados Diaria Kids Matter Sabor Cereza Natural | Bienestar Infantil Diario | 60 Gomitas",49836351881537,60 gomitas,VHMX01019,7503034982586,470,,You Matter,You Matter,0
10238554702145,"Hello Flat de Matter | Bienestar digestivo, confort abdominal | 60 cápsulas",51675689353537,60 cápsulas,VHMX02675,7503040661420,899,,You Matter,You Matter,0
9932476416321,IG-Forte de Matter | Calostro de Bovino & L-Glutamina  | Refuerza las Defensas y apoya el bienestar Digestivo  | Polvos 275 gr,50452212023617,275 gr,VHMX01917,7503040661437,999,,You Matter,You Matter,0
10237087842625,"Inositol + ALA Glumix de Matter | Apoya el metabolismo, menos fatiga post comida | 90 cápsulas",51666888622401,90 cápsulas,VHMX02678,7503034982173,1340,,You Matter,You Matter,0
9606654722369,"Inositol, Vitaminas y Minerales Diaria Matter Fem 890 mg | Bienestar Femenino Diario | 60 Cápsulas vegetales",49836351750465,60 cápsulas,VHMX01017,7503034982784,520,,You Matter,You Matter,0
10236795879745,Kyu10 Ubiquinol CoQ10 Matter | Energía Celular | 60 cápsulas,51665770152257,60 cápsulas,VHMX02692,7503034982852,1100,,You Matter,You Matter,0
9966737260865,Magno-N Mora de Matter | L-Treonato de Magnesio Magtein™ & GABA | 180 gr,50588660990273,180 gr,VHMX02040,,1499,,You Matter,You Matter,0
9932470812993,Multivitamínico Diaria Men de Matter | Energía y Vitalidad para el Hombre | 60 Cápsulas,50452204716353,60 Cápsulas,VHMX01916,7503034982777,520,,You Matter,You Matter,0
10236704162113,"Multivitamínico prenatal Diaria Mom Matter | Nutrición prenatal, contribuye al desarrollo celular | 60 cápsulas",51665335255361,60 cápsulas,VHMX02664,7503058437154,378,,You Matter,You Matter,0
9781668053313,"Myo-Inositol, D Chiro, Ácido R-Lipoico y Cinsulin® 5g SOP Complejo de Matter | Apoyo contra el Síndrome de Ovario Poliquístico | Bolsa 225 gr Sabor Bayas",49836383469889,225g,VHMX01563,7503040661659,890,,You Matter,You Matter,0
9606675038529,"NutroxSun, Astaxantina y Genisteína Buddy Sun Matter 757 mg | Protección Solar y Salud de la Piel | 60 Cápsulas Vegetales",49836352110913,60 cápsulas,VHMX01022,7503040661352,799,,You Matter,You Matter,0
10238575542593,"Omega 3 mascotas Complete OMG-3 de Matter | Piel y pelaje, movilidad articular |  450 ml",51675817214273,450 ml,VHMX02695,7503040661987,531,,You Matter,You Matter,0
9606671368513,Palmitato de Retinol Vitamina A 2500 UI Retinol-A Matter 60 ml | Apoyo para la Salud de la Piel,49836352045377,60 ml,VHMX01021,7503034982364,299,,You Matter,You Matter,0
9606637617473,Probióticos Glutamina Probivos Fem Matter 50 Billones de UFC | Bienestar Digestivo Femenino | 30 Cápsulas Vegetales,49836351553857,30 cápsulas,VHMX01013,7503034982647,699,,You Matter,You Matter,0
10236736143681,"Probióticos kids Probivos de Matter | Digestión saludable, apoya el sistema inmune | 30 sobres 10 gr",51665513677121,30 sobres 10 gr,VHMX02667,7503034982654,539,,You Matter,You Matter,0
10236771729729,"Probióticos LPC-37, Probivos Chill de Matter | Apoya eje intestino-cerebro | 60 cápsulas",51665692623169,60 cápsulas,VHMX02670,7503040661406,730,,You Matter,You Matter,0
10236790407489,Probióticos Probivos Adulto de Matter | Apoya la flora y la función intestinal | 45 cápsulas,51665748033857,45 cápsulas,VHMX02672,7503034982630,670,,You Matter,You Matter,0
9966731755841,Probivos Glow | Probióticos con Bisglicinato de Zinc Quelado (TRAACS®) | 60 Cápsulas,50588620882241,60 Cápsulas,VHMX02037,7503040661710,520,,You Matter,You Matter,0
10124924846401,"Proteína en Polvo con Probióticos y Enzimas Digestivas |Mezcla Vegana de Sacha Inchi, Chícharo y Arroz | Total Sport de Matter | 700g",51266685337921,Chocolate Oaxaqueño,VHMX02461,7503034982975,749,,You Matter,You Matter,0
10124924846401,"Proteína en Polvo con Probióticos y Enzimas Digestivas |Mezcla Vegana de Sacha Inchi, Chícharo y Arroz | Total Sport de Matter | 700g",51266685305153,Vainilla Veracruzana,VHMX02464,7503040661017,749,,You Matter,You Matter,0
10237106848065,"Rhodiola, Cordyceps y Ginseng, UP de Matter | Energía física y mental | 90 cápsulas",51666985320769,90 cápsulas,VHMX02680,7503034982395,970,,You Matter,You Matter,0
10236802105665,Selix L-Selenometionina Matter | Protección y antioxidante | 60 cápsulas,51665798398273,60 cápsulas vegetales.,VHMX02691,7503034982371,390,,You Matter,You Matter,0
9932447809857,Total Beauty de Matter | Proteína con probióticos y ácido hialurónico | 700 g,50923323654465,700 gr / Caramelo Salado,VHMX01918,7503040661451,850,,You Matter,You Matter,0
9932447809857,Total Beauty de Matter | Proteína con probióticos y ácido hialurónico | 700 g,50923323687233,700 gr / Choco-Cacahuate,VHMX02119,,850,,You Matter,You Matter,0
9932447809857,Total Beauty de Matter | Proteína con probióticos y ácido hialurónico | 700 g,50451979829569,700 gr / Choco-Menta,VHMX01911,7503040661444,850,,You Matter,You Matter,0
9932455215425,Vitamina D3 Desol de Matter | Fortalece Huesos y Sistema Inmune | Frasco con 52ml,50452203962689,52 ml,VHMX01915,7503034982104,320,,You Matter,You Matter,0
10238567874881,Vitamina D3 K2 Desol-K de Matter | Fortalece Huesos y Sistema Inmune | Frasco con 30ml,51675775336769,30 ml,VHMX02690,7503040661314,499,,You Matter,You Matter,0
9966740570433,"Vitamina E, Natural E de Matter | Apoya la hidratación y elasticidad de la piel | 60 Cápsulas",50588705816897,60 Cápsulas,VHMX02041,7503034982333,599,,You Matter,You Matter,0
9966693941569,"YIELPI-1 de Matter| Berberina GlucoVantage®, Picolinato de Cromo, Extracto de Mora y Pimienta Negra | 30 Cápsulas",50588361556289,30 Cápsulas,VHMX02039,,750,,You Matter,You Matter,0
10238541037889,"Zinc Pepcil GI de Matter | Bienestar digestivo, favorece la mucosa gástrica | 60 cápsulas",51675654291777,60 cápsulas,VHMX02673,7503034982357,690,,You Matter,You Matter,0
10236777595201,Zincox Bisglicinato de Zinc Matter | Apoyo Inmune | 60 cápsulas,51665709498689,60 cápsulas,VHMX02693,7503034982401,340,,You Matter,You Matter,0
9665729724737,COMBO Test Genético Nutrición + Test Genético Skin Care + Envío + Sesión de interpretación de resultados,49836378915137,Con programa nutricional 3 meses,VHMX01513,19593009459/195893676767b,4298,,ZenGen,ZenGen,0
9665729724737,COMBO Test Genético Nutrición + Test Genético Skin Care + Envío + Sesión de interpretación de resultados,49836378947905,Con programa nutricional 6 meses,VHMX01514,19593009459/195893676767c,4948,,ZenGen,ZenGen,0
9665729724737,COMBO Test Genético Nutrición + Test Genético Skin Care + Envío + Sesión de interpretación de resultados,49181870752065,Sin programa nutricional,VHMX01512,19593009459/195893676767a,3299,,ZenGen,ZenGen,0
9620350140737,"Test genético ""Gen Test"" de Nutrición + Envío",49055417631041,1 kit / Sin programa nutricional,VHMX01286,195893009459,2499,,ZenGen,ZenGen,0
9620352631105,Test genético de Skin Care + Envío,49055421497665,1 kit / Sin health-coaching,VHMX01287,195893676767,2499,,ZenGen,ZenGen,0