product_id,handle,title,vendor,status,tags,current_product_type,current_category,suggested_product_type,suggested_category_id,suggested_category_name,rule,confidence,needs_review,needs_human
9661465493825,200-billion-probiotics-suplemento-alimenticio-salud-digestiva,200 Billion Probiotics B Life Probióticos DRCaps | Salud Digestiva | 120 cápsulas,Blife,ACTIVE,+18 Años | Adultos | B-Life | duracion 120 | Indiferente | Prebióticos | prebióticos y enzimas | PRO | probioticos | Refuerzos del sistema digestivo | Refuerzos del sistema inmunitario | Salud digestiva | Sin azúcar | Sin gluten | Sin lactosa | Sistema inmunitario | Vegetariano | vitadeals,,,Probióticos,gid://shopify/TaxonomyCategory/hb-1-9-6-4-5,Probiotics,probiotico,alta,no,
9798316294465,3-in-1-joint-formula-de-irwin-naturals-apoya-la-movilidad-la-flexibilidad-y-la-fuerza-de-las-articulaciones-90-capsulas,3 in 1 Joint Fórmula de Irwin Naturals | Apoya la movilidad y flexibilidad articular | 90 cápsulas,Vitaminate,ACTIVE,duracion 22 | vitadeals,,,Articulaciones y huesos,gid://shopify/TaxonomyCategory/hb-1-9-6,Vitamins & Supplements,ai: Fórmula articular combinada 3 en 1 para movilidad y flexibilidad,media,si,no
9647470870849,3-mag-blend-citrato-oxido-y-gluconato-500-mg,"3 Mag Blend | B-Life | Citrato, Óxido y Gluconato de Magnesio | Fortalecimiento Muscular | 200 cápsulas",Blife,ACTIVE,+18 Años | Adultos | B-Life | citrato-de-calcio | descuento-15 | duracion 200 | Ganancia de masa muscular | Indiferente | Minerales | Recuperación y regeneración muscular | Salud digestiva | Sin azúcar | Sin gluten | Sin lactosa | Sistema cardiovascular | vitadeals,,,Magnesio,gid://shopify/TaxonomyCategory/hb-1-9-6-6-3,Magnesium,mineral-MAGNESIUM,alta,no,
9661476569409,triple-mag-suplemento-alimenticio-complejo-de-magnesio,"3 Mag Platinum | B-Life | Citrato, Glicinato y Treonato de Magnesio | Función Muscular | 240 cápsulas",Blife,ACTIVE,+18 Años | Adultos | B-Life | citrato-de-magnesio | Colágeno Hidrolizado | Combinados de Magnesio | descuento-15 | duracion 80 | Glicinato de Magnesio | Indiferente | Minerales | PRO | Recuperación y regeneración muscular | Sin azúcar | Sin gluten | Sin lactosa | Sistema cardiovascular | Sueño y descanso | treonato-de-magnesio | Vegetariano | vitadeals | Vitamina C | Vitamina D3,,,Magnesio,gid://shopify/TaxonomyCategory/hb-1-9-6-6-3,Magnesium,mineral-MAGNESIUM,alta,no,
9609323774273,30-billones-probioticos-prebioticos-con-vitamina-c-426mg-de-bioflora-ayuda-a-restaurar-la-flora-intestinal-35-capsulas-acido-resistentes,30 Billones Probióticos + Prebióticos con Vitamina C 426mg de Bioflora | Ayuda a restaurar la flora intestinal | 35 cápsulas ácido resistentes,Bioflora,ACTIVE,+18 Años | Adultos | Bioflora | descuento-15 | duracion 35 | Indiferente | prebióticos y enzimas | probioticos | Salud digestiva | Salud femenina | Sin azúcar | Sin gluten | Sistema inmunitario | Vegano,,,Probióticos,gid://shopify/TaxonomyCategory/hb-1-9-6-4-5,Probiotics,probiotico,alta,no,
10236749414721,5-htp-l-teanina-moody-de-matter-contribuye-enfoque-manejo-del-estres-60-capsulas,"5-HTP + L-teanina, Moody de Matter | Contribuye enfoque, manejo del estrés  | 60 cápsulas",You Matter,ACTIVE,,,,Aminoácidos y BCAA,gid://shopify/TaxonomyCategory/hb-1-9-6-1-2,Single Amino Acid Supplements,aminoacido-individual,alta,no,
9616465363265,5-htp-100-mg-de-now-foods-apoya-la-regulacion-del-sueno-60-y-120-capsulas-vegetales,5-HTP 100 mg de Now Foods | Apoya la regulación del sueño | 60 y 120 cápsulas vegetales,OLSEGO GROUP,ACTIVE,+18 Años | 5-htp | Adultos | Aminoácidos | Ansiedad y estrés | descuento-15 | duracion 60 | Indiferente | NOW Foods | Sin azúcar | Sin gluten | Sin lactosa | Sueño y descanso | Vegano | Vegetariano | vitadeals,,,Aminoácidos y BCAA,gid://shopify/TaxonomyCategory/hb-1-9-6-1-2,Single Amino Acid Supplements,aminoacido-individual,alta,no,
9999949726017,5-htp-50-mg-90-veg-caps,"5-HTP 50 mg, NOW Foods |Ayuda en el manejo del estrés cotidiano|  90 cápsulas",Vitaminate,ACTIVE,duracion 90,,,Aminoácidos y BCAA,gid://shopify/TaxonomyCategory/hb-1-9-6-1-2,Single Amino Acid Supplements,aminoacido-individual,alta,no,
9644558680385,5-htp-sinergia-50mg-vitamina-b6-de-designs-for-health-apoyo-para-la-relajacion-y-evitar-el-estres-90-capsulas-vegetales,5-HTP Sinergia 50mg + Vitamina B6 de Designs for Health | Apoyo para la relajación y evitar el estrés | 90 Cápsulas Vegetales,Vitaminate,ACTIVE,+18 Años | 5-htp | Adultos | Ansiedad y estrés | Designs for health | duracion 90 | Hormonas y Neurotransmisores | Indiferente | Sin azúcar | Sin gluten | Sin lactosa | Sueño y descanso | Vegetariano | vitadeals | Vitamina B6 (Piridoxina),,,Sueño y relajación,gid://shopify/TaxonomyCategory/hb-1-9-6-1-2,Single Amino Acid Supplements,"ai: 5-HTP como principal, B6 cofactor; enfoque relajación y descanso",alta,si,no
9609301197121,50-billones-probioticos-prebioticos-suplemento-salud-digestiva,50 Billones Probióticos + Prebióticos Bioflora | Suplemento  | Salud Digestiva,Bioflora,ACTIVE,+18 Años | Adultos | Bioflora | descuento-15 | duracion 35 | Indiferente | prebióticos y enzimas | probioticos | Salud digestiva | Sin azúcar | Sin gluten | Vegano,,,Probióticos,gid://shopify/TaxonomyCategory/hb-1-9-6-4-5,Probiotics,probiotico,alta,no,
9644213305665,aceite-de-aguacate-extra-virgen-con-vitamina-e-de-nbf-prensado-en-frio-apoyo-cardiovascular-aceite-de-260ml,Aceite de Aguacate Extra Virgen con Vitamina E de NBF | Prensado en Frío - Apoyo Cardiovascular | Aceite de 260ml,NBF,ACTIVE,+18 Años | aceite-de-aguacate | Adultos | Alimentos funcionales | duracion 60 | Indiferente | NBF | Salud digestiva | Sin azúcar | Sin gluten | Sin lactosa | Sistema cardiovascular | Vegetariano,,,Vitamina A y E,gid://shopify/TaxonomyCategory/hb-1-9-6-9-6,Vitamin E,vitamina-VIT_E,alta,no,
9999951790401,aceite-de-ajo-1500-mg-250-softgels,Aceite de Ajo 1500 mg de Now | Contribuye al fortalecimiento del sistema inmune | 250 Cápsulas,OLSEGO GROUP,ACTIVE,,,,"Ajo, orégano y antimicrobianos naturales",gid://shopify/TaxonomyCategory/hb-1-9-6-5,Herbal Supplements,"ai: Aceite de ajo en cápsulas, extracto botánico",alta,si,no
9625218122049,aceite-de-ajo-1500-mg-de-now-foods-apoyo-cardiovascular-100-capsulas-blandas,"Aceite de ajo 1500 mg Garlic Oil de NOW Foods | Favorece la función cardiovascular, contribuye al bienestar inmunológico | 100 Cápsulas Blandas",OLSEGO GROUP,ACTIVE,+18 Años | aceite-de-ajo | Adultos | Alivio del dolor crónico | descuento-25 | Hierbas | Indiferente | NOW Foods | PRO | Sin azúcar | Sin gluten | Sin lactosa | Sistema cardiovascular | Sistema inmunitario | Suplementos herbales | Vegetariano | vitadeals,,,"Ajo, orégano y antimicrobianos naturales",gid://shopify/TaxonomyCategory/hb-1-9-6-5,Herbal Supplements,"ai: Aceite de ajo en cápsulas blandas, suplemento herbal",alta,si,no
9799446659393,aceite-de-ajo-2000mg-de-natures-answer-soporte-cardiovascular-contribuye-a-mejorar-la-circulacion-sanguinea-gotero-de-30ml,Aceite de Ajo 2000mg de Nature's Answer | Favorece el sistema cardiovascular | Gotero de 30ml,Vitaminate,ACTIVE,+18 Años | Aceite de ajo | Adultos | descuento-15 | Hierbas | Indiferente | Sin azúcar | Sin gluten | Sin lactosa | Sistema cardiovascular | Sistema inmunitario | Suplementos herbales | Swanson | Vegano | Vegetariano,,,"Ajo, orégano y antimicrobianos naturales",gid://shopify/TaxonomyCategory/hb-1-9-6-5,Herbal Supplements,"ai: Aceite de ajo ingerible en gotero, extracto herbal",alta,si,no
9633529233729,aceite-de-ajo-concentrado-1mg-de-swanson-soporte-cardiovascular-contribuye-a-reforzar-el-sistema-inmunologico-250-capsulas-blandas,Aceite de Ajo Concentrado 1mg de Swanson | Soporte cardiovascular - Contribuye a reforzar el sistema inmunológico | 250 cápsulas blandas,Superlabs,ACTIVE,+18 Años | Aceite de ajo | Adultos | descuento-10 | Hierbas | Indiferente | Sin azúcar | Sin gluten | Sin lactosa | Sistema cardiovascular | Sistema inmunitario | Suplementos herbales | Swanson | Vegano | Vegetariano,,,"Ajo, orégano y antimicrobianos naturales",gid://shopify/TaxonomyCategory/hb-1-9-6-5,Herbal Supplements,ai: Aceite de ajo concentrado en cápsulas blandas,alta,si,no
10355781927233,aceite-de-borraja-1000-mg-gla-de-now-foods-equilibrio-y-bienestar-de-la-piel-60-softgels,Aceite de Borraja 1000 mg GLA de NOW Foods | Equilibrio y bienestar de la piel | 60 cápsulas blandas,OLSEGO GROUP,ACTIVE,nuevo,,,Omega 3 y aceites de pescado,gid://shopify/TaxonomyCategory/hb-1-9-6-11,Omega Fatty Acids,aceite-acido-graso,alta,no,
9999955820865,aceite-de-citronela-1-fl-oz-30ml,"Aceite de Citronela, NOW, 100% puro | Bienestar Natural | 30 ml",Vitaminate,ACTIVE,,,,Aceites esenciales y aromaterapia,gid://shopify/TaxonomyCategory/hb-3-21-1,Essential Oil Singles,"ai: Aceite esencial puro de citronela, uso tópico/aromático no ingerible",alta,si,no
9647458844993,coconut-oil-d3-k2-vitamina-d3-400-ui-k2,Aceite de Coco + Vitaminas D3 y K2 | B-Life | Apoyo Cardiovascular | 300 cápsulas,Blife,ACTIVE,+18 Años | Aceite de coco | Adultos | articulaciones y cartílago | B-Life | Cacao | descuento-15 | duracion 300 | Fortalecimiento de huesos | Indiferente | PRO | Sin azúcar | Sin gluten | Sin lactosa | Sistema cardiovascular | Sistema inmunitario | vitadeals | Vitamina D3 + K2 | vitamina-d-3-k-2 | Vitaminas,,,Multivitamínicos,gid://shopify/TaxonomyCategory/hb-1-9-6-7,Multivitamin Supplements,multi-vitamina-VIT_D+VIT_K,alta,no,
9604287627585,aceite-de-comino-negro-500mg-de-life-extension-apoyo-del-sistema-inmunitario-con-accion-antioxidante-60-capsulas-blandas,Aceite de Comino Negro 500mg de Life Extension | Apoyo del Sistema Inmunitario con acción antioxidante | 60 cápsulas blandas,OLSEGO GROUP,ACTIVE,+18 Años | aceite-de-comino-negro | Adultos | descuento-15 | duracion 60 | Indiferente | Life Extension | Salud digestiva | Sin azúcar | Sin gluten | Sin lactosa | Sistema inmunitario | Sistema respiratorio | Vegano | Vegetariano | Ácidos grasos y omegas,,,Hierbas y extractos botánicos,gid://shopify/TaxonomyCategory/hb-1-9-6-5,Herbal Supplements,"ai: Aceite de comino negro (Nigella sativa) en cápsulas, botánico",media,si,no
9726346723649,aceite-de-comino-negro-organico-600mg-de-mary-ruths-rico-en-antioxidantes-fortalece-el-sistema-inmune-y-promueve-el-bienestar-general-60ml,"Aceite de Comino Negro Orgánico 600mg de Mary Ruth's | Rico en antioxidantes, fortalece el sistema inmune y promueve el bienestar general | 60ml",OLSEGO GROUP,ACTIVE,+18 Años | descuento-10 | Indiferente | MaryRuth's | Salud digestiva | Sin azúcar | Sin gluten | Sin lactosa | Sistema cardiovascular | Sistema inmunitario | Suplementos herbales | Vegano,,,Hierbas y extractos botánicos,gid://shopify/TaxonomyCategory/hb-1-9-6-5,Herbal Supplements,"ai: Aceite de comino negro orgánico ingerible, extracto botánico",media,si,no
9625213075777,aceite-de-higado-de-bacalao-1-000-mg-de-now-foods-apoya-la-funcion-cardiovascular-90-capsulas-blandas,"Aceite de Hígado de Bacalao 1,000 mg de Now Foods | Apoya la función cardiovascular | 90 cápsulas blandas",OLSEGO GROUP,ACTIVE,+18 Años | aceite-de-higado-de-bacalao | Adultos | Combinados temas de salud | descuento-15 | duracion 90 | Indiferente | Keto | NOW Foods | Sin gluten | Sin lactosa | Sistema cardiovascular | Suplementos Combinados | vitadeals,,,Omega 3 y aceites de pescado,gid://shopify/TaxonomyCategory/hb-1-9-6-11,Omega Fatty Acids,aceite-acido-graso,alta,no,
9620777730369,aceite-de-higado-de-bacalao-para-ninos-de-child-life-favorece-el-desarrollo-cerebral-y-cognitivo-cardiovascular-liquido-de-273-ml,Aceite de hígado de bacalao para niños de Child Life | Favorece el desarrollo cerebral y cognitivo - Cardiovascular | Liquido de 273 ml,Vitaminate,ACTIVE,0 a 3 Años | Child Life | complejo-de-acidos-grasos-esenciales | duracion 24 | Indiferente | Niños | Salud infantil | Sin azúcar | Sin gluten | Sin lactosa | Ácidos grasos y omegas,,,Omega 3 y aceites de pescado,gid://shopify/TaxonomyCategory/hb-1-9-6-11,Omega Fatty Acids,aceite-acido-graso,alta,no,
9999955951937,aceite-de-jojoba-organico-4fl-oz-118ml,"Aceite de Jojoba Orgánico de Now | Hidratante piel y cabello, protege contra la pérdida de humedad |  118 ml",Vitaminate,ACTIVE,duracion 30,,,Cuidado de la piel y cosmética,gid://shopify/TaxonomyCategory/hb-3-2-9-3,Body Oil,topico-aceite-corporal,alta,no,
9603809050945,aceite-de-kril-neptune-500-mg-de-now-foods-apoyo-cardiovascular-60-capsulas-blandas,Aceite de Kril Neptune 500 mg de NOW Foods| Apoyo Cardiovascular | 60 Cápsulas Blandas,Vitaminate,ACTIVE,+18 Años | Adultos | Alivio del dolor crónico | Ansiedad y estrés | duracion 30 | Indiferente | Keto | NOW Foods | omega-3 | Potenciar la energía | Salud digestiva | Sin azúcar | Sin gluten | Sin lactosa | Sistema cardiovascular | Sistema inmunitario | Sueño y descanso | Ácidos grasos y omegas,,,Omega 3 y aceites de pescado,gid://shopify/TaxonomyCategory/hb-1-9-6-11,Omega Fatty Acids,"ai: Aceite de kril, fuente de ácidos grasos omega-3",alta,si,no
9975704813889,aceite-de-krill-con-epa-y-dha-de-natsa-funcion-cardiovascular-100-capsulas-blandas,Aceite de krill con EPA y DHA de NATSA | Función Cardiovascular | 100 cápsulas blandas,Natsa,ACTIVE,duracion 50,,,Omega 3 y aceites de pescado,gid://shopify/TaxonomyCategory/hb-1-9-6-11,Omega Fatty Acids,omega,alta,no,
10090135847233,aceite-de-krill-superlabs-500-mg-con-epa-dha-incluye-astaxantina-antioxidante-natural-100-capsulas,Aceite de krill Superlabs 500 mg con EPA DHA | Contribuye al equilibrio metabólico | 100 cápsulas,Superlabs,ACTIVE,,,,Omega 3 y aceites de pescado,gid://shopify/TaxonomyCategory/hb-1-9-6-11,Omega Fatty Acids,omega,alta,no,
9618747982145,aceite-de-mct-100-trigliceridos-de-cadena-media-15-ml-por-cucharada-termogenico-con-32-servicios-sin-sabor-473-ml-now-sport,"Aceite de MCT 100% triglicéridos de cadena media, 15 ml por cucharada | Termogénico con 32 servicios, sin sabor | 473 ml - NOW Sport",Vitaminate,ACTIVE,+18 Años | aceite-mtc | Adultos | Control del peso | descuento-15 | duracion 32 | Indiferente | Keto | NOW Sports | Potenciar la energía | Sin azúcar | Sin gluten | Sin lactosa | Vegano | Vegetariano | Ácidos grasos y omegas,,,Control de peso y metabolismo,gid://shopify/TaxonomyCategory/hb-1-9-7-1,Weight Loss Supplements,ai: Aceite MCT termogénico orientado a energía y control de peso,media,si,no
9999951757633,aceite-de-onagra-500-mg-100-softgels,"Aceite de Onagra 500 mg, Now| Contribuye al equilibrio hormonal femenino | 100 Cápsulas",Vitaminate,ACTIVE,vitadeals,,,Omega 3 y aceites de pescado,gid://shopify/TaxonomyCategory/hb-1-9-6-11,Omega Fatty Acids,aceite-acido-graso,alta,no,
9999955919169,aceite-de-onagra-4fl-oz-118ml,Aceite de Onagra de Now | Nutre y Protege la Piel |  118 ml,Vitaminate,ACTIVE,duracion 30,,,Omega 3 y aceites de pescado,gid://shopify/TaxonomyCategory/hb-1-9-6-11,Omega Fatty Acids,aceite-acido-graso,alta,no,
9800804892993,aceite-de-oregano-13mg-de-natures-answer-apoyo-para-el-bienestar-intestinal-e-inmunologico-del-organismo-gotero-de-30ml,Aceite de Orégano 13mg de Nature's Answer | Apoyo para el bienestar Intestinal e Inmunológico del Organismo | Gotero de 30ml,Vitaminate,ACTIVE,,,,"Ajo, orégano y antimicrobianos naturales",gid://shopify/TaxonomyCategory/hb-1-9-6-5,Herbal Supplements,"ai: Aceite de orégano ingerible en gotero, extracto herbal",alta,si,no
9800477376833,aceite-de-oregano-150mg-de-natures-answer-apoyo-al-bienestar-intestinal-e-inmunologico-90-capsulas-blandas,Aceite de Orégano 150mg de Nature's Answer | Apoyo al bienestar  Intestinal e Inmunológico | 90 cápsulas blandas,Vitaminate,ACTIVE,,,,"Ajo, orégano y antimicrobianos naturales",gid://shopify/TaxonomyCategory/hb-1-9-6-5,Herbal Supplements,"ai: Aceite de orégano en cápsulas blandas, suplemento herbal",alta,si,no
9624076190017,aceite-de-oregano-181-mg-de-now-foods-para-el-apoyo-intestinal-90-capsulas-blandas,Aceite de Orégano 181 mg de Now Foods| Contribuye al equilibrio de la flora intestinal | 90 cápsulas blandas,OLSEGO GROUP,ACTIVE,+18 Años | aceite-de-oregano | Adultos | Alivio del dolor crónico | descuento-20 | Hierbas | Indiferente | Jengibre | NOW Foods | Salud digestiva | Sin azúcar | Sin gluten | Sin lactosa | Sistema inmunitario | Sistema respiratorio | Suplementos herbales | Vegetariano,,,"Ajo, orégano y antimicrobianos naturales",gid://shopify/TaxonomyCategory/hb-1-9-6-5,Herbal Supplements,"ai: Aceite de orégano en cápsulas, extracto botánico",alta,si,no
9981921624385,aceite-de-oregano-200-mg-97-corvacol-soporte-del-sistema-inmunologico-60-capsulas,Aceite de Orégano 200 mg 97% Corvacol | Soporte del Sistema Inmunológico | 60 Cápsulas,OLSEGO GROUP,ACTIVE,duracion 30 | PRO | vitadeals,,,"Ajo, orégano y antimicrobianos naturales",gid://shopify/TaxonomyCategory/hb-1-9-6-5,Herbal Supplements,ai: Aceite de orégano con carvacrol en cápsulas,alta,si,no
9625154289985,aceite-de-oregano-30ml-100-puro-de-now-foods-essential-oils-aceite-esencial-para-revitalizar-cuerpo-y-mente,"Aceite de Orégano 30ml, 100% Puro de NOW Foods Essential Oils | Aceite Esencial para Revitalizar Cuerpo y Mente",Vitaminate,ACTIVE,+18 Años | aceite-de-oregano | Adultos | Alivio del dolor crónico | descuento-15 | Hierbas | Indiferente | NOW Foods | Salud digestiva | Sin azúcar | Sin gluten | Sin lactosa | Sistema inmunitario | Sistema respiratorio | Suplementos herbales | Vegano | Vegetariano,,,Aceites esenciales y aromaterapia,gid://shopify/TaxonomyCategory/hb-3-21-1,Essential Oil Singles,topico-aceite-esencial,alta,no,
9977154076993,aceite-de-oregano-200-mg-de-natsa-aporta-propiedades-antimicrobianas-y-antifungicas-inmune-100-capsulas,"Aceite de orégano 35ml de Natsa | Aporta propiedades antimicrobianas y antifúngicas, inmune  | Gotas 35ml",Natsa,ACTIVE,,,,"Ajo, orégano y antimicrobianos naturales",gid://shopify/TaxonomyCategory/hb-1-9-6-5,Herbal Supplements,"ai: Aceite de orégano en gotas ingeribles, extracto herbal",media,si,no
9644650529089,aceite-de-oregano-60mg-de-designs-for-health-apoyo-del-sistema-inmunologico-con-accion-antiinflamatoria-120-capsulas-vegetales,"Aceite de Orégano 60mg de Designs For Health | Apoyo del Sistema Inmunológico, contribuye al bienestar digestivo | 120 Cápsulas Vegetales",Vitaminate,ACTIVE,+18 Años | aceite-de-oregano | Adultos | Alivio del dolor crónico | Designs for health | Hierbas | Indiferente | Salud digestiva | Sistema inmunitario | Sistema respiratorio | Suplementos herbales,,,"Ajo, orégano y antimicrobianos naturales",gid://shopify/TaxonomyCategory/hb-1-9-6-5,Herbal Supplements,"ai: Aceite de orégano en cápsulas vegetales, suplemento herbal",alta,si,no
9998008123713,aceite-de-oregano-beyond-vitamins-88-carvacrol-60-capsulas,Aceite de orégano 88% Carvacrol de Beyond Vitamins  | 60 cápsulas,Beyond Vitamins,ACTIVE,PRO,,,"Ajo, orégano y antimicrobianos naturales",gid://shopify/TaxonomyCategory/hb-1-9-6-5,Herbal Supplements,ai: Aceite de orégano con carvacrol en cápsulas,alta,si,no
9796568285505,aceite-de-oregano-de-best-naturals-propiedades-antimicrobianas-y-antioxidantes-250-mg-120-capsulas-blandas,"Aceite de Orégano de Best Naturals | Propiedades Antimicrobianas, Antioxidantes y Digestivas | 250 mg 120 Cápsulas Blandas",Vitaminate,ACTIVE,vitadeals,,,"Ajo, orégano y antimicrobianos naturales",gid://shopify/TaxonomyCategory/hb-1-9-6-5,Herbal Supplements,"ai: Aceite de orégano en cápsulas blandas, extracto botánico",alta,si,no
9975802265921,aceite-de-oregano-de-natsa-bienestar-digestivo-y-respiratorio-100-capsulas,Aceite de Orégano de Natsa | Bienestar Digestivo y Respiratorio | 100 Cápsulas,Natsa,ACTIVE,,,,"Ajo, orégano y antimicrobianos naturales",gid://shopify/TaxonomyCategory/hb-1-9-6-5,Herbal Supplements,"ai: Aceite de orégano en cápsulas, suplemento herbal",alta,si,no
9795817079105,aceite-de-semilla-negra-black-seed-oil-500-mg-2-de-timoquinona-de-health-thru-nutrition-promueve-el-bienestar-general-cuidado-del-sistema-inmunologico-100-capsulas-blandas,Aceite de Semilla Negra (Black Seed Oil) 500 mg + 2% de Timoquinona de Health Thru Nutrition | Promueve el Bienestar General - Cuidado del Sistema Inmunológico | 100 cápsulas Blandas,Vitaminate,ACTIVE,,,,Hierbas y extractos botánicos,gid://shopify/TaxonomyCategory/hb-1-9-6-5,Herbal Supplements,"ai: Aceite de semilla negra (Nigella sativa), extracto botánico en cápsulas",alta,si,no
9999955788097,aceite-esencial-de-canela-cassia-1-fl-oz-30ml,"Aceite esencial Cassia de NOW | Promueve sensación de bienestar, relajación | 30 ml",Vitaminate,ACTIVE,duracion 30,,,Aceites esenciales y aromaterapia,gid://shopify/TaxonomyCategory/hb-3-21-1,Essential Oil Singles,topico-aceite-esencial,alta,no,
9999955722561,aceite-de-te-de-arbol-2-fl-oz-59ml,Aceite esencial de árbol de té 100% puro de Now | Aromaterapia |  59 mL,Vitaminate,ACTIVE,duracion 30,,,Aceites esenciales y aromaterapia,gid://shopify/TaxonomyCategory/hb-3-21-1,Essential Oil Singles,topico-aceite-esencial,alta,no,
9999956214081,mezcla-de-aceites-esenciales-de-menta-roll-on-organico-10ml,Aceite esencial de menta orgánica de Now Roll-On | Bienestar y energía | 10 ml,Vitaminate,ACTIVE,duracion 30,,,Aceites esenciales y aromaterapia,gid://shopify/TaxonomyCategory/hb-3-21-1,Essential Oil Singles,topico-aceite-esencial,alta,no,
9999956181313,mezcla-de-aceites-esenciales-de-lavanda-roll-on-organico-1-3-fl-oz-10ml,Aceite Esencial Orgánico Lavanda de NOW Foods | Promueve relajación y calma natural |  Roll-On 10 ml,Vitaminate,ACTIVE,,,,Aceites esenciales y aromaterapia,gid://shopify/TaxonomyCategory/hb-3-21-1,Essential Oil Singles,topico-aceite-esencial,alta,no,
9617319428417,aceite-mct-organico-coco-de-natures-way-aumenta-la-energia-y-la-resistencia-480ml-32-servicios,Aceite MCT Orgánico Coco de Nature's Way | Aumenta la Energía y la Resistencia | 480ml - 32 servicios,OLSEGO GROUP,ACTIVE,Control del peso | duracion 32 | Indiferente | Potenciar la energía | Salud digestiva | Ácidos grasos y omegas,,,Omega 3 y aceites de pescado,gid://shopify/TaxonomyCategory/hb-1-9-6-11,Omega Fatty Acids,"ai: Aceite MCT de coco, ácidos grasos; etiquetado como omegas",media,si,no
9654852682049,aceite-mct-l-carnitina-vinagre-de-manzana-y-omega-3-1400mg-por-porcion-burn-baby-burn-de-moods-ayudar-en-la-energia-para-alimentaciones-bajas-en-carbohidratos-60-capsulas-veganas,"Aceite MCT, L-Carnitina, Vinagre de manzana y Omega 3 1400mg por porción Burn Baby, Burn de Moods | Ayudar en la energía para alimentaciones bajas en carbohidratos | 60 cápsulas veganas",Moods,ACTIVE,+18 Años | Adultos | Combinados temas de salud | Control del peso | duracion 30 | Indiferente | Keto | L-carnitina | Moods | Omega 3 | Sin azúcar | Sin gluten | Sin lactosa | Suplementos Combinados | Vegano | vinagre-de-manzana | vitadeals,,,Omega 3 y aceites de pescado,gid://shopify/TaxonomyCategory/hb-1-9-6-11,Omega Fatty Acids,omega,alta,no,
9616212033857,acetil-l-carnitina-500-mg-de-now-foods-ayuda-en-la-produccion-de-energia-celular-200-capsulas-vegetales,Acetil L-Carnitina 500 mg de Now Foods | Ayuda en la producción de energía celular| 200 Cápsulas Vegetales,Vitaminate,ACTIVE,+18 Años | Adultos | Control del peso | descuento-10 | duracion 200 | Indiferente | l-carnitina | Minerales | NOW Foods | Potenciar la energía | Sin azúcar | Sin gluten | Sin lactosa | Sistema cardiovascular | Vegano | Vegetariano,,,Aminoácidos y BCAA,gid://shopify/TaxonomyCategory/hb-1-9-6-1-2,Single Amino Acid Supplements,aminoacido-individual,alta,no,
9796799463745,ala-alc-de-best-naturals-apoyo-energetico-y-antioxidante-750-mg-120-capsulas,Acetil L-Carnitina y ALA de Best Naturals | Apoyo Energético y Antioxidante | 750 mg 120 Cápsulas,Vitaminate,ACTIVE,duracion 120,,,Aminoácidos y BCAA,gid://shopify/TaxonomyCategory/hb-1-9-6-1-2,Single Amino Acid Supplements,aminoacido-individual,alta,no,
10237141942593,acido-alfa-lipoico-nac-cleantox-de-matter-favorece-el-metabolismo-apoyo-detox-antioxidante-120-capsulas,"Ácido Alfa Lipoico + NAC Cleantox de Matter | Favorece el metabolismo, apoyo detox antioxidante  | 120 cápsulas",You Matter,ACTIVE,,,,Aminoácidos y BCAA,gid://shopify/TaxonomyCategory/hb-1-9-6-1-2,Single Amino Acid Supplements,aminoacido-individual,alta,no,
9634689155393,acido-alfa-lipoico-300mg-de-swanson-apoyo-de-la-funcion-metabolica-ayudando-a-regular-los-niveles-de-azucar-en-sangre-y-promoviendo-la-desintoxicacion-del-organismo-120-capsulas-vegetales,"Ácido Alfa Lipoico 300mg de Swanson | Apoyo de la función metabólica, ayudando a regular los niveles de azúcar en sangre y promoviendo la desintoxicación del organismo | 120 cápsulas vegetales",Superlabs,ACTIVE,+18 Años | acido-alfa-lipoico-ala | Adultos | Desintoxicación | duracion 60 | Indiferente | Sin azúcar | Sin gluten | Swanson | Ácidos grasos y omegas,,,Antioxidantes,gid://shopify/TaxonomyCategory/hb-1-9-6,Vitamins & Supplements,"ai: Ácido alfa lipoico, antioxidante metabólico",alta,si,no
9639164543297,acido-alfa-lipoico-600mg-de-natures-way-para-la-funcion-metabolica-del-organismo-60-capsulas-veganas,Ácido Alfa Lipoico 600mg de Nature's Way  para la función Metabólica del organismo | 60 cápsulas veganas,OLSEGO GROUP,ACTIVE,+18 Años | acido-alfa-lipoico-ala | Adultos | descuento-15 | duracion 60 | Indiferente | Natures Way | Salud cognitiva | Sin azúcar | Sin gluten | Sin lactosa | Vegetariano | Vitaminas,,,Antioxidantes,gid://shopify/TaxonomyCategory/hb-1-9-6,Vitamins & Supplements,"ai: Ácido alfa lipoico, antioxidante y apoyo metabólico",alta,si,no
9662955815233,acido-alfa-lipoico-suplemento-alimentario-apoyo-antioxidante-1,Ácido Alfa Lipoico B Life | Apoyo Antioxidante | 180 cápsulas,Blife,ACTIVE,10 a 18 Años | Adultos | B-Life | Cúrcuma | Desintoxicación | duracion 90 | Hierbas | Indiferente | PRO | Sin azúcar | Sin gluten | Suplementos herbales | vitadeals | Ácido alfa lipoico (ALA),,,Antioxidantes,gid://shopify/TaxonomyCategory/hb-1-9-6,Vitamins & Supplements,ai: Ácido alfa lipoico con apoyo antioxidante,alta,si,no
9795020652865,acido-alfa-lipoico-de-best-naturals-600-mg-importante-en-el-metabolismo-de-la-glucosa-para-la-energia-celular-60-capsulas,Ácido Alfa Lipoico de Best Naturals 600 mg | Apoyo al Metabolismo de la Glucosa para la Energía Celular | 60 Cápsulas,Vitaminate,ACTIVE,descuento-20 | duracion 60 | PRO,,,Antioxidantes,gid://shopify/TaxonomyCategory/hb-1-9-6,Vitamins & Supplements,"ai: Ácido alfa lipoico, antioxidante y energía celular",alta,si,no
9796901372225,acido-alfa-lipoico-de-best-naturals-antioxidante-y-apoyo-metabolico-600-mg-120-capsulas,Ácido Alfa Lipoico de Best Naturals | Potente Antioxidante y Apoyo Metabólico | 600 mg 120 Cápsulas,OLSEGO GROUP,ACTIVE,descuento-10 | duracion 120 | PRO,,,Antioxidantes,gid://shopify/TaxonomyCategory/hb-1-9-6,Vitamins & Supplements,"ai: Ácido alfa lipoico, antioxidante metabólico",alta,si,no
9640364212545,acido-caprilico-aceite-de-menta-berberina-650mg-de-nutriadn-apoya-la-digestion-y-la-funcion-intestinal-90-capsulas-vegetales-30-servicios,"Ácido caprílico + Aceite de menta + Berberina 650mg de NutriADN | Apoya la digestión y la función intestinal | 90 cápsulas vegetales, 30 servicios",NutriADN,ACTIVE,+18 Años | Adultos | Berberina | Hierbas | Indiferente | menta | NutriADN | Orégano | PRO | Salud digestiva | Sin azúcar | Sin gluten | Sin lactosa | Suplementos herbales | Vegano | Vegetariano | vitadeals,,,Digestivos y confort intestinal,gid://shopify/TaxonomyCategory/hb-1-9-6-4,Digestive Supplements,"ai: Ácido caprílico, menta y berberina para función intestinal",alta,si,no
9796303552833,acido-caprilico-600-mg-de-health-thru-nutrition-actua-como-antiinflamatorio-y-antioxidante-60-capsulas-blandas,Ácido Caprílico 600 mg de Health Thru Nutrition | Bienestar Digestivo y Soporte del Sistema Inmunológico | 100 cápsulas Blandas,Vitaminate,ACTIVE,duracion 100,,,Digestivos y confort intestinal,gid://shopify/TaxonomyCategory/hb-1-9-6-4,Digestive Supplements,ai: Ácido caprílico para bienestar digestivo,alta,si,no
9633325777217,acido-caprilico-600-mg-de-now-foods-trigliceridos-de-cadena-media-mct-1-000-mg-de-aceite-mct-favorece-la-absorcion-de-nutrientes-al-optimizar-el-proceso-digestivo-100-capsulas-blandas,"Ácido Caprílico 600 mg de NOW Foods - Triglicéridos de Cadena Media (MCT) 1,000 mg de Aceite MCT | Favorece la absorción de nutrientes al optimizar el proceso digestivo  | 100 Cápsulas Blandas",OLSEGO GROUP,ACTIVE,+18 Años | acido-caprilico | Adultos | descuento-10 | duracion 100 | Mujer | NOW Foods | Salud digestiva | Salud femenina | Sin azúcar | Sin gluten | Sistema inmunitario | Vegetariano | vitadeals | Ácidos grasos y omegas,,,Digestivos y confort intestinal,gid://shopify/TaxonomyCategory/hb-1-9-6-4,Digestive Supplements,ai: Ácido caprílico con MCT para proceso digestivo,alta,si,no
9616858317121,acido-folico-800-mcg-con-vitamina-b-12-de-now-foods-complejo-de-vitamina-b-para-metabolismo-de-la-homocisteina-250-tabletas,Ácido Fólico 800 mcg con Vitamina B-12 de NOW Foods | Complejo de Vitamina B para Metabolismo de la Homocisteína | 250 Tabletas,Vitaminate,ACTIVE,+18 Años | Adultos | descuento-25 | duracion 250 | Indiferente | NOW Foods | PRO | Sin azúcar | Sin gluten | Sin lactosa | Sistema cardiovascular | Vegano | Vegetariano | vitamina-b-9 | Vitaminas,,,Complejo B y B12,gid://shopify/TaxonomyCategory/hb-1-9-6-9-3,Vitamin B,vitamina-VIT_B,alta,no,
9621573042497,acido-folico-800-mcg-de-swanson-fortalece-el-sistema-inmunologico-y-es-vital-para-la-salud-prenatal-apoyando-el-desarrollo-adecuado-del-feto-durante-el-embarazo-250-capsulas-vegetales,"Ácido Fólico 800 mcg de Swanson |  Fortalece el sistema inmunológico, vital para la producción celular y del ADN| 250 cápsulas vegetales",Superlabs,ACTIVE,+18 Años | Adultos | descuento-10 | duracion 250 | Embarazo y lactancia | Mujer | Potenciar la energía | Sin azúcar | Sin gluten | Sin lactosa | Sistema cardiovascular | Sistema inmunitario | Swanson | Vegano | Vegetariano | vitamina-b-9 | Vitaminas,,,Complejo B y B12,gid://shopify/TaxonomyCategory/hb-1-9-6-9-3,Vitamin B,vitamina-VIT_B,alta,no,
9606691225921,acido-folico-vitaminas-y-minerales-prenacim-4g-de-suluu-apoyo-para-el-bienestar-durante-el-embarazo-y-contribuye-a-un-buen-desarrollo-del-bebe-240g-en-60-gomitas-sabor-durazno,"Ácido fólico, Vitaminas y Minerales Prenacim 4g de Súluu | Bienestar femenino, fortalece el sistema inmunológico | 240g en 60 gomitas Sabor Durazno",Súluu,ACTIVE,+18 Años | Adultos | duracion 30 | Embarazo y lactancia | Mujer | Salud femenina | Sin lactosa | Sistema inmunitario | Súluu | Vegetariano | vitadeals | vitamina-b-9 | Vitaminas,,,Complejo B y B12,gid://shopify/TaxonomyCategory/hb-1-9-6-9-3,Vitamin B,vitamina-VIT_B,alta,no,
9645270270273,acido-fulvico-ionico-250mg-magnesio-de-trace-minerals-para-el-bienestar-digestivo-y-proporcionar-energia-y-vitalidad-59ml,Ácido Fúlvico Iónico 250mg + Magnesio de Trace Minerals | Para el bienestar digestivo y proporcionar energía y vitalidad | 59ml,Vitaminate,ACTIVE,+18 Años | Adultos | Indiferente | Recuperación y regeneración muscular | Salud digestiva | Trace Minerals,,,Magnesio,gid://shopify/TaxonomyCategory/hb-1-9-6-6-3,Magnesium,mineral-MAGNESIUM,alta,no,
9616444784961,acido-gamma-aminobutirico-750-mg-now-foods-apoyo-para-la-relajacion-y-el-equilibrio-del-sistema-nervioso-100-y-200-capsulas-vegetales,Ácido Gamma-Aminobutírico 750 mg - NOW Foods | Apoyo para la Relajación y el Equilibrio del Sistema Nervioso | 100 y 200 Cápsulas Vegetales,Vitaminate,ACTIVE,+18 Años | Adultos | Aminoácidos | descuento-15 | duracion 100 | gaba | Indiferente | NOW Foods | Salud cognitiva | Sin azúcar | Sin gluten | Sin lactosa | Sueño y descanso | Vegano | Vegetariano | vitadeals,,,Sueño y relajación,gid://shopify/TaxonomyCategory/hb-1-9-6-1-2,Single Amino Acid Supplements,"ai: GABA, aminoácido único para relajación y equilibrio nervioso",media,si,no
9616423649601,acido-gamma-aminobutirico-con-vitamina-b6-gaba-500-mg-de-now-foods-ayuda-a-equilibrar-los-niveles-de-estres-y-favorece-la-calma-100-capsulas-veganas,"Ácido Gamma-Aminobutírico con Vitamina B6, GABA 500 mg de NOW Foods | Ayuda a equilibrar los niveles de estrés y favorece la calma | 100 Cápsulas Veganas",Vitaminate,ACTIVE,+18 Años | Adultos | Aminoácidos | Ansiedad y estrés | descuento-25 | duracion 50 | gaba | Indiferente | NOW Foods | Sin azúcar | Sin gluten | Sin lactosa | Sueño y descanso | Vegano | Vegetariano | vitadeals,,,Sueño y relajación,gid://shopify/TaxonomyCategory/hb-1-9-6-1-2,Single Amino Acid Supplements,"ai: GABA con B6 cofactor, calma y manejo del estrés",media,si,no
9664815661377,acido-hialuronico-magnesio-300mg-por-porcion-de-5h8-nutricion-cuidado-y-elasticidad-de-la-piel-longevidad-60-capsulas-vegetales,Ácido Hialurónico + Magnesio 300mg por porción de 5H8 Nutrición | Cuidado y Elasticidad de la Piel - Longevidad | 60 Cápsulas,5H8 Nutrition,ACTIVE,+18 Años | 5H8 Nutrition | acido-hialuronico | Adultos | Cabello | Cuidado del cabello | descuento-15 | duracion 30 | Indiferente | Longevidad y vitalidad | piel y uñas | Salud ocular | Sin azúcar | Sin gluten | Sin lactosa | Vegetariano | vitadeals,,,Magnesio,gid://shopify/TaxonomyCategory/hb-1-9-6-6-3,Magnesium,mineral-MAGNESIUM,alta,no,
9999953920321,acido-hialuronico-50mg-con-msm-120-veg-caps,Ácido hialurónico con MSM de Now | Hidratación y Firmeza de la Piel | 120 cápsulas,Vitaminate,ACTIVE,duracion 30,,,"Belleza: cabello, piel y uñas",gid://shopify/TaxonomyCategory/hb-1-9-6,Vitamins & Supplements,ai: Ácido hialurónico con MSM para hidratación de la piel,alta,si,no
9796827283777,acido-hialuronico-de-best-naturals-apoyo-a-la-piel-y-articulaciones-100-mg-120-capsulas,Ácido Hialurónico de Best Naturals | Apoyo a la Piel y Articulaciones | 100 mg 120 Cápsulas,Vitaminate,ACTIVE,duracion 60,,,"Belleza: cabello, piel y uñas",gid://shopify/TaxonomyCategory/hb-1-9-6,Vitamins & Supplements,ai: Ácido hialurónico para piel y articulaciones,alta,si,no
9999956115777,suero-facial-reafirmante-de-acido-hialuronico-1-fl-oz-30ml,Ácido Hialurónico de Now |  Sérum Reafirmante Firmeza y Elasticidad | 30 ml,Vitaminate,ACTIVE,duracion 30,,,Cuidado de la piel y cosmética,gid://shopify/TaxonomyCategory/hb-3-2-9,Skin Care,topico-piel,alta,no,
10236725625153,acido-hialuronico-peach-please-de-matter-antioxidante-hidratacion-y-elasticidad-de-la-piel-30-capsulas,"Ácido hialurónico Peach Please de Matter | Antioxidante, hidratación y elasticidad de la piel  | 30 cápsulas",You Matter,ACTIVE,,,,"Belleza: cabello, piel y uñas",gid://shopify/TaxonomyCategory/hb-1-9-6,Vitamins & Supplements,ai: Ácido hialurónico oral para hidratación y elasticidad cutánea,alta,si,no
9616405332289,acido-pantotenico-500-mg-vitamina-b5-complejo-b-de-now-foods-para-el-metabolismo-celular-produccion-de-energia-y-apoyo-nutricional-diario-100-capsulas-vegetales,"Ácido Pantoténico 500 mg - Vitamina B5 Complejo B de NOW Foods para el Metabolismo Celular, Producción de Energía y Apoyo Nutricional Diario | 100 Cápsulas vegetales",OLSEGO GROUP,ACTIVE,+18 Años | Adultos | Cuidado del cabello | descuento-15 | duracion 100 | Indiferente | NOW Foods | piel y uñas | Potenciar la energía | PRO | Sin azúcar | Sin gluten | Sin lactosa | Vegano | Vegetariano | vitamina-b-5-acido-pantotenico | Vitaminas,,,Complejo B y B12,gid://shopify/TaxonomyCategory/hb-1-9-6-9-3,Vitamin B,vitamina-VIT_B,alta,no,
9999949365569,energia-adrenal-concentracion-para-adultos-liquido-1-fl-oz-30ml-organicas-mary-ruth-s,Adaptógenos y Extractos Herbales MaryRuth’s | Energía mental y Concentración |30 ml,Vitaminate,ACTIVE,duracion 30,,,Adaptógenos y manejo del estrés,gid://shopify/TaxonomyCategory/hb-1-9-6-5,Herbal Supplements,ai: Mezcla líquida de adaptógenos y extractos herbales,alta,si,no
10090529620289,aguaje-500-mg-superlabs-contribuye-al-bienestar-general-100-capsulas,Aguaje 500 mg Superlabs | Contribuye al bienestar general | 100 cápsulas,Superlabs,ACTIVE,,,,Hierbas y extractos botánicos,gid://shopify/TaxonomyCategory/hb-1-9-6-5,Herbal Supplements,"ai: Aguaje, extracto botánico en cápsulas, bienestar general",media,si,no
9975811375425,aguaje-de-natsa-equilibrio-hormonal-100-capsulas,Aguaje de Natsa | Equilibrio Hormonal | 100 Cápsulas,Natsa,ACTIVE,,,,Bienestar femenino y menopausia,gid://shopify/TaxonomyCategory/hb-1-9-6-5,Herbal Supplements,ai: Aguaje orientado a equilibrio hormonal femenino,media,si,no
9649417322817,aguaje-fenogreco-maca-e-hinojo-500mg-de-supplement-factory-woman-curves-soporte-femenino-ayuda-en-el-equilibrio-hormonal-60-capsulas-vegetales,"Aguaje, Fenogreco, Maca e Hinojo 500mg de Supplement Factory - Woman Curves | Equilibrio Hormonal y Soporte Femenino | 60 Cápsulas Vegetales",Natsa,ACTIVE,+18 Años | Adultos | articulaciones y cartílago | Combinados para Mujer | combinados-de-hierbas | descuento-10 | duracion 30 | Fenogreco | Fortalecimiento de huesos | Maca | Mujer | Salud digestiva | Salud femenina | Sin azúcar | Sin gluten | Sin lactosa | Suplementos Combinados | Supplement Factory,,,Bienestar femenino y menopausia,gid://shopify/TaxonomyCategory/hb-1-9-6-5,Herbal Supplements,"ai: Mezcla herbal aguaje, fenogreco, maca para soporte femenino",alta,si,no
9618726355265,aislado-de-proteina-de-suero-con-25g-de-proteina-por-scoop-apoyo-muscular-sin-soya-con-bcaa-de-now-sport-19-servicios-544g,"Aislado de Proteína de Suero con 25g de Proteína por Scoop | Apoyo Muscular, Sin Soya, Con BCAA de NOW Sport | 19 Servicios, 544g",Vitaminate,ACTIVE,+18 Años | Adultos | duracion 19 | Ganancia de masa muscular | Indiferente | Keto | NOW Sports | proteina-vegana-vegetal | Proteína | Recuperación y regeneración muscular | Sin azúcar | Sin gluten | Vegano | Vegetariano,,,Aminoácidos y BCAA,gid://shopify/TaxonomyCategory/hb-1-9-6-1-1,Branched-Chain Amino Acid (BCAA),bcaa,alta,no,
9649435836737,ajo-negro-jengibre-ortiga-1500mg-por-porcion-de-flow-supplements-90-capsulas-vegetales,Ajo negro + Jengibre + Ortiga 1500mg por porción de Flow Supplements |  Propiedades antioxidantes y apoyo de la función cardiovascular | 90 cápsulas vegetales,Flow Supplements,ACTIVE,descuento-15 | Desintoxicación | Flow Supplement | Hierbas | Indiferente | Salud digestiva | Sistema cardiovascular | Sistema inmunitario | Suplementos herbales | vitadeals,,,Salud cardiovascular y circulación,gid://shopify/TaxonomyCategory/hb-1-9-6-5,Herbal Supplements,"ai: Ajo negro, jengibre y ortiga para función cardiovascular",media,si,no
9974914023745,ajo-negro-100-mg-de-natsa-extracto-vegetal-60-capsulas,Ajo negro 100 mg de NATSA | Apoya defensas naturales con compuestos antioxidantes  | 60 cápsulas,Natsa,ACTIVE,duracion 30,,,"Ajo, orégano y antimicrobianos naturales",gid://shopify/TaxonomyCategory/hb-1-9-6-5,Herbal Supplements,"ai: Extracto de ajo negro en cápsulas, botánico antimicrobiano",alta,si,no
10090538991937,ajo-negro-500-mg-superlabs-ideal-para-complementar-rutinas-diarias-100-capsulas,Ajo Negro 500 mg Superlabs | Ideal para complementar rutinas diarias | 60 cápsulas,Superlabs,ACTIVE,,,,"Ajo, orégano y antimicrobianos naturales",gid://shopify/TaxonomyCategory/hb-1-9-6-5,Herbal Supplements,"ai: Ajo negro en cápsulas, suplemento herbal",alta,si,no
9653766488385,ajo-negro-ajo-chino-y-cebolla-morada-1500mg-por-porcion-triajo-de-flow-supplements-fortalece-el-sistema-inmune-combatiendo-las-infecciones-y-la-inflamacion-90-capsulas-vegetales,"Ajo negro, Ajo chino y Cebolla morada 1500mg por porción TRIAJO de Flow Supplements | Fortalece el sistema inmune, combatiendo las infecciones y la inflamación | 90 cápsulas vegetales",Flow Supplements,ACTIVE,+18 Años | Adultos | ajo | descuento-15 | Flow Supplement | Hierbas | Indiferente | Keto | Potenciar la energía | Sin azúcar | Sin gluten | Sistema inmunitario | Suplementos herbales | vitadeals,,,"Ajo, orégano y antimicrobianos naturales",gid://shopify/TaxonomyCategory/hb-1-9-6-5,Herbal Supplements,"ai: Mezcla de ajo negro, ajo chino y cebolla morada",alta,si,no
9974816670017,akkermansia-support-de-nutriadn-microbiota-intestinal-60-capsulas,Akkermansia Support de Nutriadn | Microbiota Intestinal | 60 Cápsulas,NutriADN,ACTIVE,duracion 60 | PRO | vitadeals,,,Probióticos,gid://shopify/TaxonomyCategory/hb-1-9-6-4-5,Probiotics,probiotico,alta,no,
9647218655553,albahaca-sagrada-500mg-de-tibet-natura-apoya-la-funcion-cognitiva-y-tiene-propiedades-antioxidantes-60-capsulas-vegetales,Albahaca Sagrada 500mg de Tibet Natura | Apoya la función cognitiva y tiene propiedades antioxidantes | 60 cápsulas vegetales,Flow Supplements,ACTIVE,+18 Años | Adultos | albahaca-sagrada | Ansiedad y estrés | descuento-15 | Hierbas | Indiferente | Keto | Sin azúcar | Sin gluten | Sin lactosa | Suplementos herbales | Tibet Natura | vitadeals,,,Adaptógenos y manejo del estrés,gid://shopify/TaxonomyCategory/hb-1-9-6-5,Herbal Supplements,"ai: Albahaca sagrada (tulsi), hierba adaptógena para estrés",media,si,no
10237150101825,alca-c-vitamina-c-alcalina-matter-antioxidante-120-tabletas,Alca-C Vitamina C Alcalina Matter | Antioxidante | 120 tabletas,You Matter,ACTIVE,vitadeals,,,Vitamina C,gid://shopify/TaxonomyCategory/hb-1-9-6-9-4,Vitamin C,vitamina-VIT_C,alta,no,
9975817535809,alga-chorella-1000-mg-de-natsa-detox-natural-100-capsulas,Alga Chorella 1000 mg de Natsa | Detox Natural | 100 Cápsulas,Natsa,ACTIVE,,,,Superalimentos y verdes,gid://shopify/TaxonomyCategory/hb-1-9-6-5,Herbal Supplements,"ai: Alga chlorella, superalimento verde en cápsulas",alta,si,no
9603959095617,alga-dha-100mg-con-vitamina-a-180mg-y-luteina-de-child-life-apoya-el-desarrollo-cognitivo-en-ninos-en-crecimiento-60-capsulas-blandas-sabor-a-bayas,Alga DHA 100mg con Vitamina A 180mg y Luteína de Child Life | Apoya el desarrollo cognitivo en niños en crecimiento | 60 cápsulas blandas Sabor a Bayas,Vitaminate,ACTIVE,0 a 3 Años | Child Life | descuento-10 | dha | duracion 30 | Indiferente | Niños | Salud infantil | Sin azúcar | Sin gluten | Sin lactosa | Ácidos grasos y omegas,,,Omega 3 y aceites de pescado,gid://shopify/TaxonomyCategory/hb-1-9-6-11,Omega Fatty Acids,omega,alta,no,
10090547740993,alga-spirulina-500-mg-superlabs-100-capsulas,Alga Spirulina 500 mg Superlabs | Contribuye al bienestar general |  100 cápsulas,Superlabs,ACTIVE,,,,Superalimentos y verdes,gid://shopify/TaxonomyCategory/hb-1-9-6-5,Herbal Supplements,"ai: Alga espirulina, superalimento verde",alta,si,no
9975813112129,alga-spirulina-de-natsa-apoyo-al-sistema-inmune-100-capsulas,Alga spirulina de Natsa | Apoyo al Sistema Inmune | 100 Cápsulas,Natsa,ACTIVE,PRO,,,Superalimentos y verdes,gid://shopify/TaxonomyCategory/hb-1-9-6-5,Herbal Supplements,ai: Alga espirulina en cápsulas,alta,si,no
9649588568385,alga-spirulina-l-carnitina-acido-alfa-lipoico-clorofila-plus-flow-supplement-apoyo-para-el-bienestar-digestivo-desintoxicacion-antioxidante-en-liquido-500-ml,"Alga spirulina, L-Carnitina, Ácido alfa lipoico - Clorofila Plus - Flow Supplement | Apoyo para el bienestar digestivo, Desintoxicación - Antioxidante en líquido 500 ml",Flow Supplements,ACTIVE,+18 Años | Adultos | Clorofila | descuento-15 | Flow Supplement | Hierbas | Indiferente | Potenciar la energía | PRO | Salud digestiva | Sin azúcar | Sin gluten | Sin lactosa | Sistema inmunitario | Suplementos herbales | Vegano | vitadeals,,,Aminoácidos y BCAA,gid://shopify/TaxonomyCategory/hb-1-9-6-1-2,Single Amino Acid Supplements,aminoacido-individual,alta,no,
9999953232193,aloe-vera-10-000-mg-100-softgels,Aloe Vera Gels NOW Foods  | Contribuye a procesos naturales de regeneración | 100 Cápsulas,Vitaminate,ACTIVE,,,,Digestivos y confort intestinal,gid://shopify/TaxonomyCategory/hb-1-9-6-4,Digestive Supplements,"ai: Aloe vera en cápsulas, uso digestivo habitual",media,si,no
9984364642625,alpha-gpc-300-mg-de-now-foods-favorece-el-enfoque-y-la-claridad-mental-60-capsulas-vegetales,Alpha GPC 300 mg de Now Foods | Favorece el enfoque y la claridad mental | 60 cápsulas vegetales,OLSEGO GROUP,ACTIVE,duracion 30,,,Memoria y concentración,gid://shopify/TaxonomyCategory/hb-1-9-6,Vitamins & Supplements,"ai: Alpha GPC, precursor de colina para enfoque mental",alta,si,no
9999949562177,amino-complete-complejo-de-aminoacidos-120-veg-caps,Amino Complete de Now | Contribuye a mantener la masa muscular | 120 cápsulas,Superlabs,ACTIVE,duracion 30,,,Aminoácidos y BCAA,gid://shopify/TaxonomyCategory/hb-1-9-6-1,Amino Acids,ai: Complejo de aminoácidos en cápsulas,alta,si,no
9931684446529,amino-k-e-m-raw-aminoacidos-esenciales-para-recuperacion-390g,Amino K.E.M. RAW | Aminoácidos esenciales para recuperación | 495g,Edgar Suplementos deportivos,ACTIVE,duracion 30,,,Aminoácidos y BCAA,gid://shopify/TaxonomyCategory/hb-1-9-6-1,Amino Acids,ai: Polvo de aminoácidos esenciales para recuperación,alta,si,no
9623626449217,aminoacido-l-tpf-500-mg-de-now-foods-mejora-el-estado-de-animo-y-el-sueno-120-capsulas-veganas,Aminoácido L-TPF 500 mg de NOW Foods | Mejora el Estado de Ánimo y el Sueño | 120 Cápsulas Veganas,OLSEGO GROUP,ACTIVE,+18 Años | Adultos | Aminoácidos | Ansiedad y estrés | duracion 120 | Indiferente | NOW Foods | Sin azúcar | Sin gluten | Sin lactosa | Sueño y descanso | Vegano | Vegetariano,,,Aminoácidos y BCAA,gid://shopify/TaxonomyCategory/hb-1-9-6-1-2,Single Amino Acid Supplements,ai: Aminoácido individual tipo triptófano en cápsulas,media,si,no
9644648825153,aminoacido-taurina-1-g-por-porcion-de-designs-for-health-disenado-para-potenciar-la-energia-y-resistencia-fisica-120-capsulas-vegetales,Aminoácido Taurina 1 g por porción de Designs For Health | Diseñado para potenciar la energía y resistencia física | 120 Cápsulas Vegetales,Vitaminate,ACTIVE,+18 Años | Adultos | Aminoácidos | Designs for health | duracion 120 | Indiferente | Potenciar la energía | Salud ocular | Sin azúcar | Sin gluten | Sin lactosa | Sistema cardiovascular | taurina | Vegetariano,,,Aminoácidos y BCAA,gid://shopify/TaxonomyCategory/hb-1-9-6-1-2,Single Amino Acid Supplements,aminoacido-individual,alta,no,
9999949660481,aminoacidos-de-cadena-ramificada-120-veg-caps,Aminoácidos BCAA 2600 mg de Now Sports | Favorece la recuperación muscular tras el ejercicio | 120 cápsulas,Vitaminate,ACTIVE,duracion 30,,,Aminoácidos y BCAA,gid://shopify/TaxonomyCategory/hb-1-9-6-1-1,Branched-Chain Amino Acid (BCAA),bcaa,alta,no,
9647237431617,amla-fruto-de-500mg-por-porcion-de-tibet-natura-propiedades-antioxidantes-que-ayuda-a-mejorar-el-bienestar-digestivo-y-el-sistema-inmunologico-60-capsulas-vegetales,"AMLA, fruto de 500mg por porción de Tibet Natura | Propiedades antioxidantes, que ayuda a mejorar el bienestar digestivo y el sistema inmunológico | 60 cápsulas vegetales",Flow Supplements,ACTIVE,Cuidado del cabello | descuento-15 | Hierbas | Indiferente | piel y uñas | Salud digestiva | Sistema inmunitario | Suplementos herbales | Tibet Natura | vitadeals,,,Antioxidantes,gid://shopify/TaxonomyCategory/hb-1-9-6-5,Herbal Supplements,"ai: Fruto amla, extracto botánico antioxidante",media,si,no
10126856814913,anti-ox-global-de-ivb-60-capsulas,"Anti-OX Global de IVB | Astaxantina, CoQ10, Luteína, Licopeno y Zeaxantina | 60 Cápsulas",OLSEGO GROUP,ACTIVE,PRO,,,CoQ10 y energía celular,gid://shopify/TaxonomyCategory/hb-1-9-6-9-1,CoQ10,coq10,alta,no,
9640176091457,l-tirosina-selenio-y-zinc-con-extractos-naturales-de-gou-medical-apoya-la-funcion-saludable-de-la-tiroides-90-capsulas-vegetales,"Apoyo tiroideo, Thyroid Max Support | GOU Medical | 90 cápsulas de 490 mg",Gou Medical,ACTIVE,+18 Años | Adultos | Ashwagandha | Cobre | Control del peso | Cuidado del cabello | descuento-20 | duracion 30 | Gou Medical | Hormonas y Neurotransmisores | Indiferente | piel y uñas | Pimienta | Potenciar la energía | PRO | Selenio | Sin azúcar | Sin gluten | Sin lactosa | tirosina | Vegano | Vegetariano | vitadeals | Yodo | Zinc,,,Apoyo tiroideo,gid://shopify/TaxonomyCategory/hb-1-9-6,Vitamins & Supplements,ai: Fórmula combinada orientada a apoyo tiroideo,alta,si,no
9662991892801,vinagre-de-manzana-suplemento-alimenticio-control-de-peso-2,Apple Cider Vinegar B Life Vinagre de Manzana | Digestión | 180 cápsulas,Blife,ACTIVE,+18 Años | Adultos | B-Life | Control del peso | Hierbas | Indiferente | Salud digestiva | Sin azúcar | Sin gluten | Sistema inmunitario | Suplementos herbales | Vegetariano | vinagre-de-manzana | vitadeals,,,Digestivos y confort intestinal,gid://shopify/TaxonomyCategory/hb-1-9-6-5,Herbal Supplements,"ai: Vinagre de manzana en cápsulas, enfoque digestivo",media,si,no
9911071375681,aqua-glam-de-natural-health-colageno-marino-nad-booster-con-vitaminas-biotina-resveratrol-y-acido-hialuronico-regeneracion-celular-longevidad-y-vitalidad-polvos-300-gr,"Aqua Glam de Natural Health | Colágeno Marino + NAD Booster con Vitaminas, Biotina, Resveratrol y Ácido Hialurónico | Regeneración celular - Longevidad y Vitalidad | Polvos 300 gr",Natural Health,ACTIVE,,,,Colágeno,gid://shopify/TaxonomyCategory/hb-1-9-6-2,Collagen,ai: Colágeno marino en polvo es la base; NAD y vitaminas son complementos,media,no,no
9685069857089,arandano-negro-500mg-de-adapto-heal-apoyo-saludable-para-el-tracto-urinario-antioxidante-natural-150-capsulas-vegetales,Arándano Negro 500mg de Adaptoheal | Apoyo saludable para el Tracto Urinario - Antioxidante Natural | 150 Cápsulas Vegetales,AdaptoHeal,ACTIVE,+18 Años | AdaptoHeal | Adultos | Arándano | Hierbas | Indiferente | Salud urinaria | Sin azúcar | Sin gluten | Sin lactosa | Sistema cardiovascular | Sistema inmunitario | Suplementos herbales | Vegetariano | vitadeals,,,Vías urinarias y renal,gid://shopify/TaxonomyCategory/hb-1-9-6-5,Herbal Supplements,ai: Arándano en cápsulas orientado al tracto urinario,alta,si,no
9726776213825,arandano-organico-para-ninos-75mg-de-mary-ruths-ayuda-a-reforzar-el-sistema-inmunologico-y-la-funcion-respiratoria-30ml-sabor-arandano-y-frambuesa,Arándano Orgánico para Niños 75mg de Mary Ruth's | Ayuda a reforzar el sistema inmunológico y la función respiratoria  | 30ml sabor arándano y frambuesa,Vitaminate,ACTIVE,3 a 10 Años | descuento-10 | Indiferente | MaryRuth's | Niños | Sin azúcar | Sin gluten | Sin lactosa | Sistema inmunitario | Suplementos herbales | Vegano,,,Suplementos para niños,gid://shopify/TaxonomyCategory/hb-1-9-6-5,Herbal Supplements,ai: Extracto líquido de arándano formulado para niños,alta,si,no
9999949594945,arginina-y-citrulina-500-mg-250-mg-120-veg-caps,Arginina y Citrulina de NOW Sports | Favorece la circulación sanguínea | 120 cápsulas,OLSEGO GROUP,ACTIVE,duracion 60,,,Aminoácidos y BCAA,gid://shopify/TaxonomyCategory/hb-1-9-6-1-2,Single Amino Acid Supplements,aminoacido-individual,alta,no,
9644654526785,arroz-de-levadura-roja-1-2g-de-designs-for-health-apoyo-del-sistema-cardiovascular-accion-antioxidante-180-capsulas-vegetales,Arroz de Levadura Roja 1.2g de Designs For Health | Apoyo del Sistema Cardiovascular - Acción Antioxidante | 180 Cápsulas Vegetales,OLSEGO GROUP,ACTIVE,+18 Años | Adultos | arroz-de-levadura-roja | Control del peso | Designs for health | Hierbas | Indiferente | Sin azúcar | Sin gluten | Sin lactosa | Sistema cardiovascular | Suplementos herbales | Vegetariano,,,Salud cardiovascular y circulación,gid://shopify/TaxonomyCategory/hb-1-9-6-5,Herbal Supplements,"ai: Arroz de levadura roja, botánico de apoyo cardiovascular",alta,si,no
10126856880449,articare-de-ivb-60-capsulas,"ArtiCare de IVB | Glucosamina, MSM, AprèsFlex®, boro y manganeso |  90 Cápsulas",OLSEGO GROUP,ACTIVE,,,,Articulaciones y huesos,gid://shopify/TaxonomyCategory/hb-1-9-6,Vitamins & Supplements,"ai: Glucosamina, MSM y boswellia para articulaciones",alta,si,no
9649453171009,ashwagandha-1500mg-por-porcion-de-flow-supplement-ayuda-a-reducir-la-ansiedad-y-el-estres-promoviendo-la-relajacion-90-capsulas-vegetales,"Ashwagandha 1500mg por porción de Flow Supplement | Ayuda a reducir la ansiedad y el estrés, promoviendo la relajación | 90 cápsulas vegetales",Flow Supplements,ACTIVE,+18 Años | Adultos | Ansiedad y estrés | ashwagandha | descuento-15 | Flow Supplement | Hongos Adaptógenos | Indiferente | Keto | Potenciar la energía | PRO | Sin azúcar | Sin gluten | Sin lactosa | Sistema inmunitario | vitadeals,,,Adaptógenos y manejo del estrés,gid://shopify/TaxonomyCategory/hb-1-9-6-5,Herbal Supplements,"ai: Ashwagandha, adaptógeno para estrés",alta,si,no
9619195527489,ashwagandha-450mg-de-swanson-combate-el-estres-y-la-ansiedad-promoviendo-el-bienestar-general-60-capsulas-vegetales,"Ashwagandha 450mg de Swanson | Combate el estrés y la ansiedad, promoviendo el bienestar general | 100 cápsulas vegetales",Superlabs,ACTIVE,+18 Años | Adultos | Ansiedad y estrés | ashwagandha | descuento-25 | Hongos Adaptógenos | Indiferente | Potenciar la energía | Sin azúcar | Sin gluten | Sin lactosa | Sistema inmunitario | Swanson | Vegano | Vegetariano,,,Adaptógenos y manejo del estrés,gid://shopify/TaxonomyCategory/hb-1-9-6-5,Herbal Supplements,"ai: Ashwagandha, hierba adaptógena en cápsulas",alta,si,no
10090573005121,ashwagandha-500-mg-superlabs-favorece-una-respuesta-adaptativa-al-estres-100-capsulas,Ashwagandha 500 mg Superlabs | Favorece una Respuesta Adaptativa al Estrés | 100 cápsulas,Superlabs,ACTIVE,PRO,,,Adaptógenos y manejo del estrés,gid://shopify/TaxonomyCategory/hb-1-9-6-5,Herbal Supplements,ai: Ashwagandha adaptógeno en cápsulas,alta,si,no
9685075984705,ashwagandha-500mg-de-adapto-heal-reduce-cortisol-balance-hormonal-150-capsulas-vegetales,"Ashwagandha 500mg de Adapto Heal | Reduce Cortisol, Balance Hormonal | 150 Cápsulas Vegetales",AdaptoHeal,ACTIVE,+18 Años | AdaptoHeal | Adultos | Ansiedad y estrés | ashwagandha | Hongos Adaptógenos | Indiferente | Potenciar la energía | PRO | Sin azúcar | Sin gluten | Sin lactosa | Sistema inmunitario | vitadeals,,,Adaptógenos y manejo del estrés,gid://shopify/TaxonomyCategory/hb-1-9-6-5,Herbal Supplements,ai: Ashwagandha adaptógena para manejo del estrés,alta,si,no
9839384527169,ashwagandha-500mg-vitamx-apoyo-para-el-manejo-del-estres-y-bienestar-general-100-capsulas,Ashwagandha 500mg VitaMX | Apoyo para el Manejo del Estrés y Bienestar General | 100 Cápsulas,Natsa,ACTIVE,descuento-10 | PRO,,,Adaptógenos y manejo del estrés,gid://shopify/TaxonomyCategory/hb-1-9-6-5,Herbal Supplements,"ai: Ashwagandha en cápsulas, hierba adaptógena",alta,si,no
10293293154625,ashwagandha-ksm-66®-con-l-teanina-cellx-60-capsulas,"Ashwagandha KSM-66® con L-Teanina CellX | Favorece la relajación, equilibrio emocional | 60 Cápsulas",Cellx,ACTIVE,PRO | vitadeals,,,Aminoácidos y BCAA,gid://shopify/TaxonomyCategory/hb-1-9-6-1-2,Single Amino Acid Supplements,aminoacido-individual,alta,no,
9981946233153,ashwagandha-optimizada-magnesio-kit-duerme-bien-de-briah,Ashwagandha optimizada + Magnesio | Kit Duerme Bien de Briah,OLSEGO GROUP,ACTIVE,duracion 30,,,Magnesio,gid://shopify/TaxonomyCategory/hb-1-9-6-6-3,Magnesium,mineral-MAGNESIUM,alta,no,
9978781434177,ashwagandha-optimizada-de-briah-500-mg-bienestar-emocional-60-capsulas,Ashwagandha Optimizada de Briah 500 mg por porción | Bienestar Emocional | 60 cápsulas,OLSEGO GROUP,ACTIVE,PRO,,,Adaptógenos y manejo del estrés,gid://shopify/TaxonomyCategory/hb-1-9-6-5,Herbal Supplements,"ai: Ashwagandha optimizada, bienestar emocional",alta,si,no
10108973711681,ashwagandha-organica-de-himalaya-manejo-del-estres-30-caplets-1,Ashwagandha Orgánica de Himalaya | Manejo del Estrés | 30 Tabletas,OLSEGO GROUP,ACTIVE,vitadeals,,,Adaptógenos y manejo del estrés,gid://shopify/TaxonomyCategory/hb-1-9-6-5,Herbal Supplements,ai: Ashwagandha orgánica en tabletas,alta,si,no
9969567400257,ashwagandha-de-lalun-energia-y-vitalidad-30-capsulas-vegetales,Ashwagandha Orgánica de Lalun | Energía y vitalidad| 30 Cápsulas Vegetales,Lalun Organic,ACTIVE,,,,Adaptógenos y manejo del estrés,gid://shopify/TaxonomyCategory/hb-1-9-6-5,Herbal Supplements,ai: Ashwagandha orgánica en cápsulas,alta,si,no
9664846135617,ashwagandha-passiflora-valeriana-y-manzanilla-600mg-calm-de-5h8-nutrition-promueve-el-buen-sueno-y-descanso-relajacion-fisica-y-mental-90-capsulas-vegetales,"Ashwagandha, Passiflora, Valeriana y Manzanilla 600mg Calm de 5H8 Nutrition | Promueve el buen Sueño y Descanso - Relajación Física y Mental | 90 Cápsulas",5H8 Nutrition,ACTIVE,+18 Años | 5H8 Nutrition | Adultos | Ansiedad y estrés | Combinados de hierbas | descuento-15 | Hierbas | Indiferente | Manzanilla | pasiflora | PRO | Sin azúcar | Sin gluten | Sin lactosa | Sueño y descanso | Suplementos herbales | Valeriana | Vegetariano | vitadeals,,,Sueño y relajación,gid://shopify/TaxonomyCategory/hb-1-9-6-5,Herbal Supplements,ai: Mezcla herbal calmante para sueño y relajación,alta,si,no
9685081129281,astragalo-500mg-de-adapto-heal-refuerzo-del-sistema-inmune-antioxidante-150-capsulas-vegetales,Astrágalo 500mg de Adapto Heal | Refuerzo del Sistema Inmune - Antioxidante | 150 Cápsulas Vegetales,AdaptoHeal,ACTIVE,+18 Años | AdaptoHeal | Adultos | astragalo | Hongos Adaptógenos | Indiferente | Sin azúcar | Sin gluten | Sin lactosa | Sistema cardiovascular | Sistema inmunitario | Sistema respiratorio | vitadeals,,,Defensas e inmunidad,gid://shopify/TaxonomyCategory/hb-1-9-6-5,Herbal Supplements,ai: Astrágalo herbal orientado a apoyo inmune,alta,si,no
9647259025729,astragalo-500mg-de-tibet-natura-apoyo-integral-para-la-respuesta-inmune-del-cuerpo-con-propiedades-antioxidantes-60-capsulas-vegetales,"Astrágalo 500mg de Tibet Natura | Apoyo integral para la respuesta inmune del cuerpo, con propiedades antioxidantes | 60 cápsulas vegetales",Flow Supplements,ACTIVE,+18 Años | Adultos | astragalo | descuento-15 | Hongos Adaptógenos | Indiferente | Keto | Sin azúcar | Sin gluten | Sin lactosa | Sistema cardiovascular | Sistema inmunitario | Sistema respiratorio | Tibet Natura | vitadeals,,,Defensas e inmunidad,gid://shopify/TaxonomyCategory/hb-1-9-6-5,Herbal Supplements,"ai: Astrágalo en cápsulas, enfoque inmune",alta,si,no
9999954706753,astragalo-500-mg-100-veg-caps,Astrágalo de Now Foods 1000 mg | Apoyo inmune | 100 cápsulas vegetales,Vitaminate,ACTIVE,,,,Defensas e inmunidad,gid://shopify/TaxonomyCategory/hb-1-9-6-5,Herbal Supplements,"ai: Astrágalo herbal, apoyo inmune",alta,si,no
9999947268417,hierbas-de-raiz-de-astragalo-organico-liquido-1-fl-oz-30ml-mary-ruth-s,Astrágalo Orgánico en Gotas de MaryRuth’s | Sistema inmune y energía | 30 ml,Vitaminate,ACTIVE,duracion 30,,,Defensas e inmunidad,gid://shopify/TaxonomyCategory/hb-1-9-6-5,Herbal Supplements,ai: Extracto herbal de astrágalo en gotas,alta,si,no
10025720283457,b-complex-support-de-nutriadn-contribuye-al-metabolismo-energetico-60-capsulas,B Complex Support de nutriADN | Concentración y Enfoque  | 60 cápsulas,NutriADN,ACTIVE,PRO | vitadeals,,,Complejo B y B12,gid://shopify/TaxonomyCategory/hb-1-9-6-9-3,Vitamin B,ai: Complejo B en cápsulas,alta,si,no
9663015452993,b-yeast-blend-complejo-b,B Yeast Blend B Life Levadura de Cerveza y Complejo B | 180 cápsulas,Blife,ACTIVE,+18 Años | Adultos | B-Life | Complejo Vitamina B | Cuidado del cabello | descuento-15 | duracion 180 | Indiferente | levadura-de-cerveza | piel y uñas | Potenciar la energía | Salud cognitiva | Sin azúcar | Sin gluten | Sin lactosa | vitadeals | Vitaminas,,,Complejo B y B12,gid://shopify/TaxonomyCategory/hb-1-9-6-9-3,Vitamin B,vitamina-VIT_B,alta,no,
9647443018049,resveratrol-antioxidante-de-500-mg,"B-Life | Resveratrol |Apoyo Antioxidante, Longevidad | 180 cápsulas",Blife,ACTIVE,+18 Años | Acai | Adultos | B-Life | Combinados temas de salud | descuento-15 | Hierbas | Indiferente | Longevidad y vitalidad | Pimienta | PRO | resveratrol | Semillas de uva | Sin azúcar | Sin gluten | Sin lactosa | Suplementos herbales | vitadeals | Vitamina C,,,"Longevidad: NAD+, NMN y resveratrol",gid://shopify/TaxonomyCategory/hb-1-9-6-5,Herbal Supplements,ai: Resveratrol antioxidante para longevidad,alta,si,no
10237157736769,bacopa-brainy-de-matter-favorece-la-memoria-y-concentracion-60-capsulas,"Bacopa + Fosfatidilserina y CoQ10, Brainy de Matter | Favorece la memoria y concentración | 60 cápsulas",You Matter,ACTIVE,,,,CoQ10 y energía celular,gid://shopify/TaxonomyCategory/hb-1-9-6-9-1,CoQ10,coq10,alta,no,
9908198998337,balance-mix-de-munar-suplemento-natural-para-equilibrio-hormonal-y-bienestar-integral-polvos-90-gr,Balance Mix de Munar | Suplemento Natural para Equilibrio Hormonal y Bienestar Integral | Polvos 90 gr,Munar,ACTIVE,duracion 45,,,Bienestar femenino y menopausia,gid://shopify/TaxonomyCategory/hb-1-9-6-5,Herbal Supplements,ai: Mezcla natural en polvo para equilibrio hormonal,media,si,no
9800323006785,baya-de-schisandra-2000mg-de-natures-answer-ayuda-a-mejorar-la-funcion-hepatica-promoviendo-la-energia-y-vitalidad-del-organismo-gotero-de-30ml,"Baya de Schisandra 2000mg de Nature's Answer |  Mejora la respuesta al estrés, apoya la energía y vitalidad  | Gotero de 30ml",Vitaminate,ACTIVE,Ansiedad y estrés | descuento-15 | Hierbas | Indiferente | Potenciar la energía | Sistema inmunitario | Suplementos herbales,,,Adaptógenos y manejo del estrés,gid://shopify/TaxonomyCategory/hb-1-9-6-5,Herbal Supplements,ai: Schisandra adaptógena en extracto líquido,alta,si,no
9999950086465,bcaa-blast-polvo-sabor-a-ponche-tropical-600gr,BCAA Blast Tropical Punch Now Sports | Resistencia y recuperación | 340 g,Vitaminate,ACTIVE,duracion 20 | vitadeals,,,Aminoácidos y BCAA,gid://shopify/TaxonomyCategory/hb-1-9-6-1-1,Branched-Chain Amino Acid (BCAA),bcaa,alta,no,
9999950053697,polvo-de-aminoacidos-de-cadena-ramificada-12-oz-340-g,BCAA en Polvo de Now| Recuperación Múscular | 340 g,Vitaminate,ACTIVE,duracion 65,,,Aminoácidos y BCAA,gid://shopify/TaxonomyCategory/hb-1-9-6-1-1,Branched-Chain Amino Acid (BCAA),bcaa,alta,no,
9942958539073,bcaa-glutamina-l-carnitina-de-amz-420g,BCAA Glutamina + L- Carnitina de AMZ | 420g,AMZ Nutrition,ACTIVE,duracion 42,,,Aminoácidos y BCAA,gid://shopify/TaxonomyCategory/hb-1-9-6-1-1,Branched-Chain Amino Acid (BCAA),bcaa,alta,no,
9603973218625,bcaas-electrolitos-antioxidantes-de-quenut-strength-nutricion-deportiva-apoyo-muscular-recuperacion-presentacion-de-500g-en-diferentes-sabores,BCAAs + Electrolitos + Antioxidantes de Quenut - Strength | Nutrición Deportiva | Apoyo Muscular - Recuperación | Presentación de 500g en diferentes sabores,Quenut,ACTIVE,+18 Años | Adultos | Aumento de rendimiento físico | bcaa | Cuidado del cabello | duracion 50 | Ganancia de masa muscular | Indiferente | piel y uñas | Potenciar la energía | Proteína | Quenut | Recuperación y regeneración muscular | Salud digestiva | Sin azúcar | Sin gluten | Sin lactosa | Vegano,,,Aminoácidos y BCAA,gid://shopify/TaxonomyCategory/hb-1-9-6-1-1,Branched-Chain Amino Acid (BCAA),ai: BCAA en polvo con electrolitos,alta,si,no
9956240458049,bcaa-s-glutamina-de-b-life-energia-y-musculo-60-porciones,BCAA’s + Glutamina de B Life | Energía y Músculo | 60 Porciones,Blife,ACTIVE,duracion 60 | vitadeals,,,Aminoácidos y BCAA,gid://shopify/TaxonomyCategory/hb-1-9-6-1-1,Branched-Chain Amino Acid (BCAA),bcaa,alta,no,
9969572479297,beauty-blend-de-lalun-extractos-organicos-de-hongos-funcionales-60-capsulas,Beauty Blend de Lalun | Extractos orgánicos de hongos funcionales | 60 Cápsulas,Lalun Organic,ACTIVE,duracion 30,,,Hongos funcionales,gid://shopify/TaxonomyCategory/hb-1-9-6-5,Herbal Supplements,ai: Extractos de hongos funcionales en cápsulas,alta,si,no
9799724204353,beet-root-red™-de-irwin-naturals-con-betalainas-optimiza-tu-energia-y-vitalidad-60-capsulas,Beet Root RED™ de Irwin Naturals con Betalaínas | Contribuye al rendimiento físico | 60 cápsulas,Vitaminate,ACTIVE,,,,Salud cardiovascular y circulación,gid://shopify/TaxonomyCategory/hb-1-9-6-5,Herbal Supplements,ai: Extracto de betabel con betalaínas para rendimiento,media,si,no
10355753386305,benfotiamina-250-mg-b1-life-extension-sistema-nervioso-metabolismo-energetico-120-capsulas,"Benfotiamina 250 mg + B1 Life Extension | Sistema nervioso, metabolismo energético | 120 Cápsulas",OLSEGO GROUP,ACTIVE,nuevo,,,Complejo B y B12,gid://shopify/TaxonomyCategory/hb-1-9-6-9-3,Vitamin B,vitamina-VIT_B,alta,no,
9640249753921,berberina-glicinato-de-magnesio-acido-alfa-lipoico-de-nutriadn-ayuda-a-reducir-los-niveles-de-trigliceridos-y-colesterol-total-60-capsulas-vegetales,Berberina + Glicinato de Magnesio + Ácido Alfa Lipoico de NutriADN | Ayuda a reducir los niveles de triglicéridos y colesterol total | 60 Cápsulas Vegetales,NutriADN,ACTIVE,+18 Años | Adultos | berberina | Gluconato de Magnesio | Hierbas | Indiferente | NutriADN | PRO | Salud digestiva | Sin azúcar | Sin gluten | Sin lactosa | Sistema cardiovascular | Suplementos herbales | Vegano | Vegetariano | vitadeals | Ácido alfa lipoico (ALA),,,Magnesio,gid://shopify/TaxonomyCategory/hb-1-9-6-6-3,Magnesium,mineral-MAGNESIUM,alta,no,
9638965051713,berberina-magnesio-700mg-de-wu-nutrition-apoyo-en-la-regulacion-del-azucar-en-sangre-120-capsulas-vegetales,Berberina + Magnesio 700mg de WU Nutrition | Apoyo en la regulación del azúcar en sangre | 120 cápsulas vegetales,WU Nutrition,ACTIVE,+18 Años | Adultos | berberina | Hierbas | Indiferente | Salud digestiva | Sin azúcar | Sin gluten | Sin lactosa | Sistema cardiovascular | Suplementos herbales | WU Nutrition,,,Magnesio,gid://shopify/TaxonomyCategory/hb-1-9-6-6-3,Magnesium,mineral-MAGNESIUM,alta,no,
9597328064833,berberina-400mg-de-swanson-apoyo-del-sistema-cardiovascular-y-metabolico-60-capsulas-vegetales,Berberina 400mg de Swanson | Apoyo del Sistema Cardiovascular y Metabólico | 60 cápsulas vegetales,Superlabs,ACTIVE,+18 Años | Adultos | berberina | Control del peso | Hierbas | Indiferente | PRO | Sin azúcar | Sin gluten | Sin lactosa | Sistema cardiovascular | Suplementos herbales | Swanson | Vegano | Vegetariano,,,Control de peso y metabolismo,gid://shopify/TaxonomyCategory/hb-1-9-6-5,Herbal Supplements,ai: Berberina botánica con enfoque metabólico,alta,si,no
9649457135937,berberina-500mg-de-flow-supplements-ayuda-a-regular-los-niveles-de-glucosa-en-sangre-mejorando-asi-la-funcion-metabolica-la-berberina-tambien-apoya-la-funcion-cardiovascular-90-capsulas-vegetales,"Berberina 500mg de Flow Supplements |  Ayuda a regular los niveles de glucosa en sangre, mejorando así la función metabólica. La berberina también apoya la función cardiovascular | 90 cápsulas vegetales",Flow Supplements,ACTIVE,+18 Años | Adultos | berberina | Control del peso | descuento-15 | Flow Supplement | Hierbas | Indiferente | Keto | PRO | Sin azúcar | Sin gluten | Sin lactosa | Sistema cardiovascular | Suplementos herbales | vitadeals,,,Control de peso y metabolismo,gid://shopify/TaxonomyCategory/hb-1-9-6-5,Herbal Supplements,"ai: Berberina, alcaloide botánico para soporte metabólico y glucosa",alta,si,no
9656680841537,berberina-500mg-de-nutrasana-apoya-la-funcion-cardiovascular-al-mantener-niveles-saludables-de-colesterol-y-trigliceridos-60-tabletas-vegetales,Berberina 500mg de Nutrasana | Apoya la función cardiovascular al mantener niveles saludables de colesterol y triglicéridos | 60 Tabletas Vegetales,Nutrasana,ACTIVE,+18 Años | Adultos | berberina | descuento-25 | Hierbas | Indiferente | Nutrasana | Sin azúcar | Sin gluten | Sin lactosa | Sistema cardiovascular | Sistema inmunitario | Suplementos herbales | vitadeals,,,Control de peso y metabolismo,gid://shopify/TaxonomyCategory/hb-1-9-6-5,Herbal Supplements,ai: Berberina botánica con enfoque metabólico y cardiovascular,alta,si,no
9769199173953,berberina-500mg-de-solaray-control-del-azucar-en-sangre-control-del-peso-equilibrio-del-colesterol-60-capsulas-veganas,"Berberina 500mg de Solaray | Control del azúcar en sangre, Control del peso, Equilibrio del colesterol, Potente antioxidante | 60 Cápsulas veganas",Fresh Vitamins,ACTIVE,PRO,,,Control de peso y metabolismo,gid://shopify/TaxonomyCategory/hb-1-9-6-5,Herbal Supplements,"ai: Berberina 500mg, extracto botánico para control glucémico",alta,si,no
10129053811009,berberina-equilibrium-de-reset-120-caps,Berberina Equilibrium de Bfit | Equilibrio Metabólico |  120 caps,B FIT,ACTIVE,vitadeals,,,Control de peso y metabolismo,gid://shopify/TaxonomyCategory/hb-1-9-6-5,Herbal Supplements,ai: Berberina para equilibrio metabólico,alta,si,no
9797153030465,berberina-fuerza-clinica-500-mg-de-health-thru-nutrition-actua-como-antiinflamatorio-y-antioxidante-60-capsulas-blandas,"Berberina Fuerza Clínica 500 mg de Health Thru Nutrition | Beneficia la función intestinal, Apoya el metabolismo | 60 cápsulas Blandas",Vitaminate,ACTIVE,,,,Control de peso y metabolismo,gid://shopify/TaxonomyCategory/hb-1-9-6-5,Herbal Supplements,"ai: Berberina 500mg, apoyo metabólico e intestinal",alta,si,no
9951803539777,berberina-hcl-900-mg-birdman-apoyo-metabolico-90-capsulas-veganas,Berberina HCL 900 mg Birdman | Apoyo Metabólico | 90 y 180 Cápsulas Veganas,Birdman,ACTIVE,,,,Control de peso y metabolismo,gid://shopify/TaxonomyCategory/hb-1-9-6-5,Herbal Supplements,"ai: Berberina HCL 900mg, apoyo metabólico",alta,si,no
10298685751617,berberine-synergy™-designs-for-health-60-capsulas-vegetales,"Berberina HCl con Ácido alfa lipoico (ALA), Berberine Synergy™ de Designs for Health | Energía celular, equilibrio metabólico | 60 Cápsulas Vegetales",OLSEGO GROUP,ACTIVE,PRO,,,Control de peso y metabolismo,gid://shopify/TaxonomyCategory/hb-1-9-6-5,Herbal Supplements,ai: Berberina principal con ALA como sinérgico,alta,si,no
9845482062145,berberina-hcl-natsa-apoyo-metabolico-y-control-de-azucar-60-capsulas,Berberina HCL | NATSA | Apoyo Metabólico y Control de Azúcar | 60 cápsulas,Natsa,ACTIVE,descuento-10 | PRO,,,Control de peso y metabolismo,gid://shopify/TaxonomyCategory/hb-1-9-6-5,Herbal Supplements,"ai: Berberina HCL, apoyo metabólico y glucosa",alta,si,no
9661444161857,berberina-suplemento-alimentario-refuerzo-cardiovascular-1,Berberina Pure | B-Life | Bienestar Digestivo y Metabólico | 180 cápsulas,Blife,ACTIVE,+18 Años | Adultos | B-Life | Berberina | descuento-15 | Hierbas | Indiferente | PRO | Salud digestiva | Sin azúcar | Sin gluten | Sistema cardiovascular | Sistema inmunitario | Suplementos herbales | Vegetariano | vitadeals,,,Control de peso y metabolismo,gid://shopify/TaxonomyCategory/hb-1-9-6-5,Herbal Supplements,"ai: Berberina pura, bienestar digestivo y metabólico",alta,si,no
9618661638465,berberina-soporte-de-glucosa-400mg-mct-de-now-foods-apoyo-al-metabolismo-de-la-glucosa-90-capsulas-blandas,Berberina Soporte de Glucosa 400mg + MCT de NOW Foods | Apoyo al Metabolismo de la Glucosa | 90 cápsulas blandas,OLSEGO GROUP,ACTIVE,+18 Años | Adultos | berberina | Control del peso | descuento-10 | Indiferente | NOW Foods | PRO | Sin azúcar | Sin gluten | Sin lactosa | Suplementos Combinados | Vegetariano,,,Control de peso y metabolismo,gid://shopify/TaxonomyCategory/hb-1-9-6-5,Herbal Supplements,ai: Berberina con MCT para metabolismo de glucosa,alta,si,no
10018679914817,berberina-reset-apoyo-metabolico-90-capsulas,"Berberina,  ácido alfa lipoico, cromo, canela y granada de Reset | Apoyo Metabólico | 90 Cápsulas",Reset,ACTIVE,PRO,,,Control de peso y metabolismo,gid://shopify/TaxonomyCategory/hb-1-9-6-5,Herbal Supplements,ai: Berberina protagonista con cofactores metabólicos botánicos,alta,si,no
9651008930113,berberina-melon-amargo-canela-cromo-930mg-biometabolix-de-bioptimizado-apoyo-de-la-funcion-metabolica-mejorando-la-sensibilidad-a-la-insulina-60-capsulas-vegetales,"Berberina, Melón Amargo, Canela & Cromo 930mg BioMetabolix de Bioptimizado | Apoyo de la función metabólica, mejorando la sensibilidad a la insulina | 60 cápsulas vegetales",Nutrasana,ACTIVE,+18 Años | Adultos | berberina | Bioptimizado | Canela | Combinados temas de salud | Cromo | descuento-25 | Indiferente | PRO | Sin azúcar | Sin gluten | Sin lactosa | Suplementos Combinados | vitadeals,,,Control de peso y metabolismo,gid://shopify/TaxonomyCategory/hb-1-9-6-5,Herbal Supplements,"ai: Blend botánico con berberina, canela y melón amargo",alta,si,no
9640187494721,berberina-sinergia-de-glucosa-580mg-de-gou-medical-ofrece-apoyo-metabolico-para-una-mejor-absorcion-de-la-glucosa-y-los-lipidos-60-capsulas-vegetales,Berberina: Sinergia de glucosa 580mg de Gou Medical | Ofrece apoyo metabólico para una mejor absorción de la glucosa y los lípidos | 60 cápsulas vegetales,Gou Medical,ACTIVE,+18 Años | Adultos | berberina | Control del peso | descuento-20 | Gou Medical | Hierbas | Indiferente | Salud digestiva | Sin azúcar | Sin gluten | Sin lactosa | Suplementos herbales | Vegano | Vegetariano | vitadeals,,,Control de peso y metabolismo,gid://shopify/TaxonomyCategory/hb-1-9-6-5,Herbal Supplements,ai: Berberina sinergia para apoyo metabólico de glucosa,alta,si,no
9999953101121,berrydophilus™-para-ninos-120-masticables,"BerryDophilus Kids, Now | Probióticos Infantiles, fortalece el sistema inmune | 120 Tabletas masticables",Vitaminate,ACTIVE,duracion 60,,,Probióticos,gid://shopify/TaxonomyCategory/hb-1-9-6-4-5,Probiotics,probiotico,alta,no,
9999953068353,berrydophilus™-probiotico-10-2-billiones-para-ninos-60-masticables,"BerryDophilus™ Probiótico | Favorece la salud digestiva infantil, sistema inmune | 60 cápsulas masticables",Vitaminate,ACTIVE,duracion 30,,,Probióticos,gid://shopify/TaxonomyCategory/hb-1-9-6-4-5,Probiotics,probiotico,alta,no,
9999952085313,beta-alanina-750-mg-120-veg-caps,Beta Alanina de Now Foods 750 mg | Rendimiento y Recuperación | 120 cápsulas vegetales,Vitaminate,ACTIVE,duracion 40,,,Aminoácidos y BCAA,gid://shopify/TaxonomyCategory/hb-1-9-6-1-2,Single Amino Acid Supplements,"ai: Beta alanina, aminoácido único para rendimiento",alta,si,no
9597988045121,beta-alanina-l-citrulina-y-rhodiola-287-5g-de-humble-pre-entrenamiento-con-energia-y-enfoque-25-servicios,"Beta Alanina, L-Citrulina y Rhodiola, 287.5g de Humble | Pre - Entrenamiento con Energía y Enfoque | 25 servicios",Vitaminate,ACTIVE,+18 Años | Adultos | Aumento de rendimiento físico | beta-alanina | descuento-10 | duracion 25 | Humble | Indiferente | Pre y post entreno | Sin gluten | Sin lactosa | Vegano | Vegetariano,,,Aminoácidos y BCAA,gid://shopify/TaxonomyCategory/hb-1-9-6-1-2,Single Amino Acid Supplements,aminoacido-individual,alta,no,
9956241473857,beta-alanina-de-b-life-energia-y-resistencia-200-porciones,Beta Alanine B Life Beta Alanina en Polvo Pura | Rendimiento Deportivo | 400 g (200 porciones),Blife,ACTIVE,duracion 200 | vitadeals,,,Aminoácidos y BCAA,gid://shopify/TaxonomyCategory/hb-1-9-6-1-2,Single Amino Acid Supplements,"ai: Beta alanina pura en polvo, aminoácido único deportivo",media,si,no
9999953559873,esteroles-de-beta-sitosterol-90-softgels,"Beta-Sitosterol, Esteroles Vegetales de Now | Función cardiovascular | 90 Cápsulas",Vitaminate,ACTIVE,duracion 45,,,Salud cardiovascular y circulación,gid://shopify/TaxonomyCategory/hb-1-9-6-5,Herbal Supplements,"ai: Beta-sitosterol, esteroles vegetales para función cardiovascular",media,si,no
9621549613377,betacaroteno-vitamina-a-25-000-ui-7500mcg-de-swanson-contribuye-a-mejorar-la-vision-y-mantener-una-piel-saludable-100-capsulas-blandas,Betacaroteno Vitamina A 25.000 UI 7500mcg de Swanson | Contribuye a mejorar la visión y mantener una piel saludable | 100 cápsulas blandas,Superlabs,ACTIVE,+18 Años | Adultos | descuento-20 | duracion 100 | Indiferente | Salud ocular | Sin azúcar | Sin gluten | Sin lactosa | Sistema inmunitario | Swanson | Vegetariano | vitamina-a | Vitaminas,Vitamina,,Vitamina A y E,gid://shopify/TaxonomyCategory/hb-1-9-6-9-2,Vitamin A,vitamina-VIT_A,alta,no,
9651138658625,betaina-hci-extracto-de-curcuma-730mg-biozyme-de-bioptimizado-compuesto-por-enzimas-digestivas-que-facilitan-la-descomposicion-de-nutrientes-alivia-la-acidez-estomacal-y-tiene-propiedades-antiinflamatorias-100-capsulas-vegetales,Betaína HCI & Extracto de Cúrcuma 730mg BioZyme de Bioptimizado | Compuesto por Enzimas Digestivas que facilitan la descomposición de nutrientes - Alivia la acidez estomacal y tiene Propiedades Antiinflamatorias | 100 cápsulas vegetales,Nutrasana,ACTIVE,+18 Años | Adultos | Alivio del dolor crónico | articulaciones y cartílago | Betaína HCl | Bioptimizado | Cúrcuma | descuento-25 | Desintoxicación | duracion 100 | enzimas-digestivas | Fortalecimiento de huesos | Indiferente | prebióticos y enzimas | Probioticos | Salud digestiva | Sin azúcar | Sin gluten | Sin lactosa | Vegetariano | vitadeals,,,Enzimas digestivas,gid://shopify/TaxonomyCategory/hb-1-9-6-4-3,Digestive Enzymes,enzimas,alta,no,
9609040888129,betaina-hcl-suplemento-alimenticio-salud-digestiva-estomacal,"Betaína HCI de Acción Rápida con Extracto de Higo Chumbo y Hoja de Olivo, Enzimas Veganas de Enzymedica para la Digestión de Proteínas y Alivio de Acidez y Mala Digestión | 60 Cápsulas Veganas",Vitaminate,ACTIVE,+18 Años | Adultos | betaina-h-cl | duracion 30 | Enzymedica | Indiferente | Potenciar la energía | prebióticos y enzimas | Probioticos | Salud digestiva | Sin azúcar | Sin gluten | Sin lactosa | Vegano | vitadeals,,,Enzimas digestivas,gid://shopify/TaxonomyCategory/hb-1-9-6-4-3,Digestive Enzymes,enzimas,alta,no,
9618752012609,betaina-hcl-648-mg-de-now-foods-soporte-digestivo-formula-vegetariana-120-capsulas-vegetales,"Betaína HCl 648 mg de NOW Foods | Soporte Digestivo, Fórmula Vegetariana | 120 Cápsulas Vegetales",OLSEGO GROUP,ACTIVE,+18 Años | Adultos | betaina-h-cl | descuento-15 | duracion 120 | Indiferente | NOW Foods | prebióticos y enzimas | Probioticos | Salud digestiva | Sin azúcar | Sin gluten | Sin lactosa | Vegano | Vegetariano,,,Digestivos y confort intestinal,gid://shopify/TaxonomyCategory/hb-1-9-6-4,Digestive Supplements,"ai: Betaína HCl, soporte de acidez gástrica y digestión",media,si,no
9796877779265,betaina-hcl-de-best-naturals-apoyo-digestivo-648-mg-250-capsulas,Betaína HCL de Best Naturals | Apoyo Digestivo | 648 mg 250 Cápsulas,Vitaminate,ACTIVE,duracion 250,,,Digestivos y confort intestinal,gid://shopify/TaxonomyCategory/hb-1-9-6-4,Digestive Supplements,"ai: Betaína HCl, apoyo digestivo gástrico",media,si,no
9929895018817,betaina-hci-de-accion-rapida-con-extracto-de-higo-chumbo-y-hoja-de-olivo-enzimas-veganas-de-enzymedica-para-la-digestion-de-proteinas-y-alivio-de-acidez-y-mala-digestion-60-capsulas-veganas-copia,Betaína HCl Enzymedica con enzimas digestivas | Bienestar digestivo | 120 cápsulas,OLSEGO GROUP,ACTIVE,+18 Años | Adultos | betaina-h-cl | duracion 60 | Enzymedica | Indiferente | Potenciar la energía | prebióticos y enzimas | Probioticos | Salud digestiva | Sin azúcar | Sin gluten | Sin lactosa | Vegano,,,Enzimas digestivas,gid://shopify/TaxonomyCategory/hb-1-9-6-4-3,Digestive Enzymes,enzimas,alta,no,
10236777627969,betaina-hcl-betanin-de-matter-60-capsulas,"Betaína HCl,  Betanin de Matter | Apoya función digestiva, favorece acidez gástrica adecuada  | 60 cápsulas",You Matter,ACTIVE,,,,Digestivos y confort intestinal,gid://shopify/TaxonomyCategory/hb-1-9-6-4,Digestive Supplements,ai: Betaína HCl para acidez gástrica adecuada,media,si,no
9999950479681,tmg-betaina-1-000-mg-100-tabs,Betaína TMG de NOW | Metabolismo de la Homocisteína | 100 Tabletas,Vitaminate,ACTIVE,duracion 33,,,Aminoácidos y BCAA,gid://shopify/TaxonomyCategory/hb-1-9-6-1-2,Single Amino Acid Supplements,"ai: Betaína TMG, donador de metilo derivado de aminoácido",media,si,no
9606632735041,bifidobacterium-lactis-b420-lactobacillus-acidophilus-ncfm-extracto-de-cascara-de-canela-probivos-lean-matter-30-capsulas-vegetales,Bifidobacterium lactis B420™ Lactobacillus acidophilus NCFM® Extracto de Cáscara de Canela Probivos Lean Matter | 30 Cápsulas Vegetales,You Matter,ACTIVE,+18 Años | Adultos | combinados-temas-de-salud | Control del peso | duracion 30 | Indiferente | prebióticos y enzimas | PRO | Probioticos | Salud digestiva | Sin azúcar | Sin gluten | Vegano | You Matter,,,Probióticos,gid://shopify/TaxonomyCategory/hb-1-9-6-4-5,Probiotics,probiotico,alta,no,
9649531453761,biotina-colageno-vitamina-c-1500mg-por-porcion-de-flow-supplements-ideal-para-quienes-buscan-mantener-su-piel-firme-y-elastica-y-fortalecer-su-cabello-y-unas-90-capsulas-vegetales,"Biotina + Colágeno + Vitamina C 1500mg por porción de Flow Supplements | Ideal para quienes buscan mantener su piel firme y elástica, y fortalecer su cabello y uñas | 90 cápsulas vegetales",Flow Supplements,ACTIVE,Cuidado del cabello | descuento-15 | duracion 30 | Flow Supplement | Indiferente | piel y uñas | Sistema inmunitario | Suplementos Combinados | vitadeals,,,"Belleza: cabello, piel y uñas",gid://shopify/TaxonomyCategory/hb-1-9-6,Vitamins & Supplements,ai: Biotina encabeza fórmula de belleza con colágeno y vitamina C,media,no,no
9649056481601,biotina-10-000mcg-acido-hialuronico-colageno-500mg-por-capsula-de-natsa-fortalece-piel-unas-y-cabello-100-capsulas-vegetales,"Biotina 10,000mcg + Ácido hialurónico + Colágeno - 500mg por cápsula de Natsa | Fortalece Piel, Uñas y Cabello | 100 cápsulas vegetales",Natsa,ACTIVE,+18 Años | Adultos | articulaciones y cartílago | colageno | Cuidado del cabello | descuento-10 | duracion 100 | Fortalecimiento de huesos | Indiferente | Natsa | piel y uñas | PRO | Sin azúcar | Sin gluten | Sin lactosa | Vegetariano | Vitamina B7 (Biotina) | Vitaminas | Ácido hialurónico,,,"Belleza: cabello, piel y uñas",gid://shopify/TaxonomyCategory/hb-1-9-6,Vitamins & Supplements,"ai: Biotina principal con ácido hialurónico y colágeno para piel, uñas y cabello",media,no,no
9978785497409,biotina-colageno-acido-hialuronico-briah-favorece-el-crecimiento-de-cabello-y-unas-60-capsulas,Biotina 10.000 microgramos por porción + colágeno + ácido hialurónico Briah | Crecimiento de cabello y uñas | 60 cápsulas,OLSEGO GROUP,ACTIVE,duracion 30 | vitadeals,,,"Belleza: cabello, piel y uñas",gid://shopify/TaxonomyCategory/hb-1-9-6,Vitamins & Supplements,ai: Biotina 10.000 mcg principal más colágeno y ácido hialurónico,media,no,no
9606480625985,biotina-5-000-mcg-de-now-foods-apoyo-energetico-y-fortalecimiento-del-cabello-piel-y-unas-60-capsulas-vegetales,"Biotina 5,000 mcg de NOW Foods | Apoyo energético y fortalecimiento del cabello, piel y uñas | 60 cápsulas vegetales",OLSEGO GROUP,ACTIVE,+18 Años | Adultos | Cuidado del cabello | descuento-15 | duracion 60 | Indiferente | NOW Foods | piel y uñas | PRO | Sin azúcar | Sin gluten | Sin lactosa | Vegano | Vegetariano | vitadeals | vitamina-b-7 | Vitaminas,,,"Belleza: cabello, piel y uñas",gid://shopify/TaxonomyCategory/hb-1-9-6-9-3,Vitamin B,"ai: Biotina sola 5.000 mcg para cabello, piel y uñas",alta,no,no
10090576216385,biotina-500-mg-superlabs-acompana-el-bienestar-de-piel-cabello-y-unas-100-capsulas,"Biotina 500 mg Superlabs | Acompaña el bienestar de piel, cabello y uñas | 100 cápsulas",Superlabs,ACTIVE,,,,"Belleza: cabello, piel y uñas",gid://shopify/TaxonomyCategory/hb-1-9-6-9-3,Vitamin B,"ai: Biotina como único ingrediente para piel, cabello y uñas",alta,no,no
9621772828993,biotina-5000-mcg-de-swanson-promueve-el-cuidado-del-cabello-piel-y-unas-30-capsulas-vegetales,"Biotina 5000 mcg de Swanson | Promueve el cuidado del cabello, piel y uñas | 30 cápsulas vegetales",Superlabs,ACTIVE,+18 Años | Adultos | Cuidado del cabello | descuento-40 | duracion 30 | Indiferente | piel y uñas | Sin azúcar | Sin gluten | Sin lactosa | Swanson | Vegetariano | vitamina-b-7 | Vitaminas,,,"Belleza: cabello, piel y uñas",gid://shopify/TaxonomyCategory/hb-1-9-6-9-3,Vitamin B,"ai: Biotina sola 5.000 mcg enfocada a cabello, piel y uñas",alta,no,no
9621385576769,biotina-5000-mcg-suplemento-cuidado-del-cabello-piel-y-unas,"Biotina 5000 mcg de Swanson| Promueve el Cuidado del Cabello, Piel y Uñas | 100 cápsulas vegetales",VITAMINATE,ACTIVE,+18 Años | Adultos | Cuidado del cabello | duracion 100 | Indiferente | piel y uñas | Potenciar la energía | PRO | Salud cognitiva | Sin azúcar | Sin gluten | Sin lactosa | Sistema cardiovascular | Swanson | Vegetariano | vitamina-b-7 | Vitaminas,,,"Belleza: cabello, piel y uñas",gid://shopify/TaxonomyCategory/hb-1-9-6-9-3,Vitamin B,"ai: Biotina sola 5.000 mcg para cabello, piel y uñas",alta,no,no
9633383809345,biotina-5000-mcg-zinc-acido-hialuronico-vitamina-c-y-e-now-foods-soporte-nutricional-para-cabello-piel-y-unas-90-capsulas-veganas,"Biotina 5000 mcg, Zinc, Ácido Hialurónico, Vitamina C y E, NOW Foods | Soporte Nutricional para Cabello, Piel y Uñas | 90 Cápsulas Veganas",Vitaminate,ACTIVE,+18 Años | Adultos | articulaciones y cartílago | Cuidado del cabello | descuento-15 | duracion 45 | Fortalecimiento de huesos | Indiferente | L-cisteína | L-Lisina | Manganeso | MSM (metilsulfonilmetano) | NOW Foods | piel y uñas | Sin azúcar | Sin gluten | Sin lactosa | Suplementos Combinados | Vegetariano | Vitamina B7 (Biotina) | Vitamina E | vitamina-c | Zinc | Ácido hialurónico,,,"Belleza: cabello, piel y uñas",gid://shopify/TaxonomyCategory/hb-1-9-6,Vitamins & Supplements,"ai: Fórmula de belleza con biotina, zinc, hialurónico y vitaminas",alta,si,no
9625196364097,biotina-extra-fuerte-10-mg-10-000-mcg-de-now-foods-soporte-para-la-produccion-de-energia-120-capsulas-vegetales,"Biotina Extra Fuerte 10 mg (10,000 mcg) de Now Foods | Soporte para la Producción de Energía | 120 cápsulas vegetales",Vitaminate,ACTIVE,+18 Años | Adultos | Cuidado del cabello | descuento-20 | duracion 120 | Indiferente | NOW Foods | piel y uñas | Potenciar la energía | Sin azúcar | Sin gluten | Sin lactosa | Vegano | Vegetariano | Vitamina B7 (Biotina) | vitamina-b-7 | Vitaminas,,,"Belleza: cabello, piel y uñas",gid://shopify/TaxonomyCategory/hb-1-9-6-9-3,Vitamin B,ai: Biotina sola 10.000 mcg en cápsulas,alta,no,no
9803272683841,biotina-acido-hialuronico-selenio-vitamina-d-mezcla-patentada-liposomal-15ml-por-sobre-de-mary-ruths-disenado-para-nutrir-el-cabello-la-piel-y-apoyar-el-sistema-inmunologico-14-sobres-de-15ml-c-u,"Biotina, Ácido hialuronico, Selenio, Vitamina D - Mezcla patentada liposomal 15ml por sobre de Mary Ruth's | Diseñado para nutrir el cabello, la piel y apoyar el sistema inmunológico | 14 Sobres de 15ml c/u",OLSEGO GROUP,ACTIVE,duracion 14,,,"Belleza: cabello, piel y uñas",gid://shopify/TaxonomyCategory/hb-1-9-6,Vitamins & Supplements,ai: Mezcla liposomal con biotina y hialurónico para cabello y piel,media,si,no
9951817040193,birdman-creatine-refresher-creatina-monohidratada-con-electrolitos-magnesio-y-vitaminas-300g,"Birdman Creatine Refresher | Creatina Monohidratada con Electrolitos, Magnesio y Vitaminas | 300g",Birdman,ACTIVE,duracion 60 | Electrolitos | PRO,,,Creatina,gid://shopify/TaxonomyCategory/hb-1-9-6-3,Creatine,creatina,alta,no,
9665725890881,mezcla-de-proteinas-vegetales-chicharo-amaranto-y-arroz-1-9kg-birdman-falcon-performance-sabor-chocolate-30g-y-vainilla-31g-50-porciones,"Birdman Falcon Performance sabor Chocolate y Vainilla | 50 Porciones | Mezcla de Proteínas Vegetales, Chícharo, Amaranto y Arroz 1.9kg",Birdman,ACTIVE,+18 Años | Adultos | Birdman | Complejo de aminoácidos | Cuidado del cabello | duracion 50 | Ganancia de masa muscular | Indiferente | piel y uñas | proteina-vegana-vegetal | Proteína | Recuperación y regeneración muscular | Sin gluten | Sin lactosa | Sistema inmunitario | Vegetariano,,,Proteínas en polvo y barras,gid://shopify/TaxonomyCategory/hb-1-9-6-8,Protein Supplements,ai: Mezcla de proteínas vegetales en polvo,alta,si,no
10066789990721,birdman-fitmingo-proteina-con-inositol,"Birdman Fitmingo: Proteína Vegana Con Ácido Hialurónico, Inositol, Potenciadores de Colágeno, Vitamina C, Vitamina D3, Zinc, Enzimas Digestivas y Svetol | Moka y Vainilla",Birdman,ACTIVE,PRO,,,Proteínas en polvo y barras,gid://shopify/TaxonomyCategory/hb-1-9-6-8,Protein Supplements,ai: Proteína vegana en polvo es el formato principal,alta,no,no
9951805014337,birdman-premium-omega-3-a-base-de-algas-ratio-dha-epa-4-1,Birdman Premium Omega 3 a base de Algas (Ratio DHA:EPA 4:1) | 60 Cápsulas Veganas,Birdman,ACTIVE,duracion 30 | PRO,,,Omega 3 y aceites de pescado,gid://shopify/TaxonomyCategory/hb-1-9-6-11,Omega Fatty Acids,omega,alta,no,
9951800426817,birdman-treonato-de-magnesio-160-mg-memoria-y-concentracion-90-capsulas-veganas,Birdman Treonato de Magnesio 160 mg | Memoria y Concentración | 90 Cápsulas Veganas,Birdman,ACTIVE,duracion 30,,,Magnesio,gid://shopify/TaxonomyCategory/hb-1-9-6-6-3,Magnesium,mineral-MAGNESIUM,alta,no,
9618933645633,bisglicinato-de-hierro-18-mg-de-now-foods-suave-y-no-estrine-apoyo-energetico-e-inmunologico-120-capsulas-vegetales,Bisglicinato de Hierro 18 mg de NOW Foods | Suave y No Estriñe - Apoyo Energético e Inmunológico | 120 Cápsulas Vegetales,Vitaminate,ACTIVE,+18 Años | Adultos | bisglicinato-de-hierro | descuento-20 | duracion 120 | Indiferente | Minerales | NOW Foods | PRO | Sin azúcar | Sin gluten | Sin lactosa | Sistema cardiovascular | Sistema inmunitario | Vegano | Vegetariano,,,Hierro,gid://shopify/TaxonomyCategory/hb-1-9-6-6-2,Iron,mineral-IRON,alta,no,
9620622934337,bisglicinato-de-magnesio-suplemento-salud-del-sist-nervioso,Bisglicinato de Magnesio de Now Foods | Apoya el funcionamiento del sistema nervioso | Polvos 227 gr,OLSEGO GROUP,ACTIVE,Alivio del dolor crónico | Ansiedad y estrés | duracion 91 | Indiferente | Minerales | PRO | Sistema cardiovascular | Sueño y descanso,,,Magnesio,gid://shopify/TaxonomyCategory/hb-1-9-6-6-3,Magnesium,mineral-MAGNESIUM,alta,no,
9606626115905,bisglicinato-de-magnesio-quelado-y-oxido-de-magnesio-magno-complex-matter-alta-biodisponibilidad-100-capsulas,Bisglicinato de Magnesio Quelado y Óxido de Magnesio Magno Complex Matter | Alta Biodisponibilidad | 100 Cápsulas,You Matter,ACTIVE,+18 Años | Adultos | Ansiedad y estrés | bisglicinato-de-magnesio | descuento-20 | duracion 100 | Indiferente | Minerales | PRO | Sin azúcar | Sin gluten | Sistema inmunitario | Sueño y descanso | Vegano | You Matter,,,Magnesio,gid://shopify/TaxonomyCategory/hb-1-9-6-6-3,Magnesium,mineral-MAGNESIUM,alta,no,
9733046632769,bisglicinato-de-magnesio-mezcla-liposomal-vitamina-e-de-mary-ruths-contribuye-a-la-fortaleza-del-sistema-oseo-muscular-liquido-de-450ml-sabor-almendra-y-vainilla,"Bisglicinato de Magnesio, Mezcla Liposomal + Vitamina E de Mary Ruth's | Promueve el equilibrio del sistema nervioso | Líquido de 450ml Sabor Almendra y Vainilla",Vitaminate,ACTIVE,+18 Años | Adultos | articulaciones y cartílago | duracion 30 | Fortalecimiento de huesos | Indiferente | MaryRuth's | Minerales | Potenciar la energía | PRO | Sin azúcar | Sin gluten | Sin lactosa | Sueño y descanso | Vegano,,,Magnesio,gid://shopify/TaxonomyCategory/hb-1-9-6-6-3,Magnesium,ai: Bisglicinato de magnesio líquido; vitamina E secundaria,alta,si,no
10238592483649,black-cohosh-vitex-equilibrium-de-menoglow-equilibrio-hormonal-bienestar-en-menopausia-30-capsulas,"Black Cohosh + Vitex Equilibrium de Menoglow | Equilibrio hormonal, bienestar en menopausia | 30 cápsulas",Menoglow,ACTIVE,,,,Bienestar femenino y menopausia,gid://shopify/TaxonomyCategory/hb-1-9-6-5,Herbal Supplements,ai: Black cohosh y vitex botánicos para menopausia,alta,si,no
9999954739521,raiz-de-cohosh-negro-80-mg-90-veg-caps,Black Cohosh Root de Now | Apoyo a la menopausia | 90 cápsulas,Vitaminate,ACTIVE,,,,Bienestar femenino y menopausia,gid://shopify/TaxonomyCategory/hb-1-9-6-5,Herbal Supplements,"ai: Raíz de cohosh negro, hierba para menopausia",alta,si,no
9603980067137,vitamina-k2-d3-magnesio-calcio-de-life-extension-restauracion-osea-fortalecimiento-de-los-huesos-120-capsulas-vegetales,"Bone Restore de Life extension con Vitamina K2, D3, Magnesio, Calcio Restauración Ósea, Fortalecimiento de los Huesos | 120 cápsulas vegetales",Vitaminate,ACTIVE,+18 Años | Adultos | articulaciones y cartílago | descuento-15 | duracion 30 | Fortalecimiento de huesos | Indiferente | Life Extension | PRO | Sin azúcar | Sin gluten | Sin lactosa | Sistema cardiovascular | Vegano | Vegetariano | vitamina-k | Vitaminas,,,Articulaciones y huesos,gid://shopify/TaxonomyCategory/hb-1-9-6-6-4,Multimineral Supplements,"ai: Calcio, magnesio, K2 y D3 combinados para soporte óseo",media,si,no
9796709056833,boro-de-best-naturals-apoyo-oseo-y-metabolico-5-mg-240-tabletas,"Boro de Best Naturals | Apoyo Óseo, Estructural y Metabólico Integral | 5 mg 240 Tabletas",Vitaminate,ACTIVE,descuento-10 | duracion 240,,,Otros minerales y multiminerales,gid://shopify/TaxonomyCategory/hb-1-9-6-6,Minerals,"ai: Boro, mineral único para apoyo óseo",alta,si,no
9645241139521,boro-ionico-con-magnesio-cloruro-y-complejo-de-minerales-ionicos-de-trace-minerals-soporte-para-huesos-musculos-y-funcion-cerebral-2-oz-59-ml-vegano-y-sin-ogm,"Boro Iónico con Magnesio, Cloruro y Complejo de Minerales Iónicos de Trace Minerals | Soporte para Huesos, Músculos y Función Cerebral | 2 oz (59 mL) - Vegano y Sin OGM",Vitaminate,ACTIVE,articulaciones y cartílago | duracion 48 | Fortalecimiento de huesos | Indiferente | Trace Minerals,,,Otros minerales y multiminerales,gid://shopify/TaxonomyCategory/hb-1-9-6-6-4,Multimineral Supplements,multi-mineral-MAGNESIUM+OTHER,alta,no,
9625453232449,boro-complejo-de-quelato-avanzado-3mg-de-life-extension-fortalecimiento-oseo-100-capsulas-vegetarianas,"Boro, complejo de quelato avanzado 3mg de Life Extension | Fortalecimiento Óseo | 100 cápsulas vegetarianas",OLSEGO GROUP,ACTIVE,+18 Años | Adultos | articulaciones y cartílago | boro | descuento-25 | duracion 100 | Fortalecimiento de huesos | Indiferente | Life Extension | Minerales | Sin azúcar | Sin gluten | Sin lactosa | Vegano | Vegetariano,,,Otros minerales y multiminerales,gid://shopify/TaxonomyCategory/hb-1-9-6-6,Minerals,"ai: Boro quelado, mineral único",alta,si,no
9796097474881,boswellia-300-mg-de-health-thru-nutrition-actua-como-antioxidante-y-energizante-celular-60-capsulas-blandas,Boswellia 300 mg de Health Thru Nutrition | Actúa como antiinflamatorio y antioxidante | 60 cápsulas Blandas,Vitaminate,ACTIVE,,,,Cúrcuma y antiinflamatorios naturales,gid://shopify/TaxonomyCategory/hb-1-9-6-5,Herbal Supplements,"ai: Extracto de boswellia, botánico antiinflamatorio",alta,si,no
9811983401281,despierta-tu-mente-con-l-teanina-y-mct-irwin-naturals-60-capsulas-blandas-liquidas,Brain Awake con L-Teanina y MCT de Irwin Naturals | Apoya el suministro de energía física y mental |60 cápsulas,Vitaminate,ACTIVE,descuento-10 | duracion 20,,,Aminoácidos y BCAA,gid://shopify/TaxonomyCategory/hb-1-9-6-1-2,Single Amino Acid Supplements,aminoacido-individual,alta,no,
9999954248001,brain-elevate™-funcion-cognitiva-60-vcaps,Brain Elevate NOW Foods | Favorece la memoria y la concentración | 60 cápsulas,Vitaminate,ACTIVE,,,,Memoria y concentración,gid://shopify/TaxonomyCategory/hb-1-9-6-5,Herbal Supplements,ai: Mezcla herbal nootrópica para memoria y concentración,media,si,no
9618757189953,bromelina-2400-gdu-g-500-mg-de-now-foods-enzima-proteolitica-natural-apoya-digestion-saludable-y-confort-articular-60-y-120-capsulas-vegetales,"Bromelina 2400 GDU/g – 500 mg de NOW Foods | Enzima Proteolítica Natural, Apoya Digestión Saludable y Confort Articular | 60 y 120 Cápsulas Vegetales",Vitaminate,ACTIVE,+18 Años | Adultos | descuento-15 | duracion 60 | enzimas-digestivas | Indiferente | NOW Foods | prebióticos y enzimas | Probioticos | Salud digestiva | Sin azúcar | Sin gluten | Sin lactosa | Vegetariano,,,Enzimas digestivas,gid://shopify/TaxonomyCategory/hb-1-9-6-4-3,Digestive Enzymes,enzimas,alta,no,
9796604264769,bromelina-de-best-naturals-apoyo-digestivo-y-antiinflamatorio-500-mg-120-tabletas,Bromelina de Best Naturals | Digestión Óptima y Acción Antiinflamatoria Potente | 500 mg 120 Tabletas,Vitaminate,ACTIVE,duracion 60,,,Enzimas digestivas,gid://shopify/TaxonomyCategory/hb-1-9-6-4-3,Digestive Enzymes,enzimas,alta,no,
9662947197249,vitamina-c-500-suplemento-alimentario-sistema-inmune-2,C Blend Vitamina C | B-Life | Fortalece Sistema Inmune | 240 cápsulas,Blife,ACTIVE,+18 Años | Adultos | B-Life | descuento-15 | duracion 240 | Indiferente | Jengibre | Sin azúcar | Sin gluten | Sin lactosa | Sistema cardiovascular | Sistema inmunitario | vitadeals | vitamina-c | Vitaminas,,,Vitamina C,gid://shopify/TaxonomyCategory/hb-1-9-6-9-4,Vitamin C,vitamina-VIT_C,alta,no,
9606768591169,cafeina-natural-taurina-vitaminas-y-minerales-4g-bolt-boost-de-suluu-aumento-del-rendimiento-fisico-potenciando-la-energia-240g-en-60-gomitas-o-su-opcion-de-2-gomitas-para-el-dia-sabor-aloe,"Cafeína natural + Taurina + Vitaminas y Minerales 4g Bolt Boost de Súluu | Aumento del Rendimiento Físico, Potenciando la Energía | 240g en 60 gomitas sabor Aloe",Súluu,ACTIVE,+18 Años | Adultos | duracion 30 | Ganancia de masa muscular | Indiferente | Potenciar la energía | Pre y post entreno | Sin lactosa | Súluu | vitadeals | vitamina-b-6,,,Aminoácidos y BCAA,gid://shopify/TaxonomyCategory/hb-1-9-6-1-2,Single Amino Acid Supplements,aminoacido-individual,alta,no,
9644606357825,calcio-magnesio-2-1-450mg-de-designs-for-health-apoyo-de-la-funcion-oseo-muscular-180-capsulas-vegetales,Calcio & Magnesio 2:1 450mg de Designs for Health | Apoyo de la función Óseo - Muscular | 180 Cápsulas Vegetales,Vitaminate,ACTIVE,+18 Años | Adultos | Combinado de minerales | Designs for health | duracion 30 | Indiferente | Malato de calcio | malato-de-magnesio | Minerales | Sin azúcar | Sin gluten | Sin lactosa | Sistema cardiovascular | Vegetariano,,,Otros minerales y multiminerales,gid://shopify/TaxonomyCategory/hb-1-9-6-6-4,Multimineral Supplements,multi-mineral-MAGNESIUM+CALCIUM,alta,no,
9811693699393,calcio-cascara-sagrada-weekend-colon-flush-de-natures-secret-disenado-para-apoyar-la-limpieza-rapida-del-colon-16-tabletas,Calcio + Cáscara Sagrada - Weekend Colon Flush de Natures Secret | Diseñado para apoyar la limpieza rápida del colon | 16 Tabletas,Vitaminate,ACTIVE,descuento-10 | duracion 3,,,Calcio,gid://shopify/TaxonomyCategory/hb-1-9-6-6-1,Calcium,mineral-CALCIUM,alta,no,
9795702522177,calcio-300-mg-magnesio-300-mg-alfalfa-de-michaels-health-disenadas-para-fortalecer-los-huesos-apoyar-el-sistema-muscular-y-contribuir-al-equilibrio-mineral-del-cuerpo-90-masticables-veganas-sabor-frutas-tropicales,"Calcio 300 mg, Magnesio 300 mg, Alfalfa de Michael's Health | Diseñadas para fortalecer los huesos, apoyar el sistema muscular y contribuir al equilibrio mineral del cuerpo | 90 Masticables Veganas Sabor Frutas Tropicales",Vitaminate,ACTIVE,descuento-10 | duracion 30,,,Otros minerales y multiminerales,gid://shopify/TaxonomyCategory/hb-1-9-6-6-4,Multimineral Supplements,multi-mineral-MAGNESIUM+CALCIUM,alta,no,
9999949136193,calcio-k2-d3-60-gomitas-mary-ruth-s,"Calcio K2 + D3, MaryRuth’s | Apoya la función celular y metabólica | 60 gomitas",Vitaminate,ACTIVE,duracion 30,,,Calcio,gid://shopify/TaxonomyCategory/hb-1-9-6-6-1,Calcium,ai: Calcio con K2 y D3 en gomitas,alta,si,no
9999951069505,cal-mag-dk-180-caps,Calcio Magnesio DK de Now |Refuerza la utilización del calcio con vitamina K2 |180  Capsulas,Vitaminate,ACTIVE,duracion 90,,,Otros minerales y multiminerales,gid://shopify/TaxonomyCategory/hb-1-9-6-6-4,Multimineral Supplements,"ai: Calcio y magnesio con D y K, multimineral",media,si,no
9616279568705,calcio-y-magnesio-con-vitamina-d-3-y-zinc-de-now-foods-soporte-para-la-salud-osea-y-mejor-absorcion-120-capsulas-blandas,Calcio y Magnesio con Vitamina D-3 y Zinc de NOW Foods | Soporte para la Salud Ósea y Mejor Absorción | 120 Cápsulas Blandas,OLSEGO GROUP,ACTIVE,+18 Años | Adultos | articulaciones y cartílago | carbonato-de-calcio | descuento-15 | duracion 40 | Fortalecimiento de huesos | Indiferente | Minerales | NOW Foods | Sin azúcar | Sin gluten | Sin lactosa | Vegano | Vegetariano,,,Otros minerales y multiminerales,gid://shopify/TaxonomyCategory/hb-1-9-6-6-4,Multimineral Supplements,"ai: Calcio, magnesio y zinc combinados con D3",media,si,no
9999951036737,calcio-y-magnesio-1000mg-500mg-240-softgels,"Calcio y Magnesio de Now con Vitamina D3 y Zinc | Complementa dietas bajas en calcio, función muscular | 240 Cápsulas",Vitaminate,ACTIVE,,,,Otros minerales y multiminerales,gid://shopify/TaxonomyCategory/hb-1-9-6-6-4,Multimineral Supplements,"ai: Calcio, magnesio y zinc con D3, multimineral",media,si,no
9999951003969,polvo-de-harina-de-huesos-1-lb-454g,"Calcio, Magnesio y Polvo de Hueso, Bone Meal Powder + Cal-Mag DK, NOW | Función Muscular | 450 gr",Vitaminate,ACTIVE,duracion 60,,,Otros minerales y multiminerales,gid://shopify/TaxonomyCategory/hb-1-9-6-6-4,Multimineral Supplements,multi-mineral-MAGNESIUM+CALCIUM,alta,no,
9795202744641,calcio-raiz-de-malvavisco-corteza-de-cerezo-silvestre-de-michaels-health-apoya-la-digestion-despues-de-las-comidas-90-masticables-veganos-sabor-cereza,"Calcio, Raíz de Malvavisco, Corteza de Cerezo Silvestre de Michael's Health | Apoya la digestión después de las comidas | 90 masticables veganos Sabor Cereza",Vitaminate,ACTIVE,descuento-10,,,Calcio,gid://shopify/TaxonomyCategory/hb-1-9-6-6-1,Calcium,mineral-CALCIUM,alta,no,
9935859810625,calostro-bovino-eternal-2000-mg-300-capsulas,Calostro Bovino 2000 mg Eternal | Apoya la salud  digestiva e intestinal | 300 cápsulas,Eternal,ACTIVE,duracion 75,,,Digestivos y confort intestinal,gid://shopify/TaxonomyCategory/hb-1-9-6-4,Digestive Supplements,ai: Calostro bovino para salud digestiva e intestinal,media,si,no
9999954018625,calostro-500-mg-120-veg-caps,Calostro bovino 500 mg de Now Foods | Sistema Inmunitario y Función Intestinal | 120 Cápsulas,Vitaminate,ACTIVE,,,,Digestivos y confort intestinal,gid://shopify/TaxonomyCategory/hb-1-9-6-4,Digestive Supplements,"ai: Calostro bovino, apoyo intestinal e inmune",media,si,no
9650883723585,calostro-de-bovino-l-glutamina-870mg-bioigg-de-bioptimizado-rico-en-anticuerpos-y-factores-de-crecimiento-fortalece-el-sistema-inmunitario-y-promueve-la-reparacion-celular-100-capsulas-vegetales,"Calostro de Bovino & L-Glutamina 870mg BioIgG de Bioptimizado | Rico en anticuerpos y factores de crecimiento, fortalece el sistema inmunitario y promueve la reparación celular | 100 cápsulas vegetales",Nutrasana,ACTIVE,+18 Años | Adultos | Bioptimizado | calostro-de-bovino | Combinados temas de salud | descuento-15 | duracion 50 | Indiferente | L-glutamina | Recuperación y regeneración muscular | Sin azúcar | Sin gluten | Sin lactosa | Sistema inmunitario | Suplementos Combinados | vitadeals,,,Aminoácidos y BCAA,gid://shopify/TaxonomyCategory/hb-1-9-6-1-2,Single Amino Acid Supplements,aminoacido-individual,alta,no,
9999954051393,super-calostro-500-mg-90-veg-caps,Calostro de Now Foods 500 mg | Refuerzo de la respuesta Inmunológica | 90 cápsulas,Vitaminate,ACTIVE,,,,Defensas e inmunidad,gid://shopify/TaxonomyCategory/hb-1-9-6-4,Digestive Supplements,ai: Calostro bovino enfocado en respuesta inmunológica,media,si,no
9620562182465,acido-caprilico-500-mg-pau-d-arco-300-mg-aceite-de-oregano-200-mg-candida-support-de-now-contribuye-a-la-salud-intestinal-y-digestiva-90-capsulas-vegetales,Candida Support de Now Ácido Caprílico 500mg + Pau D'Arco 300mg + Aceite de orégano 200mg | Contribuye a la función intestinal y digestiva | 90 cápsulas vegetales,OLSEGO GROUP,ACTIVE,descuento-10 | Desintoxicación | duracion 45 | Indiferente | PRO | Salud digestiva | Salud femenina | Sistema inmunitario | Suplementos Combinados | vitadeals,,,"Ajo, orégano y antimicrobianos naturales",gid://shopify/TaxonomyCategory/hb-1-9-6-5,Herbal Supplements,"ai: Ácido caprílico, pau d'arco y orégano antimicrobianos",alta,si,no
9609217769793,enzimas-digestivas-probioticos-de-enzymedica-candidase™-fuerza-extra-disenado-para-promover-un-equilibrio-saludable-en-la-microbiota-intestinal-42-capsulas-vegetarianas,Candidase™  (equivalente Candida Support) Enzimas Digestivas + Probióticos de Enzymedica -Fuerza Extra | Diseñado para promover un equilibrio saludable en la microbiota intestinal | 42 Cápsulas Vegetarianas,OLSEGO GROUP,ACTIVE,duracion 42 | Mujer | Potenciar la energía | prebióticos y enzimas | Probioticos | Salud digestiva | Salud femenina | Sistema inmunitario,,,Probióticos,gid://shopify/TaxonomyCategory/hb-1-9-6-4-5,Probiotics,probiotico,alta,no,
9665230831937,canela-organica-y-picolinato-de-cromo-800mg-por-porcionde-5h8-nutrition-cinnamon-accion-antiinflamatoria-90-capsulas-vegetales,Canela Orgánica y Picolinato de Cromo 800mg por porciónde 5H8 Nutrition - Cinnamon | Acción Antiinflamatoria | 90 Cápsulas,5H8 Nutrition,ACTIVE,+18 Años | 5H8 Nutrition | Adultos | canela | Cromo | descuento-15 | Hierbas | Indiferente | PRO | Salud digestiva | Sin azúcar | Sin gluten | Sin lactosa | Sistema cardiovascular | Suplementos herbales | Vegano | vitadeals,,,Control de peso y metabolismo,gid://shopify/TaxonomyCategory/hb-1-9-6-5,Herbal Supplements,"ai: Canela con cromo, apoyo metabólico botánico",media,si,no
9999955624257,capsulas-vacias-vegetariana-doble-00-250-envases,"Cápsulas vacías vegetales NOW Double ""00"" 250 piezas",Vitaminate,ACTIVE,,,,,,,"ai:revisar — Cápsulas vacías: accesorio, no ingerible activo; sin nodo adecuado",revisar,si,si
9999952937281,carbon-activado-560-mg-200-veg-caps,Carbón activado de Now | Detox Natural | 200 Cápsulas,Vitaminate,ACTIVE,duracion 33,,,Detox y apoyo hepático,gid://shopify/TaxonomyCategory/hb-1-9-6-4-1,Activated Charcoal & Binders,carbon-activado,alta,no,
9999947628865,carbon-40-caps-mary-ruth-s,Carbón Activado en Cápsulas de MaryRuth’s | Detox Natural | 40 cápsulas,Vitaminate,ACTIVE,duracion 20,,,Detox y apoyo hepático,gid://shopify/TaxonomyCategory/hb-1-9-6-4-1,Activated Charcoal & Binders,carbon-activado,alta,no,
10090588635457,carbon-activado-superlabs-350mg-acompana-procesos-de-desintoxicacion-ocasional-100-capsulas,Carbón activado Superlabs 350mg | Acompaña procesos de desintoxicación ocasional | 100 cápsulas,Superlabs,ACTIVE,,,,Detox y apoyo hepático,gid://shopify/TaxonomyCategory/hb-1-9-6-4-1,Activated Charcoal & Binders,carbon-activado,alta,no,
9974925328705,carbon-activado-vegetal-de-natsa-350-mg-apoya-procesos-de-detoxificacion-digestiva-100-capsulas,Carbón activado vegetal de NATSA 350 mg | Apoya procesos de detoxificación digestiva | 100 cápsulas,Natsa,ACTIVE,,,,Detox y apoyo hepático,gid://shopify/TaxonomyCategory/hb-1-9-6-4-1,Activated Charcoal & Binders,carbon-activado,alta,no,
9803279630657,cardo-mariano-diente-de-leon-550mg-mlk-thistle-blend-de-b-life-180-capsulas,Cardo Mariano + Diente de León 550mg Mlk Thistle Blend de B-Life | 180 Cápsulas,Blife,ACTIVE,descuento-10 | vitadeals,,,Detox y apoyo hepático,gid://shopify/TaxonomyCategory/hb-1-9-6-5,Herbal Supplements,"ai: Cardo mariano con diente de león, extracto botánico hepático",alta,si,no
9799349240129,cardo-mariano-2000mg-por-porcion-de-natures-answer-propiedades-antioxidantes-y-apoyo-a-la-funcion-hepatica-detoxificacion-del-organismo-gotero-de-30-y-60ml-15-servicios,Cardo Mariano 2000mg por porción de Nature's Answer | Propiedades antioxidantes y apoyo a la función hepática - Detoxificación del organismo | Gotero de 30 y 60ml - 15 servicios,OLSEGO GROUP,ACTIVE,+18 Años | Adultos | cardo-mariano | descuento-15 | Desintoxicación | Hierbas | Indiferente | Salud digestiva | Sin azúcar | Sin gluten | Sin lactosa | Suplementos herbales | Swanson | Vegetariano,,,Detox y apoyo hepático,gid://shopify/TaxonomyCategory/hb-1-9-6-5,Herbal Supplements,ai: Extracto líquido de cardo mariano para función hepática,alta,si,no
9633288782145,cardo-mariano-500-mg-de-swanson-propiedades-hepatoprotectoras-ayudando-a-proteger-el-higado-contra-el-dano-oxidativo-y-mejorar-su-funcion-100-capsulas-vegetales,"Cardo Mariano 500 mg de Swanson | Propiedades hepatoprotectoras, ayudando a proteger el hígado contra el daño oxidativo y mejorar su función | 100 cápsulas vegetales",Superlabs,ACTIVE,+18 Años | Adultos | cardo-mariano | descuento-20 | Desintoxicación | Hierbas | Indiferente | Salud digestiva | Sin azúcar | Sin gluten | Sin lactosa | Suplementos herbales | Swanson | Vegetariano,,,Detox y apoyo hepático,gid://shopify/TaxonomyCategory/hb-1-9-6-5,Herbal Supplements,"ai: Cardo mariano en cápsulas, hierba hepatoprotectora",alta,si,no
9686364094785,cardo-mariano-500mg-de-adapto-heal-crdm-formulado-para-promover-la-detoxificacion-del-higado-y-apoyar-la-funcion-hepatica-150-capsulas-vegetales,Cardo Mariano 500mg de Adapto Heal CRDM | Formulado para promover la detoxificación del hígado y apoyar la función hepática | 150 Cápsulas Vegetales,AdaptoHeal,ACTIVE,+18 Años | AdaptoHeal | Adultos | cardo-mariano | Desintoxicación | Hierbas | Indiferente | PRO | Salud digestiva | Sin azúcar | Sin gluten | Sin lactosa | Suplementos herbales | Vegetariano | vitadeals,,,Detox y apoyo hepático,gid://shopify/TaxonomyCategory/hb-1-9-6-5,Herbal Supplements,"ai: Cardo mariano cápsulas, apoyo hepático",alta,si,no
9625283887425,cardo-mariano-700mg-diente-de-leon-250mg-de-swanson-proporciona-bienestar-digestivo-y-desintoxicacion-120-capsulas-vegetales,Cardo Mariano 700mg + Diente de León 250mg de Swanson | Proporciona Bienestar Digestivo y Desintoxicación | 120 cápsulas vegetales,Superlabs,ACTIVE,+18 Años | Adultos | cardo-mariano | descuento-10 | Desintoxicación | Hierbas | Indiferente | Salud digestiva | Sin azúcar | Sin gluten | Sin lactosa | Suplementos herbales | Swanson | Vegano | Vegetariano,,,Detox y apoyo hepático,gid://shopify/TaxonomyCategory/hb-1-9-6-5,Herbal Supplements,"ai: Cardo mariano con diente de león, hierbas detox",alta,si,no
10031973433665,cardo-mariano-de-briah-apoyo-a-la-funcion-hepatica-60-capsulas,Cardo Mariano de Briah | Apoyo a la Función Hepática | 60 Cápsulas,OLSEGO GROUP,ACTIVE,,,,Detox y apoyo hepático,gid://shopify/TaxonomyCategory/hb-1-9-6-5,Herbal Supplements,ai: Cardo mariano en cápsulas para función hepática,alta,si,no
9975666671937,cardo-mariano-de-natsa-500-mg-detox-hepatico-100-capsulas,Cardo Mariano de Natsa 1000 mg | Detox Hepático | 100 cápsulas,Natsa,ACTIVE,PRO,,,Detox y apoyo hepático,gid://shopify/TaxonomyCategory/hb-1-9-6-5,Herbal Supplements,"ai: Cardo mariano 1000 mg, hierba hepática",alta,si,no
9999947202881,cardo-mariano-organico-liquido-1-fl-oz-30ml-mary-ruth-s,"Cardo Mariano Orgánico Líquido, MaryRuth’s,|  Apoyo hepático y antioxidante| 30 ml",Vitaminate,ACTIVE,duracion 30,,,Detox y apoyo hepático,gid://shopify/TaxonomyCategory/hb-1-9-6-5,Herbal Supplements,ai: Extracto líquido orgánico de cardo mariano,alta,si,no
10090615046465,cardo-mariano-superlabs-500mg-aporta-antioxidantes-de-origen-vegetal-100-capsulas,Cardo Mariano Superlabs 500mg | Aporta antioxidantes de origen vegetal | 100 cápsulas,Superlabs,ACTIVE,,,,Detox y apoyo hepático,gid://shopify/TaxonomyCategory/hb-1-9-6-5,Herbal Supplements,"ai: Cardo mariano 500 mg, extracto vegetal",alta,si,no
9796163076417,cardo-mariano-raiz-de-diente-de-leon-y-lecitina-1715mg-vitaminas-de-michaels-health-apoyo-integral-para-el-bienestar-hepatico-y-digestivo-60-tabletas-vegetarianas,"Cardo mariano, Raíz de diente de león y Lecitina 1715mg + Vitaminas de Michael's Health | Estimula el metabolismo de grasas y toxinas | 60 tabletas vegetarianas",Vitaminate,ACTIVE,descuento-10,,,Detox y apoyo hepático,gid://shopify/TaxonomyCategory/hb-1-9-6-5,Herbal Supplements,ai: Base herbal de cardo mariano y diente de león; vitaminas secundarias,media,si,no
9975707992385,carnitina-1200-mg-de-supplement-factory-favorece-la-produccion-de-energia-celular-60-capsulas,Carnitina 1200 mg de Supplement Factory | Energía celular  | 60 cápsulas,Natsa,ACTIVE,duracion 30,,,Aminoácidos y BCAA,gid://shopify/TaxonomyCategory/hb-1-9-6-1-2,Single Amino Acid Supplements,"ai: L-carnitina, aminoácido único en cápsulas",alta,si,no
9796543840577,cascara-de-nuez-negra-semillas-de-calabaza-clavo-y-otras-hierbas-2620mg-de-michaels-health-disenado-para-promover-un-apoyo-digestivo-integral-y-la-eliminacion-de-toxinas-60-capsulas-veganas,"Cáscara de Nuez Negra, Semillas de Calabaza, Clavo y otras Hierbas 2620mg de Michael's Health | Diseñado para promover un apoyo digestivo integral y la eliminación de toxinas | 60 Cápsulas Veganas",Vitaminate,ACTIVE,descuento-10,,,Digestivos y confort intestinal,gid://shopify/TaxonomyCategory/hb-1-9-6-5,Herbal Supplements,"ai: Mezcla herbal (nuez negra, clavo) para apoyo digestivo",media,si,no
9999955689793,cascaras-de-psyllium-enteras-12-oz-340gr,Cáscara de psyllium entera de Now | Fibra soluble | 340 g,Vitaminate,ACTIVE,duracion 30,,,Fibra y prebióticos,gid://shopify/TaxonomyCategory/hb-1-9-6-4-4,Prebiotics & Fiber,fibra-prebiotico,alta,no,
9633082868033,cascara-premium-de-psyllium-610mg-de-swanson-bienestar-digestivo-favorece-la-regularidad-intestinal-100-capsulas-vegetales,Cáscara Premium de Psyllium 610mg de Swanson | Bienestar Digestivo - Favorece la regularidad intestinal | 100 cápsulas vegetales,Superlabs,ACTIVE,+18 Años | Adultos | Control del peso | descuento-20 | Hierbas | Indiferente | psyllium-husk | Salud digestiva | Sin azúcar | Sin lactosa | Suplementos herbales | Swanson | Vegetariano,,,Fibra y prebióticos,gid://shopify/TaxonomyCategory/hb-1-9-6-4-4,Prebiotics & Fiber,fibra-prebiotico,alta,no,
9635100590401,cascara-sagrada-270mg-de-natures-way-para-el-bienestar-digestivo-y-la-detoxificacion-100-capsulas-veganas,Cascara Sagrada 270mg de Nature's Way  para el Bienestar Digestivo y la Detoxificación | 100 cápsulas veganas,OLSEGO GROUP,ACTIVE,+18 Años | Adultos | cascara-sagrada | descuento-10 | Desintoxicación | Hierbas | Indiferente | Natures Way | Salud digestiva | Sin azúcar | Sin gluten | Sin lactosa | Suplementos herbales | Vegano | Vegetariano,,,Digestivos y confort intestinal,gid://shopify/TaxonomyCategory/hb-1-9-6-5,Herbal Supplements,"ai: Cáscara sagrada, hierba de apoyo digestivo",alta,si,no
9687506813249,castano-de-indias-500mg-de-adapto-heal-apoyo-cardiovascular-circulacion-sanguinea-150-capsulas-vegetales,"Castaño de Indias 500mg de Adapto Heal | Apoyo Cardiovascular, Circulación Sanguínea | 150 Cápsulas Vegetales",AdaptoHeal,ACTIVE,+18 Años | AdaptoHeal | Adultos | castano-de-indias | Cuidado del cabello | Hierbas | Indiferente | piel y uñas | Sin azúcar | Sin gluten | Sin lactosa | Sistema cardiovascular | Suplementos herbales | Vegano | vitadeals | Vitamina C,,,Salud cardiovascular y circulación,gid://shopify/TaxonomyCategory/hb-1-9-6-5,Herbal Supplements,"ai: Castaño de indias, hierba para circulación venosa",alta,si,no
9999954870593,cayena-500-mg-100-veg-caps,Cayena 500 mg de Now | Digestión y Circulación |  100 Cápsulas Veganas,Vitaminate,ACTIVE,,,,Hierbas y extractos botánicos,gid://shopify/TaxonomyCategory/hb-1-9-6-5,Herbal Supplements,"ai: Cayena en cápsulas, extracto botánico multiuso",media,si,no
9621445640513,centella-asiatica-de-espectro-completo-435-mg-de-swanson-favorece-la-circulacion-saguinea-aumentando-la-energia-y-vitalidad-60-capsulas-vegetales,"Centella Asiática de Espectro Completo 435 mg de Swanson | Favorece la circulación saguínea, aumentando la energía y vitalidad | 60 cápsulas vegetales",Superlabs,ACTIVE,+18 Años | Adultos | centella-asiatica | descuento-25 | Hierbas | Indiferente | Potenciar la energía | Sin azúcar | Sin gluten | Sin lactosa | Suplementos herbales | Swanson | Vegano | Vegetariano,,,Salud cardiovascular y circulación,gid://shopify/TaxonomyCategory/hb-1-9-6-5,Herbal Supplements,"ai: Centella asiática, hierba orientada a circulación",media,si,no
9992076525889,ceramidas-myoceram®-eternalyoung®-acido-r-lipoico-dmae-acido-hialuronico-astaxantina-vitamia-a-b5-c-y-e-zinc-glasskin-de-cellx-60-capsulas,"Ceramidas Myoceram®, Eternalyoung®, Ácido R Lipoico, DMAE, Ácido Hialurónico, Astaxantina, Vitamia A, B5, C y E, Zinc | GlasSkin  de Cellx | 60 Cápsulas",Cellx,ACTIVE,duracion 30 | vitadeals,,,Zinc,gid://shopify/TaxonomyCategory/hb-1-9-6-6-5,Zinc,mineral-ZINC,alta,no,
9633132478785,ceramidas-restauradoras-de-la-piel-350mg-de-life-extension-contribuye-a-mejorar-la-hidratacion-de-la-piel-30-capsulas-liquidas-vegetarianas,Ceramidas restauradoras de la piel 350mg de Life Extension | Contribuye a mejorar la hidratación de la piel | 30 cápsulas líquidas vegetarianas,Vitaminate,ACTIVE,+18 Años | Adultos | Cabello | combinados-de-hierbas | duracion 30 | Indiferente | Life Extension | Longevidad y vitalidad | piel y uñas | Sin azúcar | Sin gluten | Sin lactosa | Vegetariano,,,"Belleza: cabello, piel y uñas",gid://shopify/TaxonomyCategory/hb-1-9-6-5,Herbal Supplements,ai: Ceramidas vegetales ingeribles para hidratación cutánea,media,si,no
9686557393217,chitosan-500mg-de-adapto-heal-fibra-natural-para-el-control-de-peso-metabolismo-saludable-150-capsulas-vegetales,Chitosan 500mg de Adapto Heal - Fibra Natural para el Control de Peso - Metabolismo Saludable | 150 Cápsulas Vegetales,AdaptoHeal,ACTIVE,+18 Años | AdaptoHeal | Adultos | Control del peso | Extracto de chitosán | Hierbas | Indiferente | Sin azúcar | Sin gluten | Sin lactosa | Suplementos herbales | Vegano | vitadeals,,,Fibra y prebióticos,gid://shopify/TaxonomyCategory/hb-1-9-6-4-4,Prebiotics & Fiber,fibra-prebiotico,alta,no,
9999952838977,clorela-1000-mg-120-tabs,Chlorella de Now Foods | Favorece procesos naturales de desintoxicación | 120 Tabletas,Vitaminate,ACTIVE,duracion 40,,,Superalimentos y verdes,gid://shopify/TaxonomyCategory/hb-1-9-6-5,Herbal Supplements,"ai: Chlorella, alga verde en tabletas",alta,si,no
9633186709825,citicolina-cdp-250g-de-life-extension-apoya-la-funcion-cognitiva-promoviendo-la-concentracion-y-memoria-60-capsulas-vegetarianas,"Citicolina CDP 250g de Life Extension | Apoya la función Cognitiva, promoviendo la concentración y memoria | 60 cápsulas vegetarianas",Vitaminate,ACTIVE,+18 Años | Adultos | colina | Concentración | duracion 60 | Indiferente | Life Extension | memoria y atención | Sin azúcar | Sin gluten | Sin lactosa | Vegano | Vegetariano | Vitaminas,,,Memoria y concentración,gid://shopify/TaxonomyCategory/hb-1-9-6,Vitamins & Supplements,"ai: Citicolina, nootrópico para función cognitiva",alta,si,no
9803347231041,citrato-de-magnesio-en-polvo-citrate-mag-polvo-de-b-life-600-g-limonada-de-frambuesa,Citrate Mag B Life Citrato de Magnesio y Colágeno | Polvo 600g,Blife,ACTIVE,duracion 60 | vitadeals,,,Colágeno,gid://shopify/TaxonomyCategory/hb-1-9-6-2,Collagen,colageno,alta,no,
9769350070593,citrato-de-calcio-1000mg-de-kal-con-hoja-de-berro-diente-de-leon-y-extracto-de-perejil-fortalecimiento-de-huesos-y-dientes-funcion-muscular-120-capsulas,"Citrato de Calcio 1000mg de KAL con Hoja de Berro, Diente de León y Extracto de Perejil | Apoyo Óseo | 120 Cápsulas Vegetales",Fresh Vitamins,ACTIVE,descuento-10 | duracion 30 | PRO,,,Calcio,gid://shopify/TaxonomyCategory/hb-1-9-6-6-1,Calcium,mineral-CALCIUM,alta,no,
9617400463681,citrato-de-calcio-500mg-de-natures-way-contribuye-a-fortalecer-los-huesos-y-las-articulaciones-100-capsulas-veganas,Citrato de Calcio 500mg de Nature's Way  | Contribuye a fortalecer los huesos y las articulaciones | 100 cápsulas veganas,Vitaminate,ACTIVE,+18 Años | Adultos | descuento-10 | duracion 50 | Indiferente | Minerales | Natures Way | Recuperación y regeneración muscular | Salud cognitiva | Sin azúcar | Sin gluten | Sin lactosa | Sistema cardiovascular | Vegano | Vegetariano,,,Calcio,gid://shopify/TaxonomyCategory/hb-1-9-6-6-1,Calcium,mineral-CALCIUM,alta,no,
9629969187137,citrato-de-magnesio-calcio-potasio-max-hydrate-endurance-de-trace-minerals-disenada-para-mantenerte-hidratado-y-con-energia-durante-tus-actividades-de-resistencia-10-tabletas,Citrato de Magnesio + Calcio + Potasio Max-Hydrate Endurance de Trace Minerals | Rehidrata tras ejercicio intenso | 10 tabletas,Superlabs,ACTIVE,+18 Años | Adultos | Calcio | Citrato de Magnesio | Combinado de minerales | descuento-10 | duracion 10 | Indiferente | Minerales | Potasio | Potenciar la energía | Sin azúcar | Sin gluten | Sin lactosa | Trace Minerals | Vegano | Vegetariano | vitadeals,,,Potasio y electrolitos,gid://shopify/TaxonomyCategory/hb-1-9-6-6-4,Multimineral Supplements,"ai: Combina magnesio, calcio y potasio para rehidratación electrolítica",alta,si,no
9797477368129,citrato-de-magnesio-fibra-prebiotica-4g-por-porcion-de-entera-pharma-polvo-de-360g-sabor-limon-frambuesa-85-porciones,Citrato de Magnesio + Fibra Prebiótica 4g por porción de Entera Pharma | Polvo de 360g Sabor Limón Frambuesa - 85 porciones,Entera,ACTIVE,descuento-20 | duracion 85,,,Fibra y prebióticos,gid://shopify/TaxonomyCategory/hb-1-9-6-4-4,Prebiotics & Fiber,fibra-prebiotico,alta,no,
9978784743745,citrato-de-magnesio-de-briah-energia-celular-60-capsulas-blandas,Citrato de Magnesio 1000 mg por porción de Briah | Energía Celular | 60 cápsulas blandas,OLSEGO GROUP,ACTIVE,duracion 30,,,Magnesio,gid://shopify/TaxonomyCategory/hb-1-9-6-6-3,Magnesium,mineral-MAGNESIUM,alta,no,
9649240801601,citrato-de-magnesio-1000mg-por-porcion-de-natsa-contribuye-en-la-funcion-muscular-y-de-los-huesos-100-capsulas-vegetales,Citrato de magnesio 1000mg por porción de Natsa | Contribuye en la Función Muscular y de los Huesos | 100 cápsulas vegetales,Natsa,ACTIVE,+18 Años | Adultos | citrato-de-magnesio | duracion 50 | Indiferente | Minerales | Natsa | Potenciar la energía | PRO | Sin azúcar | Sin gluten | Sin lactosa | Sistema cardiovascular | Sueño y descanso | Vegetariano,,,Magnesio,gid://shopify/TaxonomyCategory/hb-1-9-6-6-3,Magnesium,mineral-MAGNESIUM,alta,no,
9600969638209,citrato-de-magnesio-100mg-de-life-extension-apoyo-cardiovascular-y-muscular-100-capsulas-vegetarianas,Citrato de Magnesio 100mg de Life Extension | Apoyo Cardiovascular y Muscular | 100 cápsulas vegetarianas,OLSEGO GROUP,ACTIVE,+18 Años | Adultos | citrato-de-magnesio | descuento-10 | duracion 100 | Indiferente | Life Extension | Minerales | PRO | Recuperación y regeneración muscular | Salud digestiva | Sin azúcar | Sin gluten | Sin lactosa | Sistema cardiovascular | Sueño y descanso | Vegano | Vegetariano,,,Magnesio,gid://shopify/TaxonomyCategory/hb-1-9-6-6-3,Magnesium,mineral-MAGNESIUM,alta,no,
9649465196865,citrato-de-magnesio-250mg-de-flow-supplements-por-porcion-1500mg-apoyo-de-la-funcion-y-fortalecimiento-oseo-y-muscular-90-capsulas-vegetales,"Citrato de Magnesio 250mg de Flow Supplements, por porción 1500mg |  Apoyo de la función y fortalecimiento óseo y muscular | 90 cápsulas vegetales",Flow Supplements,ACTIVE,descuento-20 | duracion 30 | Flow Supplement | Indiferente | Minerales | Potenciar la energía | Sistema cardiovascular | Sueño y descanso | vitadeals,,,Magnesio,gid://shopify/TaxonomyCategory/hb-1-9-6-6-3,Magnesium,mineral-MAGNESIUM,alta,no,
9649408540993,citrato-de-magnesio-3g-por-porcion-de-natsa-fortalecimiento-muscular-y-oseo-presentacion-en-bolsa-de-1kg-y-500g-sabor-natural,Citrato de Magnesio 3g por porción de Natsa | Fortalecimiento Muscular y Óseo | Presentación en bolsa de 1kg y 500g - Sabor Natural,Natsa,ACTIVE,+18 Años | Adultos | Ansiedad y estrés | citrato-de-magnesio | duracion 166 | Indiferente | Minerales | Natsa | Recuperación y regeneración muscular | Sin azúcar | Sin gluten | Sin lactosa | Sistema cardiovascular | Sueño y descanso | Vegano,,,Magnesio,gid://shopify/TaxonomyCategory/hb-1-9-6-6-3,Magnesium,mineral-MAGNESIUM,alta,no,
9594357186881,citrato-de-magnesio-400-mg-de-now-foods-apoyo-al-sistema-nervioso-y-energia-90-y-120-capsulas-vegetarianas,Citrato de Magnesio 400 mg de NOW Foods | Apoyo al Sistema Nervioso y Energía | 90 Y 120 cápsulas vegetarianas,OLSEGO GROUP,ACTIVE,+18 Años | Adultos | Ansiedad y estrés | citrato-de-magnesio | descuento-25 | duracion 90 | Indiferente | Minerales | NOW Foods | Potenciar la energía | PRO | Salud digestiva | Sin azúcar | Sin gluten | Sin lactosa | Vegano | Vegetariano,,,Magnesio,gid://shopify/TaxonomyCategory/hb-1-9-6-6-3,Magnesium,mineral-MAGNESIUM,alta,no,
9922286453057,magnesio-citrato-400-mg-para-energia-y-relajacion-muscular-nutravia-90-capsulas,Citrato de Magnesio 400 mg de Nutravia | Energía y Relajación Muscular |  90 y 180 Cápsulas,Fresh Vitamins,ACTIVE,duracion 30,,,Magnesio,gid://shopify/TaxonomyCategory/hb-1-9-6-6-3,Magnesium,mineral-MAGNESIUM,alta,no,
9999951364417,citrato-de-magnesio-400mg-240-veg-caps,Citrato de Magnesio 400mg | Función Muscular y Sistema Nervioso| 240 Cápsulas,Vitaminate,ACTIVE,,,,Magnesio,gid://shopify/TaxonomyCategory/hb-1-9-6-6-3,Magnesium,mineral-MAGNESIUM,alta,no,
10090521002305,citrato-de-magnesio-500-mg-superlabs-apoya-el-equilibrio-metabolico-100-capsulas,Citrato de Magnesio 500 mg Superlabs | Apoya el equilibrio metabólico | 100 cápsulas,Superlabs,ACTIVE,,,,Magnesio,gid://shopify/TaxonomyCategory/hb-1-9-6-6-3,Magnesium,mineral-MAGNESIUM,alta,no,
9686489825601,citrato-de-magnesio-500mg-de-adapto-heal-promueve-la-relajacion-muscular-ayuda-a-reducir-calambres-y-tensiones-150-capsulas-vegetales,Citrato de Magnesio 500mg de Adapto Heal | Promueve la relajación muscular - Ayuda a reducir calambres y tensiones | 150 Cápsulas Vegetales,AdaptoHeal,ACTIVE,+18 Años | AdaptoHeal | Adultos | Citrato de Magnesio | duracion 75 | Indiferente | Minerales | Potenciar la energía | Sin azúcar | Sin gluten | Sin lactosa | Sistema cardiovascular | Sueño y descanso | Vegano | vitadeals,,,Magnesio,gid://shopify/TaxonomyCategory/hb-1-9-6-6-3,Magnesium,mineral-MAGNESIUM,alta,no,
9645290127681,citrato-de-magnesio-84mg-en-gomitas-de-trace-minerals-fortalece-el-sistema-cardiovascular-e-inmunologico-120-gomitas-sabores-mandarina-sandia-y-durazno,"Citrato de Magnesio 84mg en Gomitas de Trace Minerals | Fortalece el Sistema Cardiovascular e Inmunológico | 120 gomitas, Sabores: Mandarina, Sandía y Durazno",Vitaminate,ACTIVE,3 a 10 Años | Ansiedad y estrés | citrato-de-magnesio | duracion 120 | Indiferente | Minerales | Niños | Recuperación y regeneración muscular | Sin gluten | Sin lactosa | Sistema cardiovascular | Sistema inmunitario | Trace Minerals,,,Magnesio,gid://shopify/TaxonomyCategory/hb-1-9-6-6-3,Magnesium,mineral-MAGNESIUM,alta,no,
9644577915201,citrato-de-magnesio-en-polvo-300mg-de-designs-for-health-promueve-un-bienestar-intestinal-de-relajacion-y-regularidad-favorece-el-buen-descanso-240g-sabor-a-limon,Citrato de Magnesio en Polvo 300mg de Designs For Health | Promueve un Bienestar Intestinal de Relajación y Regularidad - Favorece el buen descanso | 240g Sabor a Limón,OLSEGO GROUP,ACTIVE,+18 Años | Adultos | citrato-de-magnesio | Designs for health | duracion 60 | Indiferente | Minerales | Potenciar la energía | Sin azúcar | Sin gluten | Sin lactosa | Sueño y descanso | Vegetariano,,,Magnesio,gid://shopify/TaxonomyCategory/hb-1-9-6-6-3,Magnesium,mineral-MAGNESIUM,alta,no,
9633503510849,citrato-de-magnesio-en-polvo-630-mg-de-swanson-promueve-la-relajacion-muscular-y-ayuda-en-la-absorcion-de-calcio-244g-sin-sabor,"Citrato de Magnesio en Polvo 630 mg de Swanson | Promueve la relajación muscular, y ayuda en la absorción de calcio | 244g sin sabor",Vitaminate,ACTIVE,+18 Años | Adultos | citrato-de-magnesio | descuento-15 | duracion 58 | Indiferente | Minerales | Recuperación y regeneración muscular | Sin azúcar | Sin gluten | Sin lactosa | Swanson | Vegetariano,,,Otros minerales y multiminerales,gid://shopify/TaxonomyCategory/hb-1-9-6-6-4,Multimineral Supplements,multi-mineral-MAGNESIUM+CALCIUM,alta,no,
10091683578177,citrato-de-potasio-en-polvo-apoyo-al-sistema-nervioso-500-gr,Citrato de Magnesio en Polvo | Apoyo al Sistema Nervioso | 500 gr,Superlabs,ACTIVE,,,,Magnesio,gid://shopify/TaxonomyCategory/hb-1-9-6-6-3,Magnesium,mineral-MAGNESIUM,alta,no,
9606669828417,citrato-de-magnesio-quelado-magno-cit-matter-820-mg-bienestar-muscular-y-nervioso-120-capsulas-vegetales,Citrato de Magnesio Quelado Magno-Cit Matter 820 mg | Bienestar Muscular y Nervioso | 120 Cápsulas Vegetales,You Matter,ACTIVE,+18 Años | Adultos | citrato-de-magnesio | descuento-15 | duracion 40 | Indiferente | Minerales | Potenciar la energía | PRO | Salud digestiva | Sin azúcar | Sin gluten | Sueño y descanso | Vegano | You Matter,,,Magnesio,gid://shopify/TaxonomyCategory/hb-1-9-6-6-3,Magnesium,mineral-MAGNESIUM,alta,no,
9609728459073,citrato-de-magnesio-y-potasio-multivitaminico-con-aminoacidos-de-vitativa-vulcano-metabolic-disenado-para-contribuir-en-las-deficiencias-nutricionales-presentacion-de-230g-con-diferentes-sabores,"Citrato de Magnesio y Potasio, Multivitamínico con Aminoácidos de Vitativa - Vulcano Metabolic | Diseñado para contribuir en las deficiencias nutricionales | Presentación de 300g con diferentes sabores",Vitativa,ACTIVE,+18 Años | Adultos | complejo-vitamina-b | Control del peso | duracion 40 | Ganancia de masa muscular | Indiferente | Longevidad y vitalidad | Potenciar la energía | Sin azúcar | Sin gluten | Sin lactosa | Sistema inmunitario | Vegetariano | Vitaminas | Vitativa,,,Multivitamínicos,gid://shopify/TaxonomyCategory/hb-1-9-6-7,Multivitamin Supplements,multivitaminico-explicito,alta,no,
9647376597313,citrate-mag-citrato-de-magnesio-2400-mg-por-porcion,Citrato de Magnesio | B-Life | Fortalecimiento Óseo | 240 cápsulas,Blife,ACTIVE,+18 Años | Adultos | articulaciones y cartílago | B-Life | citrato-de-magnesio | descuento-15 | duracion 80 | Fortalecimiento de huesos | Ganancia de masa muscular | Indiferente | Minerales | PRO | Recuperación y regeneración muscular | Salud digestiva | Sin azúcar | Sin gluten | Sin lactosa | Sistema cardiovascular | Vegetariano | vitadeals,,,Magnesio,gid://shopify/TaxonomyCategory/hb-1-9-6-6-3,Magnesium,mineral-MAGNESIUM,alta,no,
9649472405825,citrato-de-potasio-proteina-de-soya-citrato-de-magnesio-1000mg-por-porcion-de-flow-supplements-apoya-la-funcion-renal-y-muscular-apoyando-la-contraccion-y-relajacion-adecuadas-de-los-musculos-90-capsulas-vegetales,"Citrato de Potasio + Proteína de soya + Citrato de Magnesio 1000mg por porción de Flow Supplements | Apoya la función renal y muscular, apoyando la contracción y relajación adecuadas de los músculos | 90 cápsulas vegetales",Flow Supplements,ACTIVE,descuento-20 | duracion 45 | Flow Supplement | Indiferente | Minerales | Recuperación y regeneración muscular | Salud digestiva | vitadeals,,,Otros minerales y multiminerales,gid://shopify/TaxonomyCategory/hb-1-9-6-6-4,Multimineral Supplements,multi-mineral-MAGNESIUM+OTHER,alta,no,
9649263575361,citrato-de-potasio-1000mg-por-porcion-de-natsa-regula-la-presion-arterial-equilibrio-de-electrolitos-100-capsulas-vegetales,Citrato de Potasio 1000mg por porción de Natsa | Regula la Presión Arterial - Equilibrio de Electrolitos | 100 cápsulas vegetales,Natsa,ACTIVE,+18 Años | Adultos | Citrato de potasio | descuento-10 | duracion 50 | gluconato-de-potasio | Indiferente | Minerales | Natsa | PRO | Recuperación y regeneración muscular | Sin azúcar | Sin gluten | Sin lactosa | Sistema cardiovascular | Vegetariano,,,Potasio y electrolitos,gid://shopify/TaxonomyCategory/hb-1-9-6-6,Minerals,ai: Citrato de potasio como mineral único,alta,si,no
9649412374849,citrato-de-potasio-3000mg-por-porcion-de-natsa-apoyo-cardiovascular-y-vitalidad-bolsa-de-1kg-y-500g,Citrato de Potasio 3000 mg por porción de NATSA | Suplemento Mineral 100 % Puro | Bolsa de 1 kg y 500 g,Natsa,ACTIVE,+18 Años | Adultos | Citrato de potasio | descuento-10 | duracion 333 | gluconato-de-potasio | Indiferente | Minerales | Natsa | Recuperación y regeneración muscular | Sin azúcar | Sin gluten | Sin lactosa | Sistema cardiovascular | Vegano,,,Potasio y electrolitos,gid://shopify/TaxonomyCategory/hb-1-9-6-6,Minerals,ai: Citrato de potasio puro en polvo,alta,si,no
9606453297473,citrato-de-potasio-500mg-de-vida-labs-apoya-la-funcion-muscular-ayudando-a-prevenir-calambres-y-favoreciendo-la-contraccion-y-relajacion-muscular-60-capsulas-vegetales,"Citrato de Potasio 500mg de VidaLabs |  Apoya la función muscular, ayudando a prevenir calambres y favoreciendo la contracción y relajación muscular | 60 Cápsulas Vegetales",Wohl/VidaLabs,ACTIVE,+18 Años | Adultos | duracion 30 | gluconato-de-potasio | Indiferente | Minerales | Recuperación y regeneración muscular | Sin azúcar | Sin gluten | Sin lactosa | Sistema cardiovascular | Vegetariano | VidaLabs | vitadeals,,,Potasio y electrolitos,gid://shopify/TaxonomyCategory/hb-1-9-6-6,Minerals,"ai: Citrato de potasio en cápsulas, mineral único",alta,si,no
9616390291777,citrato-de-potasio-99-mg-apoyo-al-balance-electrolitico-y-contraccion-muscular-180-capsulas-veganas,Citrato de Potasio 99 mg de NOW Foods | Apoyo al Balance Electrolítico y Contracción Muscular | 180 Cápsulas Veganas,Vitaminate,ACTIVE,+18 Años | Adultos | descuento-10 | duracion 180 | gluconato-de-potasio | Indiferente | Minerales | NOW Foods | PRO | Recuperación y regeneración muscular | Sin azúcar | Sin gluten | Sin lactosa | Sistema cardiovascular | Vegano | Vegetariano,,,Potasio y electrolitos,gid://shopify/TaxonomyCategory/hb-1-9-6-6,Minerals,"ai: Citrato de potasio, balance electrolítico",alta,si,no
9619169968449,citrato-de-potasio-99-mg-de-swanson-apoya-la-funcion-muscular-ayudando-a-prevenir-calambres-y-mejorando-el-rendimiento-fisico-120-capsulas-vegetales,"Citrato de Potasio 99 mg de Swanson  | Apoya la función muscular, ayudando a prevenir calambres y mejorando el rendimiento físico | 120 cápsulas vegetales",Vitaminate,ACTIVE,+18 Años | Adultos | duracion 120 | gluconato-de-potasio | Indiferente | Minerales | Potenciar la energía | Recuperación y regeneración muscular | Sin azúcar | Sin gluten | Sin lactosa | Sistema cardiovascular | Swanson | Vegano | Vegetariano,,,Potasio y electrolitos,gid://shopify/TaxonomyCategory/hb-1-9-6-6,Minerals,ai: Citrato de potasio en cápsulas vegetales,alta,si,no
9661655515457,citrato-de-potasio-suplemento-salud-renal-muscular,Citrato de Potasio de B Life | Fortalecimiento Muscular | 240 cápsulas,Blife,ACTIVE,+18 Años | Adultos | B-Life | Citrato de potasio | descuento-15 | duracion 120 | Indiferente | Minerales | Recuperación y regeneración muscular | Salud digestiva | Sin azúcar | Sin gluten | Vegetariano | vitadeals,,,Potasio y electrolitos,gid://shopify/TaxonomyCategory/hb-1-9-6-6,Minerals,ai: Citrato de potasio como mineral único,alta,si,no
10122160013633,citrato-de-potasio-en-polvo-superlabs-apoya-el-equilibrio-de-electrolitos-bienestar-muscular-polvo-500-mg-1,"Citrato de Potasio en Polvo Superlabs | Apoya el equilibrio de electrolitos, bienestar muscular | Polvo 500 mg",Superlabs,ACTIVE,,,,Potasio y electrolitos,gid://shopify/TaxonomyCategory/hb-1-9-6-6,Minerals,"ai: Citrato de potasio en polvo, mineral único",alta,si,no
10090617602369,citrato-de-potasio-superlabs-500mg-apoya-la-funcion-muscular-y-nerviosa-100-capsulas,Citrato de Potasio Superlabs 500mg | Apoya la función muscular y nerviosa | 100 cápsulas,Superlabs,ACTIVE,,,,Potasio y electrolitos,gid://shopify/TaxonomyCategory/hb-1-9-6-6,Minerals,ai: Citrato de potasio en cápsulas,alta,si,no
9935578562881,citrato-de-potasio-y-magnesio-eternal-1300-mg-200-capsulas,Citrato de Potasio y Magnesio 1300 mg Eternal Nutrition | Contribuye a la recuperación física post-ejercicio | 200 cápsulas,Eternal,ACTIVE,duracion 100 | vitadeals,,,Otros minerales y multiminerales,gid://shopify/TaxonomyCategory/hb-1-9-6-6-4,Multimineral Supplements,multi-mineral-MAGNESIUM+OTHER,alta,no,
9797484642625,citrato-de-zinc-selenio-de-metionina-y-vitamina-c-en-una-matriz-de-fibra-prebiotica-400mg-de-entera-pharma-apoya-la-funcion-del-sistema-inmunologico-60-tabletas-vegetarianas,"Citrato de Zinc, Selenio de metionina y Vitamina C en una matriz de fibra prebiótica 400mg de Entera Pharma | Apoya la función del sistema inmunológico | 60 tabletas vegetarianas",Entera,ACTIVE,duracion 60,,,Zinc,gid://shopify/TaxonomyCategory/hb-1-9-6-6-5,Zinc,ai: Citrato de zinc protagonista; selenio y vitamina C secundarios,media,si,no
9639026229569,citrato-oxido-y-gluconato-de-magnesio-mora-azul-600mg-magnifico-de-wu-nutrition-contribuye-a-mejorar-la-calidad-del-sueno-fortalecer-los-huesos-y-facilitar-una-digestion-mas-eficiente-120-capsulas-vegetales,"Citrato, Óxido y Gluconato de Magnesio + Mora azul 600mg Magnífico de WU Nutrition | Contribuye a mejorar la calidad del sueño,  fortalecer los huesos y facilitar una digestión más eficiente | 120 cápsulas vegetales",WU Nutrition,ACTIVE,+18 Años | Adultos | citrato-de-magnesio | Combinados de Magnesio | duracion 60 | Gluconato de Magnesio | Indiferente | Salud digestiva | Sin azúcar | Sin gluten | Sueño y descanso | Suplementos Combinados | WU Nutrition | Óxido de Magnesio,,,Magnesio,gid://shopify/TaxonomyCategory/hb-1-9-6-6-3,Magnesium,mineral-MAGNESIUM,alta,no,
9666445738305,cla-acido-linoleico-conjugado-2000mg-por-porcion-de-5h8-nutrition-promueve-la-funcion-metabolica-accion-antioxidante-y-antiinflamatoria-90-capsulas-vegetales,CLA (Ácido Linoleico Conjugado) 2000mg por porción de 5H8 Nutrition | Promueve la función Metabólica - Acción Antioxidante y Antiinflamatoria | 90 Cápsulas,5H8 Nutrition,ACTIVE,+18 Años | 5H8 Nutrition | Adultos | descuento-15 | duracion 45 | Indiferente | omega-6 | Sin azúcar | Sin gluten | Sin lactosa | Sistema inmunitario | Vegano | vitadeals | Ácidos grasos y omegas,,,Control de peso y metabolismo,gid://shopify/TaxonomyCategory/hb-1-9-7-1,Weight Loss Supplements,"ai: CLA, ácido linoleico conjugado para apoyo metabólico",alta,si,no
9664820478273,cla-l-carnitina-4500mg-por-porcion-disenado-para-potenciar-la-accion-termogenica-del-cuerpo-90-capsulas-blandas,CLA + L-Carnitina 4500mg por porción 5H8 Nutrition | Diseñado para potenciar la acción termogénica del cuerpo | 90 Cápsulas Blandas,5H8 Nutrition,ACTIVE,+18 Años | 5H8 Nutrition | Adultos | Control del peso | descuento-15 | duracion 30 | Ganancia de masa muscular | Indiferente | L-carnitina | omega-6 | Sin azúcar | Sin gluten | Sin lactosa | vitadeals | Ácidos grasos y omegas,,,Aminoácidos y BCAA,gid://shopify/TaxonomyCategory/hb-1-9-6-1-2,Single Amino Acid Supplements,aminoacido-individual,alta,no,
9983069716801,cla-1000-mg-acido-linoleico-conjugado-natsa-contribuye-al-mantenimiento-metabolico-saludable-100-capsulas-blandas,"CLA 1000 mg, Ácido Linoleico Conjugado Natsa | Contribuye al mantenimiento metabólico saludable  | 100 cápsulas blandas",Natsa,ACTIVE,,,,Control de peso y metabolismo,gid://shopify/TaxonomyCategory/hb-1-9-7-1,Weight Loss Supplements,"ai: CLA en cápsulas blandas, apoyo metabólico",alta,si,no
9606610747713,cla-800-mg-aceite-nutricional-de-cartamo-de-now-foods-no-gmo-90-capsulas-blandas-para-el-apoyo-metabolico,"CLA 800 mg Aceite Nutricional de Cártamo de NOW Foods, No GMO| Fuente de ácido linoleico conjugado no OGM | 90 Cápsulas Blandas",Vitaminate,ACTIVE,+18 Años | Adultos | cla | Control del peso | descuento-15 | duracion 30 | Ganancia de masa muscular | Indiferente | NOW Foods | Recuperación y regeneración muscular | Sin azúcar | Sin gluten | Sin lactosa | Vegetariano | Ácidos grasos y omegas,,,Control de peso y metabolismo,gid://shopify/TaxonomyCategory/hb-1-9-7-1,Weight Loss Supplements,"ai: CLA de cártamo, uso en control de peso",alta,si,no
9795169124673,cleanse-flush-de-irwin-naturals-perdida-de-peso-de-15-dias-apoyo-para-la-desintoxicacion-y-perdida-de-peso-saludable-60-tabletas,Cleanse & Flush 15 días de Nature’s Secret | Favorece la desintoxicación digestiva | 60 tabletas,Vitaminate,ACTIVE,,,,Detox y apoyo hepático,gid://shopify/TaxonomyCategory/hb-1-9-6-4-2,Colon Cleanses,ai: Programa de limpieza digestiva en tabletas,media,si,no
9726611259713,clorofila-50mg-por-servicio-de-mary-ruths-desintoxicacion-y-apoyo-para-el-cuidado-de-la-piel-gotero-de-60ml-sabor-menta-30-servicios,Clorofila 50mg por Servicio de Mary Ruth's | Apoyo para la Piel | Gotero de 60ml Sabor Menta,Vitaminate,ACTIVE,+18 Años | Adultos | clorofila | Cobre | descuento-10 | Desintoxicación | Hierbas | Indiferente | MaryRuth's | Natures Way | Salud digestiva | Sin azúcar | Sin gluten | Sin lactosa | Sistema inmunitario | Suplementos herbales | Vegano | Vegetariano,,,Superalimentos y verdes,gid://shopify/TaxonomyCategory/hb-1-9-6-5,Herbal Supplements,"ai: Clorofila líquida, extracto vegetal",alta,si,no
9635152167233,clorofila-liquida-132mg-de-natures-way-sabor-a-menta-natural-fortalece-el-sistema-inmune-480ml,Clorofila Líquida 132mg de Nature's Way  | Sabor a menta natural - Fortalece el Sistema Inmune | 480ml,Vitaminate,ACTIVE,+18 Años | Adultos | clorofila | Cobre | descuento-10 | Desintoxicación | Hierbas | Indiferente | Natures Way | Salud digestiva | Sin azúcar | Sin gluten | Sin lactosa | Sistema inmunitario | Suplementos herbales | Vegano | Vegetariano,,,Superalimentos y verdes,gid://shopify/TaxonomyCategory/hb-1-9-6-5,Herbal Supplements,ai: Clorofila líquida como ingrediente principal,alta,si,no
9649648828737,cloruro-de-magnesio-calcio-vitaminas-k2-y-d-500mg-de-flow-supplements-apoyo-del-sistema-cardiovascular-y-muscular-100-capsulas-vegetales,Cloruro de Magnesio + Calcio + Vitaminas K2 y D 500mg de Flow Supplements | Apoyo del Sistema Cardiovascular y Muscular | 100 cápsulas vegetales,Flow Supplements,ACTIVE,descuento-15 | duracion 100 | Flow Supplement | Indiferente | Minerales | Recuperación y regeneración muscular | Salud cognitiva | Sistema cardiovascular | vitadeals,,,Otros minerales y multiminerales,gid://shopify/TaxonomyCategory/hb-1-9-6-6-4,Multimineral Supplements,ai: Magnesio y calcio con vitaminas K2 y D combinados,media,si,no
9999951495489,cloruro-de-potasio-en-polvo-8-oz-227gr,Cloruro de Potasio en Polvo Now Foods | Apoyo a la función Muscular| 227 g,Vitaminate,ACTIVE,duracion 324 | vitadeals,,,Potasio y electrolitos,gid://shopify/TaxonomyCategory/hb-1-9-6-6,Minerals,"ai: Cloruro de potasio en polvo, mineral único",alta,si,no
9624381849921,clovinol-250mg-y-delphinol-200mg-de-life-extension-protector-glucemico-optimizado-para-regular-glucosa-despues-de-las-comidas-30-capsulas-vegetales,Clovinol 250mg y Delphinol 200mg de Life Extension Protector Glucémico™ | Optimizado para regular glucosa después de las comidas | 30 Cápsulas Vegetales,Vitaminate,ACTIVE,+18 Años | Adultos | combinados-de-hierbas | Hierbas | Indiferente | Life Extension | Regulación del azúcar en sangre | Sin azúcar | Sin gluten | Sin lactosa | Sistema cardiovascular | Suplementos herbales | Vegano | Vegetariano,,,Hierbas y extractos botánicos,gid://shopify/TaxonomyCategory/hb-1-9-6-5,Herbal Supplements,ai: Extractos botánicos Clovinol y Delphinol,alta,si,no
9769368846657,cmz-max-calcio-magnesio-y-zinc-de-kal-fortalecimiento-de-huesos-y-dientes-funcion-muscular-y-sistema-inmunologico-100-capsulas-vegetarianas,"CMZ Max Calcio, Magnesio y Zinc de KAL | Apoyo Óseo y Muscular | 100 Cápsulas Vegetales",Fresh Vitamins,ACTIVE,descuento-10 | duracion 33,,,Otros minerales y multiminerales,gid://shopify/TaxonomyCategory/hb-1-9-6-6-4,Multimineral Supplements,"ai: Combinación calcio, magnesio y zinc",alta,si,no
9803287953729,coenzima-q10-curcuma-vitamina-c-y-pimienta-negra-co-q-10-blend-de-b-life-180-capsulas,Co Q-10 Blend B Life Cúrcuma y Coenzima Q10 | Antioxidante | 180 cápsulas,Blife,ACTIVE,duracion 120 | vitadeals,,,CoQ10 y energía celular,gid://shopify/TaxonomyCategory/hb-1-9-6-9-1,CoQ10,"ai: Coenzima Q10 como principal, cúrcuma secundaria",alta,si,no
9999955886401,crema-corporal-de-manteca-de-cacao-8-fl-oz-237ml,Cocoa Butter Lotion de Now | Hidrata Profundamente |  237 ml,Vitaminate,ACTIVE,duracion 30,,,Cuidado de la piel y cosmética,gid://shopify/TaxonomyCategory/hb-3-2-9,Skin Care,"ai: Loción corporal tópica, no ingerible",alta,si,no
9623846682945,coenzima-q10-coq10-200-mg-de-now-foods-apoyo-cardiovascular-y-produccion-de-energia-celular-60-capsulas-vegetales,Coenzima Q10 (CoQ10) 200 mg de NOW Foods | Apoyo Cardiovascular y Producción de Energía Celular | 60 cápsulas vegetales,OLSEGO GROUP,ACTIVE,+18 Años | Adultos | Coenzima Q10 | coenzima-q-10 | duracion 60 | Indiferente | Longevidad y vitalidad | NOW Foods | Potenciar la energía | PRO | Sin azúcar | Sin gluten | Sin lactosa | Sistema cardiovascular | Vegano | Vitaminas,,,CoQ10 y energía celular,gid://shopify/TaxonomyCategory/hb-1-9-6-9-1,CoQ10,coq10,alta,no,
9664812351809,coenzima-q10-curcuma-vitamina-d-y-magnesio-1200mg-por-porcion-de-5h8-nutrition-funcion-muscular-y-cardiovascular-90-capsulas-vegetales,Coenzima Q10 + Cúrcuma + Vitamina D y Magnesio 1200mg por porción de 5H8 Nutrition | Función Muscular y Cardiovascular | 90 cápsulas,5H8 Nutrition,ACTIVE,+18 Años | 5H8 Nutrition | Adultos | Coenzima Q10 | coenzima-q-10 | descuento-15 | duracion 45 | Indiferente | Potenciar la energía | Recuperación y regeneración muscular | Sin azúcar | Sin gluten | Sin lactosa | Sistema cardiovascular | Vegetariano | vitadeals | Vitaminas,,,CoQ10 y energía celular,gid://shopify/TaxonomyCategory/hb-1-9-6-9-1,CoQ10,ai: Coenzima Q10 encabeza fórmula; resto cofactores,alta,si,no
9797177770305,coenzima-q10-100-mg-bioperine-5mg-de-de-natures-answer-beneficia-la-salud-intestinal-apoya-el-metabolismo-60-capsulas-blandas,"Coenzima Q10 100 mg + BioPerina 5mg Health Thru Nutrition | Apoyo cardiovascular, Antioxidate | 120 cápsulas Blandas",Vitaminate,ACTIVE,duracion 120,,,CoQ10 y energía celular,gid://shopify/TaxonomyCategory/hb-1-9-6-9-1,CoQ10,ai: CoQ10 100mg con BioPerina como potenciador,alta,si,no
9649681203521,coenzima-q10-120mg-golden-berry-vitamina-b6-de-flow-supplements-apoya-la-funcion-cardiovascular-promoviendo-la-circulacion-sanguinea-30-capsulas-vegetales,"Coenzima Q10 120mg + Golden Berry + Vitamina B6 de Flow Supplements | Apoya la función cardiovascular, promoviendo la circulación sanguínea | 30 cápsulas vegetales",Flow Supplements,ACTIVE,+18 Años | Adultos | Carbonato de calcio | Coenzima Q10 | coenzima-q-10 | descuento-15 | duracion 30 | Flow Supplement | Indiferente | Keto | Longevidad y vitalidad | Potenciar la energía | Sin azúcar | Sin gluten | Sistema cardiovascular | vitadeals | Vitamina B6 (Piridoxina) | Vitaminas,,,Complejo B y B12,gid://shopify/TaxonomyCategory/hb-1-9-6-9-3,Vitamin B,vitamina-VIT_B,alta,no,
9733103026497,coenzima-q10-120mg-de-mary-ruths-apoyo-para-la-funcion-cardiovascular-60-gomitas-sabor-frambuesa-30-servicios,Coenzima Q10 120mg de Mary Ruth's |  Apoyo para la función Cardiovascular | 60 gomitas Sabor Frambuesa - 30 servicios,Vitaminate,ACTIVE,3 a 10 Años | Cuidado del cabello | descuento-10 | duracion 30 | Indiferente | MaryRuth's | Niños | piel y uñas | Potenciar la energía | Salud cognitiva | Sin azúcar | Sin gluten | Sin lactosa | Sistema cardiovascular | Vegano | Vitaminas,,,CoQ10 y energía celular,gid://shopify/TaxonomyCategory/hb-1-9-6-9-1,CoQ10,ai: Gomitas de coenzima Q10 120mg,alta,si,no
9715839467841,coenzima-q10-200mg-de-swanson-apoyo-cardiovascular-y-antioxidante-90-capsulas-vegetales,Coenzima Q10 200mg de Swanson | Apoyo Cardiovascular y Antioxidante | 90 cápsulas vegetales,Superlabs,ACTIVE,+18 Años | Adultos | Coenzima Q10 | coenzima-q-10 | duracion 90 | Indiferente | Potenciar la energía | Sin azúcar | Sin gluten | Sin lactosa | Sistema cardiovascular | Swanson | Thorne | Vitaminas,,,CoQ10 y energía celular,gid://shopify/TaxonomyCategory/hb-1-9-6-9-1,CoQ10,ai: Coenzima Q10 200mg en cápsulas,alta,si,no
10277648728385,coenzima-q10-high-absorption-doctors-best-100-mg-120-capsulas-blandas,"Coenzima Q10 High Absorption Doctor's Best 100 mg | Bienestar cardiovascular, energía celular | 120 Cápsulas Blandas",OLSEGO GROUP,ACTIVE,,,,CoQ10 y energía celular,gid://shopify/TaxonomyCategory/hb-1-9-6-9-1,CoQ10,"ai: CoQ10 alta absorción, ingrediente único",alta,si,no
9726545133889,coenzima-q10-liposomal-75mg-5ml-por-porcion-de-mary-ruths-apoyo-cardiovascular-y-antioxidante-liquido-de-225ml-sabor-melocoton-citrico,"Coenzima Q10 Liposomal 75mg, 5ml por porción de Mary Ruth's | Apoyo Cardiovascular y Antioxidante | Líquido de 225ml Sabor Melocotón Cítrico",Vitaminate,ACTIVE,+18 Años | Adultos | Coenzima Q10 | coenzima-q-10 | descuento-10 | duracion 45 | Indiferente | MaryRuth's | Potenciar la energía | Sin azúcar | Sin gluten | Sin lactosa | Sistema cardiovascular | Swanson | Thorne | Vegano | Vitaminas,,,CoQ10 y energía celular,gid://shopify/TaxonomyCategory/hb-1-9-6-9-1,CoQ10,"ai: CoQ10 liposomal líquido, ingrediente único",alta,si,no
9800048116033,cola-de-caballo-2000mg-de-natures-answer-fortalecimiento-del-cabello-la-piel-y-las-unas-aporta-antioxidantes-naturales-gotero-de-30ml,"Cola de Caballo 2000mg de Nature's Answer | Fortalecimiento del Cabello, la Piel y las Uñas - Aporta antioxidantes naturales | Gotero de 30ml",Vitaminate,ACTIVE,descuento-15,,,"Belleza: cabello, piel y uñas",gid://shopify/TaxonomyCategory/hb-1-9-6-5,Herbal Supplements,ai: Extracto botánico de cola de caballo orientado a cabello/uñas,media,si,no
10240775848257,cola-de-caballo-diuren-de-b-fit-apoya-bienestar-general-sistema-urinario-60-capsulas,"Cola de caballo Diuren de B-fit | Apoya bienestar general, sistema urinario | 60 cápsulas",B FIT,ACTIVE,vitadeals,,,Vías urinarias y renal,gid://shopify/TaxonomyCategory/hb-1-9-6-5,Herbal Supplements,ai: Cola de caballo con enfoque en sistema urinario,media,si,no
10240679838017,colageno-b-fit-apoya-elasticidad-de-la-piel-cabello-y-unas-polvo-360g,"Colágeno B-fit | Apoya elasticidad de la piel, cabello y uñas | Polvo 360g",B FIT,ACTIVE,vitadeals,,,Colágeno,gid://shopify/TaxonomyCategory/hb-1-9-6-2,Collagen,colageno,alta,no,
9625383764289,colageno-biocell-hidrolizado-tipo-ii-1-000-mg-de-now-foods-soporte-articular-120-capsulas-vegetales,"Colágeno BioCell Hidrolizado Tipo II 1,000 mg de Now Foods |  Favorece la flexibilidad de articulaciones, Apoya la hidratación de la piel  | 120 cápsulas vegetales",Vitaminate,ACTIVE,+18 Años | Adultos | Alivio del dolor crónico | articulaciones y cartílago | colageno-hidrolizado | Colágeno | Condroitina | duracion 30 | Fortalecimiento de huesos | huesos y articulaciones | Indiferente | NOW Foods | Piel | Sin azúcar | Sin gluten | Sin lactosa | Vegetariano | Ácido hialurónico,,,Colágeno,gid://shopify/TaxonomyCategory/hb-1-9-6-2,Collagen,colageno,alta,no,
10132883145025,colageno-bovino-nad-enhanced-collagen-eternal-nutrition-polvo-500-g,Colágeno bovino NAD+ Enhanced Collagen Eternal Nutrition | Apoyo estructural de piel y articulaciones | Polvo 500 g,Eternal,ACTIVE,,,,Colágeno,gid://shopify/TaxonomyCategory/hb-1-9-6-2,Collagen,colageno,alta,no,
10024988049729,colageno-vital-pro-de-nutrasana-apoya-el-aspecto-de-la-piel-cabello-y-unas-polvo-300-g,"Colágeno Grass-Fed Vital-PRO de Nutrasana | Apoya el aspecto de la piel, cabello y uñas | Polvo 300 g",Nutrasana,ACTIVE,vitadeals,,,Colágeno,gid://shopify/TaxonomyCategory/hb-1-9-6-2,Collagen,colageno,alta,no,
9797463540033,colageno-hidrolizado-peptidos-de-colageno-tipo-i-ii-y-iii-de-entera-pharma-fortalece-las-articulaciones-y-los-huesos-cuidado-de-piel-cabello-y-unas-polvo-de-300g-30-porciones,"Colágeno Hidrolizado (Péptidos de Colágeno Tipo I, II y III) de Entera Pharma | Fortalece las Articulaciones y los Huesos, Cuidado de Piel, Cabello y Uñas | Polvo de 300g - 30 porciones",Entera,ACTIVE,descuento-10 | duracion 30 | PRO,,,Colágeno,gid://shopify/TaxonomyCategory/hb-1-9-6-2,Collagen,colageno,alta,no,
9623948788033,colageno-hidrolizado-acido-hialuronico-con-antioxidantes-vitaminas-y-omegas-24g-por-porcion-de-silvia-strauss-fortaleza-de-los-huesos-articulaciones-y-cartilagos-piel-hidratada-y-saludable-polvo-de-1200g-y-20-sobres-de-24g-sabor-te-verde,"Colágeno Hidrolizado + Ácido Hialurónico con Antioxidantes, Vitaminas y Omegas 24g por porción de Silvia Strauss",Silvia Strauss,ACTIVE,+18 Años | Adultos | Cabello | colageno-hidrolizado | duracion 50 | Indiferente | piel y uñas | Potenciar la energía | PRO | Silvia Strauss | Sin azúcar | Sin gluten | Sin lactosa | Vegano | vitadeals,,,Colágeno,gid://shopify/TaxonomyCategory/hb-1-9-6-2,Collagen,colageno,alta,no,
9651440255297,colageno-hidrolizado-alga-spirulina-15mg-con-vitaminas-de-flow-supplement-formulado-para-fortalecer-huesos-y-articulaciones-aumentando-los-niveles-de-energia-polvo-de-500g,"Colágeno Hidrolizado + Alga Spirulina 15mg con vitaminas de Flow Supplement |  Formulado para fortalecer huesos y articulaciones, aumentando los niveles de energía  | Polvo de 500g",Flow Supplements,ACTIVE,+18 Años | Adultos | Alga espirulina | Carbonato de calcio | Citrato de Magnesio | colageno-hidrolizado | Complejo Vitamina B | descuento-15 | Desintoxicación | duracion 33 | Extracto de té verde | Flow Supplement | huesos y articulaciones | Indiferente | Keto | Menta | Piel | Potenciar la energía | Sin azúcar | Sin gluten | Sistema inmunitario | vitadeals | Vitamina A (Retinol),,,Colágeno,gid://shopify/TaxonomyCategory/hb-1-9-6-2,Collagen,colageno,alta,no,
9639002898753,colageno-hidrolizado-acido-folico-biotina-y-vitaminas-a-b-d-e-y-k-700mg-querida-de-wu-nutrition-ayuda-a-incrementar-la-energia-diaria-contribuir-a-la-fortaleza-de-unas-quebradizas-y-fragiles-el-cabello-y-las-unas-120-capsulas-vegetales,"Colágeno Hidrolizado + Biotina y Vitaminas A, B, D, E, K 700mg Querida de Wu Nutrition | Fortalece uñas, cabello y energía | 120 Cápsulas Vegetales",WU Nutrition,ACTIVE,+18 Años | Adultos | Calcio | colageno-hidrolizado | Complejo Vitamina B | Cuidado del cabello | duracion 60 | Hierro | Mujer | Multivitaminicos para mujer | piel y uñas | Salud femenina | Selenio | Sin azúcar | Sin gluten | Sistema inmunitario | Vitamina A (Retinol) | Vitamina C | Vitamina D3 | Vitaminas | WU Nutrition | Zinc | Óxido de Magnesio,,,Colágeno,gid://shopify/TaxonomyCategory/hb-1-9-6-2,Collagen,ai: Colágeno hidrolizado es la base; biotina y vitaminas secundarias,media,no,no
9651424264513,colageno-hidrolizado-cloruro-de-magnesio-acai-15g-de-flow-supplements-fortalece-huesos-y-articulaciones-apoyando-la-funcion-muscular-polvo-de-500g,"Colágeno Hidrolizado + Cloruro de Magnesio + Acaí 15g de Flow Supplements | Fortalece huesos y articulaciones, apoyando la función muscular | Polvo de 500g",Flow Supplements,ACTIVE,+18 Años | Acai | Adultos | articulaciones y cartílago | Citrato de Magnesio | colageno-hidrolizado | Complejo Vitamina B | descuento-15 | duracion 33 | Flow Supplement | Fortalecimiento de huesos | huesos y articulaciones | Indiferente | Keto | Piel | Recuperación y regeneración muscular | Sin azúcar | Sin gluten | Sin lactosa | vitadeals | Vitamina A (Retinol),,,Colágeno,gid://shopify/TaxonomyCategory/hb-1-9-6-2,Collagen,colageno,alta,no,
9650667618625,colageno-hidrolizado-mangostan-con-vitaminas-y-minerales-15g-de-flow-supplements-fortalece-el-cabello-la-piel-y-las-unas-polvo-de-500g,"Colágeno Hidrolizado + Mangostán con vitaminas y minerales  15g de Flow Supplements | Fortalece el cabello, la piel y las uñas | Polvo de 500g",Flow Supplements,ACTIVE,+18 Años | Adultos | articulaciones y cartílago | Cabello | Calcio | colageno-hidrolizado | Complejo Vitamina B | Cuidado del cabello | descuento-15 | duracion 33 | Flow Supplement | Fortalecimiento de huesos | Garcinia mangostán | Indiferente | Keto | piel y uñas | Sin azúcar | Sin gluten | Sin lactosa | Sistema cardiovascular | vitadeals,,,Colágeno,gid://shopify/TaxonomyCategory/hb-1-9-6-2,Collagen,colageno,alta,no,
9649817846081,colageno-hidrolizado-omegas-granada-11g-y-vitaminas-de-flow-supplements-fortalece-el-cabello-la-piel-y-las-unas-330g,"Colágeno Hidrolizado + Omegas + granada 11g y vitaminas de Flow Supplements | Fortalece el cabello, la piel y las uñas | 330g",Flow Supplements,ACTIVE,+18 Años | Adultos | articulaciones y cartílago | colageno-hidrolizado | Combinado de ácidos grasos esenciales | Cuidado del cabello | descuento-15 | duracion 30 | Flow Supplement | Fortalecimiento de huesos | Granada | huesos y articulaciones | Indiferente | Keto | Piel | piel y uñas | Sin azúcar | Sin gluten | Sin lactosa | Sistema cardiovascular | vitadeals,,,Colágeno,gid://shopify/TaxonomyCategory/hb-1-9-6-2,Collagen,colageno,alta,no,
9686508929345,colageno-hidrolizado-500mg-de-adapto-heal-hic-cuidado-de-la-piel-cabello-y-unas-articulaciones-150-capsulas-vegetales,"Colágeno Hidrolizado 500mg de Adapto Heal HIC | Cuidado de la Piel, Cabello y Uñas - Articulaciones | 150 Cápsulas Vegetales",AdaptoHeal,ACTIVE,+18 Años | AdaptoHeal | Adultos | articulaciones y cartílago | colageno-hidrolizado | Cuidado del cabello | duracion 75 | Fortalecimiento de huesos | huesos y articulaciones | Indiferente | Piel | piel y uñas | Sin azúcar | Sin gluten | Sin lactosa | Vegano | vitadeals,,,Colágeno,gid://shopify/TaxonomyCategory/hb-1-9-6-2,Collagen,colageno,alta,no,
10108966011201,colageno-hidrolizado-bovino-grass-fed-probioticos-de-garden-of-life-14-y-28-servicios,Colágeno hidrolizado bovino grass fed + Probioticos de Garden of Life | 14 y 28 servicios,OLSEGO GROUP,ACTIVE,PRO | vitadeals,,,Colágeno,gid://shopify/TaxonomyCategory/hb-1-9-6-2,Collagen,colageno,alta,no,
9944508662081,colageno-hidrolizado-de-amz-hydrolyzed-collagen-500g-o-1kg,Colágeno Hidrolizado de AMZ | Hydrolyzed Collagen | 500g o 1kg,AMZ Nutrition,ACTIVE,amz-regalo | duracion 50,,,Colágeno,gid://shopify/TaxonomyCategory/hb-1-9-6-2,Collagen,colageno,alta,no,
9797299831105,colageno-hidrolizado-de-tipo-1-y-3-10g-por-porcion-de-entera-pharma-favorece-la-elasticidad-y-firmeza-de-la-piel-apoya-la-funcion-de-huesos-y-articulaciones-polvo-de-500g-50-porciones,Colágeno Hidrolizado de Tipo 1 y 3 10g por porción de Entera Pharma | Favorece la elasticidad y firmeza de la piel - Apoya la función de Huesos y Articulaciones | Polvo de 500g - 50 porciones,Entera,ACTIVE,descuento-20 | duracion 50,,,Colágeno,gid://shopify/TaxonomyCategory/hb-1-9-6-2,Collagen,colageno,alta,no,
10090620617025,colageno-hidrolizado-grass-fed-superlabs-sin-sabor-polvo-454g,"Colágeno Hidrolizado Grass Fed Superlabs| Favorece firmeza y apariencia de la piel, cabello y uñas | Polvo 454g Sin sabor",Superlabs,ACTIVE,,,,Colágeno,gid://shopify/TaxonomyCategory/hb-1-9-6-2,Collagen,colageno,alta,no,
9999953625409,peptidos-colageno-hydrolizado-8oz-227gr,Colágeno Hidrolizado Peptídico de Now Foods | Contribuye a la elasticidad y firmeza de la piel | Polvos 227 gr,Vitaminate,ACTIVE,duracion 21,,,Colágeno,gid://shopify/TaxonomyCategory/hb-1-9-6-2,Collagen,colageno,alta,no,
9649380098369,colageno-hidrolizado-puro-tipo-1-3-10g-por-porcion-de-natsa-promueve-el-fortalecimiento-de-piel-cabello-y-unas-1kg-sin-sabor-100-porciones,"Colágeno Hidrolizado Puro Tipo 1 & 3 - 10g por porción de Natsa | Promueve el fortalecimiento de piel, cabello y uñas | 1kg sin sabor - 100 porciones",Natsa,ACTIVE,+18 Años | Adultos | articulaciones y cartílago | colageno-hidrolizado | Cuidado del cabello | descuento-10 | duracion 100 | Fortalecimiento de huesos | huesos y articulaciones | Indiferente | Keto | Natsa | Piel | piel y uñas | Sin azúcar | Sin gluten | Sin lactosa | Vegano | vitadeals,,,Colágeno,gid://shopify/TaxonomyCategory/hb-1-9-6-2,Collagen,colageno,alta,no,
9797316215105,colageno-hidrolizado-tipo-2-con-calcio-magnesio-y-vitaminas-c-d-de-entera-pharma-favorece-la-funcion-y-flexibilidad-de-las-articulaciones-y-apoya-al-sistema-inmune-polvo-de-300g-30-porciones,"Colágeno Hidrolizado tipo 2 con Calcio, Magnesio y Vitaminas C & D de Entera Pharma | Favorece la función y flexibilidad de las articulaciones y apoya al sistema inmune | Polvo de 300g - 30 porciones",Entera,ACTIVE,descuento-20 | duracion 30,,,Colágeno,gid://shopify/TaxonomyCategory/hb-1-9-6-2,Collagen,colageno,alta,no,
9655537369409,colageno-hidrolizado-glutation-y-acido-hialuronico-con-vitaminas-10g-forever-young-de-moods-promueve-la-elasticidad-de-la-piel-ayudando-a-reducir-arrugas-300g-sabor-natural,"Colágeno hidrolizado, Glutatión y Ácido hialurónico con vitaminas 10g Forever Young de Moods | Promueve la elasticidad de la piel, ayudando a reducir arrugas | 300g sabor natural",Moods,ACTIVE,+18 Años | Adultos | Cabello | colageno-hidrolizado | Combinados temas de salud | Cuidado del cabello | duracion 30 | Glutation | Indiferente | Keto | Moods | piel y uñas | Sin azúcar | Sin gluten | Sin lactosa | vitadeals | Vitamina C | Vitamina D3 | Vitamina E | Ácido hialurónico,,,Colágeno,gid://shopify/TaxonomyCategory/hb-1-9-6-2,Collagen,colageno,alta,no,
9598365270337,colageno-multi-con-vitaminas-c-biotina-silicio-y-acido-hialuronico-de-humble-apoyo-para-unas-cabello-y-piel-60-gomitas-sabor-durazno,"Colágeno Multi con Vitaminas C, Biotina, Silicio y Ácido Hialurónico de Humble | Apoyo para Uñas, Cabello y Piel | 60 gomitas, sabor durazno",Vitaminate,ACTIVE,+18 Años | Adultos | articulaciones y cartílago | Cabello | colageno; colageno-hidrolizado | Cuidado del cabello | descuento-10 | duracion 30 | Fortalecimiento de huesos | Humble | Indiferente | piel y uñas | Sin gluten | Sin lactosa | Vegetariano,,,Colágeno,gid://shopify/TaxonomyCategory/hb-1-9-6-2,Collagen,ai: Gomitas de colágeno con biotina y silicio como cofactores,alta,no,no
9797325128001,colageno-tipo-i-ii-y-iii-9-75g-magnesio-250mg-de-entera-pharma-fortalece-las-articulaciones-y-los-huesos-proporcionando-relajacion-muscular-polvo-de-300g-30-porciones,"Colágeno Tipo I, II y III  9.75g & Bisglicinato Magnesio 250mg de Entera Pharma | Fortalece las articulaciones y los huesos, proporcionando relajación muscular | Polvo de 300g - 30 porciones",Entera,ACTIVE,duracion 30,,,Colágeno,gid://shopify/TaxonomyCategory/hb-1-9-6-2,Collagen,colageno,alta,no,
9665175421249,colageno-acido-hialuronico-biotina-y-vitamina-e-500mg-beauty-de-5h8-nutrition-cuidado-del-cabello-piel-y-unas-90-capsulas-vegetales,"Colágeno, Ácido hialurónico, Biotina y Vitamina E 500mg Beauty de 5H8 Nutrition | Cuidado del Cabello, Piel y Uñas | 90 Cápsulas",5H8 Nutrition,ACTIVE,+18 Años | 5H8 Nutrition | Adultos | Cabello | colageno-hidrolizado | Cuidado del cabello | descuento-15 | duracion 90 | Indiferente | Longevidad y vitalidad | piel y uñas | Sin azúcar | Sin gluten | Sin lactosa | Sistema inmunitario | Vegano | vitadeals | Vitamina B7 (Biotina) | Vitamina E | Ácido hialurónico,,,Colágeno,gid://shopify/TaxonomyCategory/hb-1-9-6-2,Collagen,ai: Colágeno encabeza fórmula de belleza con hialurónico y biotina,alta,no,no
10237097247041,colageno-ossforte-de-matter-apoya-huesos-y-articulaciones-polvo-300-g,"Colágeno, Ossforte de Matter | Apoya huesos y articulaciones | Polvo 300 g",You Matter,ACTIVE,,,,Colágeno,gid://shopify/TaxonomyCategory/hb-1-9-6-2,Collagen,colageno,alta,no,
9623975002433,colesterol-pro™-con-bergamota-500mg-y-policosanol-10mg-de-now-foods-apoyo-cardiovascular-niveles-saludables-de-colesterol-sin-soya-120-tabletas-veganas,"Colesterol Pro™ con Bergamota 500mg y Policosanol 10mg de NOW Foods | Apoyo Cardiovascular, Niveles Saludables de Colesterol, Sin Soya | 120 Tabletas Veganas",OLSEGO GROUP,ACTIVE,+18 Años | Adultos | bergamota | Combinados temas de salud | Fitoesteroles | Hierbas | Indiferente | Keto | NOW Foods | Sin azúcar | Sin gluten | Sin lactosa | Sistema cardiovascular | Suplementos herbales | Vegano | Vegetariano,,,Salud cardiovascular y circulación,gid://shopify/TaxonomyCategory/hb-1-9-6-5,Herbal Supplements,"ai: Bergamota y policosanol, extractos para apoyo cardiovascular",alta,si,no
10237164552513,colestin-levadura-roja-de-arroz-matter-soporte-cardiovascular-90-capsulas,Colestin Levadura Roja de Arroz Matter | Soporte Cardiovascular | 90 cápsulas,You Matter,ACTIVE,,,,Salud cardiovascular y circulación,gid://shopify/TaxonomyCategory/hb-1-9-6-5,Herbal Supplements,"ai: Levadura roja de arroz, botánico de soporte cardiovascular",alta,si,no
10147007332673,colina-dha-epa-baby-bloom-de-nutriadn-capsulas-90,"Colina + DHA + EPA Baby Bloom de nutriADN | Contribuye al neurodesarrollo saludable, bienestar durante el embarazo | cápsulas, 90",NutriADN,ACTIVE,vitadeals,,,Omega 3 y aceites de pescado,gid://shopify/TaxonomyCategory/hb-1-9-6-11,Omega Fatty Acids,omega,alta,no,
9639047823681,colina-inositol-1-000mg-de-natures-way-contribuye-a-favorecer-la-memoria-y-el-aprendizaje-100-capsulas-veganas,Colina + Inositol 1.000mg de Nature's Way  | Contribuye a favorecer la memoria y el aprendizaje | 100 cápsulas veganas,Vitaminate,ACTIVE,+18 Años | Adultos | colina | Concentración | descuento-20 | duracion 50 | Indiferente | Inositol | memoria y atención | Natures Way | Sin azúcar | Sin gluten | Sin lactosa | Vegetariano | Vitaminas,,,Memoria y concentración,gid://shopify/TaxonomyCategory/hb-1-9-6,Vitamins & Supplements,"ai: Colina principal con inositol, orientado a memoria y aprendizaje",media,si,no
9623660790081,colina-250-mg-e-inositol-250-mg-de-now-foods-apoya-la-transmision-nerviosa-y-el-metabolismo-de-acidos-grasos-100-capsulas-vegetarianas,Colina 250 mg e Inositol 250 mg de NOW Foods | Apoya la Transmisión Nerviosa y el Metabolismo de Ácidos Grasos | 100 Cápsulas Vegetarianas,Vitaminate,ACTIVE,+18 Años | Adultos | Ansiedad y estrés | Colina | colina; inositol | Combinados temas de salud | descuento-15 | duracion 100 | Indiferente | Inositol | NOW Foods | Sin azúcar | Sin gluten | Sin lactosa | Suplementos Combinados | Vegano | Vegetariano,,,Memoria y concentración,gid://shopify/TaxonomyCategory/hb-1-9-6,Vitamins & Supplements,ai: Colina e inositol para transmisión nerviosa; colina es el eje,media,si,no
9999950545217,colina-300-mg-100-veg-caps,Colina 300 mg de Now | Sistema de Nervioso | 100 Cápsulas,Vitaminate,ACTIVE,duracion 100,,,Memoria y concentración,gid://shopify/TaxonomyCategory/hb-1-9-6-9,Single Vitamins,ai: Colina sola para sistema nervioso,media,si,no
9636003381569,colina-55mg-y-fosfatidilserina-25mg-brain-builder-de-natures-way-apoya-la-memoria-y-el-aprendizaje-60-gomitas-sabor-a-limonada,"Colina 55mg y Fosfatidilserina 25mg, Brain Builder de Nature's Way | Apoya la memoria y el aprendizaje | 60 gomitas sabor a limonada",Vitaminate,ACTIVE,3 a 10 Años | colina | Concentración | descuento-10 | duracion 30 | Fosfatidilserina | Indiferente | memoria y atención | Multivitamínicos para niños | Natures Way | Niños | Salud cognitiva | Salud infantil | Sin azúcar | Sin gluten | Sin lactosa | Suplementos Combinados | Vegano | Vegetariano | Vitaminas,,,Memoria y concentración,gid://shopify/TaxonomyCategory/hb-1-9-6,Vitamins & Supplements,ai: Colina y fosfatidilserina en gomitas para memoria,media,si,no
9794223898945,colina-b6-inositol-lecitina-y-otros-compuestos-de-michaels-health-apoyo-en-el-metabolismo-de-las-grasas-y-optimizacion-de-la-energia-corporal-promoviendo-el-descenso-de-peso-90-tabletas-vegetarianas,"Colina, B6, Inositol, Lecitina y otros compuestos de Michael's Health |  Apoyo en el metabolismo de las grasas y optimización de la energía corporal, promoviendo el descenso de peso | 90 tabletas vegetarianas",Vitaminate,ACTIVE,duracion 30,,,Control de peso y metabolismo,gid://shopify/TaxonomyCategory/hb-1-9-7-1,Weight Loss Supplements,"ai: Fórmula lipotrópica con colina, inositol y lecitina para metabolismo de grasas",media,no,no
9932451545409,collagein-de-matter-colageno-hidrolizado-fortalece-piel-y-articulaciones-500-g,Collagein de Matter | Colágeno hidrolizado | Fortalece piel y articulaciones | 500 g,You Matter,ACTIVE,,,,Colágeno,gid://shopify/TaxonomyCategory/hb-1-9-6-2,Collagen,colageno,alta,no,
9663000969537,collagen-bio-suplemento-alimenticio-colageno-biotina,Collagen Bio B Life Colágeno Hidrolizado Biotina y Vitaminas | 200 cápsulas,Blife,ACTIVE,+18 Años | Adultos | B-Life | colageno-hidrolizado | Cuidado del cabello | duracion 200 | huesos y articulaciones | Indiferente | Longevidad y vitalidad | Piel | piel y uñas | PRO | Sin azúcar | Sin gluten | Sin lactosa | Sistema inmunitario | vitadeals | Vitamina B7 (Biotina) | Vitamina C | Vitamina E,,,Colágeno,gid://shopify/TaxonomyCategory/hb-1-9-6-2,Collagen,ai: Colágeno hidrolizado es la base con biotina y vitaminas,alta,no,no
9662961779009,colageno-hidrolizado-suplemento-alimentario-salud-osea-piel-unas-1,Collagen Blend B Life Colágeno e Hialurónico | Cuidado de Piel | 180 cápsulas,Blife,ACTIVE,+18 Años | Adultos | B-Life | colageno-hidrolizado | Cuidado del cabello | descuento-15 | duracion 90 | huesos y articulaciones | Indiferente | Piel | piel y uñas | Recuperación y regeneración muscular | Sin azúcar | Sin gluten | Sin lactosa | vitadeals | Vitamina A (Retinol) | Vitamina B7 (Biotina) | Vitamina B9 (Ácido fólico) | Vitamina C | Vitamina E | Ácido hialurónico,,,Colágeno,gid://shopify/TaxonomyCategory/hb-1-9-6-2,Collagen,colageno,alta,no,
9885729194305,collagenics-metagenics-soporte-para-colageno-piel-articulaciones-y-tejido-conectivo-60-tabletas,"Collagenics | Metagenics  | Soporte para Colágeno, Piel, Articulaciones y Tejido Conectivo | 60 Tabletas",Ultragenics,ACTIVE,duracion 60,,,Colágeno,gid://shopify/TaxonomyCategory/hb-1-9-6-2,Collagen,colageno,alta,no,
9999948742977,crecimiento-del-cabello-max-liposomal-450-ml-15-22-oz-mary-ruths,Combinado para el crecimiento del cabello de MaryRuth’s| Crecimiento capilar y cuidado de piel | 450 ml,Vitaminate,ACTIVE,duracion 30,,,"Belleza: cabello, piel y uñas",gid://shopify/TaxonomyCategory/hb-1-9-6,Vitamins & Supplements,ai: Líquido ingerible enfocado en crecimiento capilar y piel,media,si,no
9665729724737,combo-test-genetico-nutricion-test-genetico-skin-caretest-genetico-de-skin-care,COMBO Test Genético Nutrición + Test Genético Skin Care + Envío + Sesión de interpretación de resultados,ZenGen,ACTIVE,Control del peso | duracion 1 | Indiferente | Salud digestiva | Sistema inmunitario | ZenGen,,,,,,"ai:revisar — Test genético con sesión: servicio, no producto de la taxonomía",revisar,si,si
9632958087489,complejo-adaptogonico-a-base-de-ashwagandha-rhodiola-y-ginseng-de-swanson-manejo-del-estres-aumentando-energia-y-vitalidad-60-capsulas-vegetales,"Complejo Adaptogénico a base de Ashwagandha, Rhodiola y Ginseng de Swanson | Manejo del Estrés, aumentando energía y vitalidad | 60 Cápsulas vegetales",Superlabs,ACTIVE,+18 Años | Adultos | Ansiedad y estrés | Ashwagandha | astragalo | Combinado de hongos adaptógenos | descuento-10 | Dong quai | duracion 60 | Ginseng | Hongos Adaptógenos | Indiferente | Potenciar la energía | Raíz de suma | Reishi | Rhodiola | Sin azúcar | Sin gluten | Sin lactosa | Sistema inmunitario | Swanson | Vegano | Vegetariano,,,Adaptógenos y manejo del estrés,gid://shopify/TaxonomyCategory/hb-1-9-6-5,Herbal Supplements,"ai: Ashwagandha, rhodiola y ginseng, complejo adaptogénico botánico",alta,si,no
9633358971201,energia-excomplejo-b-120-mg-cafeina-natural-malato-de-magnesio-de-now-sports-aumenta-energia-y-enfoque-45-servicios-90-capsulas-veganastrema-suplemento-alimenticio-vitaminas-complejo-b,"Complejo B + 120 mg, Cafeína Natural + Malato de Magnesio de NOW Sports | Aumenta Energía y Enfoque - 45 servicios | 90 cápsulas veganas",Vitaminate,ACTIVE,+18 Años | Adultos | complejo-vitamina-b | Control del peso | duracion 45 | Extracto de té verde | Ginseng | Ginseng siberiano (Eleuthero) | Guaraná | Indiferente | L-carnitina | Malato de Magnesio | Multivitaminicos | NOW Sports | Potenciar la energía | Rhodiola | Sin azúcar | Sin gluten | Sin lactosa | Taurina | Tirosina | Vegetariano | Vitaminas,,,Complejo B y B12,gid://shopify/TaxonomyCategory/hb-1-9-6-9-3,Vitamin B,ai: Complejo B encabeza fórmula con cafeína y magnesio,media,si,no
9999954641217,multivitaminico-para-hombres-adam-™-60-tabs,"Complejo B , Vitamina A, Vitamina C, D, E, ADAM de Now Foods | Fortalece el sistema inmunológico, antioxidante  | 60 tabletas",OLSEGO GROUP,ACTIVE,duracion 60,,,Multivitamínicos,gid://shopify/TaxonomyCategory/hb-1-9-6-7,Multivitamin Supplements,ai: Formula ADAM con múltiples vitaminas y minerales,alta,si,no
10277704073537,complejo-b-activo-doctors-best-produccion-de-energia-diaria-bienestar-celular-60-capsulas-vegetales,"Complejo B Activo Doctor's Best | Producción de energía diaria, bienestar celular | 60 Cápsulas Vegetales",OLSEGO GROUP,ACTIVE,,,,Complejo B y B12,gid://shopify/TaxonomyCategory/hb-1-9-6-9-3,Vitamin B,vitamina-VIT_B,alta,no,
9606640664897,complejo-b-con-metil-folato-quatrefolic-y-vitamina-b12-besties-matter-energia-y-bienestar-diario-60-capsulas-vegetales,Complejo B con Metil Folato (Quatrefolic®) y Vitamina B12 Besties Matter | Energía y Bienestar Diario | 60 Cápsulas Vegetales,You Matter,ACTIVE,+18 Años | Adultos | Ansiedad y estrés | complejo-vitamina-b | duracion 60 | Indiferente | Potenciar la energía | PRO | Salud femenina | Salud masculina | Sin azúcar | Sin gluten | Sistema cardiovascular | Vegano | Vegetariano | Vitaminas | You Matter,,,Complejo B y B12,gid://shopify/TaxonomyCategory/hb-1-9-6-9-3,Vitamin B,vitamina-VIT_B,alta,no,
10194129158465,complejo-b-super-estres-con-vitamina-c-de-swanson-promueve-la-funcion-metabolica-aumentando-los-niveles-de-energia-100-capsulas-vegetales,"Complejo B Super Estrés con Vitamina C de Swanson | Promueve la función metabólica, aumentando los niveles de Energía | 100 cápsulas vegetales",Superlabs,ACTIVE,,,,Multivitamínicos,gid://shopify/TaxonomyCategory/hb-1-9-6-7,Multivitamin Supplements,multi-vitamina-VIT_B+VIT_C,alta,no,
9633394753857,complejo-b-super-estres-con-vitamina-c-de-swanson-promueve-la-funcion-metabolica-aumentando-los-niveles-de-energia-240-capsulas-vegetales,"Complejo B Super Estrés con Vitamina C de Swanson | Promueve la función metabólica, aumentando los niveles de Energía | 240 cápsulas vegetales",Vitaminate,ACTIVE,+18 Años | Adultos | complejo-vitamina-b | duracion 120 | Indiferente | Potenciar la energía | Sin azúcar | Sin gluten | Sin lactosa | Sistema inmunitario | Swanson | Vegano | Vegetariano | Vitamina C | Vitaminas,,,Multivitamínicos,gid://shopify/TaxonomyCategory/hb-1-9-6-7,Multivitamin Supplements,multi-vitamina-VIT_B+VIT_C,alta,no,
9999950348609,complejo-b-100-100-veg-caps,Complejo B-100 de Now Foods | Apoya la función cognitiva y concentración | 100 Cápsulas,Vitaminate,ACTIVE,duracion 100 | PRO,,,Complejo B y B12,gid://shopify/TaxonomyCategory/hb-1-9-6-9-3,Vitamin B,vitamina-VIT_B,alta,no,
9621486829889,complejo-de-14-hongos-adaptogenos-de-swanson-soporte-para-la-funcion-del-sistema-inmunologico-60-capsulas-veganas,Complejo de 14 Hongos Adaptógenos de Swanson | Soporte para la función del Sistema Inmunológico | 60 cápsulas veganas,Superlabs,ACTIVE,+18 Años | Adultos | Ansiedad y estrés | cordyceps | duracion 60 | Hongos Adaptógenos | Indiferente | Potenciar la energía | Sin azúcar | Sin gluten | Sin lactosa | Sistema inmunitario | Swanson | Vegetariano,,,Hongos funcionales,gid://shopify/TaxonomyCategory/hb-1-9-6-5,Herbal Supplements,ai: Complejo de 14 hongos adaptógenos,alta,si,no
9639143571777,complejo-de-boro-3mg-de-natures-way-contribuye-a-fortalecer-los-huesos-100-capsulas-veganas,Complejo de Boro 3mg de Nature's Way  | Contribuye a fortalecer los huesos | 100 cápsulas veganas,Vitaminate,ACTIVE,+18 Años | Adultos | articulaciones y cartílago | boro | descuento-10 | duracion 100 | Fortalecimiento de huesos | Indiferente | Minerales | Natures Way | Sin azúcar | Sin gluten | Sin lactosa,,,Otros minerales y multiminerales,gid://shopify/TaxonomyCategory/hb-1-9-6-6,Minerals,"ai: Boro, mineral traza único",alta,si,no
9635105440065,complejo-de-calcio-y-magnesio-750mg-de-natures-way-contribuye-en-la-funcion-osea-y-muscular-250-capsulas-veganas,Complejo de Calcio y Magnesio 750mg de Nature's Way  | Contribuye en la función Ósea y Muscular | 250 cápsulas veganas,Vitaminate,ACTIVE,+18 Años | Adultos | Carbonato de calcio | Citrato de calcio | Citrato de Magnesio | citrato-de-calcio; carbonato-de-calcio; malato-de-calcio | Combinado de minerales | descuento-15 | duracion 42 | Glicinato de Magnesio | Indiferente | Malato de calcio | Minerales | Natures Way | Potenciar la energía | Recuperación y regeneración muscular | Sin azúcar | Sin gluten | Sin lactosa | Sistema cardiovascular | Vegano | Vegetariano | Óxido de Magnesio,,,Otros minerales y multiminerales,gid://shopify/TaxonomyCategory/hb-1-9-6-6-4,Multimineral Supplements,multi-mineral-MAGNESIUM+CALCIUM,alta,no,
9644584665409,complejo-de-curcumina-c3-400mg-de-designs-for-health-propiedades-antioxidantes-tres-formas-bioactivas-diferentes-de-curcuminoides-de-la-especie-curcuma-60-capsulas-vegetales,Complejo de Curcumina C3 400mg de Designs For Health | Propiedades antioxidantes - Tres formas bioactivas diferentes de curcuminoides de la especie cúrcuma | 60 Cápsulas Vegetales,Vitaminate,ACTIVE,+18 Años | Adultos | curcuma | Designs for health | Hierbas | Indiferente | Longevidad y vitalidad | Salud digestiva | Sistema cardiovascular | Sistema inmunitario | Suplementos herbales,,,Cúrcuma y antiinflamatorios naturales,gid://shopify/TaxonomyCategory/hb-1-9-6-5,Herbal Supplements,"ai: Curcumina C3, extracto de cúrcuma",alta,si,no
9613061423425,complejo-de-enzimas-zinc-2mg-l-leucina-30mg-de-enzymedica-acid-soothe-para-alivio-de-acidez-e-indigestion-60-tabletas-masticables-sabor-frutos-del-bosque-vegano,"Complejo de Enzimas, Zinc 2mg, L-Leucina 30mg de Enzymedica Acid Soothe | para Alivio de Acidez e Indigestión | 60 Tabletas Masticables - Sabor Frutos del Bosque, Vegano",OLSEGO GROUP,ACTIVE,+18 Años | Adultos | Alivio del dolor crónico | descuento-10 | duracion 60 | enzimas-digestivas | Enzymedica | Indiferente | prebióticos y enzimas | Probioticos | Salud digestiva | Sin azúcar | Sin gluten | Sin lactosa | Sistema inmunitario | Vegano,,,Enzimas digestivas,gid://shopify/TaxonomyCategory/hb-1-9-6-4-3,Digestive Enzymes,enzimas,alta,no,
9618671894849,complejo-de-hierro-con-vitamina-c-y-hierro-bisglicinato-de-now-foods-fuente-bio-disponible-ayuda-con-el-estrenimiento-100-tabletas-vegetales,"Complejo de Hierro con Vitamina C 50mg y Hierro Bisglicinato 27mg de NOW Foods | Fuente Bio-disponible, Ayuda con el Estreñimiento | 100 Tabletas Vegetales",Vitaminate,ACTIVE,+18 Años | Adultos | bisglicinato-de-hierro | descuento-10 | duracion 100 | Indiferente | Minerales | NOW Foods | Potenciar la energía | PRO | Sin azúcar | Sin gluten | Sin lactosa | Sistema cardiovascular | Sistema inmunitario | Vegano | Vegetariano,,,Hierro,gid://shopify/TaxonomyCategory/hb-1-9-6-6-2,Iron,"ai: Hierro bisglicinato principal, vitamina C cofactor",alta,si,no
9664720961857,complejo-de-hongos-adaptogenos-500mg-de-5h8-nutrition-ayuda-a-aumentar-la-resistencia-al-estres-mejora-la-energia-y-el-enfoque-mental-90-capsulas-vegetales,"Complejo de Hongos Adaptógenos 500mg de 5H8 Nutrition |  Ayuda a aumentar la resistencia al estrés, mejora la energía y el enfoque mental | 90 cápsulas",5H8 Nutrition,ACTIVE,+18 Años | 5H8 Nutrition | Adultos | Ansiedad y estrés | Combinado de hongos adaptógenos | Cordyceps | descuento-15 | duracion 30 | Hongos Adaptógenos | Indiferente | Maitake | melena-de-leon | Potenciar la energía | Reishi | Shiitake | Sin azúcar | Sin gluten | Sin lactosa | Sistema inmunitario | Vegano | vitadeals,,,Hongos funcionales,gid://shopify/TaxonomyCategory/hb-1-9-6-5,Herbal Supplements,ai: Mezcla de hongos adaptógenos en cápsulas,alta,si,no
9796632183105,complejo-de-l-arginina-y-l-citrulina-de-best-naturals-apoyo-a-la-circulacion-y-funcion-muscular-1000-mg-120-tabletas,"Complejo de L-Arginina y L-Citrulina de Best Naturals | Mejora de la Circulación, Energía y Función Muscular | 1000 mg 120 Tabletas",Vitaminate,ACTIVE,duracion 30,,,Aminoácidos y BCAA,gid://shopify/TaxonomyCategory/hb-1-9-6-1-2,Single Amino Acid Supplements,aminoacido-individual,alta,no,
9639062307137,complejo-de-magnesio-500mg-de-natures-way-contribuye-a-mejorar-la-funcion-muscular-100-capsulas-veganas,Complejo de Magnesio 500mg de Nature's Way  | Contribuye a mejorar la función muscular | 100 cápsulas veganas,Vitaminate,ACTIVE,+18 Años | Adultos | citrato-de-magnesio | Combinados de Magnesio | descuento-10 | duracion 50 | Indiferente | Minerales | Natures Way | Recuperación y regeneración muscular | Salud cognitiva | Sin azúcar | Sin gluten | Sin lactosa | Vegano | Vegetariano | Óxido de Magnesio,,,Magnesio,gid://shopify/TaxonomyCategory/hb-1-9-6-6-3,Magnesium,mineral-MAGNESIUM,alta,no,
9796763582785,complejo-de-polen-de-abeja-de-best-naturals-energia-y-apoyo-nutricional-120-tabletas,Complejo de Polen de Abeja de Best Naturals | Energía y Apoyo Nutricional | 120 Tabletas,Vitaminate,ACTIVE,,,,Superalimentos y verdes,gid://shopify/TaxonomyCategory/hb-1-9-6-5,Herbal Supplements,"ai: Polen de abeja, superalimento natural",media,si,no
9633352712513,complejo-de-selenio-albion-200-mcg-de-swanson-favorece-la-funcion-metabolica-y-promueve-una-potente-accion-antioxidante-90-capsulas-vegetales,Complejo de Selenio Albion 200 mcg de Swanson | Favorece la función metabólica y promueve una potente acción antioxidante | 90 cápsulas vegetales,Superlabs,ACTIVE,+18 Años | Adultos | descuento-20 | duracion 90 | Indiferente | Minerales | PRO | selenio | Sin azúcar | Sin gluten | Sistema cardiovascular | Sistema inmunitario | Swanson | Vegano,,,Otros minerales y multiminerales,gid://shopify/TaxonomyCategory/hb-1-9-6-6,Minerals,"ai: Selenio, mineral único",alta,si,no
9999950807361,complejo-de-vitamina-c-1000-180-tabs,Complejo de Vitamina C-1000 mg de NOW Food | Inmunidad y Colágeno | 180 Tabletas,OLSEGO GROUP,ACTIVE,,,,Colágeno,gid://shopify/TaxonomyCategory/hb-1-9-6-2,Collagen,colageno,alta,no,
9599802081601,complejo-de-vitaminas-b-enzimaticamente-activo-de-life-extension-proporciona-energia-y-vitalidad-60-capsulas-vegetales,Complejo de Vitaminas B  enzimáticamente activo de Life Extension | Proporciona energía y Vitalidad | 60 cápsulas vegetales,OLSEGO GROUP,ACTIVE,+18 Años | Adultos | complejo-vitamina-b | Cuidado del cabello | descuento-20 | duracion 60 | Indiferente | Life Extension | piel y uñas | Potenciar la energía | PRO | Salud cognitiva | Sin azúcar | Sin gluten | Sin lactosa | Sistema cardiovascular | Vegano | Vegetariano | Vitaminas,,,Enzimas digestivas,gid://shopify/TaxonomyCategory/hb-1-9-6-4-3,Digestive Enzymes,enzimas,alta,no,
9635946332481,complejo-de-vitaminas-b-multivitaminico-en-gomitas-para-mujeres-energia-y-apoyo-para-el-metabolismo-y-cabello-130-gomitas-de-natures-way,Complejo de Vitaminas B - Multivitamínico en Gomitas para Mujeres |  Energía y Apoyo para el Metabolismo y Cabello | 130 Gomitas de Nature's Way,OLSEGO GROUP,ACTIVE,+18 Años | Adultos | Antioxidantes | Boro | Calcio | complejo-vitamina-b | duracion 65 | Inositol | Mujer | Multivitaminicos para mujer | Natures Way | Potenciar la energía | Salud femenina | Sin azúcar | Sin gluten | Sin lactosa | Sistema inmunitario | Vegano | Vegetariano | Vitamina A (Retinol) | Vitamina B1 (Tiamina) | Vitamina B5 (Ácido pantoténico) | Vitamina B6 (Piridoxina) | Vitamina B7 (Biotina) | Vitamina C | Vitamina D3 | Vitamina E | Vitaminas | Yodo | Zinc,,,Multivitamínicos,gid://shopify/TaxonomyCategory/hb-1-9-6-7,Multivitamin Supplements,multivitaminico-explicito,alta,no,
9625260523841,complejo-supremo-de-dhea-con-zinc-y-plantas-de-swanson-apoyo-en-la-vitalidad-sexual-45-capsulas-vegetales,Complejo Supremo de DHEA con Zinc y plantas de Swanson | Apoyo en la Vitalidad Sexual | 45 cápsulas vegetales,Superlabs,ACTIVE,+18 Años | Adultos | descuento-10 | dhea | duracion 45 | Extracto de ortiga | Hombre | Hormonas y Neurotransmisores | Placer y deseo sexual | Potenciar la energía | Quelato de zinc | Saw palmetto | Sin azúcar | Sin gluten | Sin lactosa | Sistema inmunitario | Swanson | Vegetariano,,,Zinc,gid://shopify/TaxonomyCategory/hb-1-9-6-6-5,Zinc,mineral-ZINC,alta,no,
9619206209857,complejo-triple-de-magnesio-400mg-de-swanson-fortalecimiento-oseo-y-dental-aumenta-energia-y-vitalidad-120-capsulas-vegetales,Complejo Triple de Magnesio 400mg de Swanson | Fortalecimiento óseo y dental - Aumenta energía y vitalidad | 120 cápsulas vegetales,Vitaminate,ACTIVE,+18 Años | Adultos | citrato-de-magnesio | descuento-20 | duracion 100 | Indiferente | Minerales | Potenciar la energía | Recuperación y regeneración muscular | Sin azúcar | Sin gluten | Sin lactosa | Sueño y descanso | Swanson | Vegano | Vegetariano,,,Magnesio,gid://shopify/TaxonomyCategory/hb-1-9-6-6-3,Magnesium,mineral-MAGNESIUM,alta,no,
9732236607809,complejo-vitamina-b-de-mary-ruths-0-5ml-por-porcion-apoyo-de-la-funcion-metabolica-integral-gotero-de-30ml-sabor-cereza-30-servicios,Complejo Vitamina B de Mary Ruth's 0.5ml por porción | Apoyo de la función Metabólica Integral | Gotero de 30ml Sabor Cereza - 30 servicios,OLSEGO GROUP,ACTIVE,+18 Años | Adultos | descuento-10 | duracion 60 | Indiferente | MaryRuth's | Potenciar la energía | PRO | Salud cognitiva | Sin azúcar | Sin gluten | Sin lactosa | Sistema cardiovascular | Sistema inmunitario | Vegano | Vitaminas,,,Complejo B y B12,gid://shopify/TaxonomyCategory/hb-1-9-6-9-3,Vitamin B,vitamina-VIT_B,alta,no,
9932456821057,complete-omg-3-de-matter-omega-3-maxsimil®-con-alta-absorcion-60-y-90-capsulas,Complete OMG-3 de Matter | Omega-3 MaxSimil® con Alta Biodisponibilidad | 60 y 90 Cápsulas,You Matter,ACTIVE,PRO,,,Omega 3 y aceites de pescado,gid://shopify/TaxonomyCategory/hb-1-9-6-11,Omega Fatty Acids,omega,alta,no,
9999951266113,comprimidos-de-citrato-de-magnesio-de-200-mg-250-tabletas,"Comprimidos de Citrato de Magnesio de 200 mg | Apoya el sistema nervioso, función muscular  | 250 Comprimidos",Vitaminate,ACTIVE,,,,Magnesio,gid://shopify/TaxonomyCategory/hb-1-9-6-6-3,Magnesium,mineral-MAGNESIUM,alta,no,
9645231505729,concentrado-electrolitico-40000volts-de-trace-minerals-producto-vegano-que-potencia-la-energia-brindando-mayor-rendimiento-y-resistencia-fisica-237ml,"Concentrado Electrolítico 40000 Volts de Trace Minerals | Producto vegano que potencia la energía, brindando mayor rendimiento y resistencia física | 237ml",Superlabs,ACTIVE,+18 Años | Adultos | Aumento de rendimiento físico | Combinado de minerales | duracion 48 | Indiferente | Potenciar la energía | Pre y post entreno | Recuperación y regeneración muscular | Sin azúcar | Sin gluten | Sin lactosa | Trace Minerals | Vegetariano,,,Potasio y electrolitos,gid://shopify/TaxonomyCategory/hb-1-9-6-6-4,Multimineral Supplements,ai: Concentrado líquido de minerales traza y electrolitos,alta,si,no
9999952642369,copos-de-levadura-nutricionales-10-oz,Copos de Levadura de Now| Alternativa saludable para sazonar alimentos |284 g,Vitaminate,ACTIVE,duracion 32,,,Despensa y accesorios,gid://shopify/TaxonomyCategory/hb-1-9-6,Vitamins & Supplements,"ai: Levadura nutricional en copos, alimento para sazonar",baja,si,no
9999953985857,coq10-100-mg-150-softgels,CoQ10 100 mg de NOW Foods | Favorece la producción de energía celular | 150 cápsulas blandas,OLSEGO GROUP,ACTIVE,duracion 150,,,CoQ10 y energía celular,gid://shopify/TaxonomyCategory/hb-1-9-6-9-1,CoQ10,coq10,alta,no,
9885858464065,coq10-st-100-metagenics-coenzima-q10-vitamina-e-y-zinc-60-capsulas,"CoQ10 ST-100 | Metagenics | Coenzima Q10, Vitamina E y Zinc | 60 Cápsulas",Ultragenics,ACTIVE,,,,CoQ10 y energía celular,gid://shopify/TaxonomyCategory/hb-1-9-6-9-1,CoQ10,ai: Coenzima Q10 principal con vitamina E y zinc,alta,si,no
10025847914817,coq10-ubiquinol-support-de-nutriadn-400-mg-actua-como-antioxidante-natural-60-capsulas,CoQ10 Ubiquinol Support de nutriADN 400 mg | Actúa como antioxidante natural | 60 cápsulas,NutriADN,ACTIVE,vitadeals,,,CoQ10 y energía celular,gid://shopify/TaxonomyCategory/hb-1-9-6-9-1,CoQ10,coq10,alta,no,
10237114024257,coq10-ultra-dtx-de-matter-polvo-210-g,"CoQ10 Ultra DTX de Matter | Detox celular, favorece la función hepática | 7 sobres de 30 g",You Matter,ACTIVE,,,,CoQ10 y energía celular,gid://shopify/TaxonomyCategory/hb-1-9-6-9-1,CoQ10,coq10,alta,no,
9977095848257,cordyceps-1000-mg-de-natsa-rendimiento-fisico-y-la-vitalidad-100-capsulas,Cordyceps  1000 mg de NATSA | Rendimiento físico y la vitalidad | 100 cápsulas,Natsa,ACTIVE,duracion 50,,,Hongos funcionales,gid://shopify/TaxonomyCategory/hb-1-9-6-5,Herbal Supplements,"ai: Cordyceps, hongo adaptógeno",alta,si,no
9908319748417,cordyceps-de-munar-suplemento-natural-para-energia-resistencia-y-vitalidad-polvos-90-gr,"Cordyceps de Munar | Energía, Resistencia y Vitalidad  | Polvos 90 gr",Munar,ACTIVE,duracion 45 | vitadeals,,,Hongos funcionales,gid://shopify/TaxonomyCategory/hb-1-9-6-5,Herbal Supplements,ai: Cordyceps en polvo,alta,si,no
9665178665281,cordyceps-hongo-adaptogeno-450mg-con-magnesio-de-5h8-promueve-la-funcion-respiratoria-inmunologica-90-capsulas-vegetales,Cordyceps Hongo Adaptógeno 450mg con Magnesio de 5H8 | Promueve la función Respiratoria - Inmunológica | 90 Cápsulas,5H8 Nutrition,ACTIVE,+18 Años | 5H8 Nutrition | Adultos | cordyceps | descuento-15 | duracion 90 | Hongos Adaptógenos | Indiferente | Potenciar la energía | Sin azúcar | Sin gluten | Sin lactosa | Sistema inmunitario | Sistema respiratorio | Vegetariano | vitadeals,,,Magnesio,gid://shopify/TaxonomyCategory/hb-1-9-6-6-3,Magnesium,mineral-MAGNESIUM,alta,no,
9687482138945,cordyceps-hongo-adaptogeno-500mg-de-adapto-heal-refuerza-el-sistema-inmunologico-promueve-la-funcion-respiratoria-150-capsulas-vegetales,Cordyceps Hongo Adaptógeno 500mg de Adapto Heal | Refuerza el sistema inmunológico - Promueve la función respiratoria | 150 Cápsulas Vegetales,AdaptoHeal,ACTIVE,+18 Años | AdaptoHeal | Adultos | cordyceps | duracion 75 | Hongos Adaptógenos | Indiferente | Potenciar la energía | Sin azúcar | Sin gluten | Sin lactosa | Sistema inmunitario | Sistema respiratorio | Vegetariano | vitadeals,,,Hongos funcionales,gid://shopify/TaxonomyCategory/hb-1-9-6-5,Herbal Supplements,ai: Cordyceps hongo adaptógeno en cápsulas,alta,si,no
9999953199425,cordyceps-750mg-90-veg-caps,Cordyceps NOW Foods 750 mg | Apoya la función vascular y circulación saludable | 90 cápsulas,Vitaminate,ACTIVE,,,,Hongos funcionales,gid://shopify/TaxonomyCategory/hb-1-9-6-5,Herbal Supplements,ai: Cordyceps 750mg cápsulas,alta,si,no
9969576345921,cordyceps-organico-de-lalun-equilibrio-corporal-30-capsulas,Cordyceps Orgánico de Lalun | Equilibrio Corporal | 30 Cápsulas,Lalun Organic,ACTIVE,duracion 30,,,Hongos funcionales,gid://shopify/TaxonomyCategory/hb-1-9-6-5,Herbal Supplements,ai: Cordyceps orgánico en cápsulas,alta,si,no
9644629492033,cordyceps-astragalo-ginseng-kidney-korrect™-de-designs-for-health-apoyo-de-la-funcion-renal-60-capsulas-vegetarianas,"Cordyceps, Astrágalo, Ginseng - Kidney Korrect™ de Designs for Health | Apoyo de la Función Renal | 60 Cápsulas Vegetarianas",Vitaminate,ACTIVE,Designs for health | Indiferente | Salud urinaria | Sistema cardiovascular | Sistema inmunitario,,,Vías urinarias y renal,gid://shopify/TaxonomyCategory/hb-1-9-6-5,Herbal Supplements,ai: Mezcla botánica con enfoque de apoyo renal,media,si,no
10126856945985,creamag-de-ivb-creatina-monohidratada-magnesio-en-polvo-60-servicios,CREAMAG de IVB | Creatina Monohidratada + Magnesio en Polvo  | 60 Servicios,OLSEGO GROUP,ACTIVE,,,,Creatina,gid://shopify/TaxonomyCategory/hb-1-9-6-3,Creatine,creatina,alta,no,
9639059194177,creatina-bcaa-s-vitaminas-a-b-d-e-y-k-600mg-alpha-de-wu-nutrition-ayuda-a-mejorar-tu-fuerza-y-resistencia-ademas-de-reducir-la-fatiga-muscular-120-capsulas-vegetales,"Creatina + BCAA´s + Vitaminas A,B, D, E y K 600mg Alpha de WU Nutrition | Ayuda a mejorar tu fuerza y resistencia, además de reducir la fatiga muscular | 120 cápsulas vegetales",WU Nutrition,ACTIVE,+18 Años | Adultos | Complejo Vitamina B | creatina-monohidratada | duracion 40 | Ganancia de masa muscular | Indiferente | Multivitaminicos | Potenciar la energía | Sin azúcar | Sin gluten | Sistema inmunitario | Vitamina C | Vitamina D3 | Vitamina K | Vitaminas | WU Nutrition,,,Creatina,gid://shopify/TaxonomyCategory/hb-1-9-6-3,Creatine,creatina,alta,no,
10236718809409,creatina-l-carnitina-mommy-energy-matter-20-sobres-10-gr,"Creatina + L-Carnitina Mommy Energy de Matter | Favorece enfoque mental, manejo del estrés | 20 sobres 10 gr",You Matter,ACTIVE,,,,Creatina,gid://shopify/TaxonomyCategory/hb-1-9-6-3,Creatine,creatina,alta,no,
9974718890305,creatina-clean-de-ascent-creapure-45-servicios,Creatina Clean de Ascent | Creapure | 45 servicios,Vitaminate,ACTIVE,duracion 45,,,Creatina,gid://shopify/TaxonomyCategory/hb-1-9-6-3,Creatine,creatina,alta,no,
10132808401217,creatina-con-nad-enhanced-creatine-de-eternal-polvo-550-g,Creatina con NAD+ Enhanced Creatine de Eternal | Contribuye a la función muscular | Polvo 550 g,Eternal,ACTIVE,,,,Creatina,gid://shopify/TaxonomyCategory/hb-1-9-6-3,Creatine,creatina,alta,no,
10236796830017,creatina-creapure-stronger-de-matter-mejora-rendimiento-deportivo-recuperacion-muscular-sobre-224-g,"Creatina Creapure Stronger de Matter | Mejora rendimiento deportivo, recuperación muscular| Sobre 224 g",You Matter,ACTIVE,PRO,,,Creatina,gid://shopify/TaxonomyCategory/hb-1-9-6-3,Creatine,creatina,alta,no,
10065364255041,creatina-micronizada-cellx-con-astragin-y-magnesio-120-porciones,Creatina micronizada CellX con AstraGin y magnesio | Favorece la recuperación muscular eficiente |120 porciones,Cellx,ACTIVE,vitadeals,,,Creatina,gid://shopify/TaxonomyCategory/hb-1-9-6-3,Creatine,creatina,alta,no,
9654714794305,creatina-monohidratada-cloruro-calcio-malato-de-magnesio-8-8g-ketolitos-de-bioptimizado-los-electrolitos-aseguran-una-hidratacion-adecuada-y-un-equilibrio-mineral-polvo-de-244g-sabor-a-limon,Creatina Monohidratada + Cloruro Calcio + Malato de Magnesio 8.8g Ketolitos de Bioptimizado | Los electrolitos aseguran una hidratación adecuada y un equilibrio mineral | Polvo de 244g Sabor a Limón,Nutrasana,ACTIVE,+18 Años | Adultos | Bioptimizado | Cloruro de potasio | Creatina | creatina-monohidratada | descuento-25 | duracion 60 | Indiferente | Keto | Malato de Magnesio | Potenciar la energía | PRO | Recuperación y regeneración muscular | Sin azúcar | Sin gluten | Sin lactosa | Sueño y descanso | Vegetariano | vitadeals,,,Creatina,gid://shopify/TaxonomyCategory/hb-1-9-6-3,Creatine,creatina,alta,no,
9649427710273,creatina-monohidratada-100-pura-5g-por-porcion-de-supplement-factory-potenciar-el-rendimiento-fisico-polvo-de-1kg-y-500g-sabor-natural,Creatina Monohidratada 100% PURA - 5g por porción de Supplement Factory | Potenciar el Rendimiento Físico | Polvo de 1kg y 500g Sabor Natural,Natsa,ACTIVE,+18 Años | Adultos | Creatina | creatina-monohidratada | descuento-10 | duracion 60 | Ganancia de masa muscular | Indiferente | Potenciar la energía | PRO | Recuperación y regeneración muscular | Sin azúcar | Sin gluten | Supplement Factory | Vegano,,,Creatina,gid://shopify/TaxonomyCategory/hb-1-9-6-3,Creatine,creatina,alta,no,
9604961403201,creatina-monohidratada-1000mg-vitamina-c-11mg-de-life-extension-fortalecimiento-muscular-y-metabolico-120-capsulas-vegetales,Creatina monohidratada 1000mg + Vitamina C 11mg de Life Extension | Fortalecimiento Muscular y Metabólico | 120 cápsulas vegetales,Vitaminate,ACTIVE,+18 Años | Adultos | Creatina | creatina-monohidratada | descuento-10 | duracion 60 | Ganancia de masa muscular | Indiferente | Life Extension | Potenciar la energía | Recuperación y regeneración muscular | Sin azúcar | Sin gluten | Sin lactosa,,,Creatina,gid://shopify/TaxonomyCategory/hb-1-9-6-3,Creatine,creatina,alta,no,
9944498798913,creatina-monohidratada-amz-pure-creatine,Creatina Monohidratada AMZ Pure Creatine | 100 0 200 porciones,AMZ Nutrition,ACTIVE,amz-regalo | duracion 100 | PRO,,,Creatina,gid://shopify/TaxonomyCategory/hb-1-9-6-3,Creatine,creatina,alta,no,
9999883927873,creatina-monohidratada-beyond-vitamins-alta-pureza-sin-sabor-450-g,Creatina Monohidratada de Beyond Vitamins | Alta Pureza | 450 g,Beyond Vitamins,ACTIVE,duracion 90,,,Creatina,gid://shopify/TaxonomyCategory/hb-1-9-6-3,Creatine,creatina,alta,no,
9999952183617,monohidrato-de-creatina-750-mg-120-veg-caps,Creatina Monohidratada de now 750 mg  |  Mejora la fuerza y potencia muscular  | 120 Cápsulas,Vitaminate,ACTIVE,duracion 120 | vitadeals,,,Creatina,gid://shopify/TaxonomyCategory/hb-1-9-6-3,Creatine,creatina,alta,no,
9976685297985,creatina-monohidratada-de-nutravia-formula-de-alta-absorcion-500-g,Creatina Monohidratada de Nutravia | Fórmula de alta absorción | 500 g,Fresh Vitamins,ACTIVE,,,,Creatina,gid://shopify/TaxonomyCategory/hb-1-9-6-3,Creatine,creatina,alta,no,
9665703739713,creatina-monohidratada-5g-de-birdman-600g-mejora-el-rendimiento-deportivo-120-porciones,Creatina monohidratada micronizada Birdman Sin sabor |  Alto Rendimiento | 450g,Birdman,ACTIVE,+18 Años | Adultos | Birdman | Complejo de aminoácidos | Creatina | creatina-monohidratada | descuento-10 | duracion 60 | Ganancia de masa muscular | Indiferente | Potenciar la energía | PRO | Recuperación y regeneración muscular | Sin gluten | Vegetariano,,,Creatina,gid://shopify/TaxonomyCategory/hb-1-9-6-3,Creatine,creatina,alta,no,
9955443048769,creatina-monohidratada-micronizada-b-life-240-capsulas,Creatina Monohidratada Micronizada | B Life |  240 Cápsulas,Blife,ACTIVE,duracion 60 | vitadeals,,,Creatina,gid://shopify/TaxonomyCategory/hb-1-9-6-3,Creatine,creatina,alta,no,
10240821068097,creatina-monohidratada-pura-b-fit-apoya-fuerza-muscular-rendimiento-fisico-polvo-450-g,"Creatina monohidratada pura B-fit | Apoya fuerza muscular, rendimiento físico | Polvo 450 g",B FIT,ACTIVE,vitadeals,,,Creatina,gid://shopify/TaxonomyCategory/hb-1-9-6-3,Creatine,creatina,alta,no,
9625224184129,creatina-monohidratada-pura-en-polvo-5-000-mg-por-porcion-aumenta-la-masa-muscular-45-servicios-de-now-sports,"Creatina Monohidratada Pura en Polvo 5,000 mg por porción | Aumenta la Masa Muscular | 45 servicios de NOW Sports",Vitaminate,ACTIVE,+18 Años | Adultos | Creatina | creatina-monohidratada | descuento-15 | duracion 45 | Ganancia de masa muscular | Indiferente | NOW Sports | Potenciar la energía | Recuperación y regeneración muscular | Sin azúcar | Sin gluten | Sin lactosa | Vegetariano,,,Creatina,gid://shopify/TaxonomyCategory/hb-1-9-6-3,Creatine,creatina,alta,no,
10090644406593,creatina-monohidratada-superlabs-favorece-energia-en-entrenamientos-exigentes-fuerza-y-potencia-muscular-polvo-500g,"Creatina Monohidratada Superlabs | Favorece energía en entrenamientos exigentes, fuerza y potencia muscular | Polvo 500g",Superlabs,ACTIVE,,,,Creatina,gid://shopify/TaxonomyCategory/hb-1-9-6-3,Creatine,creatina,alta,no,
9945715114305,creatina-monohidratada-wild-protein-500-g,Creatina Monohidratada | Wild Protein | 500 g,Wild Foods,ACTIVE,vitadeals,,,Creatina,gid://shopify/TaxonomyCategory/hb-1-9-6-3,Creatine,creatina,alta,no,
10126857044289,creatine-essential-de-ivb-creatina-ultrafiltrada-creavitalis®-60-servicios,Creatine Essential de IVB | Creatina Ultrafiltrada Creavitalis® | 60 Servicios,OLSEGO GROUP,ACTIVE,vitadeals,,,Creatina,gid://shopify/TaxonomyCategory/hb-1-9-6-3,Creatine,creatina,alta,no,
9887651463489,creatina-monohidratada-nutriadn-500-mg,Creatine Monohydrate Support | Creatina Monohidratada NutriADN | 300 gr 100 Porciones por envase,NutriADN,ACTIVE,duracion 100 | PRO | vitadeals,,,Creatina,gid://shopify/TaxonomyCategory/hb-1-9-6-3,Creatine,creatina,alta,no,
9999952380225,msm-locion-de-liposomas-para-piel-saludable-8-fl-oz-237ml,Crema rejuvenecedora MSM Healthy Skin de NOW | 237 ml,Vitaminate,ACTIVE,duracion 45,,,Cuidado de la piel y cosmética,gid://shopify/TaxonomyCategory/hb-3-2-9,Skin Care,topico-piel,alta,no,
9625206260033,cristales-de-vitamina-c-acido-ascorbico-en-polvo-de-now-foods-apoya-la-funcion-inmunologica-454-g,Cristales de Vitamina C Ácido Ascórbico en Polvo de NOW Foods | Apoya la función inmunológica | 227 g,OLSEGO GROUP,ACTIVE,+18 Años | Adultos | descuento-15 | duracion 413 | Indiferente | Longevidad y vitalidad | NOW Foods | Potenciar la energía | Sin azúcar | Sin gluten | Sin lactosa | Sistema inmunitario | Vegetariano | vitamina-c | Vitaminas,,,Vitamina C,gid://shopify/TaxonomyCategory/hb-1-9-6-9-4,Vitamin C,vitamina-VIT_C,alta,no,
9999951462721,gtf-cromo-200-mcg-100-tabs,Cromo GTF 200 mcg de NOW Foods | Ayuda a mantener niveles normales de azúcar | 100 tabletas,Vitaminate,ACTIVE,duracion 100,,,Otros minerales y multiminerales,gid://shopify/TaxonomyCategory/hb-1-9-6-6,Minerals,"ai: Cromo GTF, mineral único",alta,si,no
9600894075201,cromo-optimizado-con-crominex-3-500-mcg-de-life-extension-contribuye-en-el-aumento-a-la-sensibilidad-a-la-insulina-60-capsulas-vegetarianas,Cromo Optimizado con Crominex® 3+ 500 mcg de Life Extension | Contribuye en el aumento a la sensibilidad a la insulina | 60 Cápsulas Vegetarianas,OLSEGO GROUP,ACTIVE,+18 Años | Adultos | cromo | descuento-10 | duracion 60 | Indiferente | Life Extension | Minerales | Potenciar la energía | Salud digestiva | Sin azúcar | Sin gluten | Sin lactosa | Sistema cardiovascular | Vegano | Vegetariano,,,Otros minerales y multiminerales,gid://shopify/TaxonomyCategory/hb-1-9-6-6,Minerals,"ai: Cromo Crominex, mineral único",alta,si,no
9797352751425,curcu-gel-ultra-325-mg-de-health-thru-nutrition-apoyo-cardiovascular-antioxidate-60-capsulas-blandas,"Curcu-Gel Ultra 325 mg de Health Thru Nutrition | Apoyo cardiovascular, Antioxidate | 60 cápsulas Blandas",Vitaminate,ACTIVE,,,,Cúrcuma y antiinflamatorios naturales,gid://shopify/TaxonomyCategory/hb-1-9-6-5,Herbal Supplements,ai: Curcumina en cápsulas blandas,alta,si,no
9797281874241,curcu-gel-ultra-650-mg-de-health-thru-nutrition-apoyo-cardiovascular-antioxidate-120-capsulas-blandas,"Curcu-Gel Ultra 650 mg de Health Thru Nutrition | Apoyo cardiovascular, Antioxidate | 60 cápsulas Blandas",Vitaminate,ACTIVE,descuento-15,,,Cúrcuma y antiinflamatorios naturales,gid://shopify/TaxonomyCategory/hb-1-9-6-5,Herbal Supplements,"ai: Curcumina/cúrcuma en cápsulas blandas, extracto botánico",alta,si,no
9794486174017,curcuma-500-mg-de-kaneka™-de-heath-thru-nutrition-apoya-la-funcion-articular-reduciendo-la-inflamacion-120-y-60-capsulas-blandas,"Cúrcuma 500 mg de Kaneka™ de Heath Thru Nutrition | Apoya la función articular, reduciendo la inflamación  | 120 y 60 cápsulas Blandas",Vitaminate,ACTIVE,,,,Cúrcuma y antiinflamatorios naturales,gid://shopify/TaxonomyCategory/hb-1-9-6-5,Herbal Supplements,"ai: Cúrcuma 500 mg, extracto herbal",alta,si,no
9649192567105,curcuma-500mg-y-raiz-de-jengibre-500mg-de-natsa-alivio-de-la-inflamacion-estomacal-bienestar-digestivo-100-capsulas-vegetales,Cúrcuma 500mg y Raíz de Jengibre 500mg de Natsa | Alivio de la inflamación estomacal - Bienestar Digestivo | 100 cápsulas vegetales,Natsa,ACTIVE,+18 Años | Adultos | curcuma | descuento-10 | Hierbas | Indiferente | Jengibre | Natsa | Salud digestiva | Sin azúcar | Sin gluten | Sin lactosa | Sistema inmunitario | Suplementos herbales | Vegetariano | vitadeals,,,Cúrcuma y antiinflamatorios naturales,gid://shopify/TaxonomyCategory/hb-1-9-6-5,Herbal Supplements,"ai: Cúrcuma con jengibre, combinado herbal",alta,si,no
10109023715649,curcuma-95-turmeric-95-himalaya-favorece-el-bienestar-digestivo-30-capsulas,"Cúrcuma 95, Turmeric 95 Himalaya | Favorece el bienestar digestivo | 30 Cápsulas",OLSEGO GROUP,ACTIVE,,,,Cúrcuma y antiinflamatorios naturales,gid://shopify/TaxonomyCategory/hb-1-9-6-5,Herbal Supplements,ai: Extracto de cúrcuma 95%,alta,si,no
9633175273793,curcuma-amplio-espectro-720-mg-de-swanson-propiedades-antiinflamatorias-y-antioxidante-100-capsulas-vegetales,Cúrcuma Amplio Espectro 720 mg de Swanson | Propiedades antiinflamatorias y antioxidante | 100 cápsulas vegetales,Superlabs,ACTIVE,+18 Años | Adultos | curcuma | descuento-20 | Hierbas | Indiferente | Salud digestiva | Sin azúcar | Sin gluten | Sin lactosa | Sistema inmunitario | Suplementos herbales | Swanson | Vegano | Vegetariano,,,Cúrcuma y antiinflamatorios naturales,gid://shopify/TaxonomyCategory/hb-1-9-6-5,Herbal Supplements,"ai: Cúrcuma amplio espectro, suplemento herbal",alta,si,no
10090681434433,curcuma-complex-superlabs-500mg-favorece-la-respuesta-inflamatoria-natural-100-capsulas,Cúrcuma Complex Superlabs 500mg | Favorece la respuesta inflamatoria natural | 100 cápsulas,Superlabs,ACTIVE,,,,Cúrcuma y antiinflamatorios naturales,gid://shopify/TaxonomyCategory/hb-1-9-6-5,Herbal Supplements,ai: Complejo de cúrcuma en cápsulas,alta,si,no
10146921185601,curcuma-con-zinc-thyroid-support-de-nutriadn-60-capsulas,"Cúrcuma con Zinc, Thyroid Support de NutriADN | Favorece el equilibrio hormonal, función tiroidea normal | 60 cápsulas",NutriADN,ACTIVE,PRO | vitadeals,,,Zinc,gid://shopify/TaxonomyCategory/hb-1-9-6-6-5,Zinc,mineral-ZINC,alta,no,
9980876751169,curcuma-curcumin-c3-complex-500-mg-natsa-apoya-el-bienestar-digestivo-antioxidante-100-capsulas,"Cúrcuma Curcumín C3 Complex 500 mg NATSA | Apoya el bienestar digestivo, antioxidante | 100 cápsulas",Natsa,ACTIVE,,,,Cúrcuma y antiinflamatorios naturales,gid://shopify/TaxonomyCategory/hb-1-9-6-5,Herbal Supplements,"ai: Curcumina C3 Complex, extracto de cúrcuma",alta,si,no
9999955525953,curcuma-y-curcumina-475mg-60-capsulas-gel,Cúrcuma Curcuminoides de Now| Protección Antioxidante | 60 cápsulas,Vitaminate,ACTIVE,,,,Cúrcuma y antiinflamatorios naturales,gid://shopify/TaxonomyCategory/hb-1-9-6-5,Herbal Supplements,"ai: Curcuminoides de cúrcuma, antioxidante herbal",alta,si,no
10240750944577,curcuma-dig3-st-b-fit-apoya-metabolismo-digestivo-confort-abdominal-90-capsulas,"Cúrcuma Dig3-ST B-fit | Apoya metabolismo digestivo, confort abdominal | 90 cápsulas",B FIT,ACTIVE,vitadeals,,,Cúrcuma y antiinflamatorios naturales,gid://shopify/TaxonomyCategory/hb-1-9-6-5,Herbal Supplements,ai: Formulación a base de cúrcuma con enfoque digestivo,media,si,no
9648386998593,curcuma-organica-extracto-de-curcumina-pimienta-negra-500mg-curcupi-de-tibet-natura-apoyo-del-bienestar-digestivo-y-del-sistema-inmunologico-90-capsulas-vegetales,Cúrcuma orgánica + Extracto de Curcumina + Pimienta negra 500mg Curcupi de Tibet Natura | Apoyo del bienestar digestivo y del sistema inmunológico | 90 cápsulas vegetales,Flow Supplements,ACTIVE,articulaciones y cartílago | descuento-15 | Fortalecimiento de huesos | Hierbas | Indiferente | PRO | Salud digestiva | Sistema inmunitario | Suplementos herbales | Tibet Natura | vitadeals,,,Cúrcuma y antiinflamatorios naturales,gid://shopify/TaxonomyCategory/hb-1-9-6-5,Herbal Supplements,ai: Cúrcuma orgánica con curcumina y pimienta negra,alta,si,no
10108963848513,curcuma-organica-extra-fuerte-jenjibre-extracto-de-pimienta-negra-y-mezcla-probiotica-de-garden-of-life-60-tabletas,"Cúrcuma Orgánica extra fuerte, Jenjibre, extracto de pimienta negra y mezcla probiótica de garden of life | 60 Tabletas",OLSEGO GROUP,ACTIVE,,,,Probióticos,gid://shopify/TaxonomyCategory/hb-1-9-6-4-5,Probiotics,probiotico,alta,no,
9999953723713,curcuma-y-bromelina-2400-gdu-g-90-veg-caps,Cúrcuma y Bromelina de Now| Movilidad articular | 90 Cápsulas,Vitaminate,ACTIVE,,,,Enzimas digestivas,gid://shopify/TaxonomyCategory/hb-1-9-6-4-3,Digestive Enzymes,enzimas,alta,no,
9633023820097,curcuma-y-pimienta-negra-605mg-de-swanson-apoyo-cardiovascular-y-funcion-de-las-articulaciones-60-capsulas-veganas,Cúrcuma y Pimienta Negra 605mg de Swanson | Apoyo cardiovascular y función de las articulaciones | 60 cápsulas veganas,Vitaminate,ACTIVE,+18 Años | Adultos | Combinados de hierbas | curcuma | descuento-20 | Hierbas | Indiferente | Pimienta | Salud digestiva | Sin azúcar | Sin gluten | Sin lactosa | Sistema cardiovascular | Suplementos herbales | Swanson | Vegetariano,,,Cúrcuma y antiinflamatorios naturales,gid://shopify/TaxonomyCategory/hb-1-9-6-5,Herbal Supplements,"ai: Cúrcuma con pimienta negra, extracto herbal",alta,si,no
9665897726273,curcuma-canela-pimienta-cordyceps-5g-golden-milk-de-landa-adaptogeno-apoyo-inmune-digestivo-antioxidante-bolsa-de-150g-30-servicios,"Cúrcuma, Canela, Pimienta, Cordyceps 5g Golden Milk de Landa Adaptógenos | Apoya la digestión y metabolismo | Bolsa de 150g - 30 servicios",Landa Adaptógenos,ACTIVE,+18 Años | Adultos | Alimentos funcionales | Ansiedad y estrés | Combinado de hongos adaptógenos | combinados-de-hierbas | Concentración | descuento-25 | Indiferente | Landa Adaptógenos | memoria y atención | Salud digestiva | Sin azúcar | Sistema inmunitario,,,Hongos funcionales,gid://shopify/TaxonomyCategory/hb-1-9-6-5,Herbal Supplements,ai: Golden milk en polvo con cordyceps y especias adaptógenas,media,si,no
9640242053441,curcuma-glicinato-de-magnesio-pimienta-y-vitamina-d-de-nutriadn-endo-support-disenado-para-mujeres-que-padecen-de-endometriosis-y-sindrome-premenstrual-ayuda-a-aliviar-sintomas-60-capsulas-vegetales,"Cúrcuma, Glicinato de Magnesio, Pimienta y Vitamina D de NutriADN - Endo Support | Diseñado para mujeres que padecen de endometriosis y síndrome premenstrual - Ayuda a aliviar síntomas | 60 Cápsulas Vegetales",NutriADN,ACTIVE,+18 Años | Adultos | Alivio del dolor crónico | curcuma | duracion 30 | Glicinato de Magnesio | Mujer | NutriADN | Pimienta | PRO | Salud femenina | Sin azúcar | Sin gluten | Sin lactosa | Suplementos Combinados | Vegano | Vegetariano | vitadeals | Vitamina D3,,,Bienestar femenino y menopausia,gid://shopify/TaxonomyCategory/hb-1-9-6-5,Herbal Supplements,"ai: Fórmula femenina con cúrcuma, magnesio y vitamina D",media,si,no
9649789337921,curcuma-jengibre-moringa-1500mg-por-porcion-de-flow-supplements-propiedades-antiinflamatorias-y-antioxidantes-ayudando-a-combatir-el-estres-oxidativo-y-reducir-la-inflamacion-en-el-cuerpo-90-capsulas-vegetales,"Cúrcuma, Jengibre y Moringa 1500mg | Antiinflamatorio y Antioxidante | 90 Cápsulas Vegetales",Flow Supplements,ACTIVE,+18 Años | Adultos | Combinados de hierbas | curcuma | descuento-20 | Flow Supplement | Hierbas | Indiferente | Jengibre | Keto | Moringa | Salud digestiva | Sin azúcar | Sin gluten | Sin lactosa | Sistema inmunitario | Suplementos herbales | vitadeals,,,Cúrcuma y antiinflamatorios naturales,gid://shopify/TaxonomyCategory/hb-1-9-6-5,Herbal Supplements,"ai: Combinado herbal cúrcuma, jengibre y moringa",alta,si,no
9935636431169,curcumina-95-y-jengibre-eternal-1420-mg-200-capsulas,Curcumina 95 y Jengibre liposomal 1420 mg Eternal Nutrition | Antioxidante celular | 200 cápsulas,Eternal,ACTIVE,,,,Cúrcuma y antiinflamatorios naturales,gid://shopify/TaxonomyCategory/hb-1-9-6-5,Herbal Supplements,ai: Curcumina 95 liposomal con jengibre,alta,si,no
9605160239425,curcumina-avanzada-elite-500mg-de-life-extension-apoyo-cardiovascular-e-inmune-que-favorece-la-funcion-celular-30-capsulas-blandas,Curcumina Avanzada Elite 500mg de Life Extension | Apoyo Cardiovascular e Inmune que favorece la función celular | 30 cápsulas blandas,OLSEGO GROUP,ACTIVE,+18 Años | Adultos | curcuma | Hierbas | Indiferente | Life Extension | PRO | Sin azúcar | Sin gluten | Sin lactosa | Sistema cardiovascular | Sistema inmunitario | Suplementos herbales | Vegano | Vegetariano,,,Cúrcuma y antiinflamatorios naturales,gid://shopify/TaxonomyCategory/hb-1-9-6-5,Herbal Supplements,"ai: Curcumina avanzada, extracto de cúrcuma",alta,si,no
9624040603969,curcumina-de-extracto-de-curcuma-95-curcuminoides-665-mg-de-now-foods-ayuda-a-mantener-la-salud-articular-60-capsulas-vegetales,Curcumina de Extracto de Cúrcuma 95% + Curcuminoides 665 mg por cápsula  de NOW Foods | Ayuda a mantener la salud articular | 60 Cápsulas Vegetales,Vitaminate,ACTIVE,+18 Años | Adultos | Alivio del dolor crónico | curcuma | Indiferente | NOW Foods | Sin azúcar | Sin gluten | Sin lactosa | Sistema cardiovascular | Sistema inmunitario | Suplementos herbales | Vegetariano,,,Cúrcuma y antiinflamatorios naturales,gid://shopify/TaxonomyCategory/hb-1-9-6-5,Herbal Supplements,ai: Extracto de cúrcuma 95% curcuminoides,alta,si,no
10126244970817,curcumina-max-suplemento-antiinflamatorio-alivio-del-dolor-60-capsulas,"Curcumina Max con AstraGin de Wohl VidaLabs | Antioxidante, bienestar articular, digestión ligera  | 60 Cápsulas",Wohl/VidaLabs,ACTIVE,vitadeals,,,Cúrcuma y antiinflamatorios naturales,gid://shopify/TaxonomyCategory/hb-1-9-6-5,Herbal Supplements,"ai: Curcumina con AstraGin, extracto herbal",alta,si,no
10237155868993,d-fence-matter-echinacea-y-sauco-soporte-inmunologico-60-capsulas,D-Fence Matter Echinacea y Saúco | Soporte Inmunológico | 60 cápsulas,You Matter,ACTIVE,,,,Defensas e inmunidad,gid://shopify/TaxonomyCategory/hb-1-9-6-5,Herbal Supplements,"ai: Equinácea y saúco, botánicos para inmunidad",alta,si,no
9625353847105,d-mannosa-500-mg-de-now-foods-apoya-el-tracto-urinario-saludable-120-capsulas-vegetales,D-Mannosa 500 mg de NOW Foods | Apoya el Tracto Urinario Saludable | 120 Cápsulas Vegetales,Vitaminate,ACTIVE,+18 Años | Adultos | d-manosa | Indiferente | NOW Foods | Salud digestiva | Salud urinaria | Sin azúcar | Sin gluten | Sin lactosa | Suplementos Combinados | Vegetariano,,,Vías urinarias y renal,gid://shopify/TaxonomyCategory/hb-1-9-6,Vitamins & Supplements,"ai: D-manosa, azúcar simple para tracto urinario",alta,si,no
10236793127233,d-ribosa-mito-fuel-de-matter-favorece-la-recuperacion-muscular-20-sobres-de-10-gr,D-Ribosa Mito Fuel de Matter | Favorece la recuperación muscular | 20 sobres de 10 gr,You Matter,ACTIVE,,,,CoQ10 y energía celular,gid://shopify/TaxonomyCategory/hb-1-9-6,Vitamins & Supplements,ai: D-Ribosa en polvo para energía mitocondrial y recuperación,media,si,no
9640190902593,d3-10-000-ui-k2-300mg-de-gou-medical-apoya-la-funcion-cardiovascular-saludable-y-fortalece-los-huesos-60-capsulas-vegetales,D3 10.000 UI + K2 300mg de Gou Medical | Apoya la función cardiovascular saludable y fortalece los huesos | 60 cápsulas vegetales,Gou Medical,ACTIVE,+18 Años | Adultos | descuento-20 | duracion 60 | Gou Medical | Indiferente | PRO | Sin azúcar | Sin gluten | Sin lactosa | Sistema cardiovascular | Sistema inmunitario | Vegano | Vegetariano | vitadeals | Vitamina D3 | Vitamina D3 + K2 | Vitamina K | vitamina-d | Vitaminas,,,Multivitamínicos,gid://shopify/TaxonomyCategory/hb-1-9-6-7,Multivitamin Supplements,multi-vitamina-VIT_D+VIT_K,alta,no,
10326019244353,d3-400-ui-k2-de-nutriadn-mantenimiento-de-huesos-y-dientes-sistema-inmunologico-30-ml,"D3 400 UI + K2 de NutriADN | Mantenimiento de huesos y dientes, sistema inmunológico | 30 ml",NutriADN,ACTIVE,vitadeals,,,Multivitamínicos,gid://shopify/TaxonomyCategory/hb-1-9-6-7,Multivitamin Supplements,multi-vitamina-VIT_D+VIT_K,alta,no,
9795225485633,d3-5000-iu-con-vitamina-k2-90mcg-de-michaels-health-soporte-del-sistema-oseo-y-apoyo-del-sistema-inmunologico-90-masticables-vegetarianos-sabor-albaricoque,D3 5000 IU con Vitamina K2 90mcg de Michael's Health | Apoya el sistema inmunológico | 90 Masticables Vegetarianos Sabor Albaricoque,Vitaminate,ACTIVE,descuento-10 | duracion 90,,,Multivitamínicos,gid://shopify/TaxonomyCategory/hb-1-9-6-7,Multivitamin Supplements,multi-vitamina-VIT_D+VIT_K,alta,no,
9999947006273,d3-b12-organico-sabor-fresa-60-gomitas-mary-ruth-s,D3+B12 Organico de Mary Ruth´s | Estado de ánimo y Soporte celular | 60 Gomitas,Vitaminate,ACTIVE,,,,Multivitamínicos,gid://shopify/TaxonomyCategory/hb-1-9-6-7,Multivitamin Supplements,multi-vitamina-VIT_B+VIT_D,alta,no,
9600578322753,daily-omega-kids-suplemento-salud-cerebral-ocular-cardiovascular,"Daily Omega Kids | Suplemento | Salud Cerebral, Ocular, Cardiovascular",Vitaminate,ACTIVE,duracion 30 | Indiferente | Ácidos grasos y omegas,,,Omega 3 y aceites de pescado,gid://shopify/TaxonomyCategory/hb-1-9-6-11,Omega Fatty Acids,omega,alta,no,
9999954608449,daily-vits-multivitaminico-y-minerales-100-tabs,"Daily Vits NOW Foods multivitamínico con luteína y licopeno | Bienestar ocular, energía y vitalidad diaria | 100 tabletas",OLSEGO GROUP,ACTIVE,duracion 100,,,Multivitamínicos,gid://shopify/TaxonomyCategory/hb-1-9-6-7,Multivitamin Supplements,multivitaminico-explicito,alta,no,
9603780084033,dha-250-mg-con-epa-125-mg-de-now-foods-aceite-de-pescado-molecularmente-destilado-apoya-la-funcion-cerebral-y-cardiovascular-120-capsulas-blandas,DHA 250 mg con EPA 125 mg de NOW Foods | Aceite de Pescado Molecularmente Destilado | Apoya la Función Cerebral y Cardiovascular |  120 Cápsulas Blandas,Vitaminate,ACTIVE,+18 Años | Adultos | descuento-15 | dha | duracion 60 | Indiferente | Keto | NOW Foods | Sin azúcar | Sin gluten | Sin lactosa | Sistema cardiovascular | vitadeals | Ácidos grasos y omegas,,,Omega 3 y aceites de pescado,gid://shopify/TaxonomyCategory/hb-1-9-6-11,Omega Fatty Acids,omega,alta,no,
9600551485761,dha-830-mg-de-nordic-naturals-esencial-para-la-funcion-cardiovascular-y-cognitiva-90-capsulas-blandas-sabor-fresa,DHA 830 mg de Nordic Naturals | Esencial para la función cardiovascular y cognitiva | 90 cápsulas blandas sabor Fresa,Vitaminate,ACTIVE,+18 Años | Adultos | dha | duracion 90 | Indiferente | Nordic Naturals | Salud cognitiva | Sistema cardiovascular | Ácidos grasos y omegas,,,Omega 3 y aceites de pescado,gid://shopify/TaxonomyCategory/hb-1-9-6-11,Omega Fatty Acids,omega,alta,no,
9999951659329,dha-masticable-para-ninos-100-mg-60-softgels,"DHA Kids de Now | Sistema nervioso, función cognitiva y crecimiento | 60 Cápsulas",Vitaminate,ACTIVE,duracion 30,,,Omega 3 y aceites de pescado,gid://shopify/TaxonomyCategory/hb-1-9-6-11,Omega Fatty Acids,omega,alta,no,
9615377826113,dha-puro-90mg-y-epa-60mg-de-child-life-apoyo-de-la-funcion-cerebral-cognitiva-infantil-90-capsulas-blandas-sabor-natural-a-bayas,DHA Puro 90mg y EPA 60mg de Child Life | Apoyo de la función Cerebral - Cognitiva Infantil | 90 cápsulas blandas Sabor Natural a Bayas,Vitaminate,ACTIVE,3 a 10 Años | Child Life | descuento-10 | dha | duracion 10 | Indiferente | Niños | Ácidos grasos y omegas,Suplemento dietario,,Omega 3 y aceites de pescado,gid://shopify/TaxonomyCategory/hb-1-9-6-11,Omega Fatty Acids,omega,alta,no,
9603797975361,dha-500-500-mg-de-dha-y-250-mg-de-epa-de-now-foods-soporte-para-la-funcion-del-cerebro-y-cardiovascular-90-capsulas-blandas,"DHA-500, 500 mg de DHA y 250 mg de EPA de NOW Foods | Soporte para la Función del Cerebro y Cardiovascular | 90 Cápsulas Blandas",Vitaminate,ACTIVE,+18 Años | Adultos | dha | duracion 90 | Indiferente | Keto | NOW Foods | Sin azúcar | Sin gluten | Sin lactosa | Sistema cardiovascular | Ácidos grasos y omegas,,,Omega 3 y aceites de pescado,gid://shopify/TaxonomyCategory/hb-1-9-6-11,Omega Fatty Acids,omega,alta,no,
9639819804993,dhea-25-mg-de-gou-medical-ayuda-a-equilibra-niveles-hormonales-y-contribuye-al-metabolismo-60-capsulas-vegetales,"DHEA 25 mg, GOU Medical 300 mg | Apoya el equilibrio hormonal en hombres y mujeres | 60 cápsulas",Gou Medical,ACTIVE,+18 Años | Adultos | descuento-20 | dhea | duracion 60 | Gou Medical | Hormonas y Neurotransmisores | Indiferente | Potenciar la energía | Sin azúcar | Sin gluten | Sin lactosa | Sistema inmunitario | Vegano | Vegetariano | vitadeals,,,"Longevidad: NAD+, NMN y resveratrol",gid://shopify/TaxonomyCategory/hb-1-9-6,Vitamins & Supplements,ai: DHEA precursor hormonal; sin categoría hormonal en vocabulario,baja,si,no
9603048407361,dhea-25mg-de-life-extension-fortalece-sistema-inmune-y-hormonal-100-capsulas-vegetales,DHEA 25mg de Life Extension | Fortalece el Sistema Inmune y Hormonal | 100 cápsulas vegetales,OLSEGO GROUP,ACTIVE,+18 Años | Adultos | Ansiedad y estrés | descuento-25 | dhea | duracion 33 | Hormonas y Neurotransmisores | Indiferente | Life Extension | Potenciar la energía | PRO | Sin azúcar | Sin gluten | Sin lactosa | Sistema inmunitario | Vegano | Vegetariano,,,"Longevidad: NAD+, NMN y resveratrol",gid://shopify/TaxonomyCategory/hb-1-9-6,Vitamins & Supplements,ai: DHEA precursor hormonal; vocabulario carece de apoyo hormonal,baja,si,no
9621369160001,dhea-25mg-de-swanson-fortalecimiento-oseo-y-promueve-un-envejecimiento-saludable-120-capsulas-vegetales,DHEA 25mg de Swanson | Fortalecimiento Óseo y Promueve un envejecimiento saludable | 120 y 30 cápsulas vegetales,Vitaminate,ACTIVE,+18 Años | Adultos | descuento-20 | dhea | duracion 120 | Hormonas y Neurotransmisores | Indiferente | Longevidad y vitalidad | Potenciar la energía | PRO | Sin azúcar | Sin gluten | Sin lactosa | Sistema inmunitario | Swanson | Vegetariano,,,"Longevidad: NAD+, NMN y resveratrol",gid://shopify/TaxonomyCategory/hb-1-9-6,Vitamins & Supplements,ai: DHEA orientado a envejecimiento saludable y vitalidad,baja,si,no
9715996590401,dhea-50mg-de-swanson-fortalecimiento-oseo-y-promueve-un-envejecimieto-saludable-120-capsulas-vegetales,DHEA 50mg de Swanson | Fortalecimiento Óseo y Promueve un envejecimieto saludable | 120 cápsulas vegetales,Superlabs,ACTIVE,+18 Años | Adultos | descuento-15 | dhea | duracion 120 | Hormonas y Neurotransmisores | Indiferente | Longevidad y vitalidad | Potenciar la energía | Sin azúcar | Sin gluten | Sin lactosa | Sistema inmunitario | Swanson | Vegetariano,,,"Longevidad: NAD+, NMN y resveratrol",gid://shopify/TaxonomyCategory/hb-1-9-6,Vitamins & Supplements,ai: DHEA 50mg para envejecimiento saludable y vitalidad,baja,si,no
9687496425793,diente-de-leon-500mg-de-adapto-heal-bienestar-digestivo-desintoxicacion-150-capsulas-vegetales,Diente de León 500mg de Adaptoheal | Bienestar Digestivo - Desintoxicación | 150 Cápsulas Vegetales,AdaptoHeal,ACTIVE,+18 Años | AdaptoHeal | Adultos | cardo-mariano | Desintoxicación | Diente de león | duracion 75 | Hierbas | Indiferente | Salud digestiva | Sin azúcar | Sin gluten | Sin lactosa | Suplementos herbales | Vegano | vitadeals | Vitamina A (Retinol) | Vitamina K,,,Detox y apoyo hepático,gid://shopify/TaxonomyCategory/hb-1-9-6-5,Herbal Supplements,ai: Extracto botánico de diente de león para desintoxicación,alta,si,no
9795151692097,diente-de-leon-semilla-de-lino-calabaza-vitaminas-minerales-mezcla-patentada-de-michaels-health-formula-que-apoya-al-bienestar-digestivo-y-la-desintoxicacion-del-organismo-84-capsulas-vegetarianas-en-3-paquetes-diarios,"Diente de León, Semilla de Lino, Calabaza – Vitaminas, Minerales & Mezcla Patentada de Michael's Health | Formula que apoya al Bienestar Digestivo y la Desintoxicación del Organismo | 84 cápsulas vegetarianas en 3 paquetes diarios",Vitaminate,ACTIVE,,,,Detox y apoyo hepático,gid://shopify/TaxonomyCategory/hb-1-9-6-4,Digestive Supplements,ai: Fórmula herbal-vitamínica enfocada en digestión y desintoxicación,baja,si,no
9612995264833,digest-gold™-suplemento-apoya-la-digestion-potencia-la-energia,Digest Gold™ Mezcla de enzimas + ATPro  de Enzymedica | Favorece la digestión | 45 cápsulas,OLSEGO GROUP,ACTIVE,duracion 45 | Indiferente | Potenciar la energía | Salud digestiva,,,Enzimas digestivas,gid://shopify/TaxonomyCategory/hb-1-9-6-4-3,Digestive Enzymes,enzimas,alta,no,
9970324570433,digestive-blend-de-lalun-de-triphala-c-rcuma-y-jenjibre-60-c-psulas,"Digestive Blend de Lalun | Extracto Orgánico de Triphala, Cúrcuma y Jenjibre  | 60 Cápsulas",Lalun Organic,ACTIVE,duracion 30,,,Digestivos y confort intestinal,gid://shopify/TaxonomyCategory/hb-1-9-6-4,Digestive Supplements,"ai: Triphala, cúrcuma y jengibre para confort digestivo",alta,si,no
9999953363265,dim-200-diindolilmetano-90-veg-caps,DIM 200 de NOW Foods | Apoya el equilibrio hormonal en hombres y mujeres | 90 cápsulas,Vitaminate,ACTIVE,duracion 90,,,Detox y apoyo hepático,gid://shopify/TaxonomyCategory/hb-1-9-6-5,Herbal Supplements,"ai: DIM de crucíferas, metabolismo de estrógenos y detox",media,si,no
9644568379713,dim-evail™-100mg-de-designs-for-health-equilibrio-hormonal-y-desintoxicacion-60-y-120-capsulas-blandas-etales,DIM-Evail™ 100mg de Designs for Health | Equilibrio Hormonal y Desintoxicación | 60 y 120 Cápsulas Blandas etales,OLSEGO GROUP,ACTIVE,+18 Años | Adultos | Designs for health | Desintoxicación | diindolilmetano-dim | Hierbas | Indiferente | Sin azúcar | Sin gluten | Sin lactosa | Sistema inmunitario | Suplementos herbales | Vegetariano,,,Detox y apoyo hepático,gid://shopify/TaxonomyCategory/hb-1-9-6-5,Herbal Supplements,ai: Diindolilmetano para equilibrio hormonal y desintoxicación,media,si,no
9639026131265,dim-plus-100mg-de-natures-way-promueve-el-equilibrio-hormonal-y-la-desintoxicacion-del-cuerpo-60-capsulas-veganas,DIM-plus 100mg de  Nature's Way  | Promueve el equilibrio hormonal y la desintoxicación del cuerpo | 60 cápsulas veganas,Vitaminate,ACTIVE,+18 Años | Adultos | descuento-15 | Desintoxicación | diindolilmetano-dim | Hierbas | Indiferente | Natures Way | Salud digestiva | Sin azúcar | Sin gluten | Sin lactosa | Suplementos herbales | Vegano | vitadeals,,,Detox y apoyo hepático,gid://shopify/TaxonomyCategory/hb-1-9-6-5,Herbal Supplements,ai: DIM vegetal para equilibrio hormonal y detox,media,si,no
10238563254593,dimpulse-de-matter-equilibrio-hormonal-favorece-metabolismo-de-estrogenos-60-capsulas,"DIMpulse de Matter | Equilibrio hormonal, favorece metabolismo de estrógenos | 60 cápsulas",You Matter,ACTIVE,vitadeals,,,Detox y apoyo hepático,gid://shopify/TaxonomyCategory/hb-1-9-6-5,Herbal Supplements,"ai: DIM, metabolismo de estrógenos y equilibrio hormonal",media,si,no
9618780520769,dmae-250-mg-dimetiletanolamina-bitartrato-de-now-foods-apoyo-para-la-produccion-de-neurotransmisores-y-funcion-cognitiva-100-capsulas-vegetarianas,DMAE 250 mg (Dimetiletanolamina Bitartrato) de NOW Foods | Apoyo para la Producción de Neurotransmisores y Función Cognitiva | 100 Cápsulas Vegetarianas,Vitaminate,ACTIVE,+18 Años | Adultos | Cabello | descuento-15 | dmae | duracion 100 | Indiferente | NOW Foods | piel y uñas | Potenciar la energía | Salud cognitiva | Sin azúcar | Sin gluten | Sin lactosa | Sistema cardiovascular | Vegetariano,,,Memoria y concentración,gid://shopify/TaxonomyCategory/hb-1-9-6,Vitamins & Supplements,"ai: DMAE, precursor de neurotransmisores y función cognitiva",alta,si,no
9687532732737,dong-quai-500mg-de-adapto-heal-disenado-para-apoyar-la-funcion-hormonal-y-reproductiva-femenina-150-capsulas-vegetales,Dong Quai 500mg de Adaptoheal | Diseñado para apoyar la función hormonal y reproductiva femenina | 150 Cápsulas Vegetales,AdaptoHeal,ACTIVE,+18 Años | AdaptoHeal | Adultos | Dong quai | duracion 75 | Hierbas | Menopausia | Mujer | Salud femenina | Sin azúcar | Sin gluten | Sin lactosa | Suplementos herbales | Vegano | vitadeals,,,Bienestar femenino y menopausia,gid://shopify/TaxonomyCategory/hb-1-9-6-5,Herbal Supplements,ai: Dong quai botánico para salud hormonal femenina,alta,si,no
9618876989761,dong-quai-520mg-suplemento-alimenticio-salud-femenina,Dong Quai 520 mg de NOW Foods | Extracto de Raíz de Angelica Sinensis | Apoyo Hormonal y Menstrual | 100 Cápsulas Veganas,Vitaminate,ACTIVE,+18 Años | Adultos | duracion 50 | Hierbas | Menopausia | Mujer | NOW Foods | Salud femenina | Sin azúcar | Sin gluten | Sin lactosa | Suplementos herbales | Vegano,,,Bienestar femenino y menopausia,gid://shopify/TaxonomyCategory/hb-1-9-6-5,Herbal Supplements,"ai: Extracto de Angelica sinensis, apoyo hormonal y menstrual",alta,si,no
9618866110785,dong-quai-cohosh-negro-soja-de-now-foods-apoyo-para-la-menopausia-90-capsulas-vegetales-30-servicios,"Dong Quai, Cohosh Negro, Soja de Now Foods | Apoyo para la Menopausia | 90 cápsulas vegetales, 30 servicios",OLSEGO GROUP,ACTIVE,+18 Años | Adultos | descuento-15 | dong-quai | Hierbas | Menopausia | Mujer | NOW Foods | Sin azúcar | Sin gluten | Sin lactosa | Suplementos herbales | Vegano | Vegetariano,,,Bienestar femenino y menopausia,gid://shopify/TaxonomyCategory/hb-1-9-6-5,Herbal Supplements,ai: Mezcla herbal dong quai y cohosh negro para menopausia,alta,si,no
10108956246337,dr-formulated-probiotics-organic-kids-mezcla-probiotica-infantil-14-cepas-bacterianas-30-tabletas-masticables-1,Dr. Formulated Probiotics Organic Kids | Mezcla probiótica infantil 14 cepas bacterianas | 30 tabletas masticables,OLSEGO GROUP,ACTIVE,,,,Probióticos,gid://shopify/TaxonomyCategory/hb-1-9-6-4-5,Probiotics,probiotico,alta,no,
10031978807617,duo-citrato-de-magnesio,Duo Biotina con colágeno y ácido Hialurónico de Briah | 60 Cápsulas,OLSEGO GROUP,ACTIVE,,,,"Belleza: cabello, piel y uñas",gid://shopify/TaxonomyCategory/hb-1-9-6,Vitamins & Supplements,ai: Biotina principal combinada con colágeno y ácido hialurónico,media,no,no
10031977759041,duo-cardo-mariano-funcion-hepatica-60-capsulas,Duo Cardo Mariano | Función Hepática | 60 cápsulas,OLSEGO GROUP,ACTIVE,,,,Detox y apoyo hepático,gid://shopify/TaxonomyCategory/hb-1-9-6-5,Herbal Supplements,ai: Cardo mariano botánico para función hepática,alta,si,no
10031988539713,duo-maca-negra-peruana-de-briah-energia-diaria-masculina,Duo Maca negra peruana de briah | Energía diaria masculina,OLSEGO GROUP,ACTIVE,vitadeals,,,Bienestar masculino y próstata,gid://shopify/TaxonomyCategory/hb-1-9-6-5,Herbal Supplements,"ai: Maca negra peruana, energía y vitalidad masculina",media,si,no
10031990833473,duo-magnesio-super-complex-4-tipos-de-magnesio-vitamina-b6,Duo Magnesio Súper Complex | 4 Tipos de magnesio + vitamina b6,OLSEGO GROUP,ACTIVE,vitadeals,,,Magnesio,gid://shopify/TaxonomyCategory/hb-1-9-6-6-3,Magnesium,ai: Cuatro formas de magnesio con B6 como cofactor,alta,si,no
10031987818817,duo-shilajit-de-briah-vigor-y-energia-masculina,Duo Shilajit de briah | Vigor y Energía masculina,OLSEGO GROUP,ACTIVE,,,,Bienestar masculino y próstata,gid://shopify/TaxonomyCategory/hb-1-9-6-5,Herbal Supplements,ai: Shilajit para vigor y energía masculina,media,si,no
10031987032385,duo-testomen-complex-de-briah,DUO TestoMEN Complex de Briah,OLSEGO GROUP,ACTIVE,,,,Bienestar masculino y próstata,gid://shopify/TaxonomyCategory/hb-1-9-6-5,Herbal Supplements,ai: Complejo herbal enfocado en testosterona y vitalidad masculina,media,si,no
9999955427649,equinacea-para-ninos-liquida-2fl-oz-59ml,Echinacea líquida de NOW Kids | Apoya el bienestar inmunológico infantil  | 59 ml,Vitaminate,ACTIVE,,,,Suplementos para niños,gid://shopify/TaxonomyCategory/hb-1-9-6-5,Herbal Supplements,ai: Extracto líquido de equinácea formulado para niños,media,si,no
9999955460417,elderberry-para-ninos-8-fl-oz-237ml,"Elderberry Kids, Saúco negro 500mg + Zinc de NOW Foods | Sistema inmune | Liquido 237 ml",OLSEGO GROUP,ACTIVE,duracion 30,,,Zinc,gid://shopify/TaxonomyCategory/hb-1-9-6-6-5,Zinc,mineral-ZINC,alta,no,
9999949201729,elderberry-organico-liquido-1-fl-oz-30ml-mary-ruth-s,Elderberry Organico de Mary Ruth´s | Soporte Inmunológico | 30 ml,Vitaminate,ACTIVE,duracion 30,,,Defensas e inmunidad,gid://shopify/TaxonomyCategory/hb-1-9-6-5,Herbal Supplements,ai: Extracto botánico de saúco para apoyo inmune,alta,si,no
10239534563649,elderberry-sambucus-jarabe-de-nature-s-answer-apoya-el-sistema-inmune-bienestar-general-120-ml,"Elderberry Sambucus Jarabe de Nature’s Answer | Apoya el sistema inmune, bienestar general | 120 ml",OLSEGO GROUP,ACTIVE,,,,Defensas e inmunidad,gid://shopify/TaxonomyCategory/hb-1-9-6-5,Herbal Supplements,"ai: Jarabe de sambucus, extracto botánico inmune",alta,si,no
9974136865089,hidratacion-y-energia-orange-mango-de-ascent-aumenta-los-niveles-de-energia-polvo-400-g,Electrolitos Clean Hidratacion + Energía de Ascent | Polvo 40 porciones,Vitaminate,ACTIVE,duracion 40,,,Potasio y electrolitos,gid://shopify/TaxonomyCategory/hb-1-9-6-6-4,Multimineral Supplements,ai: Polvo de electrolitos minerales para hidratación,alta,si,no
9629980524865,electrolitos-en-polvo-powerpak-de-trace-minerals-vitaminas-c-b6-b12-y-minerales-esenciales-para-potenciar-la-energia-gran-variedad-de-sabores-con-30-sobres-c-u,"Electrolitos en Polvo PowerPak de Trace Minerals - Vitaminas C, B6, B12 y Minerales Esenciales para potenciar la Energía | Gran Variedad de Sabores con 30 Sobres  c/u",Superlabs,ACTIVE,+18 Años | Adultos | Boro | Calcio | Citrato de potasio | Combinado de minerales | Cromo | duracion 30 | Indiferente | Manganeso | Minerales | Potenciar la energía | Selenio | Sin azúcar | Sin gluten | Sin lactosa | Sistema inmunitario | Trace Minerals | Vegetariano | Vitamina B1 (Tiamina) | Vitamina B12 | Vitamina B3 (Niacina) | Vitamina B5 (Ácido pantoténico) | Vitamina B6 (Piridoxina) | Vitamina B9 (Ácido fólico) | vitamina-c | Ácido alfa lipoico (ALA) | Óxido de Magnesio | Óxido de zinc,,,Complejo B y B12,gid://shopify/TaxonomyCategory/hb-1-9-6-9-3,Vitamin B,vitamina-VIT_B,alta,no,
10327323836737,electrolitos-u-nit-de-matter-favorece-la-recuperacion-aporta-hidratacion-27-sobres-de-7-g-1,"Electrolitos U-NIT de Matter | Favorece la recuperación, aporta hidratación | 27 sobres de 7 g",You Matter,ACTIVE,,,,Potasio y electrolitos,gid://shopify/TaxonomyCategory/hb-1-9-6-6-4,Multimineral Supplements,ai: Sobres de electrolitos para hidratación y recuperación,alta,si,no
10237085286721,electrolitos-u-nit-de-matter-favorece-la-recuperacion-aporta-hidratacion-27-sobres-de-7-g,"Electrolitos U-NIT Stronger de Matter | Favorece la recuperación, aporta hidratación | 24 sobres de 10g",You Matter,ACTIVE,PRO,,,Potasio y electrolitos,gid://shopify/TaxonomyCategory/hb-1-9-6-6-4,Multimineral Supplements,ai: Sobres de electrolitos para hidratación y recuperación,alta,si,no
9795168698689,eleuthero-curcuma-vitamina-c-b12-b5-calcio-y-acido-pantotenico-de-michaels-health-90-capsulas-vegetarianas,"Eleuthero, Cúrcuma, Vitamina C, B12,B5, Calcio y Ácido Pantoténico de Michael's Health |  Apoya la función adrenal y ayuda a manejar el estrés diario | 90 Cápsulas Vegetarianas",Vitaminate,ACTIVE,descuento-10,,,Multivitamínicos,gid://shopify/TaxonomyCategory/hb-1-9-6-7,Multivitamin Supplements,combo-1min-2vit,media,si,
9999952019777,sustained-energy-produccion-de-energia-90-veg-caps,Energía Sostenida de Now | Rendimiento Físico | 90 cápsulas vegetales,Vitaminate,ACTIVE,duracion 45,,,CoQ10 y energía celular,gid://shopify/TaxonomyCategory/hb-1-9-6-5,Herbal Supplements,ai: Fórmula en cápsulas para energía y rendimiento,baja,si,no
9999954280769,metabolismo-y-soporte-adrenal-90-veg-caps,Energy NOW Foods | Metabolismo y Soporte Adrenal | 90 cápsulas vegetales,OLSEGO GROUP,ACTIVE,duracion 30,,,Adaptógenos y manejo del estrés,gid://shopify/TaxonomyCategory/hb-1-9-6-5,Herbal Supplements,ai: Fórmula herbal para energía y soporte adrenal,media,si,no
9613069549889,enzima-alfa-galactosidasa-300-galu-beanassist-de-enzyedica-ayuda-a-mantener-un-sistema-digestivo-equilibrado-reduciendo-la-hinchazon-por-gases-30-capsulas-vegetales,"Enzima Alfa Galactosidasa 300 GalU BeanAssist™  de Enzyedica | Ayuda a mantener un sistema digestivo equilibrado, reduciendo la hinchazón por gases | 30 cápsulas vegetales",Vitaminate,ACTIVE,+18 Años | Adultos | Alivio del dolor crónico | descuento-10 | duracion 30 | enzimas-digestivas | Enzymedica | Indiferente | prebióticos y enzimas | Probioticos | Salud digestiva | Sin azúcar | Sin gluten | Sin lactosa | Vegano,,,Enzimas digestivas,gid://shopify/TaxonomyCategory/hb-1-9-6-4-3,Digestive Enzymes,enzimas,alta,no,
9796677632321,enzima-lactasa-de-best-naturals-apoyo-digestivo-180-tabletas,Enzima Lactasa de Best Naturals | Digestión Mejorada y Alivio de la Intolerancia a la Lactosa | 180 Tabletas,OLSEGO GROUP,ACTIVE,descuento-10 | duracion 90,,,Enzimas digestivas,gid://shopify/TaxonomyCategory/hb-1-9-6-4-3,Digestive Enzymes,enzimas,alta,no,
9606578274625,enzimas-biocore®-dpp-iv-274-mg-de-now-foods-para-la-digestion-de-gluten-y-cereales-apoyo-gastrointestinal-60-capsulas-vegetales,"Enzimas BioCore® DPP IV 274 mg de NOW Foods, para la Digestión de Gluten y Cereales | Apoyo Gastrointestinal | 60 Cápsulas Vegetales",Vitaminate,ACTIVE,+18 Años | Adultos | descuento-15 | duracion 60 | enzimas-digestivas | Indiferente | NOW Foods | prebióticos y enzimas | Probioticos | Salud digestiva | Sin azúcar | Sin gluten | Sin lactosa | Vegetariano,,,Enzimas digestivas,gid://shopify/TaxonomyCategory/hb-1-9-6-4-3,Digestive Enzymes,enzimas,alta,no,
9794205614401,enzimas-digestivas-600mg-de-michaels-health-apoya-la-recuperacion-muscular-despues-del-ejercicio-y-el-bienestar-digestivo-90-tabletas-de-ph-estables-con-recubrimiento-enterico,Enzimas Digestivas  600mg de Michael's Health | Apoya la recuperación muscular después del ejercicio y el Bienestar Digestivo | 90 tabletas de Ph estables con recubrimiento entérico,Vitaminate,ACTIVE,duracion 30,,,Enzimas digestivas,gid://shopify/TaxonomyCategory/hb-1-9-6-4-3,Digestive Enzymes,enzimas,alta,no,
9796119560513,digest-aid-520-mg-de-health-thru-nutrition-actua-como-antiinflamatorio-y-antioxidante-60-capsulas-blandas,Enzimas Digestivas 520 mg + Calcio 120 mg de Health Thru Nutrition | Apoya la Digestión y Contribuye a la absorción de nutrientes | 60 cápsulas Blandas,Vitaminate,ACTIVE,duracion 60,,,Enzimas digestivas,gid://shopify/TaxonomyCategory/hb-1-9-6-4-3,Digestive Enzymes,enzimas,alta,no,
9621822767425,enzimas-digestivas-545mg-de-swanson-bienestar-del-sistema-digestivo-aumentando-la-absorcion-de-nutrientes-90-capsulas-vegetales,"Enzimas Digestivas 545mg de Swanson | Bienestar del Sistema Digestivo, aumentando la absorción de nutrientes  | 90 cápsulas vegetales",Superlabs,ACTIVE,+18 Años | Adultos | Alivio del dolor crónico | duracion 90 | enzimas-digestivas | Indiferente | prebióticos y enzimas | Probioticos | Salud digestiva | Sin azúcar | Sin gluten | Sin lactosa | Swanson,,,Enzimas digestivas,gid://shopify/TaxonomyCategory/hb-1-9-6-4-3,Digestive Enzymes,enzimas,alta,no,
9613048185153,enzimas-digestivas-avanzadas-lacto-de-enzymedica-para-intolerancia-a-la-lactosa-y-caseina-soporte-completo-para-la-digestion-de-lacteos-30-capsulas-veganas-y-kosher,Enzimas Digestivas Avanzadas Lacto™ de Enzymedica para Intolerancia a la Lactosa y Caseína | Soporte Completo para la Digestión de Lácteos | 30 Cápsulas Veganas y Kosher,Vitaminate,ACTIVE,+18 Años | Adultos | descuento-10 | duracion 30 | enzimas-digestivas | Enzymedica | Indiferente | Potenciar la energía | prebióticos y enzimas | Probioticos | Salud digestiva | Sin azúcar | Sin gluten | Vegano,,,Proteínas en polvo y barras,gid://shopify/TaxonomyCategory/hb-1-9-6-8,Protein Supplements,proteina,alta,no,
9840570532161,enzimas-digestivas-con-bromelina-papaina-y-vitaminas-b-natsa-apoyo-digestivo-natural-100-capsulas,"Enzimas Digestivas con Bromelina, Papaina y Vitaminas B Natsa | Apoyo Digestivo Natural | 100 Cápsulas",Natsa,ACTIVE,descuento-10 | duracion 50,,,Enzimas digestivas,gid://shopify/TaxonomyCategory/hb-1-9-6-4-3,Digestive Enzymes,enzimas,alta,no,
9606642991425,enzimas-digestivas-con-tcm-y-curcuma-multizyme-matter-750-mg-bienestar-digestivo-y-apoyo-en-la-digestion-100-capsulas-vegetales,Enzimas Digestivas con TCM y Cúrcuma Multizyme Matter 750 mg,You Matter,ACTIVE,+18 Años | Adultos | duracion 33 | enzimas-digestivas | Indiferente | prebióticos y enzimas | PRO | Probioticos | Salud digestiva | Sin azúcar | Sin gluten | Vegano | You Matter,,,Enzimas digestivas,gid://shopify/TaxonomyCategory/hb-1-9-6-4-3,Digestive Enzymes,enzimas,alta,no,
9996536545601,enzimas-digestivas-gudgut-60-capsulas-apoyo-digestivo,Enzimas Digestivas de GüdGut | Apoyo digestivo  | 60 Cápsulas,GudGut,ACTIVE,duracion 30 | PRO,,,Enzimas digestivas,gid://shopify/TaxonomyCategory/hb-1-9-6-4-3,Digestive Enzymes,enzimas,alta,no,
9999948251457,enzimas-digestivas-ultra-60-caps-mary-ruth-s,Enzimas digestivas de MaryRuth’s| Apoyo a la Digestión| 60 cápsulas,Vitaminate,ACTIVE,duracion 60,,,Enzimas digestivas,gid://shopify/TaxonomyCategory/hb-1-9-6-4-3,Digestive Enzymes,enzimas,alta,no,
9612961481025,enzimas-digestivas-digest-basic-de-enzymedica-apoyo-suave-para-digestion-reduccion-de-gases-e-hinchazon-90-y-30-capsulas-veganas-y-kosher,"Enzimas Digestivas Digest Basic de Enzymedica | Apoyo Suave para Digestión, Reducción de Gases e Hinchazón | 30 Cápsulas Veganas y Kosher",Vitaminate,ACTIVE,+18 Años | Adultos | descuento-10 | duracion 30 | enzimas-digestivas | Enzymedica | Indiferente | Potenciar la energía | prebióticos y enzimas | Probioticos | Salud digestiva | Sin azúcar | Sin gluten | Sin lactosa | Vegano,,,Enzimas digestivas,gid://shopify/TaxonomyCategory/hb-1-9-6-4-3,Digestive Enzymes,enzimas,alta,no,
9920137363777,enzimas-digestivas-digest-basic-de-enzymedica-apoyo-suave-para-digestion-reduccion-de-gases-e-hinchazon-90-capsulas-veganas-y-kosher,"Enzimas Digestivas Digest Basic de Enzymedica | Apoyo Suave para Digestión, Reducción de Gases e Hinchazón | 90 Cápsulas Veganas y Kosher",OLSEGO GROUP,ACTIVE,+18 Años | Adultos | descuento-10 | duracion 90 | enzimas-digestivas | Enzymedica | Indiferente | Potenciar la energía | prebióticos y enzimas | Probioticos | Salud digestiva | Sin azúcar | Sin gluten | Sin lactosa | Vegano,,,Enzimas digestivas,gid://shopify/TaxonomyCategory/hb-1-9-6-4-3,Digestive Enzymes,enzimas,alta,no,
10146649211201,enzimas-digestivas-digestive-enzymes-de-nutriadn-90-capsulas,Enzimas Digestivas Digestive Enzymes de NutriADN | Contribuye a la formación de tejidos  | 90 cápsulas,NutriADN,ACTIVE,vitadeals,,,Enzimas digestivas,gid://shopify/TaxonomyCategory/hb-1-9-6-4-3,Digestive Enzymes,enzimas,alta,no,
9613017088321,enzimas-digestivas-especializadas-para-soporte-en-la-digestion-de-gluten-lactosa-fenoles-y-caseina-de-enzymedica-digest-spectrum-formula-avanzada-para-la-intolerancia-alimentaria-90-capsulas-vegana-kosher-y-sin-omg,"Enzimas Digestivas Especializadas para Soporte en la Digestión de Gluten, Lactosa, Fenoles y Caseína de Enzymedica Digest Spectrum - Fórmula Avanzada para la Intolerancia Alimentaria | 90 Cápsulas Vegana, Kosher y Sin OMG",Vitaminate,ACTIVE,+18 Años | Adultos | duracion 90 | enzimas-digestivas | Enzymedica | Indiferente | Potenciar la energía | prebióticos y enzimas | Probioticos | Salud digestiva | Sin azúcar | Sin gluten | Sin lactosa | Vegano,,,Proteínas en polvo y barras,gid://shopify/TaxonomyCategory/hb-1-9-6-8,Protein Supplements,proteina,alta,no,
9613054837057,enzimas-digestivas-lypo-gold-de-enzymedica-con-lipasa-de-alta-potencia-para-digestion-de-grasas-y-apoyo-cardiovascular-60-capsulas-veganas-y-kosher,Enzimas Digestivas Lypo Gold de Enzymedica con Lipasa de Alta Potencia para Digestión de Grasas y Apoyo Cardiovascular | 60 Cápsulas Veganas y Kosher,OLSEGO GROUP,ACTIVE,+18 Años | Adultos | duracion 60 | enzimas-digestivas | Enzymedica | Indiferente | prebióticos y enzimas | Probioticos | Salud digestiva | Sin azúcar | Sin gluten | Sin lactosa | Vegano,,,Enzimas digestivas,gid://shopify/TaxonomyCategory/hb-1-9-6-4-3,Digestive Enzymes,enzimas,alta,no,
9634133279041,enzimas-digestivas-para-lacteos-de-now-foods-dairy-digest-complete-ayuda-a-la-digestion-de-la-lactosa-proteinas-y-grasas-lacteas-90-capsulas-veganas,"Enzimas Digestivas para Lácteos de Now Foods, Dairy Digest Complete | Ayuda a la digestión de la lactosa, proteínas y grasas lácteas | 90 Cápsulas Veganas",Vitaminate,ACTIVE,+18 Años | Adultos | descuento-15 | duracion 90 | enzimas-digestivas | Indiferente | Keto | NOW Foods | prebióticos y enzimas | Probioticos | Salud digestiva | Sin azúcar | Sin gluten | Vegetariano,,,Enzimas digestivas,gid://shopify/TaxonomyCategory/hb-1-9-6-4-3,Digestive Enzymes,enzimas,alta,no,
9613038584129,enzimas-digestivas-para-ninos-sabor-frutas-tropicales-de-enzymedica-apoyo-digestivo-suave-y-absorcion-de-nutrientes-sin-azucar-xilitol-natural-60-tabletas-masticables-veganas-y-kosher,Enzimas Digestivas para Niños de Enzymedica | Apoyo Digestivo Suave Natural | 90 Tabletas Masticables Veganas y Kosher,OLSEGO GROUP,ACTIVE,+18 Años | descuento-10 | duracion 90 | enzimas-digestivas | Enzymedica | Indiferente | Niños | Potenciar la energía | prebióticos y enzimas | Probioticos | Salud digestiva | Sin azúcar | Sin gluten | Sin lactosa | Sistema inmunitario | Vegano,,,Enzimas digestivas,gid://shopify/TaxonomyCategory/hb-1-9-6-4-3,Digestive Enzymes,enzimas,alta,no,
9935926067521,enzimas-digestivas-con-probioticos-eternal-200-capsulas,Enzimas Digestivas Tetra Digestive Enzymes Eternal Nutrition | Promueve el confort digestivo diario | 200 cápsulas,Eternal,ACTIVE,duracion 200,,,Enzimas digestivas,gid://shopify/TaxonomyCategory/hb-1-9-6-4-3,Digestive Enzymes,enzimas,alta,no,
9613005914433,digest-gold™-probioticos-suplemento-alimenticio-apoyo-digestivo,"Enzimas digestivas y probióticos, Digest Gold™ + Probióticos Enzymedica | Apoyo Digestivo | 45 cápsulas",OLSEGO GROUP,ACTIVE,duracion 45 | Indiferente | Potenciar la energía | Salud digestiva | Sistema inmunitario,,,Probióticos,gid://shopify/TaxonomyCategory/hb-1-9-6-4-5,Probiotics,probiotico,alta,no,
10298787823937,enzimas-digestivas-enhanced-super-digestive-enzymes-de-life-extension-absorcion-de-nutrientes-confort-digestivo-60-capsulas-vegetales,"Enzimas Digestivas, Enhanced Super Digestive Enzymes de Life Extension |  Absorción de nutrientes, confort digestivo | 60 Cápsulas vegetales",OLSEGO GROUP,ACTIVE,,,,Enzimas digestivas,gid://shopify/TaxonomyCategory/hb-1-9-6-4-3,Digestive Enzymes,enzimas,alta,no,
9613029769537,glutenease™-extra-fuerte-suplemento-dietario-digestion-del-gluten,"Enzimas digestivas, GlutenEase™  Extra Fuerte Enzymedica | Digestion del Gluten | 30 cápsulas",OLSEGO GROUP,ACTIVE,duracion 30 | Indiferente | Potenciar la energía | Salud digestiva,,,Enzimas digestivas,gid://shopify/TaxonomyCategory/hb-1-9-6-4-3,Digestive Enzymes,enzimas,alta,no,
9618759778625,enzimas-digestivas-pancreatina-2000mg-de-now-foods-digestion-de-proteinas-grasas-y-carbohidratos-100-capsulas-vegetales,"Enzimas Digestivas, Pancreatina 2000mg de NOW Foods | Digestión de Proteínas, Grasas y Carbohidratos, | 100 Cápsulas vegetales",Vitaminate,ACTIVE,+18 Años | descuento-20 | duracion 100 | enzimas-digestivas | Indiferente | NOW Foods | prebióticos y enzimas | Probioticos | Salud digestiva | Sin azúcar | Sin gluten | Sin lactosa | Vegetariano,,,Enzimas digestivas,gid://shopify/TaxonomyCategory/hb-1-9-6-4-3,Digestive Enzymes,enzimas,alta,no,
10015705039169,enzimas-serrapeptasa-salud-celular-60-caps-mary-ruth-s,Enzimas Serrapeptasa de MaryRuth’s | Contribuye al equilibrio mineral y vitamínico | 60 cápsulas,Vitaminate,ACTIVE,,,,Enzimas digestivas,gid://shopify/TaxonomyCategory/hb-1-9-6-4-3,Digestive Enzymes,enzimas,alta,no,
9623822500161,enzimas-vegetales-con-lactasa-proteasa-papaina-y-bromelina-de-now-foods-apoya-la-digestion-saludable-120-capsulas-vegetales,"Enzimas vegetales, con lactasa, proteasa, papaína y bromelina de Now Foods | Apoya la digestión saludable | 120 cápsulas vegetales",Vitaminate,ACTIVE,+18 Años | Adultos | descuento-15 | duracion 120 | enzimas-digestivas | Indiferente | NOW Foods | prebióticos y enzimas | Probioticos | Salud digestiva | Sin azúcar | Sin gluten | Sin lactosa | Vegano | Vegetariano,,,Enzimas digestivas,gid://shopify/TaxonomyCategory/hb-1-9-6-4-3,Digestive Enzymes,enzimas,alta,no,
9661496328513,enzimas-digestivas-suplemento-refuerzo-del-sistema-digestivo-1,Enzym Blend | Enzimas Digestivas | Bienestar Digestivo | 180 cápsulas,Blife,ACTIVE,+18 Años | Adultos | Alivio del dolor crónico | B-Life | descuento-15 | duracion 60 | enzimas-digestivas | Indiferente | prebióticos y enzimas | PRO | Probioticos | Salud digestiva | Sin azúcar | Sin gluten | Sin lactosa | Vegetariano | vitadeals,,,Enzimas digestivas,gid://shopify/TaxonomyCategory/hb-1-9-6-4-3,Digestive Enzymes,enzimas,alta,no,
9598103781697,epa-625-mg-dha-244-mg-aceite-de-pescado-molecularmente-destilado-1360mg-de-humble-apoyo-cardiovascular-y-cognitivo-60-capsulas-blandas,EPA 625 mg - DHA 244 mg | Aceite de Pescado Molecularmente Destilado 1360mg de Humble | Apoyo Cardiovascular y Cognitivo | 60 Cápsulas Blandas,Vitaminate,ACTIVE,+18 Años | Adultos | Concentración | descuento-10 | duracion 60 | Humble | Indiferente | memoria y atención | omega-3 | Salud cognitiva | Sin azúcar | Sin gluten | Sin lactosa | Ácidos grasos y omegas,,,Omega 3 y aceites de pescado,gid://shopify/TaxonomyCategory/hb-1-9-6-11,Omega Fatty Acids,omega,alta,no,
9621876310337,epic-pro-25-probiotico-30mil-millones-ufc-de-swanson-ayuda-a-equilibrar-la-flora-intestinal-y-brinda-apoyo-al-sistema-inmunologico-30-capsulas-vegetales,Epic Pro 25 Probiótico 30mil millones UFC de Swanson | Ayuda a equilibrar la flora intestinal y brinda apoyo al sistema inmunológico | 30 cápsulas vegetales,Vitaminate,ACTIVE,+18 Años | Adultos | duracion 30 | Indiferente | prebióticos y enzimas | PRO | probioticos | Salud digestiva | Sin azúcar | Sin gluten | Sin lactosa | Sistema inmunitario | Swanson | Vegetariano | vitadeals,,,Probióticos,gid://shopify/TaxonomyCategory/hb-1-9-6-4-5,Probiotics,probiotico,alta,no,
10201097470273,test-genetico-epigentest-envio,EpigenTest NutriADN análisis epigenético bienestar,NutriADN,ACTIVE,vitadeals,,,,,,"ai:revisar — Prueba epigenética de ADN, no es suplemento ni cosmético",revisar,si,si
9999955296577,extracto-de-horny-goat-weed-750-mg-90-tabs,Epimedium con extracto de raíz de maca de Now Foods | Energía y Vitalidad | 90 tabletas,Vitaminate,ACTIVE,,,,Bienestar masculino y próstata,gid://shopify/TaxonomyCategory/hb-1-9-6-5,Herbal Supplements,"ai: Epimedium con maca, herbal para vitalidad masculina",media,si,no
9635086631233,equinacea-astragalo-reishi-1200mg-de-natures-way-contribuye-a-reforzar-el-sistema-inmunologico-propiedades-antioxidantes-100-capsulas-veganas,Equinácea + Astrágalo + Reishi 1200mg de Nature's Way  | Contribuye a reforzar el sistema inmunológico - Propiedades antioxidantes | 100 cápsulas veganas,Vitaminate,ACTIVE,+18 Años | Adultos | Astrágalo | Combinados de hierbas | descuento-10 | equinacea | Hierbas | Indiferente | Natures Way | Reishi | Sin azúcar | Sin gluten | Sin lactosa | Sistema inmunitario | Sistema respiratorio | Suplementos herbales | Vegano | Vegetariano,,,Defensas e inmunidad,gid://shopify/TaxonomyCategory/hb-1-9-6-5,Herbal Supplements,"ai: Combinado herbal equinácea, astrágalo y reishi inmune",alta,si,no
9649408606529,equinacea-vitamina-c-jengibre-con-zinc-y-vitamina-d-safe-in-six-de-tibet-natura-1000mg-por-porcion-fortalece-el-sistema-inmunologico-promoviendo-la-defensa-contra-enfermedades-100-capsulas-vegetales,"Equinácea + Vitamina C + Jengibre con Zinc y Vitamina D SAFE IN SIX de Tibet Natura, 1000mg por porción | Fortalece el sistema inmunológico, promoviendo la defensa contra enfermedades | 100 cápsulas vegetales",Flow Supplements,ACTIVE,Ansiedad y estrés | descuento-15 | duracion 50 | Indiferente | Salud digestiva | Sistema cardiovascular | Sistema inmunitario | Suplementos Combinados | Tibet Natura | vitadeals,,,Defensas e inmunidad,gid://shopify/TaxonomyCategory/hb-1-9-6-5,Herbal Supplements,ai: Equinácea y jengibre con cofactores para inmunidad,media,si,no
9618905628993,equinacea-400-mg-extracto-de-raiz-purpura-de-now-foods-apoya-el-sistema-inmunologico-100-capsulas-vegetales,Equinácea 400 mg Extracto de Raíz Púrpura de NOW Foods | Apoya el sistema inmunológico | 100 Cápsulas Vegetales,Vitaminate,ACTIVE,+18 Años | Adultos | descuento-25 | equinacea | Hierbas | Indiferente | NOW Foods | Sin azúcar | Sin gluten | Sin lactosa | Sistema inmunitario | Sistema respiratorio | Suplementos herbales | Vegano | Vegetariano,,,Defensas e inmunidad,gid://shopify/TaxonomyCategory/hb-1-9-6-5,Herbal Supplements,"ai: Extracto de raíz de equinácea, apoyo inmune",alta,si,no
9687552000321,equinacea-500mg-de-adapto-heal-apoyo-de-la-funcion-inmunitaria-propiedades-antiinflamatorias-150-capsulas-vegetales,Equinácea 500mg de Adaptoheal | Apoyo de la función Inmunitaria - Propiedades Antiinflamatorias | 150 Cápsulas Vegetales,AdaptoHeal,ACTIVE,+18 Años | AdaptoHeal | Adultos | equinacea | Hierbas | Indiferente | Sin azúcar | Sin gluten | Sin lactosa | Sistema inmunitario | Sistema respiratorio | Suplementos herbales | Vegano | vitadeals,,,Defensas e inmunidad,gid://shopify/TaxonomyCategory/hb-1-9-6-5,Herbal Supplements,"ai: Equinácea en cápsulas, extracto botánico inmune",alta,si,no
9726399938881,equinacea-organica-de-mary-ruths-1ml-por-porcion-fortalece-el-sistema-inmunologico-liquido-de-30ml,Equinácea Orgánica de Mary Ruth's 1ml por porción | Fortalece el Sistema Inmunológico | Líquido de 30ml,Vitaminate,ACTIVE,+18 Años | Adultos | equinacea | Hierbas | Indiferente | MaryRuth's | NOW Foods | Sin azúcar | Sin gluten | Sin lactosa | Sistema inmunitario | Sistema respiratorio | Suplementos herbales | Vegano | Vegetariano,,,Defensas e inmunidad,gid://shopify/TaxonomyCategory/hb-1-9-6-5,Herbal Supplements,ai: Equinácea orgánica líquida para apoyo inmune,alta,si,no
9800171782465,equinacea-purpurea-de-1000mg-de-natures-answer-fortalece-el-sistema-inmunologico-combate-infecciones-respiratorias-comunes-gotero-de-30ml,Equinácea Purpurea de 1000mg de Nature's Answer | Fortalece el Sistema Inmunológico - Combate infecciones respiratorias comunes | Gotero de 30ml,Vitaminate,ACTIVE,+18 Años | Adultos | descuento-15 | equinacea | Hierbas | Indiferente | MaryRuth's | NOW Foods | Sin azúcar | Sin gluten | Sin lactosa | Sistema inmunitario | Sistema respiratorio | Suplementos herbales | Vegano | Vegetariano,,,Defensas e inmunidad,gid://shopify/TaxonomyCategory/hb-1-9-6-5,Herbal Supplements,"ai: Extracto líquido de equinácea purpurea, apoyo inmune",alta,si,no
9997288866113,ergotione-na-de-cellx-60-c-psulas,"Ergotioneína de CellX | Ergotioneína ErgoActive®, NAD, TUDCA, Quercetina, ALA, Cúrcuma y Bioperine® 60 Cápsulas",Cellx,ACTIVE,duracion 30 | vitadeals,,,"Longevidad: NAD+, NMN y resveratrol",gid://shopify/TaxonomyCategory/hb-1-9-6,Vitamins & Supplements,"ai: Ergotioneína con NAD y TUDCA, enfoque longevidad celular",media,si,no
9796675535169,estroncio-de-best-naturals-apoyo-oseo-680-mg-por-porcion-90-capsulas,Estroncio de Best Naturals | Fortalecimiento Óseo y Mantenimiento Articular | 680 mg por Porción 90 Cápsulas,Vitaminate,ACTIVE,duracion 40,,,Otros minerales y multiminerales,gid://shopify/TaxonomyCategory/hb-1-9-6-6,Minerals,"ai: Estroncio, mineral único para soporte óseo",media,si,no
9808890954049,estropause-menopause-support-de-irwin-naturals-equilibrio-hormonal-80-capsulas,EstroPause Menopause Support de Irwin Naturals | Equilibrio hormonal | 80 Cápsulas,Vitaminate,ACTIVE,duracion 20,,,Bienestar femenino y menopausia,gid://shopify/TaxonomyCategory/hb-1-9-6-5,Herbal Supplements,ai: Fórmula herbal de apoyo a menopausia,alta,si,no
9639203635521,extracto-de-albahaca-sagrada-de-450mg-natures-way-apoyo-al-estres-60-capsulas-veganas,Extracto de Albahaca Sagrada de 450mg | Nature's Way - Apoyo al Estrés | 60 cápsulas veganas,Vitaminate,ACTIVE,+18 Años | Adultos | albahaca-sagrada | Ansiedad y estrés | descuento-15 | Hierbas | Indiferente | Natures Way | Sin azúcar | Sin gluten | Sin lactosa | Suplementos herbales | Vegano,,,Adaptógenos y manejo del estrés,gid://shopify/TaxonomyCategory/hb-1-9-6-5,Herbal Supplements,"ai: Albahaca sagrada (tulsi), adaptógeno herbal",alta,si,no
9999954772289,complejo-de-arandano-negro-100-veg-caps,Extracto de Arándano Europeo | Visión y Antioxidantes | 100 Cápsulas,Vitaminate,ACTIVE,duracion 100,,,Salud de la vista,gid://shopify/TaxonomyCategory/hb-1-9-6-5,Herbal Supplements,"ai: Bilberry, extracto herbal para visión",alta,si,no
9800482259265,extracto-de-arandano-acido-caprilico-uva-ursi-1955mg-de-natures-answer-promueve-la-funcion-del-tracto-urinario-previniendo-las-molestias-urinarias-recurrentes-90-capsulas-vegetarianas,"Extracto de Arándano, Ácido Caprílico, Uva Ursi 1955mg de Nature's Answer | Promueve la función del tracto urinario, previniendo las molestias urinarias recurrentes | 90 Cápsulas Vegetarianas",Vitaminate,ACTIVE,,,,Vías urinarias y renal,gid://shopify/TaxonomyCategory/hb-1-9-6-5,Herbal Supplements,ai: Arándano y uva ursi para tracto urinario,alta,si,no
10108969091393,extracto-de-arjuna-organico-de-himalaya-bienestar-cardiovascular-60-tabletas-1,Extracto de Arjuna Orgánico de Himalaya | Bienestar Cardiovascular | 60 Tabletas,OLSEGO GROUP,ACTIVE,vitadeals,,,Salud cardiovascular y circulación,gid://shopify/TaxonomyCategory/hb-1-9-6-5,Herbal Supplements,ai: Arjuna herbal con enfoque cardiovascular,alta,si,no
9620374225217,ashwaganda-extracto-suplemento-alimenticio-reduce-ansiedad-estres,"Extracto de Ashwaganda 450mg de Now | Reduce Cortisol, Balance Hormonal| 90 Capsulas Vegetales",OLSEGO GROUP,ACTIVE,+18 Años | Adultos | Ansiedad y estrés | ashwagandha | Concentración | Hongos Adaptógenos | Indiferente | memoria y atención | Potenciar la energía | PRO | Sin azúcar | Sin gluten | Sin lactosa | Sistema inmunitario | Sueño y descanso | Vegano | Vegetariano,,,Adaptógenos y manejo del estrés,gid://shopify/TaxonomyCategory/hb-1-9-6-5,Herbal Supplements,"ai: Ashwagandha, adaptógeno herbal",alta,si,no
9617367892289,extracto-de-ashwagandha-500mg-de-natures-way-contribuye-a-reducir-la-ansiedad-y-el-estres-60-capsulas-veganas,Extracto de Ashwagandha 500mg de Nature's Way  | Contribuye a reducir la ansiedad y el estrés | 60 cápsulas veganas,Vitaminate,ACTIVE,+18 Años | Adultos | Ansiedad y estrés | ashwagandha | Hongos Adaptógenos | Indiferente | Natures Way | Potenciar la energía | Sin azúcar | Sin gluten | Sin lactosa | Sueño y descanso | Vegano | Vegetariano | vitadeals,,,Adaptógenos y manejo del estrés,gid://shopify/TaxonomyCategory/hb-1-9-6-5,Herbal Supplements,"ai: Ashwagandha, adaptógeno herbal",alta,si,no
9644125290817,ashwagandha-hongo-adaptogeno-ansiedad-estres-descanso,Extracto de Ashwagandha Commons | Reduce el estrés físico y mental | Polvos de 90 y 45g,Commons,ACTIVE,+18 Años | Adultos | Ansiedad y estrés | ashwagandha | Commons | descuento-10 | Hongos Adaptógenos | Indiferente | Keto | Potenciar la energía | Sin azúcar | Sin gluten | Sin lactosa | Sistema inmunitario | Sueño y descanso | Vegetariano | vitadeals,,,Adaptógenos y manejo del estrés,gid://shopify/TaxonomyCategory/hb-1-9-6-5,Herbal Supplements,"ai: Ashwagandha en polvo, adaptógeno",alta,si,no
9620454506817,extracto-de-ashwagandha-suplemento-adaptogeno-salud-del-sist-inmune,Extracto de Ashwagandha de Now Foods | Apoya el manejo del estrés ocasional | 59 ml,OLSEGO GROUP,ACTIVE,+18 Años | Adultos | Ansiedad y estrés | ashwagandha | Concentración | Hongos Adaptógenos | Indiferente | memoria y atención | Potenciar la energía | Sin azúcar | Sin gluten | Sin lactosa | Sistema inmunitario | Sueño y descanso,,,Adaptógenos y manejo del estrés,gid://shopify/TaxonomyCategory/hb-1-9-6-5,Herbal Supplements,ai: Extracto líquido de ashwagandha,alta,si,no
9602886631745,extracto-de-ashwagandha-optimizada-125mg-de-life-extension-ayuda-a-reducir-el-estres-y-la-ansiedad-contribuyendo-al-descanso-60-capsulas-vegetarianas,"Extracto de Ashwagandha Optimizada 125mg de Life Extension | Ayuda a reducir el estrés y la ansiedad, contribuyendo al descanso | 60 cápsulas vegetarianas",OLSEGO GROUP,ACTIVE,+18 Años | Adultos | Ansiedad y estrés | ashwagandha | descuento-25 | Hongos Adaptógenos | Indiferente | Life Extension | Potenciar la energía | PRO | Sin azúcar | Sin gluten | Sin lactosa | Sistema inmunitario | Vegano | Vegetariano,,,Adaptógenos y manejo del estrés,gid://shopify/TaxonomyCategory/hb-1-9-6-5,Herbal Supplements,"ai: Ashwagandha optimizada, adaptógeno herbal",alta,si,no
9796575297857,extracto-de-astragalo-de-best-naturals-apoyo-al-sistema-inmunologico-y-antioxidante-1000-mg-120-capsulas,Extracto de Astrágalo de Best Naturals | Fortalecimiento del Sistema Inmunológico y Acción Antioxidante Poderosa | 1000 mg 120 Cápsulas,Vitaminate,ACTIVE,,,,Defensas e inmunidad,gid://shopify/TaxonomyCategory/hb-1-9-6-5,Herbal Supplements,ai: Astrágalo herbal para apoyo inmune,alta,si,no
9625112510785,extracto-de-bayas-de-palma-enana-americana-550-mg-de-now-foods-soporte-para-la-funcion-de-la-prostata-100-capsulas-vegetales,Extracto de Bayas de Palma Enana Americana 550 mg de NOW Foods | Soporte para la Función de la Próstata | 100 Cápsulas Vegetales,Vitaminate,ACTIVE,+18 Años | Adultos | descuento-15 | Hierbas | Hombre | NOW Foods | Salud masculina | Salud urinaria | saw-palmetto | Sin azúcar | Sin gluten | Sin lactosa | Suplementos herbales | Vegetariano,,,Bienestar masculino y próstata,gid://shopify/TaxonomyCategory/hb-1-9-6-5,Herbal Supplements,ai: Saw palmetto para función prostática,alta,si,no
9623995711809,extracto-de-boswellia-500-mg-por-porcion-curcuma-respuesta-inmunitaria-equilibrada-de-now-foods-120-capsulas-vegetales-60-porciones,"Extracto de Boswellia 500 mg por porción + Cúrcuma | Respuesta Inmunitaria Equilibrada de NOW Foods | 120 cápsulas vegetales, 60 porciones",Vitaminate,ACTIVE,+18 Años | Adultos | Alivio del dolor crónico | extracto-de-boswellia | Indiferente | NOW Foods | Salud digestiva | Sin azúcar | Sin gluten | Sin lactosa | Sistema inmunitario | Sistema respiratorio | Suplementos herbales | Vegetariano,,,Cúrcuma y antiinflamatorios naturales,gid://shopify/TaxonomyCategory/hb-1-9-6-5,Herbal Supplements,"ai: Boswellia con cúrcuma, antiinflamatorios botánicos",alta,si,no
9623998234945,extracto-de-boswellia-500mg-curcuma-suplemento-inmunidad,Extracto de Boswellia 500mg de NOW Foods | Apoya una respuesta inmune equilibrada | 90 cápsulas,OLSEGO GROUP,ACTIVE,Alivio del dolor crónico | duracion 45 | Indiferente | Salud digestiva | Sistema inmunitario | Sistema respiratorio | Suplementos herbales | vitadeals,,,Cúrcuma y antiinflamatorios naturales,gid://shopify/TaxonomyCategory/hb-1-9-6-5,Herbal Supplements,"ai: Boswellia, resina antiinflamatoria natural",alta,si,no
9635112190273,extracto-de-boswellia-premium-307mg-de-natures-way-fortalecimiento-de-las-articulaciones-60-capsulas-veganas,Extracto de Boswellia Premium 307mg de Nature's Way  | Fortalecimiento de las articulaciones | 60 cápsulas veganas,Vitaminate,ACTIVE,+18 Años | Adultos | articulaciones y cartílago | descuento-10 | extracto-de-boswellia | Fortalecimiento de huesos | Hierbas | Indiferente | Natures Way | Sin azúcar | Sin gluten | Sin lactosa | Sistema inmunitario | Suplementos herbales | Vegano | Vegetariano,,,Cúrcuma y antiinflamatorios naturales,gid://shopify/TaxonomyCategory/hb-1-9-6-5,Herbal Supplements,"ai: Boswellia herbal, enfoque articular",media,si,no
9633063502145,extracto-de-cardo-mariano-150-mg-con-silimarina-120-mg-y-curcuma-de-now-foods-contribuye-a-la-desintoxicacion-del-higado-60-capsulas-vegetales,Extracto de Cardo Mariano 150 mg con Silimarina 120 mg y Cúrcuma de NOW Foods | Contribuye a la desintoxicación del hígado | 60 Cápsulas Vegetales,OLSEGO GROUP,ACTIVE,+18 Años | Adultos | cardo-mariano | Cúrcuma | descuento-10 | Desintoxicación | Hierbas | Indiferente | NOW Foods | Salud digestiva | Sin azúcar | Sin gluten | Sin lactosa | Sistema inmunitario | Suplementos herbales | Vegetariano | vitadeals,,,Detox y apoyo hepático,gid://shopify/TaxonomyCategory/hb-1-9-6-5,Herbal Supplements,"ai: Cardo mariano con silimarina, apoyo hepático",alta,si,no
9633091092801,extracto-de-cardo-mariano-150-mg-silimarina-120-mg-con-curcuma-de-now-foods-apoyo-a-la-funcion-hepatica-120-capsulas-vegetarianas,"Extracto de Cardo Mariano 150 mg, Silimarina (120 mg), con Cúrcuma de NOW Foods  | Apoyo a la Función Hepática | 120 Cápsulas Vegetarianas",OLSEGO GROUP,ACTIVE,+18 Años | Adultos | cardo-mariano | Cúrcuma | descuento-10 | Desintoxicación | Hierbas | Indiferente | NOW Foods | Salud digestiva | Sin azúcar | Sin gluten | Sin lactosa | Suplementos herbales | Vegano | Vegetariano,,,Detox y apoyo hepático,gid://shopify/TaxonomyCategory/hb-1-9-6-5,Herbal Supplements,"ai: Cardo mariano con silimarina, apoyo hepático",alta,si,no
9633093058881,extracto-de-cardo-mariano-avanzado-760mg-fosfolipidos-promueve-la-desintoxicacion-hepatica-120-capsulas-blandas,Extracto de Cardo Mariano Avanzado 760mg + fosfolípidos | Promueve la desintoxicación hepática | 120 cápsulas blandas,Vitaminate,ACTIVE,+18 Años | Adultos | cardo-mariano | Hierbas | Indiferente | Life Extension | Salud digestiva | Sin azúcar | Sin gluten | Suplementos herbales | Vegano,,,Detox y apoyo hepático,gid://shopify/TaxonomyCategory/hb-1-9-6-5,Herbal Supplements,ai: Cardo mariano avanzado con fosfolípidos,alta,si,no
9999955231041,extracto-de-silimarina-150mg-60-veg-caps,Extracto de Cardo Mariano con Cúrcuma de Now | Fución Hepática | 60 cápsulas,Vitaminate,ACTIVE,duracion 30,,,Detox y apoyo hepático,gid://shopify/TaxonomyCategory/hb-1-9-6-5,Herbal Supplements,"ai: Cardo mariano con cúrcuma, función hepática",alta,si,no
9633108525377,extracto-de-cardo-mariano-doble-fuerza-300-mg-de-now-foods-con-alcachofa-y-diente-de-leon-ayuda-a-mantener-el-equilibrio-natural-del-higado-50-capsulas-vegetarianas,Extracto de Cardo Mariano Doble Fuerza 300 mg de NOW Foods con Alcachofa y Diente de León | Apoya procesos naturales de detoxificación | 50 Cápsulas Vegetarianas,OLSEGO GROUP,ACTIVE,+18 Años | Adultos | cardo-mariano | descuento-15 | Desintoxicación | Diente de león | Indiferente | NOW Foods | Salud digestiva | Sin azúcar | Sin gluten | Sin lactosa | Sistema inmunitario | Suplementos Combinados | Vegetariano | vitadeals,,,Detox y apoyo hepático,gid://shopify/TaxonomyCategory/hb-1-9-6-5,Herbal Supplements,ai: Cardo mariano con alcachofa y diente de león,alta,si,no
10298819608897,silimarina-liver-refresh-de-now-foods-funcionamiento-normal-del-higado-antioxidante-celular-90-capsulas-vegetales,"Extracto de Cardo Mariano, Silimarina Liver Refresh de NOW Foods | Funcionamiento normal del hígado, antioxidante celular | 90 cápsulas vegetales",OLSEGO GROUP,ACTIVE,,,,Detox y apoyo hepático,gid://shopify/TaxonomyCategory/hb-1-9-6-5,Herbal Supplements,"ai: Cardo mariano/silimarina, hierba para soporte hepático",alta,si,no
9618917196097,extracto-de-chasteberry-300mg-con-dong-quai-150mg-de-now-foods-contribuye-al-equilibrio-hormonal-femenino-90-capsulas-vegetales,Extracto de Chasteberry 300mg con Dong Quai  150mg de NOW Foods | Contribuye al equilibrio hormonal femenino | 90 Cápsulas Vegetales,Vitaminate,ACTIVE,+18 Años | Adultos | descuento-15 | Hierbas | Menopausia | Mujer | NOW Foods | Salud femenina | Sin azúcar | Sin gluten | Sin lactosa | Suplementos herbales | Vegano | Vegetariano,,,Bienestar femenino y menopausia,gid://shopify/TaxonomyCategory/hb-1-9-6-5,Herbal Supplements,"ai: Chasteberry y Dong Quai, hierbas para equilibrio hormonal femenino",alta,si,no
9643900993857,extracto-de-cola-de-pavo-calcio-de-commons-1g-por-porcion-inmunidad-y-digestion-probioticos-polvos-de-100-y-50g,Extracto de Cola de Pavo + Calcio de Commons 1g por porción | Inmunidad y Digestión (probióticos) | Polvos de 100 y 50g,Commons,ACTIVE,+18 Años | Adultos | cola-de-pavo | Commons | descuento-10 | duracion 100 | Hongos Adaptógenos | Indiferente | Potenciar la energía | Salud digestiva | Sin azúcar | Sin gluten | Sistema inmunitario | Vegetariano | vitadeals,,,Probióticos,gid://shopify/TaxonomyCategory/hb-1-9-6-4-5,Probiotics,probiotico,alta,no,
9644241092929,cordyceps-hongo-adaptogeno-salud-respiratoria-inmune,Extracto de Cordyceps 100 gr de Commons | Resistencia para Deporte e Inmunidad | Polvos de 100 y 50g,Commons,ACTIVE,+18 Años | Adultos | Commons | Cordyceps | descuento-10 | duracion 60 | Hongos Adaptógenos | Indiferente | Potenciar la energía | Sin azúcar | Sin gluten | Sin lactosa | Sistema inmunitario | Sistema respiratorio | Vegetariano | vitadeals,,,Hongos funcionales,gid://shopify/TaxonomyCategory/hb-1-9-6-5,Herbal Supplements,"ai: Extracto de cordyceps en polvo, hongo funcional",alta,si,no
9603968270657,extracto-de-curcuma-500mg-de-life-extension-apoyo-de-la-funcion-cardiovascular-60-capsulas-vegetarianas,Extracto de Cúrcuma 500mg de Life Extension | Apoyo de la función Cardiovascular | 60 cápsulas vegetarianas,Vitaminate,ACTIVE,+18 Años | Adultos | curcuma | Hierbas | Indiferente | Life Extension | Sin azúcar | Sin gluten | Sin lactosa | Sistema cardiovascular | Sistema inmunitario | Suplementos herbales | Vegano | Vegetariano | vitadeals,,,Cúrcuma y antiinflamatorios naturales,gid://shopify/TaxonomyCategory/hb-1-9-6-5,Herbal Supplements,ai: Extracto de cúrcuma como ingrediente principal,alta,si,no
9634010300737,extracto-de-curcuma-con-meriva-500-mg-de-now-foods-alta-biodisponibilidad-apoya-la-flexibilidad-y-movilidad-articular-60-capsulas-vegetales,"Extracto de Cúrcuma con Meriva 500 mg de NOW Foods | Alta biodisponibilidad, apoya la flexibilidad y movilidad articular | 60 Cápsulas Vegetales",OLSEGO GROUP,ACTIVE,+18 Años | Adultos | Alivio del dolor crónico | curcuma | Desintoxicación | Hierbas | Indiferente | Longevidad y vitalidad | NOW Foods | Potenciar la energía | PRO | Sin azúcar | Sin gluten | Sin lactosa | Sistema inmunitario | Suplementos herbales | Vegetariano,,,Cúrcuma y antiinflamatorios naturales,gid://shopify/TaxonomyCategory/hb-1-9-6-5,Herbal Supplements,"ai: Cúrcuma Meriva, extracto botánico principal",alta,si,no
9797094408513,extracto-de-curcuma-alfalfa-potasio-vitaminas-d3-b3-b5-magnesio-de-michaels-health-ayuda-a-mantener-la-movilidad-y-flexibilidad-de-las-articulaciones-60-tabletas-vegetarianas,"Extracto de cúrcuma, Alfalfa, Potasio, Vitaminas D3,B3,B5, Magnesio de Michael's Health | Aporta antioxidantes y compuestos antiinflamatorios | 60 cápsulas",Vitaminate,ACTIVE,descuento-10,,,Cúrcuma y antiinflamatorios naturales,gid://shopify/TaxonomyCategory/hb-1-9-6-5,Herbal Supplements,ai: Base de cúrcuma y alfalfa con vitaminas/minerales secundarios,media,si,no
9651105890625,extracto-de-curcuma-menta-qubracho-castano-de-indias-y-quercetina-mezcla-propia-947mg-biophenol-de-bioptimizado-apoyo-de-la-funcion-cardiovascular-promoviendo-la-buena-circulacion-sanguinea-90-capsulas-vegetales,"Extracto de Cúrcuma, Menta, Qubracho, Castaño de Indias y Quercetina - Mezcla propia 947mg BioPhenol de Bioptimizado | Apoyo de la Función Cardiovascular, promoviendo la buena circulación sanguínea | 90 cápsulas vegetales",Nutrasana,ACTIVE,+18 Años | Adultos | Bioptimizado | combinados-de-hierbas | Cúrcuma | descuento-25 | Indiferente | Menta | Quercetina | Salud digestiva | Sin azúcar | Sin gluten | Sin lactosa | Sistema cardiovascular | Sistema inmunitario | Suplementos Combinados | Vegetariano | vitadeals,,,Salud cardiovascular y circulación,gid://shopify/TaxonomyCategory/hb-1-9-6-5,Herbal Supplements,ai: Mezcla botánica polifenólica para circulación,media,si,no
9618804703553,extracto-de-dopa-plus-estandarizado-800-mg-con-15-l-dopa-de-now-foods-estimula-la-funcion-cerebral-90-capsulas-veganas,Extracto de Dopa Plus Estandarizado 800 mg con 15% L-Dopa de NOW Foods | Estimula la función cerebral | 90 Cápsulas Veganas,Vitaminate,ACTIVE,+18 Años | Adultos | Ansiedad y estrés | descuento-15 | duracion 45 | Hierbas | Indiferente | NOW Foods | Potenciar la energía | Recuperación y regeneración muscular | Sin azúcar | Sin gluten | Sin lactosa | Suplementos herbales | Vegano | Vegetariano,,,Hierbas y extractos botánicos,gid://shopify/TaxonomyCategory/hb-1-9-6-5,Herbal Supplements,"ai: Extracto Mucuna estandarizado en L-Dopa, botánico",media,si,no
9643945623873,extracto-de-eleuthero-de-commons-1g-por-porcion-proporciona-energia-sostenida-y-resistencia-fisica-polvos-de-100-y-50g,Extracto de Eleuthero de Commons 1g por porción | Proporciona Energía Sostenida y Resistencia Física | Polvos de 100 y 50g,Commons,ACTIVE,+18 Años | Adultos | Ansiedad y estrés | Commons | descuento-10 | eleuthero | Ginseng siberiano (Eleuthero) | Hongos Adaptógenos | Indiferente | Potenciar la energía | Sin azúcar | Sin gluten | Sin lactosa | Sistema inmunitario | Vegetariano | vitadeals,,,Adaptógenos y manejo del estrés,gid://shopify/TaxonomyCategory/hb-1-9-6-5,Herbal Supplements,"ai: Eleuthero (ginseng siberiano), adaptógeno en polvo",alta,si,no
9620687847745,extracto-de-equinacea-con-1-6-ml-de-now-foods-apoyo-al-sistema-inmune-59-ml,Extracto de Equinácea de Now Foods | Apoyo al Sistema Inmune | 59 ml,Vitaminate,ACTIVE,+18 Años | Adultos | descuento-15 | equinacea | Indiferente | NOW Foods | Sin azúcar | Sin gluten | Sin lactosa | Sistema inmunitario | Sistema respiratorio | Suplementos herbales | Vegano | Vegetariano,,,Defensas e inmunidad,gid://shopify/TaxonomyCategory/hb-1-9-6-5,Herbal Supplements,ai: Extracto líquido de equinácea para apoyo inmune,alta,si,no
9799554367809,extracto-de-espino-2-000-mg-por-porcion-de-nature-s-answer-apoyo-del-sistema-cardiovascular-y-la-circulacion-sanguinea-gotero-de-30ml,"Extracto de Espino 2,000 mg por porción de Nature’s Answer | Apoyo del Sistema Cardiovascular y reduce la tensión nerviosa y la fatiga | Gotero de 30ml",Vitaminate,ACTIVE,descuento-15,,,Salud cardiovascular y circulación,gid://shopify/TaxonomyCategory/hb-1-9-6-5,Herbal Supplements,"ai: Extracto de espino, botánico cardiovascular",alta,si,no
9633571602753,extracto-de-frijol-blanco-500mg-de-swanson-ayuda-a-controlar-el-peso-corporal-metabolismo-saludable-180-capsulas-vegetales,Extracto de Frijol Blanco 500mg de Swanson | Complemento ideal para hábitos saludables | 180 cápsulas vegetales,Superlabs,ACTIVE,+18 Años | Adultos | Control del peso | extracto-de-frijol-blanco | Hierbas | Indiferente | Salud digestiva | Sin azúcar | Sin gluten | Sin lactosa | Suplementos herbales | Swanson | Vegano | Vegetariano,,,Control de peso y metabolismo,gid://shopify/TaxonomyCategory/hb-1-9-6-5,Herbal Supplements,"ai: Extracto de frijol blanco, bloqueador de carbohidratos",alta,si,no
9633563214145,extracto-de-fruta-de-arandano-vitamina-b12-acido-pantotenico-l-metionina-kidney-essentials-de-swanson-apoya-el-sistema-urinario-y-la-funcion-renal-60-capsulas-veganas,"Extracto de Fruta de Arándano, Vitamina B12, Ácido Pantoténico, L-Metionina - Kidney Essentials de Swanson | Aporta antioxidantes para protección celular | 60 Cápsulas Veganas",Superlabs,ACTIVE,+18 Años | Adultos | Arándano | Colina | Combinados temas de salud | complejo-vitamina-b | duracion 60 | Indiferente | Inositol | Potasio | PRO | Salud urinaria | Sin azúcar | Sin gluten | Sin lactosa | Swanson | Vegano | Vitamina C | Vitaminas,,,Complejo B y B12,gid://shopify/TaxonomyCategory/hb-1-9-6-9-3,Vitamin B,vitamina-VIT_B,alta,no,
9621537194305,extracto-de-ginkgo-biloba-estandarizado-30mg-de-swanson-promueve-el-funcionamiento-cognitivo-concentracion-y-memoria-30-capsulas-vegetales,"Extracto de Ginkgo Biloba estandarizado 30mg de Swanson | Promueve el funcionamiento cognitivo, concentración y memoria | 30 cápsulas vegetales",Superlabs,ACTIVE,+18 Años | Adultos | Ansiedad y estrés | descuento-25 | ginkobiloba | Indiferente | PRO | Sin azúcar | Sin gluten | Sin lactosa | Suplementos herbales | Swanson | Vegetariano,,,Memoria y concentración,gid://shopify/TaxonomyCategory/hb-1-9-6-5,Herbal Supplements,ai: Ginkgo biloba para función cognitiva,alta,si,no
9605691867457,extracto-de-ginseng-panax-1-000-mg-de-now-foods-mejora-la-concentracion-y-el-rendimiento-cognitivo-100-y-250-capsulas-vegetales,"Extracto de Ginseng Panax, 1,000 mg de Now Foods | Mejora la concentración y el rendimiento cognitivo | 100 y 250 Cápsulas Vegetales",Vitaminate,ACTIVE,+18 Años | Adultos | Ansiedad y estrés | Concentración | descuento-15 | ginseng | Hierbas | Indiferente | memoria y atención | NOW Foods | Potenciar la energía | Sin azúcar | Sin gluten | Sin lactosa | Suplementos herbales | Vegano | Vegetariano,,,Adaptógenos y manejo del estrés,gid://shopify/TaxonomyCategory/hb-1-9-6-5,Herbal Supplements,"ai: Ginseng Panax, adaptógeno botánico",media,si,no
9999947956545,salud-respiratoria-liquido-1-fl-oz-30-ml-mary-ruth-s,"Extracto de gordolobo, raíz de malvavisco, baya de saúco europeo, cáscara de naranja y flor de caléndula de MaryRuth’s | Soporte respiratorio| 30 ml",Vitaminate,ACTIVE,duracion 30,,,Hierbas y extractos botánicos,gid://shopify/TaxonomyCategory/hb-1-9-6-5,Herbal Supplements,ai: Mezcla botánica líquida para soporte respiratorio,alta,si,no
9796665639233,extracto-de-granada-de-best-naturals-antioxidante-y-apoyo-a-la-salud-cardiovascular-250-mg-250-capsulas,Extracto de Granada de Best Naturals | Antioxidante Potente y Soporte para el Sistema Cardiovascular | 250 mg 250 Cápsulas,Vitaminate,ACTIVE,,,,Antioxidantes,gid://shopify/TaxonomyCategory/hb-1-9-6-5,Herbal Supplements,"ai: Extracto de granada, antioxidante polifenólico",alta,si,no
9799809204545,extracto-de-hoja-de-gordolobo-2000mg-por-porcion-de-natures-answer-promueve-una-funcion-respiratoria-saludable-dando-alivio-a-las-vias-respiratorias-gotero-de-30ml,Extracto de hoja de Gordolobo 2000mg por porción de Nature's Answer | Promueve una función respiratoria saludable | Gotero de 30ml,OLSEGO GROUP,ACTIVE,descuento-15,,,Hierbas y extractos botánicos,gid://shopify/TaxonomyCategory/hb-1-9-6-5,Herbal Supplements,"ai: Extracto de gordolobo en gotero, botánico respiratorio",alta,si,no
9800451293505,extracto-de-hoja-de-olivo-estandarizado-1500mg-de-natures-answer-apoya-las-defensas-naturales-y-el-bienestar-inmunologico-actua-como-antioxidante-gotero-de-60ml,Extracto de Hoja de Olivo Estandarizado 1500mg de Nature's Answer | Contribuye al bienestar general diario - Actúa como Antioxidante | Gotero de 60ml,Vitaminate,ACTIVE,descuento-10,,,Antioxidantes,gid://shopify/TaxonomyCategory/hb-1-9-6-5,Herbal Supplements,"ai: Hoja de olivo estandarizada, antioxidante botánico",media,si,no
9633043087681,extracto-de-hongos-reishi-y-shiitake-270-mg-rei-shi-mushrooms-de-now-foods-apoyo-inmunologico-y-vitalidad-100-capsulas-vegetales,"Extracto de Hongos Reishi y Shiitake 270 mg, Rei-Shi Mushrooms de NOW Foods | Apoyo Inmunológico y Vitalidad | 100 Cápsulas Vegetales",OLSEGO GROUP,ACTIVE,+18 Años | Adultos | descuento-10 | duracion 100 | Hongos Adaptógenos | Indiferente | NOW Foods | Potenciar la energía | reishi | Sin azúcar | Sin gluten | Sistema cardiovascular | Sistema inmunitario | Sueño y descanso | Vegetariano,,,Hongos funcionales,gid://shopify/TaxonomyCategory/hb-1-9-6-5,Herbal Supplements,"ai: Reishi y shiitake, hongos funcionales",alta,si,no
9644180701505,extracto-de-melena-de-leon-1g-por-porcion-de-commons-apoyo-para-la-memoria-y-enfoque-nootropico-polvos-de-100-y-50g,"Extracto de Melena de León 1g por porción de Commons | Apoyo para la Memoria y Enfoque, Nootrópico | Polvos de 100 y 50g",Commons,ACTIVE,+18 Años | Adultos | Ansiedad y estrés | Commons | descuento-10 | duracion 100 | Hongos Adaptógenos | Indiferente | Keto | melena-de-leon | Sin azúcar | Sin gluten | Sin lactosa | Vegetariano | vitadeals,,,Hongos funcionales,gid://shopify/TaxonomyCategory/hb-1-9-6-5,Herbal Supplements,"ai: Melena de león en polvo, hongo nootrópico",alta,si,no
9733074518337,extracto-de-mezcla-organica-patentada-1180mg-enfoque-y-atencion-de-ninos-de-mary-ruths-1ml-por-porcion-apoya-la-concentracion-y-claridad-mental-en-los-ninos-gotero-de-30ml-30-servicios,Extracto de Mezcla Orgánica Patentada 1180mg -  Enfoque y Atención de Niños de Mary Ruth's 1ml por porción | Apoya la concentración y claridad mental en los niños | Gotero de 30ml - 30 servicios,Vitaminate,ACTIVE,3 a 10 Años | Concentración | descuento-10 | Indiferente | MaryRuth's | memoria y atención | Niños | Sin azúcar | Sin gluten | Sin lactosa | Suplementos herbales | Vegano | vitadeals,,,Suplementos para niños,gid://shopify/TaxonomyCategory/hb-1-9-6-5,Herbal Supplements,"ai: Mezcla herbal orgánica en gotero para niños, enfoque y concentración",media,si,no
9799438729537,extracto-de-ortiga-2000mg-por-porcion-de-natures-answer-contribuye-al-bienestar-del-tracto-urinario-antioxidante-natural-gotero-de-30ml,"Extracto de Ortiga 2000mg por porción de Nature's Answer |  Antioxidante Natural, favorece eliminación de toxinas | Gotero de 30ml",Vitaminate,ACTIVE,descuento-15,,,Hierbas y extractos botánicos,gid://shopify/TaxonomyCategory/hb-1-9-6-5,Herbal Supplements,ai: Extracto botánico de ortiga en tintura,alta,si,no
9625110348097,extracto-de-palma-enana-americana-320-mg-de-now-foods-con-aceite-de-semilla-de-calabaza-soporte-para-la-funcion-de-la-prostata-90-capsulas-vegetales,Extracto de Palma Enana Americana 320 mg de NOW Foods con aceite de semilla de calabaza | Soporte para la función de la próstata | 90 cápsulas vegetales,Vitaminate,ACTIVE,+18 Años | Adultos | Hierbas | Hombre | NOW Foods | Salud masculina | Salud urinaria | saw-palmetto | Sin azúcar | Sin gluten | Sin lactosa | Suplementos herbales | Vegetariano,,,Bienestar masculino y próstata,gid://shopify/TaxonomyCategory/hb-1-9-6-5,Herbal Supplements,"ai: Saw palmetto, apoyo prostático",alta,si,no
9692755722561,extracto-de-palo-de-arco-hierba-500mg-de-adapto-heal-apoyo-al-sistema-inmunologico-mantener-el-cuerpo-libre-de-radicales-libres-150-capsulas-vegetales,Extracto de Palo de Arco Hierba -  500mg de Adaptoheal |  Apoyo al sistema inmunológico - Mantener el cuerpo libre de radicales libres | 150 Cápsulas Vegetales,AdaptoHeal,ACTIVE,+18 Años | AdaptoHeal | Adultos | Desintoxicación | Hierbas | Indiferente | Palo de arco | Salud digestiva | Sin azúcar | Sin gluten | Sin lactosa | Sistema inmunitario | Suplementos herbales | Vegetariano | vitadeals,,,Hierbas y extractos botánicos,gid://shopify/TaxonomyCategory/hb-1-9-6-5,Herbal Supplements,ai: Extracto herbal de palo de arco (lapacho),alta,si,no
9623936565569,extracto-de-plantas-antioxidantes-super-antioxidantes-de-now-foods-apoya-la-funcion-cerebral-y-la-memoria-120-capsulas-vegetales,"Extracto de plantas antioxidantes, Super Antioxidantes de  NOW Foods | Apoya la función cerebral y la memoria | 120 cápsulas vegetales",Vitaminate,ACTIVE,+18 Años | Adultos | Cuidado del cabello | extracto-de-te-verde | Indiferente | NOW Foods | piel y uñas | Sin azúcar | Sin gluten | Sin lactosa | Sistema cardiovascular | Sistema inmunitario | Suplementos herbales | Vegano | Vegetariano,,,Antioxidantes,gid://shopify/TaxonomyCategory/hb-1-9-6-5,Herbal Supplements,ai: Mezcla de extractos vegetales antioxidantes,alta,si,no
9644642533697,extracto-de-polen-de-flores-252mg-arandano-250mg-y-extracto-de-polifenoles-de-granada-200mg-prostect™-de-designs-for-health-apoyo-de-la-funcion-urinaria-y-de-la-prostata-masculina-60-capsulas-vegetales,"Extracto de polen de flores 252mg, Arándano 250mg y Extracto de polifenoles de granada 200mg - Prostect™  de Designs For Health| Bienestar Masculino | 60 Cápsulas Vegetales",Vitaminate,ACTIVE,+18 Años | Adultos | Antioxidantes | Combinados temas de salud | Designs for health | extracto-de-polen | Hierbas | Hombre | Salud masculina | Salud urinaria | Sin azúcar | Sin gluten | Sin lactosa | Suplementos herbales | Vegetariano,,,Bienestar masculino y próstata,gid://shopify/TaxonomyCategory/hb-1-9-6-5,Herbal Supplements,ai: Fórmula botánica para bienestar prostático masculino,alta,si,no
9800381661505,extracto-de-raiz-de-bardana-2000mg-de-natures-answer-apoyo-al-sistema-inmunologico-desintoxicacion-natural-del-organismo-gotero-de-30ml,"Extracto de raíz de Bardana 2000mg de Nature's Answer | Apoya procesos de desintoxicación, estimula el sistema inmunológico | Gotero de 30ml",Vitaminate,ACTIVE,descuento-15,,,Detox y apoyo hepático,gid://shopify/TaxonomyCategory/hb-1-9-6-5,Herbal Supplements,"ai: Bardana en tintura, apoyo depurativo",media,si,no
9635127656769,extracto-de-raiz-de-cohosh-negro-formula-am-pm-de-nature-s-way-puede-aliviar-los-sintomas-de-la-menopausia-60-tabletas-veganas,"Extracto de Raíz de Cohosh Negro + Fórmula AM/PM de Nature’s Way | Bienestar femenino, apoya el equilibrio emocional | 60 Tabletas Veganas",Vitaminate,ACTIVE,+18 Años | Adultos | Cimicifuga racemosa | Combinados temas de salud | combinados-de-hierbas | Extracto de té verde | Ginseng | Hierbas | L-teanina | Menopausia | Mujer | Natures Way | Salud femenina | Sin azúcar | Sin gluten | Sin lactosa | Suplementos herbales | Valeriana | Vegano | Vegetariano,,,Bienestar femenino y menopausia,gid://shopify/TaxonomyCategory/hb-1-9-6-5,Herbal Supplements,ai: Cohosh negro para menopausia,alta,si,no
9799621247297,extracto-de-raiz-de-diente-de-leon-1260mg-por-porcion-de-natures-answer-apoya-la-funcion-hepatica-y-desintoxicante-reforzando-el-bienestar-general-90-capsulas-veganas,"Extracto de Raíz de Diente de León 1260mg por porción de Nature's Answer | Apoya la función hepática y desintoxicante, Reforzando el Bienestar General | 90 cápsulas veganas",Vitaminate,ACTIVE,descuento-15 | duracion 10,,,Detox y apoyo hepático,gid://shopify/TaxonomyCategory/hb-1-9-6-5,Herbal Supplements,"ai: Diente de león, apoyo hepático",alta,si,no
9800870035777,extracto-de-raiz-de-diente-de-leon-1350mg-por-porcion-de-natures-answer-apoya-la-funcion-hepatica-y-desintoxicante-reforzando-el-bienestar-general-gotero-de-60ml,"Extracto de Raíz de Diente de León 1350mg por porción de Nature's Answer | Apoya la función hepática y desintoxicante, Reforzando el Bienestar General | Gotero de 60ml",Vitaminate,ACTIVE,descuento-10 | duracion 5,,,Detox y apoyo hepático,gid://shopify/TaxonomyCategory/hb-1-9-6-5,Herbal Supplements,"ai: Diente de león en gotero, apoyo hepático",alta,si,no
9800097268033,extracto-de-raiz-de-diente-de-leon-2000mg-por-porcion-de-natures-answer-apoya-la-funcion-hepatica-y-desintoxicante-reforzando-el-bienestar-general-gotero-de-30ml,Extracto de Raíz de Diente de León 2000mg por porción de Nature's Answer | Bienestar General | Gotero de 30ml,Vitaminate,ACTIVE,descuento-15 | duracion 10,,,Detox y apoyo hepático,gid://shopify/TaxonomyCategory/hb-1-9-6-5,Herbal Supplements,"ai: Diente de león en tintura, apoyo hepático-depurativo",media,si,no
9999955165505,extracto-de-raiz-de-ortiga-250-mg-90-veg-caps,Extracto de raíz de ortiga de Now | Apoyo para la  próstata | 90 Cápsulas,Vitaminate,ACTIVE,,,,Bienestar masculino y próstata,gid://shopify/TaxonomyCategory/hb-1-9-6-5,Herbal Supplements,ai: Raíz de ortiga con enfoque prostático,alta,si,no
9635180282177,extracto-de-regaliz-deglicirrizado-dgl-75-mg-con-glicina-de-natures-way-ayuda-en-el-alivio-de-la-acidez-estomacal-100-tabletas-masticables-sabor-regaliz,Extracto de Regaliz Deglicirrizado (DGL) 75 mg con Glicina de Nature's Way | Ayuda en el alivio de la acidez estomacal | 100 Tabletas Masticables Sabor Regaliz,Vitaminate,ACTIVE,+18 Años | Adultos | descuento-10 | Glicina | Hierbas | Indiferente | Natures Way | raiz-de-regaliz | Salud digestiva | Sin azúcar | Sin gluten | Sin lactosa | Suplementos herbales | Vegano | Vegetariano,,,Aminoácidos y BCAA,gid://shopify/TaxonomyCategory/hb-1-9-6-1-2,Single Amino Acid Supplements,aminoacido-individual,alta,no,
9800490647873,extracto-de-resina-de-propoleo-1000mg-de-natures-answer-apoyo-al-sistema-inmunologico-protegiendo-al-organismo-de-infecciones-gotero-30ml,Extracto de Resina de Propóleo 1000mg de Nature's Answer | Apoyo al Sistema Inmunológico - Protegiendo al organismo de infecciones | Gotero 30ml,Vitaminate,ACTIVE,descuento-10 | vitadeals,,,Defensas e inmunidad,gid://shopify/TaxonomyCategory/hb-1-9-6-5,Herbal Supplements,ai: Propóleo en gotero para apoyo inmunológico,media,si,no
9604237820225,extracto-de-rhodiola-250mg-de-life-extension-contribuye-a-disminuir-el-estres-y-ansiedad-60-capsulas-vegetarianas,Extracto de Rhodiola 250mg de Life Extension | Contribuye a disminuir el estrés y ansiedad | 60 cápsulas vegetarianas,Vitaminate,ACTIVE,+18 Años | Adultos | Ansiedad y estrés | Concentración | descuento-10 | Hongos Adaptógenos | Indiferente | Life Extension | memoria y atención | Potenciar la energía | PRO | rhodiola | Sin azúcar | Sin gluten | Sin lactosa | Vegano | Vegetariano,,,Adaptógenos y manejo del estrés,gid://shopify/TaxonomyCategory/hb-1-9-6-5,Herbal Supplements,"ai: Rhodiola, adaptógeno para estrés",alta,si,no
9650856329537,extracto-de-rhodiola-colina-y-vitaminas-del-complejo-b-786mg-biobest-de-bioptimizado-potencia-la-energia-y-la-funcion-cardiovascular-inmunitaria-60-capsulas-vegetales,"Extracto de Rhodiola, Colina y Vitaminas del Complejo B 786mg - BioBest de Bioptimizado | Potencia la Energía y la Función Cardiovascular - Inmunitaria | 60 cápsulas vegetales",Nutrasana,ACTIVE,+18 Años | Adultos | Bioptimizado | Colina | Combinados temas de salud | complejo-vitamina-b | descuento-20 | Indiferente | Potenciar la energía | Rhodiola | Sin azúcar | Sin gluten | Sin lactosa | Suplementos Combinados | Vegetariano | vitadeals,,,Complejo B y B12,gid://shopify/TaxonomyCategory/hb-1-9-6-9-3,Vitamin B,vitamina-VIT_B,alta,no,
9800303378753,extracto-de-sarsaparrilla-2000mg-de-natures-answer-ayuda-en-el-mantenimiento-de-niveles-saludables-de-energia-y-el-bienestar-digestivo-gotero-de-30ml,Extracto de Sarsaparrilla 2000mg de Nature's Answer | Ayuda en el mantenimiento de niveles saludables de energía y el bienestar digestivo | Gotero de 30ml,Vitaminate,ACTIVE,+18 Años | Adultos | descuento-15 | Hierbas | Indiferente | Salud digestiva | Salud urinaria | Sin azúcar | Sin gluten | Sin lactosa | Suplementos herbales | Vegetariano | Zarzaparrilla,,,Hierbas y extractos botánicos,gid://shopify/TaxonomyCategory/hb-1-9-6-5,Herbal Supplements,ai: Extracto botánico de zarzaparrilla,alta,si,no
9999955263809,extracto-de-saw-palmetto-160-mg-120-softgels,Extracto de Saw Palmetto 160 mg de Now | Función Próstatica | 120 Cápsulas blandas,Vitaminate,ACTIVE,,,,Bienestar masculino y próstata,gid://shopify/TaxonomyCategory/hb-1-9-6-5,Herbal Supplements,ai: Saw palmetto para función prostática,alta,si,no
9643851219265,extracto-de-schisandra-calcio-de-commons-promueve-un-apoyo-para-la-funcion-hepatica-polvos-de-100-y-50g,Extracto de Schisandra + Calcio de Commons | Contribuye a la protección celular antioxidante | Polvos de 100 y 50g,Commons,ACTIVE,+18 Años | Adultos | Ansiedad y estrés | Commons | descuento-10 | Desintoxicación | Hongos Adaptógenos | Indiferente | Menopausia | schisandra | Sin azúcar | Sin gluten | Sin lactosa | Vegetariano | vitadeals,,,Calcio,gid://shopify/TaxonomyCategory/hb-1-9-6-6-1,Calcium,mineral-CALCIUM,alta,no,
9999954149697,semilla-de-uva-100-mg-200-veg-caps,Extracto de semilla de uva NOW | Protección Celular | 200 cápsulas,Vitaminate,ACTIVE,duracion 200,,,Antioxidantes,gid://shopify/TaxonomyCategory/hb-1-9-6-5,Herbal Supplements,"ai: Semilla de uva, antioxidante celular",alta,si,no
9608865612097,extracto-de-te-verde-vitaminas-y-minerales-4g-neuro-focus-nootropico-de-suluu-promueve-la-funcion-cognitiva-contribuyendo-a-la-concentracion-y-la-memoria-240g-en-60-gomitas-sabor-limon-jengibre,"Extracto de Té Verde  Vitaminas y Minerales 4g Neuro Focus Nootrópico de Súluu | Promueve la función cognitiva, contribuyendo a la concentración y la memoria | 240g en 60 gomitas sabor Limón - Jengibre",Súluu,ACTIVE,+18 Años | Adultos | Concentración | duracion 30 | Indiferente | memoria y atención | Sin lactosa | Súluu | Vegetariano | vitadeals | vitamina-b-9 | Vitaminas,,,Memoria y concentración,gid://shopify/TaxonomyCategory/hb-1-9-6-5,Herbal Supplements,ai: Gomitas nootrópicas con té verde para función cognitiva,media,si,no
9624351179073,extracto-de-te-verde-725mg-de-life-extension-promueve-la-funcion-metabolica-y-antioxidante-100-capsulas-vegetales,Extracto de Té Verde 725mg de Life Extension | Promueve la función Metabólica y Antioxidante | 100 cápsulas vegetales,Vitaminate,ACTIVE,+18 Años | Adultos | Control del peso | extracto-de-te-verde | Hierbas | Indiferente | Life Extension | Sin azúcar | Sin lactosa | Sistema cardiovascular | Suplementos herbales | Vegetariano,,,Antioxidantes,gid://shopify/TaxonomyCategory/hb-1-9-6-5,Herbal Supplements,ai: Extracto de té verde antioxidante y metabólico,alta,si,no
9999955132737,extracto-de-te-verde-egc-g-400-mg-90-veg-caps,Extracto de Té Verde EGCg 400mg de NOW Foods | Aporta antioxidantes para bienestar celular | 90 cápsulas,Vitaminate,ACTIVE,,,,Antioxidantes,gid://shopify/TaxonomyCategory/hb-1-9-6-5,Herbal Supplements,"ai: Té verde EGCg, antioxidante celular",alta,si,no
9970667356481,extracto-de-triphala-organico,Extracto de Triphala Organico de Lalun | Antioxidante Natural | 30 Cápsulas,Lalun Organic,ACTIVE,duracion 30,,,Hierbas y extractos botánicos,gid://shopify/TaxonomyCategory/hb-1-9-6-5,Herbal Supplements,"ai: Triphala, extracto herbal ayurvédico en cápsulas",alta,si,no
9999955558721,extracto-de-raiz-de-valeriana-2-fl-oz-59-ml,"Extracto de Valeriana Liquido de  NOW Foods | Favorece el equilibrio emocional, relajación y calma natural | 60 ml",Vitaminate,ACTIVE,,,,Sueño y relajación,gid://shopify/TaxonomyCategory/hb-1-9-6-12,Sleep Supplements,ai: Valeriana líquida orientada a relajación y calma,alta,si,no
9634100674881,extracto-doble-fuerza-de-cardo-mariano-300-mg-silimarina-240-mg-de-now-foods-apoyo-para-la-desintoxicacion-y-funcion-del-higado-con-alcachofa-y-diente-de-leon-100-capsulas-vegetarianas,"Extracto Doble Fuerza de Cardo Mariano 300 mg, Silimarina 240 mg de NOW Foods | Apoyo para la Desintoxicación y Función del Hígado con Alcachofa y Diente de León | 100 Cápsulas Vegetarianas",OLSEGO GROUP,ACTIVE,+18 Años | Adultos | cardo-mariano | descuento-10 | Desintoxicación | Diente de león | Hierbas | Indiferente | NOW Foods | Salud digestiva | Sin azúcar | Sin gluten | Sin lactosa | Suplementos herbales | Vegano | Vegetariano | vitadeals,,,Detox y apoyo hepático,gid://shopify/TaxonomyCategory/hb-1-9-6-5,Herbal Supplements,ai: Cardo mariano/silimarina para apoyo hepático,alta,si,no
9799412056385,extracto-fluido-de-trebol-rojo-2000mg-por-porcion-de-natures-answer-disenado-para-apoyar-las-necesidades-de-bienestar-relacionadas-con-etapas-de-transicion-como-la-menopausia-gotero-de-30ml,Extracto fluido de trébol rojo 2000mg por porción de Nature's Answer |  Apoyo a la menopausia | Gotero de 30ml,Vitaminate,ACTIVE,descuento-15,,,Bienestar femenino y menopausia,gid://shopify/TaxonomyCategory/hb-1-9-6-5,Herbal Supplements,"ai: Trébol rojo, isoflavonas para menopausia",alta,si,no
9999949431105,hoja-de-albahaca-sagrada-organica-liquido-1-fl-oz-30ml-mary-ruth-s,Extracto líquido de Albahaca Sagrada  | Apoya la claridad mental y concentración | 30 ml,Vitaminate,ACTIVE,,,,Adaptógenos y manejo del estrés,gid://shopify/TaxonomyCategory/hb-1-9-6-5,Herbal Supplements,"ai: Albahaca sagrada (tulsi), adaptógeno en extracto líquido",media,si,no
9799346585921,extracto-liquido-de-nuez-2ml-por-porcion-de-natures-answer-apoyo-de-la-funcion-digestiva-e-inmunologica-30ml-15-servicios,Extracto líquido de nuez 2ml por porción de Nature's Answer | Apoyo de la función digestiva e Inmunológica | 30ml - 15 servicios,Vitaminate,ACTIVE,descuento-15,,,Hierbas y extractos botánicos,gid://shopify/TaxonomyCategory/hb-1-9-6-5,Herbal Supplements,"ai: Extracto botánico de nuez (cáscara negra), uso digestivo",media,si,no
9800059748673,extracto-liquido-de-passiflora-2000mg-por-porcion-de-natures-answer-propiedades-calmantes-naturales-que-ayudan-a-promover-la-relajacion-y-el-bienestar-gotero-de-30ml,"Extracto Liquido de Passiflora 2000mg por porción de Nature's Answer | Propiedades calmantes naturales, que ayudan a promover la relajación y el bienestar | Gotero de 30ml",Vitaminate,ACTIVE,descuento-15,,,Sueño y relajación,gid://shopify/TaxonomyCategory/hb-1-9-6-12,Sleep Supplements,"ai: Pasiflora, hierba calmante para relajación",alta,si,no
9799359627585,extracto-liquido-de-raiz-de-jengibre-1000mg-de-natures-answer-contribuye-a-mejorar-la-digestion-aliviando-el-malestar-estomacal-gotero-de-30ml,Extracto líquido de Raíz de Jengibre 1000mg de Nature's Answer | Contribuye al equilibrio intestinal | Gotero de 30ml,Vitaminate,ACTIVE,descuento-15,,,Digestivos y confort intestinal,gid://shopify/TaxonomyCategory/hb-1-9-6-5,Herbal Supplements,ai: Raíz de jengibre líquido para equilibrio digestivo,alta,si,no
9800496349505,extracto-liquido-de-raiz-de-regaliz-525-mg-1500mg-por-porcion-de-natures-answer-apoyo-para-el-bienestar-digestivo-sin-alcohol-gotero-de-30-ml,Extracto Líquido de Raíz de Regaliz 525 mg - 1500mg por porción de Nature's Answer | Apoyo para el Bienestar Digestivo - Sin Alcohol | Gotero de 30 ml,Vitaminate,ACTIVE,descuento-15,,,Digestivos y confort intestinal,gid://shopify/TaxonomyCategory/hb-1-9-6-5,Herbal Supplements,ai: Regaliz líquido para bienestar digestivo,alta,si,no
9999947792705,calmantes-de-kava-organicas-liquido-1-fl-oz-30ml-mary-ruth-s,"Extracto Líquido Kava Orgánico, Calming de MaryRuth’s | Relajación y descanso | 30 ml",Vitaminate,ACTIVE,duracion 30,,,Sueño y relajación,gid://shopify/TaxonomyCategory/hb-1-9-6-12,Sleep Supplements,ai: Kava orgánico para relajación y descanso,alta,si,no
9999948087617,curcuma-de-oro-organica-liquida-1-fl-oz-30ml-mary-ruth-s,Extracto Líquido Orgánico Cúrcuma de MaryRuth’s | Favorece el equilibrio y bienestar general | 30 ml,Vitaminate,ACTIVE,duracion 30,,,Cúrcuma y antiinflamatorios naturales,gid://shopify/TaxonomyCategory/hb-1-9-6-5,Herbal Supplements,ai: Extracto líquido de cúrcuma orgánica,alta,si,no
9999947923777,hongos-organicos-liquido-1-fl-oz-30ml-mary-ruth-s,Extracto Líquido Orgánico de hongos de MaryRuth’s | Equilibrio y bienestar general | 30 ml,Vitaminate,ACTIVE,duracion 30,,,Hongos funcionales,gid://shopify/TaxonomyCategory/hb-1-9-6-5,Herbal Supplements,ai: Extracto líquido de hongos funcionales,alta,si,no
9999947891009,melena-de-leon-organica-liquido-1-fl-oz-30ml-mary-ruth-s,Extracto Líquido Orgánico de Melena de Leon de MaryRuth’s | Apoya el equilibrio y bienestar del sistema nervioso | 30 ml,Vitaminate,ACTIVE,,,,Hongos funcionales,gid://shopify/TaxonomyCategory/hb-1-9-6-5,Herbal Supplements,"ai: Melena de león, hongo funcional en extracto",alta,si,no
9999948022081,hoja-de-ortiga-organica-liquido-1-fl-oz-30ml-mary-ruth-s,Extracto Líquido Orgánico Ortiga de MaryRuth’s | Fitonutrientes y antioxidantes | 30 ml,Vitaminate,ACTIVE,,,,Hierbas y extractos botánicos,gid://shopify/TaxonomyCategory/hb-1-9-6-5,Herbal Supplements,"ai: Extracto de ortiga orgánica, botánico",alta,si,no
9999948611905,gotas-liquidas-para-la-salud-de-las-articulaciones-1-fl-oz-30ml-mary-ruth-s,"Extracto Líquido Orgánico Uña del diablo, uña de gato, jengibre y regaliz | Articulaciones y movilidad | 30 ml",Vitaminate,ACTIVE,duracion 30,,,Articulaciones y huesos,gid://shopify/TaxonomyCategory/hb-1-9-6-5,Herbal Supplements,ai: Mezcla herbal uña del diablo/gato para movilidad articular,alta,si,no
9999948120385,raiz-de-valeriana-organica-1-fl-oz-30m-mary-ruth-s,Extracto Líquido Raíz de Valeriana Orgánica de MaryRuth’s | Relajación Natural | 30 ml,Vitaminate,ACTIVE,PRO | vitadeals,,,Sueño y relajación,gid://shopify/TaxonomyCategory/hb-1-9-6-12,Sleep Supplements,ai: Raíz de valeriana orgánica para relajación,alta,si,no
9970665914689,extracto-organico-de-raiz-de-shatavari-bienestar-femenino-30-capsulas,Extracto Orgánico de Raíz de Shatavari | Bienestar Femenino | 30 Cápsulas,Lalun Organic,ACTIVE,,,,Bienestar femenino y menopausia,gid://shopify/TaxonomyCategory/hb-1-9-6-5,Herbal Supplements,"ai: Shatavari, hierba para bienestar femenino",alta,si,no
9999955493185,pau-darco-liquido-2-fl-oz-59-ml,Extracto Pau D’Arco líquido de Now | Antioxidante y protector celular | 59 ml,Vitaminate,ACTIVE,,,,Hierbas y extractos botánicos,gid://shopify/TaxonomyCategory/hb-1-9-6-5,Herbal Supplements,"ai: Pau d'Arco líquido, corteza botánica antioxidante",media,si,no
9970405179713,extracto-puro-de-rhodiola-rosea-de-lalun-manejo-del-estres-30-capsulas,Extracto Puro de Rhodiola Rosea de Lalun | Manejo del Estrés | 30 Cápsulas,Lalun Organic,ACTIVE,,,,Adaptógenos y manejo del estrés,gid://shopify/TaxonomyCategory/hb-1-9-6-5,Herbal Supplements,"ai: Rhodiola rosea, adaptógeno para estrés",alta,si,no
9970664407361,extracto-puro-de-schisandra-chinensis-de-lalun-claridad-mental-30-capsulas-veganas,Extracto Puro de Schisandra Chinensis de Lalun | Claridad mental | 30 Cápsulas Veganas,Lalun Organic,ACTIVE,,,,Adaptógenos y manejo del estrés,gid://shopify/TaxonomyCategory/hb-1-9-6-5,Herbal Supplements,"ai: Schisandra, adaptógeno para claridad mental",media,si,no
9935831171393,fadogia-tongkat-acido-aspartico-1574-mg-mega-men-s-tsto-de-eternal-200-capsulas,"Fadogia Tongkat Ácido Aspártico 1574 mg Mega Men's Tsto de Eternal | Bienestar masculino, contribuye al rendimiento físico y la recuperación |200 cápsulas",Eternal,ACTIVE,vitadeals,,,Bienestar masculino y próstata,gid://shopify/TaxonomyCategory/hb-1-9-6-5,Herbal Supplements,"ai: Fadogia y Tongkat Ali, hierbas para bienestar masculino",alta,si,no
9811365626177,fat-reduction-max-accelerator-de-irwin-naturals-con-sinetrol-acelerador-de-reduccion-de-grasa-y-metabolismo-mejorado-72-capsulas,Fat Reduction Max Accelerator de Irwin Naturals con Sinetrol | Estimula el metabolismo de forma natural | 72 Cápsulas,Vitaminate,ACTIVE,,,,Control de peso y metabolismo,gid://shopify/TaxonomyCategory/hb-1-9-7-1,Weight Loss Supplements,"ai: Sinetrol, fórmula para metabolismo y reducción de grasa",alta,si,no
9617254449473,fem-v-400mg-de-natures-way-apoyo-para-el-bienestar-del-ciclo-menstrual-promueve-el-bienestar-general-100-y-320-capsulas-veganas,Fem V 400mg de Nature's Way | Apoyo para el bienestar del ciclo menstrual - Promueve el bienestar general | 100 y 320 cápsulas veganas,Vitaminate,ACTIVE,+18 Años | Adultos | Hierbas | Mujer | Natures Way | Salud femenina | Sin azúcar | Sin gluten | Sin lactosa | Suplementos herbales | Vegano | Vegetariano,,,Bienestar femenino y menopausia,gid://shopify/TaxonomyCategory/hb-1-9-6-5,Herbal Supplements,ai: Extracto herbal para ciclo menstrual femenino,alta,si,no
9884815655233,femmebalance-ivb-wellness-lab-apoyo-hormonal-y-equilibrio-femenino-60-capsulas,FemmeBalance | IVB Wellness Lab | Apoyo Hormonal y Equilibrio Femenino | 60 Cápsulas,OLSEGO GROUP,ACTIVE,duracion 30 | PRO | vitadeals,,,Bienestar femenino y menopausia,gid://shopify/TaxonomyCategory/hb-1-9-6-5,Herbal Supplements,"ai: Fórmula de apoyo hormonal femenino, base botánica",media,si,no
10090699620673,fenogreco-500-mg-superlabs-favorece-la-saciedad-natural-apoya-la-funcion-digestiva-100-capsulas,"Fenogreco 500 mg Superlabs | Favorece la saciedad natural, apoya la función digestiva | 100 cápsulas",Superlabs,ACTIVE,,,,Hierbas y extractos botánicos,gid://shopify/TaxonomyCategory/hb-1-9-6-5,Herbal Supplements,"ai: Fenogreco, extracto herbal en cápsulas",alta,si,no
9980879470913,fenogreco-500-mg-natsa-fuente-natural-de-fibra-y-antioxidantes-bienestar-hormonal-femenino-100-capsulas,"Fenogreco 500 mg, NATSA | Fuente natural de fibra y antioxidantes, bienestar hormonal femenino  | 100 cápsulas",Natsa,ACTIVE,,,,Fibra y prebióticos,gid://shopify/TaxonomyCategory/hb-1-9-6-4-4,Prebiotics & Fiber,fibra-prebiotico,alta,no,
9999948906817,semilla-de-fenogreco-organica-liquida-1-fl-oz-30-ml-mary-ruths,"Fenogreco Orgánico, MaryRuth’s | Apoyo digestivo y hormonal |30 ml",Vitaminate,ACTIVE,duracion 30 | vitadeals,,,Hierbas y extractos botánicos,gid://shopify/TaxonomyCategory/hb-1-9-6-5,Herbal Supplements,ai: Extracto líquido de fenogreco orgánico,alta,si,no
9795740893505,fenogreco-corteza-de-olmo-resbaladizo-hoja-de-gordolobo-3300mg-de-michaels-health-disenadas-para-ofrecer-apoyo-integral-al-bienestar-respiratorio-y-digestivo-60-masticables-vegetarianos,"Fenogreco, corteza de olmo resbaladizo, hoja de gordolobo 3300mg de Michael's Health | Diseñadas para ofrecer apoyo integral al bienestar respiratorio y digestivo | 60 masticables vegetarianos",Vitaminate,ACTIVE,descuento-10,,,Hierbas y extractos botánicos,gid://shopify/TaxonomyCategory/hb-1-9-6-5,Herbal Supplements,"ai: Mezcla herbal fenogreco, olmo y gordolobo",alta,si,no
10236806005057,ferral-bisglicinato-ferroso-matter-apoyo-sanguineo-60-capsulas,Ferral Bisglicinato Ferroso Matter | Apoyo Sanguíneo | 60 cápsulas,You Matter,ACTIVE,PRO,,,Hierro,gid://shopify/TaxonomyCategory/hb-1-9-6-6-2,Iron,"ai: Bisglicinato ferroso, mineral hierro",alta,si,no
10126857175361,ferroplus-de-ivb-hierro-bisglicinato-ferrochel®-con-vitamina-c-cobre-vitamina-b12-y-folatos-60-capsulas,"FerroPlus de IVB |  Hierro bisglicinato Ferrochel® con vitamina C, cobre, vitamina B12 y folatos | 60 Cápsulas",OLSEGO GROUP,ACTIVE,,,,Hierro,gid://shopify/TaxonomyCategory/hb-1-9-6-6-2,Iron,ai: Hierro bisglicinato Ferrochel principal con cofactores,alta,si,no
10326000730433,fertihim-de-nutriadn-con-l-carnitina-coq10-y-dha-nutricion-masculina-planificacion-reproductiva-120-capsulas,"FertiHim de NutriADN con L-Carnitina, CoQ10 y DHA | Nutrición masculina, planificación reproductiva | 120 cápsulas",NutriADN,ACTIVE,vitadeals,,,Omega 3 y aceites de pescado,gid://shopify/TaxonomyCategory/hb-1-9-6-11,Omega Fatty Acids,omega,alta,no,
10126857273665,fertiup-de-ivb-myoinositol-d-chiro-inositol-cobre-y-zinc-210-g,"FertiUp de IVB | Myoinositol, D-chiro inositol, cobre y zinc | 210 g",OLSEGO GROUP,ACTIVE,PRO,,,Inositol,gid://shopify/TaxonomyCategory/hb-1-9-6,Vitamins & Supplements,"ai: Myo y D-chiro inositol como base, minerales secundarios",alta,no,no
10126857404737,fibertotal-de-ivb-complemento-alimenticio-de-fibra-soluble-en-polvo-20-servicios,FiberTotal de IVB | Complemento alimenticio de fibra soluble en polvo | 20 servicios,OLSEGO GROUP,ACTIVE,,,,Fibra y prebióticos,gid://shopify/TaxonomyCategory/hb-1-9-6-4-4,Prebiotics & Fiber,fibra-prebiotico,alta,no,
9974760276289,fisetina-125-mg-fisetin-pro-longevity-plus-de-prohealth-60-capsulas,Fisetina 125 mg | Fisetin PRO Longevity Plus de ProHealth |  60 cápsulas,Vitaminate,ACTIVE,duracion 60,,,"Longevidad: NAD+, NMN y resveratrol",gid://shopify/TaxonomyCategory/hb-1-9-6-5,Herbal Supplements,"ai: Fisetina, flavonoide senolítico para longevidad",media,si,no
9665207402817,glucosamina-condroitina-calcio-y-colageno-650mg-flex-de-5h8-nutrition-fortalece-huesos-y-articulaciones-90-capsulas-vegetales,"FLEX Glucosamina, Condroitina, Calcio y Colágeno 650mg de 5H8 Nutrition |  Fortalece huesos y articulaciones | 90 Cápsulas",5H8 Nutrition,ACTIVE,+18 Años | 5H8 Nutrition | Adultos | articulaciones y cartílago | Colágeno | Condroitina | descuento-15 | duracion 90 | Fortalecimiento de huesos | glucosamina | huesos y articulaciones | Indiferente | Piel | Recuperación y regeneración muscular | vitadeals,,,Colágeno,gid://shopify/TaxonomyCategory/hb-1-9-6-2,Collagen,colageno,alta,no,
9603985473857,folato-bioactivo-680mcg-y-vitamina-b12-300mcg-de-life-extension-apoyo-del-sistema-cardiovascular-90-capsulas-vegetarianas,Folato Bioactivo 680mcg y Vitamina B12 300mcg de Life Extension | Apoyo del Sistema Cardiovascular | 90 cápsulas vegetarianas,OLSEGO GROUP,ACTIVE,+18 Años | Adultos | descuento-15 | duracion 90 | Indiferente | Life Extension | Potenciar la energía | PRO | Sin azúcar | Sin gluten | Sin lactosa | Sistema cardiovascular | Vegano | Vegetariano | vitamina-b-9 | Vitaminas,,,Complejo B y B12,gid://shopify/TaxonomyCategory/hb-1-9-6-9-3,Vitamin B,vitamina-VIT_B,alta,no,
9602910683457,folato-optimizado-1700-mcg-dfe-de-life-extension-promueve-el-bienestar-durante-el-embarazo-100-capsulas-vegetarianas,Folato Optimizado 1700 mcg DFE de Life Extension  | Promueve el bienestar durante el embarazo | 100 cápsulas vegetarianas,OLSEGO GROUP,ACTIVE,+18 Años | Adultos | descuento-10 | duracion 100 | Indiferente | Life Extension | Sin azúcar | Sin gluten | Sin lactosa | Sistema cardiovascular | Vegano | Vegetariano | vitamina-b-9 | Vitaminas,,,Complejo B y B12,gid://shopify/TaxonomyCategory/hb-1-9-6-9-3,Vitamin B,vitamina-VIT_B,alta,no,
10236813017409,folixol-metil-folato-matter-apoyo-cardiovascular-60-capsulas,Folixol Metil Folato Matter | Apoyo cardiovascular| 60 cápsulas,You Matter,ACTIVE,,,,Complejo B y B12,gid://shopify/TaxonomyCategory/hb-1-9-6-9-3,Vitamin B,vitamina-VIT_B,alta,no,
9803360633153,formula-a-base-de-l-tirosina-y-l-teanina-clarity-platinum-de-b-life-240-capsulas,Fórmula a base de L-Tirosina y L-Teanina Clarity Platinum de B-Life | 240 cápsulas,Blife,ACTIVE,duracion 60 | vitadeals,,,Aminoácidos y BCAA,gid://shopify/TaxonomyCategory/hb-1-9-6-1-2,Single Amino Acid Supplements,aminoacido-individual,alta,no,
9612920127809,formula-completa-de-enzimas-digestivas-de-enzymedica-para-soporte-digestivo-mejorado-con-amilasa-proteasa-lipasa-y-mas-30-capsulas-veganas-y-kosher,"Fórmula Completa de Enzimas Digestivas de Enzymedica | para Soporte Digestivo Mejorado, con Amilasa, Proteasa, Lipasa y Más | 30 Cápsulas Veganas y Kosher",Vitaminate,ACTIVE,+18 Años | Adultos | descuento-10 | duracion 30 | enzimas-digestivas | Enzymedica | Potenciar la energía | prebióticos y enzimas | Probioticos | Salud digestiva | Sin azúcar | Sin gluten | Sin lactosa | Vegano,,,Enzimas digestivas,gid://shopify/TaxonomyCategory/hb-1-9-6-4-3,Digestive Enzymes,enzimas,alta,no,
9612886606145,formula-completa-para-la-digestion-de-lacteos-de-enzymedica-con-lactasa-y-proteasa-ayuda-en-la-intolerancia-a-la-lactosa-y-desglose-de-azucares-y-proteinas-lacteas-30-capsulas-veganas-y-kosher,"Fórmula Completa para la Digestión de Lácteos de Enzymedica, con Lactasa y Proteasa | Favorece la digestión de productos lácteos | 30 Cápsulas",Vitaminate,ACTIVE,+18 Años | Adultos | descuento-10 | duracion 30 | enzimas-digestivas | Enzymedica | Indiferente | Potenciar la energía | prebióticos y enzimas | Probioticos | Salud digestiva | Sin azúcar | Sin gluten | Sin lactosa | Vegano,,,Enzimas digestivas,gid://shopify/TaxonomyCategory/hb-1-9-6-4-3,Digestive Enzymes,enzimas,alta,no,
9644590530881,formula-digestiva-de-enzimas-vegetales-suplemento-salud-digestiva,Fórmula Digestiva de Enzimas Vegetales Designs for Health | Favorece la digestión de alimentos complejos | 90 cápsulas,OLSEGO GROUP,ACTIVE,+18 Años | Adultos | Designs for health | duracion 90 | enzimas-digestivas | Indiferente | prebióticos y enzimas | Probioticos | Salud digestiva | Sin azúcar | Sin gluten | Sin lactosa | Vegetariano,,,Enzimas digestivas,gid://shopify/TaxonomyCategory/hb-1-9-6-4-3,Digestive Enzymes,enzimas,alta,no,
9606644924737,formula-exclusiva-con-ala-i3c-nac-vitamina-c-vitamina-e-selenio-y-glicina-860mg-antioxidantes-megantiox-matter-apoya-la-produccion-de-glutation-y-protege-al-organismo-contra-el-dano-oxidativo-60-capsulas-vegetales,"Fórmula Exclusiva con ALA, I3C, NAC, Vitamina C, Vitamina E, Selenio y Glicina 860mg - Antioxidantes Megantiox Matter | Apoya la producción de glutatión y protege al organismo contra el daño oxidativo | 60 Cápsulas Vegetales",You Matter,ACTIVE,+18 Años | Adultos | antioxidantes | descuento-15 | Desintoxicación | duracion 60 | Indiferente | Longevidad y vitalidad | Potenciar la energía | Sin azúcar | Sin gluten | Suplementos Combinados | Vegano | You Matter,,,Antioxidantes,gid://shopify/TaxonomyCategory/hb-1-9-6-5,Herbal Supplements,"ai: Fórmula antioxidante ALA, NAC, precursores de glutatión",media,si,no
9983166021953,forskolina-20-coleus-forskohlii-500-mg-supplement-factory-promueve-el-equilibrio-metabolico-y-la-composicion-corporal-60-capsulas,"Forskolina 20%, Coleus Forskohlii 500 mg Supplement Factory | Promueve el equilibrio metabólico y la composición corporal | 60 cápsulas",Natsa,ACTIVE,,,,Control de peso y metabolismo,gid://shopify/TaxonomyCategory/hb-1-9-7-1,Weight Loss Supplements,ai: Forskolina para composición corporal y metabolismo,alta,si,no
9623924769089,forslean-super-citrimax-l-carnitina-y-te-verde-apoyo-dietetico-de-now-foods-energia-celular-120-capsulas-vegetales,"ForsLean, Super Citrimax, L-Carnitina y Té Verde - Apoyo Dietético de Now Foods | Energía Celular | 120 Cápsulas Vegetales",Vitaminate,ACTIVE,+18 Años | Adultos | Calcio | Combinados temas de salud | complejo-vitamina-b | Extracto de té verde | Garcinia cambogia | Hierbas | Indiferente | L-carnitina | NOW Foods | Salud digestiva | Sin azúcar | Sin gluten | Sin lactosa | Suplementos herbales | Vegano | Vegetariano,,,Aminoácidos y BCAA,gid://shopify/TaxonomyCategory/hb-1-9-6-1-2,Single Amino Acid Supplements,aminoacido-individual,alta,no,
9644613206337,fosfatidilcolina-420mg-de-designs-for-health-bienestar-integral-que-apoya-la-funcion-digestiva-cardiovascular-y-cognitiva-180-capsulas-blandas-vegetales,"Fosfatidilcolina 420mg de Designs For Health | Bienestar Integral que apoya la función digestiva, cardiovascular y cognitiva | 180 Cápsulas Blandas Vegetales",Vitaminate,ACTIVE,+18 Años | Adultos | Designs for health | duracion 180 | Fosfatidilcolina | fosfatidilcolina-1 | Indiferente | Salud digestiva | Sin azúcar | Sin gluten | Sin lactosa | Sistema cardiovascular | Vegetariano | Ácidos grasos y omegas,,,Memoria y concentración,gid://shopify/TaxonomyCategory/hb-1-9-6,Vitamins & Supplements,"ai: Fosfatidilcolina, fosfolípido de apoyo cognitivo y digestivo",media,si,no
9616258990401,fosfatidilserina-colina-e-inositol-100-mg-de-now-foods-mejora-la-memoria-y-la-funcion-cerebral-apoyo-cognitivo-60-capsulas-vegetales,"Fosfatidilserina, Colina e Inositol, 100 mg de NOW Foods | Mejora la Memoria y la Función Cerebral, Apoyo Cognitivo | 60 Cápsulas Vegetales",Vitaminate,ACTIVE,+18 Años | Adultos | Ansiedad y estrés | duracion 20 | fosfatidilcolina | Indiferente | NOW Foods | Sin azúcar | Sin gluten | Sin lactosa | Vegano | Vegetariano | Ácidos grasos y omegas,,,Memoria y concentración,gid://shopify/TaxonomyCategory/hb-1-9-6,Vitamins & Supplements,"ai: Fosfatidilserina y colina, nootrópico cognitivo principal",alta,si,no
9999955001665,fenugreek-500-mg-100-veg-caps,Frenogreco Orgánico de Now | Apoyo Digestivo |  100 Cápsulas,Vitaminate,ACTIVE,,,,Hierbas y extractos botánicos,gid://shopify/TaxonomyCategory/hb-1-9-6-5,Herbal Supplements,"ai: Fenogreco orgánico en cápsulas, extracto herbal",alta,si,no
9639041728833,fruta-de-arandano-930mg-de-natures-way-ayuda-a-prevenir-infecciones-del-tracto-urinario-180-capsulas-veganas,Fruta de Arándano 930mg de Nature's Way  | Ayuda a prevenir infecciones del tracto urinario  | 180 cápsulas veganas,Vitaminate,ACTIVE,+18 Años | Adultos | arandano | Hierbas | Indiferente | Natures Way | Salud urinaria | Sin azúcar | Sin gluten | Suplementos herbales | Vegano,,,Vías urinarias y renal,gid://shopify/TaxonomyCategory/hb-1-9-6-5,Herbal Supplements,ai: Arándano rojo para salud del tracto urinario,alta,si,no
9796572348737,fruta-de-vitex-de-best-naturals-apoyo-hormonal-femenino-400-mg-250-capsulas,Fruta de Vitex de Best Naturals | Bienestar Femenino | 400 mg 250 Cápsulas,Vitaminate,ACTIVE,vitadeals,,,Bienestar femenino y menopausia,gid://shopify/TaxonomyCategory/hb-1-9-6-5,Herbal Supplements,ai: Vitex (sauzgatillo) herbal para bienestar femenino,alta,si,no
9665187643713,fruto-de-arandano-vitamina-c-y-e-950mg-por-porcion-de-5h8-nutrition-antioxidante-apoya-la-funcion-del-tracto-urinario-90-capsulas-vegetales,Fruto de Árandano + Vitamina C y E 950mg por porción de 5H8 Nutrition | Antioxidante - Apoya la función del tracto urinario | 90 Cápsulas,5H8 Nutrition,ACTIVE,+18 Años | 5H8 Nutrition | Adultos | arandano | descuento-15 | Hierbas | Indiferente | Salud urinaria | Sin azúcar | Sin gluten | Sin lactosa | Sistema inmunitario | Suplementos herbales | Vegano | vitadeals | Vitamina C | Vitamina E,,,Vitamina C,gid://shopify/TaxonomyCategory/hb-1-9-6-9-4,Vitamin C,vitamina-VIT_C,alta,no,
10236763832641,gaba-inositol-glicina-sonnol-de-matter-apoya-relajacion-del-sistema-nervioso-descanso-nocturno-60-capsulas,"GABA + Inositol + Glicina, Sonnol de Matter | Apoya relajación del sistema nervioso, descanso nocturno | 60 cápsulas",You Matter,ACTIVE,,,,Sueño y relajación,gid://shopify/TaxonomyCategory/hb-1-9-6-12,Sleep Supplements,ai: GABA y glicina para descanso nocturno,alta,no,no
9608930197825,gaba-magnesio-pasiflora-y-manzanilla-4g-media-luna-de-suluu-promueve-un-sueno-profundo-y-reparador-actuando-sobre-el-insomnio-240g-en-60-gomitas-o-su-opcion-de-2-gomitas-para-el-dia-sabor-menta-jengibre,"GABA + Magnesio + Pasiflora y Manzanilla 4g Media Luna de Súluu | Promueve un sueño profundo y reparador, actuando sobre el insomnio | 240g en 60 gomitas sabor Menta - Jengibre",Súluu,ACTIVE,+18 Años | Adultos | Aminoácidos | Ansiedad y estrés | duracion 30 | Indiferente | l-triptofano | Sin lactosa | Sueño y descanso | Súluu | Vegetariano | vitadeals,,,Magnesio,gid://shopify/TaxonomyCategory/hb-1-9-6-6-3,Magnesium,mineral-MAGNESIUM,alta,no,
9621427913025,gaba-melatonina-esencial-para-dormir-con-valeriana-y-pasiflora-de-swanson-proporciona-un-descanso-y-sueno-reparador-reduciendo-el-estres-60-capsulas-veganas,"GABA + Melatonina Esencial para dormir con Valeriana y Pasiflora de Swanson | Proporciona un descanso y sueño reparador, reduciendo el estrés | 60 cápsulas veganas",Superlabs,ACTIVE,+18 Años | Adultos | duracion 60 | Hormonas y Neurotransmisores | Indiferente | Sin azúcar | Sin gluten | Sin lactosa | Sueño y descanso | Swanson | valeriana | Vegetariano,,,Sueño y relajación,gid://shopify/TaxonomyCategory/hb-1-9-6-12,Sleep Supplements,melatonina,alta,no,
9635164094785,gaba-250-mg-de-natures-way-contribuye-a-aliviar-el-estres-y-la-ansiedad-60-capsulas-veganas,GABA 250 mg de Nature's Way  | Contribuye a aliviar el estrés y la ansiedad | 60 cápsulas veganas,OLSEGO GROUP,ACTIVE,+18 Años | Adultos | Ansiedad y estrés | duracion 30 | gaba | Hormonas y Neurotransmisores | Indiferente | Natures Way | Sin azúcar | Sin gluten | Sin lactosa | Sueño y descanso | Vegano | Vegetariano,,,Aminoácidos y BCAA,gid://shopify/TaxonomyCategory/hb-1-9-6-1-2,Single Amino Acid Supplements,aminoacido-individual,alta,no,
9625205735745,gaba-250-mg-de-swanson-soporte-para-la-relajacion-sueno-y-descanso-60-capsulas-vegetales,"GABA 250 mg de Swanson | Soporte para la relajación, sueño y descanso | 60 cápsulas vegetales",Superlabs,ACTIVE,+18 Años | Adultos | Ansiedad y estrés | descuento-20 | duracion 60 | gaba | Hormonas y Neurotransmisores | Indiferente | Sin azúcar | Sin gluten | Sin lactosa | Sueño y descanso | Swanson | Vegetariano | vitadeals,,,Aminoácidos y BCAA,gid://shopify/TaxonomyCategory/hb-1-9-6-1-2,Single Amino Acid Supplements,aminoacido-individual,alta,no,
9974935191873,gaba-900-mg-con-melissa-de-natsa-extracto-10-1-apoya-el-equilibrio-del-sistema-nervioso-60-capsulas,GABA 900 mg con Melissa de NATSA extracto 10:1 | Equilibrio del sistema nervioso | 60 cápsulas,Natsa,ACTIVE,duracion 30,,,Aminoácidos y BCAA,gid://shopify/TaxonomyCategory/hb-1-9-6-1-2,Single Amino Acid Supplements,aminoacido-individual,alta,no,
10238619025729,gaba-l-teanina-luz-de-luna-de-menoglow-contribuye-al-manejo-del-estres-60-capsulas,"GABA L-Teanina Luz de Luna de Menoglow | Contribuye al manejo del estrés, relajación | 60 cápsulas",Menoglow,ACTIVE,,,,Aminoácidos y BCAA,gid://shopify/TaxonomyCategory/hb-1-9-6-1-2,Single Amino Acid Supplements,aminoacido-individual,alta,no,
9647330722113,gaba-pasiflora-reishi-asgwagandha-1000mg-por-porcion-peace-in-five-tibet-natura-formulado-para-reducir-el-estres-y-la-ansiedad-promoviendo-una-sensacion-de-calma-y-bienestar-mental-100-capsulas-vegetales,"GABA, Pasiflora, Reishi, Ashwagandha 1000mg por porción Peace In Five Tibet Natura | Formulado para reducir el estrés y la ansiedad, promoviendo una sensación de calma y bienestar mental  | 100 cápsulas vegetales",Flow Supplements,ACTIVE,Ansiedad y estrés | descuento-15 | Indiferente | Recuperación y regeneración muscular | Sueño y descanso | Suplementos Combinados | Tibet Natura | vitadeals,,,Aminoácidos y BCAA,gid://shopify/TaxonomyCategory/hb-1-9-6-1-2,Single Amino Acid Supplements,aminoacido-individual,alta,no,
9651461652801,garcinia-cambogia-mango-africano-cetonas-de-frambeusa-1500mg-por-porcion-meta-de-flow-supplements-promueve-el-metabolismo-energetico-ayudando-a-regular-niveles-de-glucosa-90-capsulas-vegetales,Garcinia Cambogia + Mango africano + Cetonas de frambuesa 1500mg por porción META de Flow Supplements | Fórmula pensada para complementar estilos de vida activos | 90 cápsulas vegetales,Flow Supplements,ACTIVE,+18 Años | Adultos | Control del peso | descuento-15 | Flow Supplement | garcinia-cambogia | Hierbas | Indiferente | Keto | Potenciar la energía | Sin azúcar | Sin gluten | Sistema cardiovascular | Sistema inmunitario | Suplementos herbales | vitadeals,,,Control de peso y metabolismo,gid://shopify/TaxonomyCategory/hb-1-9-7-1,Weight Loss Supplements,"ai: Garcinia, mango africano y cetonas para control de peso",alta,si,no
9625245122881,garcinia-cambogia-250-mg-de-swanson-contribuye-a-mejorar-el-metabolismo-promoviendo-el-control-de-peso-120-capsulas-vegetales,Garcinia Cambogia 250 mg de Swanson |  Contribuye a mejorar el metabolismo | 120 cápsulas vegetales,Superlabs,ACTIVE,+18 Años | Adultos | Control del peso | garcinia-cambogia | Hierbas | Indiferente | Potenciar la energía | Sin azúcar | Sin gluten | Sin lactosa | Suplementos herbales | Swanson | Vegano | Vegetariano,,,Control de peso y metabolismo,gid://shopify/TaxonomyCategory/hb-1-9-7-1,Weight Loss Supplements,ai: Garcinia cambogia orientada a control de peso,alta,si,no
9975679680833,garcinia-de-camboia-1000-mg-control-del-peso-60-capsulas,Garcinia de Cambogia 1000 mg de natsa | Control del peso | 60 Cápsulas,Natsa,ACTIVE,duracion 30,,,Control de peso y metabolismo,gid://shopify/TaxonomyCategory/hb-1-9-7-1,Weight Loss Supplements,ai: Garcinia cambogia para control del peso,alta,si,no
9999954575681,gastro-comfort™-with-pepzin-gi™-37-5mg-60veg-caps,Gastro Comfort NOW Foods | Soporte Digestivo y Gástrico | 60 cápsulas,Vitaminate,ACTIVE,duracion 30 | PRO,,,Digestivos y confort intestinal,gid://shopify/TaxonomyCategory/hb-1-9-6-4,Digestive Supplements,ai: Fórmula de soporte digestivo y gástrico en cápsulas,media,si,no
9999955755329,gel-calmante-de-aloe-8-fl-oz,Gel calmante de aloe de NOW Solutions | Calmante e hidratante para la piel |  237 mL,Vitaminate,ACTIVE,duracion 30,,,Cuidado de la piel y cosmética,gid://shopify/TaxonomyCategory/hb-3-2-9,Skin Care,"ai: Gel tópico de aloe, producto cosmético no ingerible",alta,si,no
10126857568577,gestanatal-de-ivb-multivitaminico-y-mineral-prenatal-completo-60-capsulas,GestaNatal de IVB | Multivitamínico y mineral Prenatal Completo| 60 Cápsulas,OLSEGO GROUP,ACTIVE,vitadeals,,,Multivitamínicos,gid://shopify/TaxonomyCategory/hb-1-9-6-7,Multivitamin Supplements,multivitaminico-explicito,alta,no,
9966439170369,gi-fix-de-matter-peptidos-de-colageno-aloe-vera-curcuma-y-zinc-carnosina-quelado-740-gr,"GI Fix de Matter | Péptidos de Colágeno, Aloe Vera, Cúrcuma y Zinc Carnosina Quelado | 740 gr",You Matter,ACTIVE,duracion 20,,,Colágeno,gid://shopify/TaxonomyCategory/hb-1-9-6-2,Collagen,colageno,alta,no,
10065838539073,gi-revive-de-designs-for-health-bienestar-digestivo-28-porciones-polvo-sabor-durazno,GI Revive de Designs for Health | Bienestar Digestivo | 28 porciones polvo Sabor durazno,Vitaminate,ACTIVE,,,,Digestivos y confort intestinal,gid://shopify/TaxonomyCategory/hb-1-9-6-4,Digestive Supplements,ai: Polvo de bienestar digestivo multi-ingrediente,media,si,no
9687567171905,ginkgo-biloba-500mg-de-adapto-heal-apoyo-de-la-funcion-cerebral-antioxidante-150-capsulas-vegetales,Ginkgo Biloba 500mg de Adaptoheal | Apoyo de la función Cerebral - Antioxidante | 150 Cápsulas Vegetales,AdaptoHeal,ACTIVE,+18 Años | AdaptoHeal | Adultos | Ansiedad y estrés | Concentración | Gingko biloba | ginkobiloba | Hierbas | Indiferente | memoria y atención | Salud cognitiva | Sin azúcar | Sin gluten | Sin lactosa | Suplementos herbales | Vegetariano | vitadeals,,,Memoria y concentración,gid://shopify/TaxonomyCategory/hb-1-9-6-5,Herbal Supplements,ai: Extracto botánico de ginkgo biloba para función cognitiva,alta,si,no
9600376996161,ginkgo-biloba-590mg-en-gotas-de-mary-ruths-0-5ml-por-porcion-disenado-para-apoyar-la-funcion-cerebral-promover-una-circulacion-sanguinea-saludable-y-combatir-la-fatiga-mental-gotero-de-60ml,"Ginkgo Biloba 590mg en Gotas de Mary Ruth's 0.5ml por porción | Diseñado para apoyar la función cerebral, promover una circulación sanguínea saludable y combatir la fatiga mental | Gotero de 60ml",Vitaminate,ACTIVE,+18 Años | Adultos | Concentración | ginkobiloba | Hierbas | Indiferente | MaryRuth's | memoria y atención | Salud cognitiva | Suplementos herbales,,,Memoria y concentración,gid://shopify/TaxonomyCategory/hb-1-9-6-5,Herbal Supplements,"ai: Gotas de extracto de ginkgo biloba, apoyo cerebral",alta,si,no
9795683287361,ginkgo-biloba-gotu-kola-y-colina-de-michaels-health-que-se-complementan-con-vitaminas-esenciales-y-minerales-funcion-cognitiva-memoria-concentracion-60-capsulas-vegetarianas,"Ginkgo Biloba, Gotu Kola y Colina de Michael's Health -| Función Cognitiva, Memoria & Concentración | 60 Cápsulas Vegetarianas",Vitaminate,ACTIVE,descuento-15,,,Memoria y concentración,gid://shopify/TaxonomyCategory/hb-1-9-6-5,Herbal Supplements,ai: Mezcla botánica ginkgo y gotu kola para cognición,alta,si,no
9808881779009,ginkgo-smart-enfoque-y-memoria-maxima-de-irwin-naturals-60-capsulas,Ginkgo Smart + Colina + DMAE + omega-3 de Irwin Naturals | Estimula el enfoque y rendimiento diario |60 Cápsulas,Vitaminate,ACTIVE,,,,Omega 3 y aceites de pescado,gid://shopify/TaxonomyCategory/hb-1-9-6-11,Omega Fatty Acids,omega,alta,no,
9689023021377,ginseng-brasileno-500mg-de-adapto-heal-bienestar-mental-y-cognitivo-fortalece-sistema-inmunologico-150-capsulas-vegetales,Ginseng Brasileño 500mg de Adaptoheal | Bienestar Mental y Cognitivo - Fortalece Sistema Inmunológico | 150 Cápsulas Vegetales,AdaptoHeal,ACTIVE,+18 Años | AdaptoHeal | Adultos | Ansiedad y estrés | Ginseng Brasileño | Hierbas | Indiferente | Potenciar la energía | Raíz de suma | Salud cognitiva | Sin azúcar | Sin gluten | Sin lactosa | Sistema inmunitario | Suplementos herbales | Vegano | vitadeals,,,Adaptógenos y manejo del estrés,gid://shopify/TaxonomyCategory/hb-1-9-6-5,Herbal Supplements,"ai: Raíz de suma (ginseng brasileño), hierba adaptógena",alta,si,no
9688996020545,ginseng-siberiano-500mg-de-adapto-heal-formulado-para-aumentar-la-energia-y-apoyar-la-resistencia-al-estres-150-capsulas-vegetales,Ginseng Siberiano 500mg de Adaptoheal | Formulado para aumentar la energía y apoyar la resistencia al estrés | 150 Cápsulas Vegetales,AdaptoHeal,ACTIVE,+18 Años | AdaptoHeal | Adultos | Ansiedad y estrés | Ginseng siberiano (Eleuthero) | Hierbas | Indiferente | Potenciar la energía | Sin azúcar | Sin gluten | Sin lactosa | Sistema inmunitario | Suplementos herbales | Vegano | vitadeals,,,Adaptógenos y manejo del estrés,gid://shopify/TaxonomyCategory/hb-1-9-6-5,Herbal Supplements,ai: Eleuthero adaptógeno para energía y resistencia al estrés,alta,si,no
9999949758785,glicina-1000-mg-100-veg-caps,Glicina 1000 mg de Now Foods 1000 mg | Contribuye a la salud del sistema nervioso | 100 Cápsulas vegetales,Vitaminate,ACTIVE,PRO,,,Aminoácidos y BCAA,gid://shopify/TaxonomyCategory/hb-1-9-6-1-2,Single Amino Acid Supplements,aminoacido-individual,alta,no,
9797457412417,glicina-de-best-naturals-apoyo-relajante-y-metabolico-1000-mg-180-capsulas,Glicina de Best Naturals | Apoyo Relajante y Metabólico | 1000 mg 180 Cápsulas,OLSEGO GROUP,ACTIVE,descuento-10 | duracion 60,,,Aminoácidos y BCAA,gid://shopify/TaxonomyCategory/hb-1-9-6-1-2,Single Amino Acid Supplements,aminoacido-individual,alta,no,
9617415078209,glicinato-de-hierro-liquido-18mg-de-natures-way-contribuye-a-aumentar-la-energia-y-reduce-la-fatiga-480ml-32-servicios,"Glicinato de Hierro Líquido 18mg de Nature's Way  | Contribuye a aumentar la energía y reduce la fatiga | 480ml, 32 servicios",OLSEGO GROUP,ACTIVE,+18 Años | Adultos | duracion 30 | glicinato-de-hierro | Indiferente | Minerales | Natures Way | Potenciar la energía | Sin azúcar | Sin gluten | Sin lactosa | Sistema inmunitario | Vegano | Vegetariano,,,Hierro,gid://shopify/TaxonomyCategory/hb-1-9-6-6-2,Iron,mineral-IRON,alta,no,
9606505627969,glicinato-de-magnesio-200mg-de-now-foods-soporte-para-el-sistema-nervioso-180-tabletas,Glicinato de Magnesio 200mg de NOW Foods | Soporte para el Sistema Nervioso | 180 Tabletas,OLSEGO GROUP,ACTIVE,+18 Años | Adultos | duracion 90 | glicinato-de-magnesio | Indiferente | Minerales | NOW Foods | PRO | Salud cognitiva | Sin azúcar | Sin gluten | Sin lactosa | Vegano | Vegetariano,,,Magnesio,gid://shopify/TaxonomyCategory/hb-1-9-6-6-3,Magnesium,mineral-MAGNESIUM,alta,no,
9766424248641,glicinato-de-magnesio-350mg-de-solaray-relajacion-muscular-sueno-reparador-y-reduccion-del-estres-120-capsulas-veganas,Glicinato de Magnesio 350mg de Solaray | Apoyo Muscular y Relajación | 120 Cápsulas Veganas,Fresh Vitamins,ACTIVE,descuento-10 | duracion 30 | PRO,,,Magnesio,gid://shopify/TaxonomyCategory/hb-1-9-6-6-3,Magnesium,mineral-MAGNESIUM,alta,no,
9598048502081,glicinato-de-magnesio-400-mg-de-humble-alta-absorcion-relajacion-muscular-60-capsulas,"Glicinato de Magnesio 400 mg de Humble | Alta Absorción, Relajación Muscular | 60 Cápsulas",Vitaminate,ACTIVE,+18 Años | Adultos | descuento-10 | duracion 30 | glicinato-de-magnesio | Humble | Indiferente | Minerales | Potenciar la energía | PRO | Salud cognitiva | Sin azúcar | Sin gluten | Sin lactosa | Vegano | Vegetariano | vitadeals,,,Magnesio,gid://shopify/TaxonomyCategory/hb-1-9-6-6-3,Magnesium,mineral-MAGNESIUM,alta,no,
9980883403073,glicinato-de-magnesio-500-mg-natsa-apoya-la-funcion-muscular-y-neuromuscular-100-capsulas,"Glicinato de Magnesio 500 mg NATSA,  | Apoya la función muscular y neuromuscular | 100 cápsulas",Natsa,ACTIVE,duracion 50,,,Magnesio,gid://shopify/TaxonomyCategory/hb-1-9-6-6-3,Magnesium,mineral-MAGNESIUM,alta,no,
9649803329857,glicinato-de-magnesio-500mg-de-flow-supplements-apoya-la-funcion-muscular-ayudando-a-prevenir-calambres-y-espasmos-como-asi-tambien-la-funcion-nerviosa-90-capsulas-vegetales,"Glicinato de Magnesio 500mg de Flow Supplements | Apoya la función muscular, ayudando a prevenir calambres y espasmos,  como así también la función nerviosa | 90 cápsulas vegetales",Flow Supplements,ACTIVE,+18 Años | Adultos | Ansiedad y estrés | descuento-20 | duracion 45 | Flow Supplement | glicinato-de-magnesio | Indiferente | Keto | Minerales | PRO | Recuperación y regeneración muscular | Salud cognitiva | Sin azúcar | Sin gluten | vitadeals,,,Magnesio,gid://shopify/TaxonomyCategory/hb-1-9-6-6-3,Magnesium,mineral-MAGNESIUM,alta,no,
9999951135041,glicinato-de-magnesio-con-bioperine®-180-veg-caps,Glicinato de Magnesio con BioPerine® de Now Foods | Favorece la función muscular y la relajación | 180 Cápsulas,Vitaminate,ACTIVE,PRO | vitadeals,,,Magnesio,gid://shopify/TaxonomyCategory/hb-1-9-6-6-3,Magnesium,mineral-MAGNESIUM,alta,no,
9765268586817,glicinato-de-magnesio-de-kal-funcionamiento-cerebral-calidad-del-sueno-y-relajacion-muscular-160-capsulas-veganas,Glicinato de Magnesio de KAL | Apoyo Cognitivo y Muscular | 160 Cápsulas Veganas,Fresh Vitamins,ACTIVE,duracion 40 | PRO,,,Magnesio,gid://shopify/TaxonomyCategory/hb-1-9-6-6-3,Magnesium,mineral-MAGNESIUM,alta,no,
9650910495041,glicinato-de-magnesio-quelado-662mg-biomag-de-bioptimizado-promueve-la-funcion-muscular-y-osea-como-asi-tambien-el-sueno-y-buen-descanso-100-capsulas-vegetales,"Glicinato de Magnesio Quelado 662mg BioMag de Bioptimizado | Promueve la función muscular y Ósea, como asi también el Sueño y Buen Descanso | 100 cápsulas vegetales",Nutrasana,ACTIVE,+18 Años | Adultos | Bioptimizado | descuento-25 | duracion 50 | glicinato-de-magnesio | Indiferente | Minerales | Potenciar la energía | Recuperación y regeneración muscular | Sin azúcar | Sin gluten | Sin lactosa | Sistema cardiovascular | Vegetariano | vitadeals,,,Magnesio,gid://shopify/TaxonomyCategory/hb-1-9-6-6-3,Magnesium,mineral-MAGNESIUM,alta,no,
9647429615937,glycinate-mag-glicinato-de-magnesio-408-mg-alta-absorcion,Glicinato de Magnesio | B-Life | Fortalecimiento Muscular | 180 cápsulas,Blife,ACTIVE,+18 Años | Adultos | Ansiedad y estrés | B-Life | descuento-15 | duracion 45 | Ganancia de masa muscular | glicinato-de-magnesio | Indiferente | Minerales | PRO | Sin azúcar | Sin gluten | Sin lactosa | Sueño y descanso | vitadeals,,,Magnesio,gid://shopify/TaxonomyCategory/hb-1-9-6-6-3,Magnesium,mineral-MAGNESIUM,alta,no,
9640307425601,glicinato-de-magnesio-gaba-l-teanina-5htp-y-vitamina-b-6-de-nutriadn-apoyo-para-el-sueno-y-buen-descanso-relaja-al-organismo-60-capsulas-vegetales,"Glicinato de Magnesio, GABA, L-Teanina, 5HTP y Vitamina B 6 de NutriADN | Apoyo para el Sueño y Buen Descanso - Relaja al Organismo | 60 Cápsulas Vegetales",NutriADN,ACTIVE,+18 Años | 5-HTP | Adultos | duracion 30 | GABA | glicinato-de-magnesio | Hormonas y Neurotransmisores | Indiferente | L-teanina | NutriADN | PRO | Sin azúcar | Sin gluten | Sin lactosa | Sueño y descanso | vitadeals | Vitamina B6 (Piridoxina),,,Sueño y relajación,gid://shopify/TaxonomyCategory/hb-1-9-6-12,Sleep Supplements,"ai: Fórmula GABA, teanina y 5-HTP orientada al descanso",alta,si,no
9800467611969,glicinato-y-malato-de-magnesio-200mg-de-natures-answer-favorece-la-funcion-muscular-de-todo-el-organismo-y-contribuye-al-metabolismo-energetico-liquido-de-480ml-sabor-mandarina,Glicinato y Malato de Magnesio 200mg de Nature's Answer | Favorece la función muscular de todo el organismo y contribuye al metabolismo energético | Líquido de 480ml Sabor Mandarina,Vitaminate,ACTIVE,descuento-10 | duracion 15,,,Magnesio,gid://shopify/TaxonomyCategory/hb-1-9-6-6-3,Magnesium,mineral-MAGNESIUM,alta,no,
9655568105793,glicinato-citrato-y-gluconato-de-magnesio-164mg-de-moods-proporciona-relajacion-y-buen-descanso-mejorando-la-funcion-nerviosa-120-capsulas-veganas,"Glicinato, Citrato y Gluconato de Magnesio 164mg de Moods | Proporciona relajación y buen descanso, mejorando la función nerviosa | 120 cápsulas veganas",Moods,ACTIVE,+18 Años | Adultos | Citrato de Magnesio | Combinados de Magnesio | duracion 60 | glicinato-de-magnesio | Gluconato de Magnesio | Indiferente | Minerales | Moods | Recuperación y regeneración muscular | Sin gluten | Sin lactosa | Sistema cardiovascular | Sueño y descanso | Vegano | vitadeals,,,Magnesio,gid://shopify/TaxonomyCategory/hb-1-9-6-6-3,Magnesium,mineral-MAGNESIUM,alta,no,
10022673482049,glicinato-citrato-y-malato-de-magnesio-de-alta-absorcion-con-l-teanina-vitamina-b6-y-extracto-de-manzanilla-reset-m3-90-capsulas,"Glicinato, Citrato y Malato de Magnesio de Alta Absorción, con L-teanina, Vitamina B6 y Extracto de Manzanilla | Reset M3+ | 90 Cápsulas",Reset,ACTIVE,PRO,,,Magnesio,gid://shopify/TaxonomyCategory/hb-1-9-6-6-3,Magnesium,ai: Tres formas de magnesio como ingrediente principal,alta,si,no
9999864299841,magnesio-complex-beyond-vitamins-4-magnesios-con-vitamina-d3-y-acerola-180-capsulas,"Glicinato, Gluconato y Óxido de Magnesio 710 mg Puro| Magnesio Complex Beyond |  60 y 180 cápsulas",Beyond Vitamins,ACTIVE,duracion 60,,,Magnesio,gid://shopify/TaxonomyCategory/hb-1-9-6-6-3,Magnesium,mineral-MAGNESIUM,alta,no,
9617407344961,gluconato-de-hierro-18mg-de-natures-way-fortalece-sistema-inmune-contribuyendo-a-aumentar-energia-y-reducir-fatiga-100-capsulas-veganas,"Gluconato de Hierro 18mg de Nature's Way  | Fortalece Sistema Inmune, contribuyendo a aumentar energía y reducir fatiga  | 100 cápsulas veganas",Vitaminate,ACTIVE,+18 Años | Adultos | descuento-10 | duracion 180 | gluconato-de-hierro | Indiferente | Minerales | Natures Way | Potenciar la energía | Sin gluten | Sin lactosa | Sistema inmunitario | Vegano | Vegetariano,,,Hierro,gid://shopify/TaxonomyCategory/hb-1-9-6-6-2,Iron,mineral-IRON,alta,no,
9634090811713,gluconato-de-zinc-50-mg-de-now-foods-soporte-inmunologico-funciones-enzimaticas-100-y-250-tabletas,"Gluconato de Zinc 50 mg de NOW Foods | Soporte Inmunológico, Funciones Enzimáticas | 100 y 250 Tabletas",OLSEGO GROUP,ACTIVE,+18 Años | Adultos | descuento-15 | duracion 100 | Indiferente | Minerales | NOW Foods | PRO | Sin azúcar | Sin gluten | Sin lactosa | Sistema inmunitario | Vegetariano,,,Enzimas digestivas,gid://shopify/TaxonomyCategory/hb-1-9-6-4-3,Digestive Enzymes,enzimas,alta,no,
9647272952129,glucosamina-colageno-hidrolizado-cloruro-de-magnesio-1000mg-por-porcion-joint-in-three-de-tibet-natura-apoyo-de-la-funcion-muscular-y-de-las-articulaciones-100-capsulas-vegetales,Glucosamina + Colágeno hidrolizado + Cloruro de Magnesio 1000mg por porción Joint in three de Tibet Natura | Apoyo de la función muscular y de las articulaciones | 100 cápsulas vegetales,Flow Supplements,ACTIVE,articulaciones y cartílago | descuento-15 | duracion 50 | Fortalecimiento de huesos | Indiferente | Recuperación y regeneración muscular | Tibet Natura | vitadeals,,,Colágeno,gid://shopify/TaxonomyCategory/hb-1-9-6-2,Collagen,colageno,alta,no,
9650889425217,glucosamina-condroitina-msm-boswellia-945mg-bioflex-de-bioptimizado-contribuye-en-la-funcion-articular-100-capsulas-vegetales,Glucosamina + Condroitina + MSM + Boswellia 945mg BioFlex de Bioptimizado | Contribuye en la función articular | 100 cápsulas vegetales,Nutrasana,ACTIVE,+18 Años | Adultos | articulaciones y cartílago | Bioptimizado | Condroitina | descuento-20 | duracion 50 | Extracto de boswellia | Fortalecimiento de huesos | glucosamina | huesos y articulaciones | Indiferente | MSM (metilsulfonilmetano) | Piel | Sin azúcar | Sin gluten | Sin lactosa | Vegetariano | vitadeals,,,Articulaciones y huesos,gid://shopify/TaxonomyCategory/hb-1-9-6,Vitamins & Supplements,"ai: Glucosamina, condroitina y MSM para soporte articular",media,si,no
9665222377793,glucosamina-condroitina-1180mg-por-porcion-de-5h8-nutrition-apoyo-para-el-bienestar-de-huesos-y-articulaciones-90-capsulas-vegetales,Glucosamina + Condroitina 1180mg por porción de 5H8 Nutrition | Apoyo para el Bienestar de Huesos y Articulaciones | 90 Cápsulas,5H8 Nutrition,ACTIVE,+18 Años | 5H8 Nutrition | Adultos | Alivio del dolor crónico | articulaciones y cartílago | Condroitina | descuento-15 | duracion 45 | Fortalecimiento de huesos | glucosamina | huesos y articulaciones | Indiferente | MSM (metilsulfonilmetano) | Piel | Sin azúcar | Sin gluten | vitadeals,,,Articulaciones y huesos,gid://shopify/TaxonomyCategory/hb-1-9-6,Vitamins & Supplements,ai: Glucosamina y condroitina para huesos y articulaciones,media,si,no
9639092027713,glucosamina-2000mg-condroitina-1200mg-msm-y-vitamina-d3-join-movement-de-natures-way-fortalecimiento-muscular-y-oseo-480ml-16-servicios,"Glucosamina 2000mg, Condroitina 1200mg, MSM y Vitamina D3 - Join Movement de Nature's Way   | Fortalecimiento Muscular y Óseo | 480ml, 16 servicios",Vitaminate,ACTIVE,+18 Años | Adultos | articulaciones y cartílago | Condroitina | descuento-15 | duracion 30 | Fortalecimiento de huesos | glucosamina | huesos y articulaciones | Indiferente | MSM (metilsulfonilmetano) | Natures Way | Piel | Sin azúcar | Sin gluten | Sin lactosa | Vitamina D3 | Ácido hialurónico,,,Vitamina D y K,gid://shopify/TaxonomyCategory/hb-1-9-6-9-5,Vitamin D,vitamina-VIT_D,alta,no,
10237164388673,glucosamina-bones-de-matter-bienestar-animal-huesos-cartilago-y-articulaciones-polvo-350-g,"Glucosamina BONES de Matter | Bienestar animal, huesos, cartilago y articulaciones | Polvo 350 g",You Matter,ACTIVE,,,,,,,ai:revisar — Producto aparente para uso animal; taxonomía de mascotas no disponible,revisar,si,si
9980895723841,glucosamina-complex-500-mg-natsa-favorece-la-flexibilidad-y-movilidad-articular-100-capsulas,Glucosamina Complex 500 mg NATSA | Favorece la flexibilidad y movilidad articular | 100 cápsulas,Natsa,ACTIVE,duracion 50,,,Articulaciones y huesos,gid://shopify/TaxonomyCategory/hb-1-9-6,Vitamins & Supplements,ai: Complejo de glucosamina para movilidad articular,media,si,no
9651479970113,glucosamina-colageno-condroitina-con-vitaminas-1000mg-por-porcion-natuflex-de-flow-supplements-promueve-la-funcion-articular-los-ligamentos-y-a-nivel-oseo-90-capsulas-vegetales,"Glucosamina, Colágeno, Condroitina con vitaminas 1000mg por porción NATUFLEX de Flow Supplements | Promueve la función articular,  los ligamentos y a nivel óseo | 90 cápsulas vegetales",Flow Supplements,ACTIVE,+18 Años | Adultos | articulaciones y cartílago | Calcio | Cobre | Colágeno Hidrolizado | Complejo Vitamina B | Condroitina | descuento-15 | duracion 45 | Flow Supplement | Fortalecimiento de huesos | glucosamina | Hierro | huesos y articulaciones | Indiferente | Keto | Piel | PRO | Sin azúcar | Sin gluten | vitadeals | Vitamina C | Yodo,,,Colágeno,gid://shopify/TaxonomyCategory/hb-1-9-6-2,Collagen,colageno,alta,no,
9654876143937,glucosamina-condroitina-msm-y-curcuma-1000mg-por-porcion-you-got-the-moves-de-moods-promueve-el-buen-descanso-fortaleciendo-articulaciones-y-huesos-60-capsulas-veganas,"Glucosamina, Condroitina, MSM y cúrcuma 1000mg por porción You Got The Moves de Moods | Promueve el buen descanso, fortaleciendo articulaciones y huesos  | 60 cápsulas veganas",Moods,ACTIVE,+18 Años | Adultos | Alivio del dolor crónico | articulaciones y cartílago | Condroitina | Cúrcuma | duracion 30 | Extracto de boswellia | Fortalecimiento de huesos | glucosamina | huesos y articulaciones | Indiferente | Moods | MSM (metilsulfonilmetano) | Piel | Sin gluten | Sin lactosa | Vegano | vitadeals,,,Articulaciones y huesos,gid://shopify/TaxonomyCategory/hb-1-9-6,Vitamins & Supplements,"ai: Glucosamina, condroitina, MSM y cúrcuma para articulaciones",media,si,no
9999954182465,glucosamine-1100mg-msm-500mg-60-veg-caps,Glucosamine 1100mg & MSM 500mg | Cartílago y Movilidad Articular | 60 Cápsulas,Vitaminate,ACTIVE,duracion 30,,,Articulaciones y huesos,gid://shopify/TaxonomyCategory/hb-1-9-6,Vitamins & Supplements,ai: Glucosamina con MSM para cartílago y movilidad,media,si,no
9996533760321,glutamina-zinc-l-carnosina-gudgut-30-sobres-apoyo-digestivo,Glutamina + Zinc L-Carnosina de GüdGut | Apoyo Digestivo | 30 sobres,GudGut,ACTIVE,duracion 30 | PRO,,,Zinc,gid://shopify/TaxonomyCategory/hb-1-9-6-6-5,Zinc,mineral-ZINC,alta,no,
9803372527937,glutathione-blend-glutation-l-cisteina-l-glutamina-y-l-glicina,Glutathione Blend B Life Glutatión Reducido | Antioxidante | 180 cápsulas,Blife,ACTIVE,duracion 90 | vitadeals,,,Antioxidantes,gid://shopify/TaxonomyCategory/hb-1-9-6-1-2,Single Amino Acid Supplements,"ai: Glutatión reducido, péptido con función antioxidante",media,si,no
9664715587905,glutation-cardo-mariano-acido-alfa-lipoico-850mg-por-porcion-de-5h8-nutrition-longevidad-sistema-inmune-60-capsulas-vegetales,"Glutatión + Cardo Mariano + Ácido Alfa Lipoico 850mg por porción de 5H8 Nutrition | Longevidad, Sistema Inmune | 60 cápsulas",5H8 Nutrition,ACTIVE,+18 Años | 5H8 Nutrition | Adultos | Aminoácidos | Cardo mariano | descuento-15 | duracion 30 | glutation | Indiferente | Longevidad y vitalidad | PRO | Sin azúcar | Sin gluten | Sin lactosa | Sistema inmunitario | Vegetariano | vitadeals | Ácido alfa lipoico (ALA),,,Antioxidantes,gid://shopify/TaxonomyCategory/hb-1-9-6-1-2,Single Amino Acid Supplements,ai: Glutatión principal con cardo mariano y ALA,media,si,no
9623600529729,glutation-500-mg-con-extracto-de-cardo-mariano-y-acido-alfa-lipoico-de-now-foods-30-y-60-capsulas-vegetales,Glutatión 500 mg con Extracto de Cardo Mariano y Ácido Alfa Lipoico de Now Foods | 30 y 60 Cápsulas Vegetales,OLSEGO GROUP,ACTIVE,+18 Años | Adultos | Aminoácidos | Cardo mariano | duracion 30 | glutation | Indiferente | Longevidad y vitalidad | NOW Foods | PRO | Sin azúcar | Sin gluten | Sin lactosa | Sistema inmunitario | Vegano | Vegetariano | vitadeals | Ácido alfa lipoico (ALA),,,Antioxidantes,gid://shopify/TaxonomyCategory/hb-1-9-6-1-2,Single Amino Acid Supplements,"ai: Glutatión como ingrediente protagonista, cofactores secundarios",media,si,no
9803186274625,glutation-aminoacidos-250mg-de-now-foods-desintoxicacion-y-apoyo-de-la-funcion-antioxidante-del-organismo-60-capsulas-veganas,Glutatión Aminoácidos 250mg de Now Foods | Desintoxicación y Apoyo de la función Antioxidante del Organismo | 60 cápsulas veganas,Vitaminate,ACTIVE,descuento-15 | duracion 60,,,Antioxidantes,gid://shopify/TaxonomyCategory/hb-1-9-6-1-2,Single Amino Acid Supplements,ai: Glutatión aminoácido con función antioxidante,media,si,no
9935752429889,glutation-nad-cognizin-eternal-1500-mg-200-capsulas,Glutatión NAD+ Cognizin 1500 mg Eternal Nutrion | Favorece la producción natural de energía celular| 200 cápsulas,Eternal,ACTIVE,duracion 100,,,"Longevidad: NAD+, NMN y resveratrol",gid://shopify/TaxonomyCategory/hb-1-9-6-1-2,Single Amino Acid Supplements,"ai: Glutatión con NAD+ y Cognizin, enfoque energía celular y longevidad",media,si,no
9606655705409,glutation-setria-y-astragin-forever-young-matter-proteccion-antioxidante-y-energia-celular-45-capsulas-vegetales,Glutatión Setria y AstraGin Forever Young  Matter | Protección Antioxidante y Energía Celular | 45 Cápsulas vegetales,You Matter,ACTIVE,10 a 18 Años | Adultos | Aminoácidos | descuento-15 | Desintoxicación | duracion 45 | glutation | Indiferente | Longevidad y vitalidad | Potenciar la energía | Salud femenina | Salud masculina | Sin azúcar | Sin gluten | Vegano | Vegetariano | vitadeals | You Matter,,,Antioxidantes,gid://shopify/TaxonomyCategory/hb-1-9-6-1-2,Single Amino Acid Supplements,"ai: Glutatión Setria, aminopéptido antioxidante en cápsulas",alta,si,no
9604010869057,glutation-cisteina-y-vitamina-c-de-life-extension-promueve-la-fortaleza-del-sistema-inmunologico-100-capsulas-vegetales,"Glutatión, Cisteína y Vitamina C de Life Extension | Promueve la fortaleza del sistema inmunológico  | 100 cápsulas vegetales",Vitaminate,ACTIVE,+18 Años | Adultos | Aminoácidos | duracion 100 | Indiferente | Life Extension | Salud digestiva | Sin azúcar | Sin gluten | Sin lactosa | Sistema inmunitario | vitamina-c,,,Vitamina C,gid://shopify/TaxonomyCategory/hb-1-9-6-9-4,Vitamin C,vitamina-VIT_C,alta,no,
9975681286465,goji-de-natsa-500mg-equilibrio-antioxidante-60-capsulas,Goji de Natsa 500mg | Equilibrio Antioxidante | 60 Cápsulas,Natsa,ACTIVE,,,,Antioxidantes,gid://shopify/TaxonomyCategory/hb-1-9-6-5,Herbal Supplements,ai: Extracto botánico de goji con enfoque antioxidante,alta,si,no
9909688074561,golden-mushroom-de-natural-health-cafe-soluble-con-adaptogenos-y-hongos-funcionales-polvos-300-gr,Golden Mushroom de Natural Health | Café Soluble con Adaptógenos y Hongos Funcionales | Polvos 300 gr,Natural Health,ACTIVE,,,,Hongos funcionales,gid://shopify/TaxonomyCategory/hb-1-9-6-5,Herbal Supplements,ai: Polvo de café con hongos funcionales y adaptógenos,alta,si,no
9692129460545,sello-de-oro-goldenseal-hierba-500mg-de-adapto-heal-promueve-la-funcion-inmune-y-digestiva-150-capsulas-vegetales,Golden Seal Hierba 500mg Adaptoheal | Promueve la función Inmune y Digestiva | 150 Cápsulas Vegetales,AdaptoHeal,ACTIVE,+18 Años | AdaptoHeal | Adultos | Desintoxicación | Golden Seal | Hierbas | Indiferente | Salud digestiva | Sin azúcar | Sin gluten | Sin lactosa | Sistema inmunitario | Sistema respiratorio | Suplementos herbales | Vegano | vitadeals,,,Hierbas y extractos botánicos,gid://shopify/TaxonomyCategory/hb-1-9-6-5,Herbal Supplements,ai: Hierba golden seal (hidrastis) en cápsulas,alta,si,no
9606666617153,gomitas-con-fibra-vitaminas-y-minerales-quelados-diaria-kids-matter-sabor-cereza-natural-bienestar-infantil-diario-60-gomitas,"Gomitas con Fibra, Vitaminas y Minerales Quelados Diaria Kids Matter Sabor Cereza Natural | Bienestar Infantil Diario | 60 Gomitas",You Matter,ACTIVE,3 a 10 Años | descuento-20 | duracion 30 | Indiferente | multivitaminicos-para-ninos | Niños | Potenciar la energía | Salud infantil | Sin azúcar | Sin gluten | Sistema inmunitario | Sueño y descanso | Vegano | vitadeals | Vitaminas | You Matter,,,Fibra y prebióticos,gid://shopify/TaxonomyCategory/hb-1-9-6-4-4,Prebiotics & Fiber,fibra-prebiotico,alta,no,
9999948775745,melatonina-para-dormir-adultos-60-gomitas-mary-ruth-s,Gomitas con Melatonina y L-Teanina de MaryRuth’s | Contribuye al equilibrio del ritmo circadiano | 60 gomitas,Vitaminate,ACTIVE,duracion 30,,,Sueño y relajación,gid://shopify/TaxonomyCategory/hb-1-9-6-12,Sleep Supplements,melatonina,alta,no,
9999947399489,omega-3-vegano-60-gomitas-mary-ruth-s,Gomitas de Omega-3 Vegano de MaryRuth’s | Bienestar Cardiovascular | 60 gomitas,Vitaminate,ACTIVE,duracion 60,,,Omega 3 y aceites de pescado,gid://shopify/TaxonomyCategory/hb-1-9-6-11,Omega Fatty Acids,omega,alta,no,
9664849969473,gomitas-de-vinagre-de-manzana-6g-por-porcion-de-5h8-nutrition-bienestar-digestivo-detoxificacion-control-de-peso-60-gomitas-sabor-manzana,"Gomitas de Vinagre de Manzana 6g por porción de 5H8 Nutrition | Bienestar Digestivo, Detoxificación - Control de peso | 60 gomitas - Sabor Manzana",5H8 Nutrition,ACTIVE,+18 Años | 5H8 Nutrition | Adultos | Control del peso | descuento-10 | Desintoxicación | duracion 30 | Indiferente | inulina-de-agave | Potenciar la energía | prebióticos y enzimas | Probioticos | Recuperación y regeneración muscular | Salud digestiva | Sin azúcar | Sin gluten | Sin lactosa | Vegetariano | Vinagre de manzana | vitadeals,,,Control de peso y metabolismo,gid://shopify/TaxonomyCategory/hb-1-9-7-1,Weight Loss Supplements,ai: Gomitas de vinagre de manzana orientadas a control de peso,media,si,no
9999948185921,vitamina-c-naranja-60-gomitas-mary-ruth-s,"Gomitas Orgánicas Vitamina C de MaryRuth’s | Favorece la producción de colágeno para piel y tejidos| 60 gummies,",Vitaminate,ACTIVE,duracion 20,,,Colágeno,gid://shopify/TaxonomyCategory/hb-1-9-6-2,Collagen,colageno,alta,no,
9999947366721,gomitas-para-dormir-adultos-sin-melatonina-sabor-fresa-60-gomitas-mary-ruth-s,Gomitas para Dormir con L-Teanina y Flor de Manzanilla | Sueño y Descanso |  60 gomitas,Vitaminate,ACTIVE,duracion 30,,,Aminoácidos y BCAA,gid://shopify/TaxonomyCategory/hb-1-9-6-1-2,Single Amino Acid Supplements,aminoacido-individual,alta,no,
9999949168961,gomitas-para-inmunidad-sabor-cereza-90-gomitas-mary-ruth-s,Gomitas para Inmunidad de Mary Ruth´s | 90 gomitas,Vitaminate,ACTIVE,duracion 90,,,Defensas e inmunidad,gid://shopify/TaxonomyCategory/hb-1-9-6,Vitamins & Supplements,"ai: Gomitas formuladas para soporte inmune, sin ingrediente único claro",media,si,no
9999949005121,menopausia-60-gomitas-mary-ruths,Gomitas para menopausia de MaryRuth’s| Contribuye al equilibrio del estado de ánimo | 60 Gomitas,Vitaminate,ACTIVE,duracion 30,,,Bienestar femenino y menopausia,gid://shopify/TaxonomyCategory/hb-1-9-6-5,Herbal Supplements,ai: Gomitas herbales para etapa de menopausia,media,si,no
9999948579137,ayuda-para-dormir-para-ninos-sin-melatonina-60-gomitas-mary-ruth-s,Gomitas para Relajación Nocturna de MaryRuth’s | Bienestar Infantil | 60 gomitas,Vitaminate,ACTIVE,duracion 30,,,Sueño y relajación,gid://shopify/TaxonomyCategory/hb-1-9-6-12,Sleep Supplements,ai: Gomitas de relajación nocturna infantil,alta,si,no
9733209588033,gotas-de-aceite-de-oregano-organico-de-mary-ruths-0-15ml-por-porcion-ayuda-a-combatir-infecciones-y-mejorar-la-funcion-respiratoria-y-digestiva-gotero-de-30ml-200-servicios,Gotas de Aceite De Orégano Orgánico de Mary Ruth's 0.15ml por porción | Ayuda a combatir infecciones y mejorar la función respiratoria y digestiva | Gotero de 30ml - 200 servicios,Vitaminate,ACTIVE,+18 Años | Adultos | descuento-10 | Indiferente | MaryRuth's | Salud digestiva | Sin azúcar | Sin gluten | Sin lactosa | Sistema inmunitario | Sistema respiratorio | Suplementos herbales | Vegano,,,"Ajo, orégano y antimicrobianos naturales",gid://shopify/TaxonomyCategory/hb-1-9-6-5,Herbal Supplements,ai: Gotas ingeribles de aceite de orégano orgánico,alta,si,no
9726701371713,gotas-herbales-organicas-para-rinon-y-vejiga-1ml-de-mary-ruths-favorece-la-eliminacion-natural-de-toxinas-y-el-equilibrio-de-liquidos-en-el-cuerpo-gotero-de-30ml-30-servicios,Gotas Herbales Orgánicas Para Riñón Y Vejiga 1ml de Mary Ruth's | Favorece la eliminación natural de toxinas y el equilibrio de líquidos en el cuerpo | Gotero de 30ml - 30 servicios,Vitaminate,ACTIVE,+18 Años | descuento-10 | Desintoxicación | Indiferente | MaryRuth's | Salud urinaria | Sin azúcar | Sin gluten | Sin lactosa | Suplementos Combinados | Vegano,,,Vías urinarias y renal,gid://shopify/TaxonomyCategory/hb-1-9-6-5,Herbal Supplements,ai: Mezcla herbal en gotas para riñón y vejiga,alta,si,no
9733054136641,gotas-liquidas-de-yodo-de-mary-ruths-apoyo-para-la-funcion-tiroidea-y-regulacion-del-metabolismo-gotero-de-30ml-sin-sabor,Gotas Líquidas de Yodo de Mary Ruth's | Apoyo Metabólico | Gotero de 30ml Sin Sabor,Vitaminate,ACTIVE,+18 Años | Adultos | descuento-10 | duracion 45 | Indiferente | MaryRuth's | Minerales | Potenciar la energía | Salud cognitiva | Sin azúcar | Sin gluten | Sin lactosa | Sistema inmunitario | Vegano,,,Apoyo tiroideo,gid://shopify/TaxonomyCategory/hb-1-9-6-6,Minerals,"ai: Yodo líquido, mineral con apoyo metabólico tiroideo",alta,si,no
9689052905793,gotu-kola-centella-asiatica-500mg-de-adapto-heal-potencia-la-energia-promueve-la-funcion-cognitiva-y-la-memoria-150-capsulas-vegetales,Gotu Kola  Adaptóheal  | Potencia la Energía - Promueve la función Cognitiva y la Memoria | 150 Cápsulas Vegetales,AdaptoHeal,ACTIVE,+18 Años | AdaptoHeal | Adultos | centella-asiatica | Hierbas | Indiferente | Potenciar la energía | Sin azúcar | Sin gluten | Sin lactosa | Suplementos herbales | Vegano | Vegetariano | vitadeals,,,Memoria y concentración,gid://shopify/TaxonomyCategory/hb-1-9-6-5,Herbal Supplements,ai: Centella asiática (gotu kola) enfocada en función cognitiva,media,si,no
9999955067201,graviola-500-mg-100-veg-caps,"Graviola 500 mg NOW Foods  |  Antioxidante, energía y vitalidad diaria | 100 cápsulas veganas",OLSEGO GROUP,ACTIVE,,,,Antioxidantes,gid://shopify/TaxonomyCategory/hb-1-9-6-5,Herbal Supplements,ai: Extracto botánico de graviola con enfoque antioxidante,alta,si,no
9999948677441,gray-guard-liposomal-sabor-vainilla-durazno-15-22-oz-450ml-mary-ruth-s,"Gray Guard Liposomal, MaryRuth’s| Apoya la pigmentación natural del cabello | 450 ml",Vitaminate,ACTIVE,duracion 30,,,"Belleza: cabello, piel y uñas",gid://shopify/TaxonomyCategory/hb-1-9-6,Vitamins & Supplements,ai: Líquido liposomal ingerible para pigmentación del cabello,media,si,no
9909676638529,green-alba-mezcla-de-super-greens-con-lactobacilos-y-enzimas-digestivas-liquido-180-gr,Green Alba de Natural Health | Mezcla de Super Greens con Lactobacilos y Enzimas Digestivas | Polvo 180 gr,Natural Health,ACTIVE,vitadeals,,,Probióticos,gid://shopify/TaxonomyCategory/hb-1-9-6-4-5,Probiotics,probiotico,alta,no,
9990413877569,greens-support-de-nutriadn-apoyo-digestivo-y-antioxidante-polvo-240-g,Greens Support de NutriADN | Apoyo digestivo y antioxidante | Polvo 240 g,NutriADN,ACTIVE,duracion 30 | PRO | vitadeals,,,Superalimentos y verdes,gid://shopify/TaxonomyCategory/hb-1-9-6-5,Herbal Supplements,ai: Polvo de verdes con apoyo digestivo y antioxidante,alta,si,no
9649808802113,grenetina-hidrolizada-glicina-prolina-con-vitamina-c-y-d-15g-de-flow-supplement-fortalece-cabello-piel-y-unas-polvo-con-500g,"Grenetina Hidrolizada Glicina + Prolina con Vitamina C y D 15g de Flow Supplement  | Fortalece Cabello, Piel y Uñas | Polvo con 500g",Flow Supplements,ACTIVE,+18 Años | Adultos | articulaciones y cartílago | Colágeno | Cuidado del cabello | descuento-15 | duracion 33 | Flow Supplement | Fortalecimiento de huesos | huesos y articulaciones | Indiferente | Piel | piel y uñas | vitadeals | Vitamina D3 | vitamina-c,,,Colágeno,gid://shopify/TaxonomyCategory/hb-1-9-6-2,Collagen,ai: Grenetina hidrolizada (colágeno) en polvo con vitamina C,alta,si,no
10090708566337,guanabana-graviola-superlabs-500-mg-contribuye-al-bienestar-general-diario-100-capsulas,Guanábana Graviola Superlabs 500 mg | Contribuye al bienestar general diario | 100 cápsulas,Superlabs,ACTIVE,,,,Hierbas y extractos botánicos,gid://shopify/TaxonomyCategory/hb-1-9-6-5,Herbal Supplements,"ai: Cápsulas de guanábana/graviola, extracto botánico",alta,si,no
9996489228609,gudzen-probioticos-gudgut-capsulas-veganas-30-dosis,GüdZen Probióticos de GüdGut | Conexción Intestino Cerebro| 30 Cápsulas veganas,GudGut,ACTIVE,duracion 30,,,Probióticos,gid://shopify/TaxonomyCategory/hb-1-9-6-4-5,Probiotics,probiotico,alta,no,
10203366064449,test-genetico-gutbiome-envio,GutBiome Test NutriADN microbiota digestiva avanzada,NutriADN,ACTIVE,vitadeals,,,Probióticos,gid://shopify/TaxonomyCategory/hb-1-9-6-4-5,Probiotics,probiotico,alta,no,
9798330548545,healthy-brain-all-day-focus-con-ginkgo-biloba-de-irwin-naturals-mejora-el-rendimiento-mental-y-la-concentracion-60-capsulas-blandas,Healthy Brain All-Day Focus con Ginkgo Biloba de Irwin Naturals | Apoya la memoria y la claridad mental | 60 cápsulas,Vitaminate,ACTIVE,,,,Memoria y concentración,gid://shopify/TaxonomyCategory/hb-1-9-6-5,Herbal Supplements,ai: Ginkgo biloba con enfoque en memoria y claridad mental,alta,si,no
10238554702145,hello-flat-de-matter-bienestar-digestivo-confort-abdominal-60-capsulas,"Hello Flat de Matter | Bienestar digestivo, confort abdominal | 60 cápsulas",You Matter,ACTIVE,,,,Digestivos y confort intestinal,gid://shopify/TaxonomyCategory/hb-1-9-6-4,Digestive Supplements,ai: Cápsulas para confort abdominal y bienestar digestivo,media,si,no
9692150104385,hierba-del-sapo-500mg-de-adapto-heal-apoyo-de-la-funcion-cardiovascular-y-hepatica-150-capsulas-vegetales,Hierba del Sapo SHERB Adaptoheal | Apoyo de la función Cardiovascular y Hepática | 150 Cápsulas Vegetales,AdaptoHeal,ACTIVE,+18 Años | AdaptoHeal | Adultos | Hierba del sapo | Hierbas | Indiferente | Salud digestiva | Sin azúcar | Sin gluten | Sin lactosa | Sistema cardiovascular | Suplementos herbales | Vegano | vitadeals,,,Hierbas y extractos botánicos,gid://shopify/TaxonomyCategory/hb-1-9-6-5,Herbal Supplements,ai: Extracto herbal de hierba del sapo en cápsulas,alta,si,no
9615656288577,hierbas-naturales-jarabe-para-la-tos-para-ninos-de-child-life-apoyo-de-la-funcion-inmunitaria-liquido-de-118-5-ml-sabor-a-bayas-naturales,Hierbas Naturales - Jarabe para la tos para Niños de Child Life | Apoyo de la función Inmunitaria | Líquido de 118.5 ml Sabor a Bayas Naturales,Vitaminate,ACTIVE,3 a 10 Años | Child Life | descuento-10 | Hierbas | Indiferente | Niños | Sin azúcar | Sin gluten | Sin lactosa | Sistema inmunitario | Suplementos herbales | Vegano | Vegetariano,,,Suplementos para niños,gid://shopify/TaxonomyCategory/hb-1-9-6-5,Herbal Supplements,ai: Jarabe herbal infantil para apoyo inmunitario,media,si,no
9618950291777,hierro-bisglicinato-36-mg-de-now-foods-suave-y-sin-estrenimiento-hierro-doble-fuerza-90-capsulas-vegetales,"Hierro Bisglicinato 36 mg de NOW Foods | Suave y Sin Estreñimiento, Hierro Doble Fuerza | 90 Cápsulas Vegetales",OLSEGO GROUP,ACTIVE,+18 Años | Adultos | bisglicinato-de-hierro | descuento-15 | duracion 90 | Indiferente | Minerales | NOW Foods | PRO | Sin azúcar | Sin gluten | Sin lactosa | Sistema cardiovascular | Sistema inmunitario | Vegano | Vegetariano,,,Hierro,gid://shopify/TaxonomyCategory/hb-1-9-6-6-2,Iron,mineral-IRON,alta,no,
9999949300033,hierro-liquido-15-22-fl-oz-450-ml-mary-ruth-s,Hierro Liquido de Mary Ruth´s | Metabolismo Energético | 450 ml,Vitaminate,ACTIVE,duracion 95,,,Hierro,gid://shopify/TaxonomyCategory/hb-1-9-6-6-2,Iron,mineral-IRON,alta,no,
9604587946305,hierro-liquido-para-ninos-de-child-life-impulsa-la-formacion-de-globulos-rojos-y-el-transporte-de-oxigeno-energia-118-ml-sabor-a-bayas-naturales,Hierro Líquido para niños de Child Life | Impulsa la formación de glóbulos rojos y el transporte de oxígeno - Energía | 118 ml sabor a bayas naturales,Vitaminate,ACTIVE,0 a 3 Años | bisglicinato-de-hierro | Child Life | descuento-10 | duracion 30 | Indiferente | Minerales | Niños | Sin azúcar | Sin gluten | Sin lactosa | Sistema inmunitario | Vegano | Vegetariano,Suplemento dietario,,Hierro,gid://shopify/TaxonomyCategory/hb-1-9-6-6-2,Iron,mineral-IRON,alta,no,
9999947301185,hierro-organico-para-ninos-liquido-2-fl-oz-60ml-mary-ruth-s,"Hierro Orgánico Líquido para Niños, MaryRuth’s | Energía y Vitalidad Infantil | 60 ml",Vitaminate,ACTIVE,duracion 60 | vitadeals,,,Hierro,gid://shopify/TaxonomyCategory/hb-1-9-6-6-2,Iron,mineral-IRON,alta,no,
9810244436289,high-potency-d3-k2-complex-de-irwin-naturals-apoyo-oseo-y-cardiovascular-60-capsulas,High Potency D3 & K2 Complex de Irwin Naturals: Apoyo Óseo y Cardiovascular | 60 Cápsulas,OLSEGO GROUP,ACTIVE,duracion 60 | PRO,,,Multivitamínicos,gid://shopify/TaxonomyCategory/hb-1-9-6-7,Multivitamin Supplements,multi-vitamina-VIT_D+VIT_K,alta,no,
9636042309953,hoja-de-balsamo-de-limon-melissa-1500mg-de-natures-way-promueve-la-mejora-del-sueno-y-el-descanso-relajando-cuerpo-y-mente-100-capsulas-veganas,"Hoja de bálsamo de limón Melissa 1500mg de Nature's Way | Promueve la mejora del sueño y el descanso, relajando cuerpo y mente | 100 cápsulas veganas",OLSEGO GROUP,ACTIVE,+18 Años | Adultos | Ansiedad y estrés | descuento-10 | Hierbas | Indiferente | melissa-officinalis | Natures Way | Sin azúcar | Sin gluten | Sin lactosa | Sueño y descanso | Suplementos herbales | Vegano,,,Sueño y relajación,gid://shopify/TaxonomyCategory/hb-1-9-6-12,Sleep Supplements,ai: Melissa officinalis orientada a sueño y relajación,alta,si,no
9980898476353,hoja-de-guanabana-400-mg-natsa-ideal-para-rutinas-de-desintoxicacion-y-equilibrio-100-capsulas,Hoja de Guanábana 400 mg NATSA | Ideal para rutinas de desintoxicación y equilibrio | 100 cápsulas,Natsa,ACTIVE,,,,Hierbas y extractos botánicos,gid://shopify/TaxonomyCategory/hb-1-9-6-5,Herbal Supplements,ai: Extracto de hoja de guanábana en cápsulas,alta,si,no
9722350698817,homocisteina-suprema™-vitaminas-del-complejo-b-de-designs-for-health-apoyo-cardiovascular-y-metabolico-60-capsulas-vegetales,Homocisteína Suprema™ + Vitaminas del Complejo B de Designs for Health | Apoyo Cardiovascular y Metabólico | 60 cápsulas Vegetales,OLSEGO GROUP,ACTIVE,+18 Años | Adultos | Aminoácidos | Designs for health | Desintoxicación | duracion 30 | Indiferente | PRO | Salud cognitiva | Sin azúcar | Sin gluten | Sin lactosa | Sistema cardiovascular | Vegetariano,,,Complejo B y B12,gid://shopify/TaxonomyCategory/hb-1-9-6-9-3,Vitamin B,vitamina-VIT_B,alta,no,
9666283209025,hongo-adaptogeno-chaga-de-landa-adaptogenos-longevidad-apoyo-del-sistema-inmunitario-30ml-alta-biodisponibilidad,Hongo Adaptógeno Chaga de Landa Adaptógenos | Contribuye con la acción antiinflamatoria | 30ml Alta Biodisponibilidad,Landa Adaptógenos,ACTIVE,+18 Años | Adultos | Ansiedad y estrés | chaga | descuento-25 | duracion 30 | Hongos Adaptógenos | Indiferente | Landa Adaptógenos | Longevidad y vitalidad | Salud digestiva | Sin azúcar | Sin gluten | Sin lactosa | Sistema inmunitario | Vegano,,,Hongos funcionales,gid://shopify/TaxonomyCategory/hb-1-9-6-5,Herbal Supplements,ai: Extracto líquido de hongo chaga,alta,si,no
9665179287873,hongo-adaptogeno-melena-de-leon-y-magnesio-400mg-de-5h8-nutrition-funcion-cognitiva-memoria-concentracion-90-capsulas-vegetales,"Hongo Adaptógeno Melena de León y Magnesio 400mg de 5H8 Nutrition | Función Cognitiva, Memoria - Concentración | 90 cápsulas",5H8 Nutrition,ACTIVE,+18 Años | 5H8 Nutrition | Adultos | Ansiedad y estrés | Concentración | descuento-15 | duracion 90 | Hongos Adaptógenos | Indiferente | melena-de-leon | memoria y atención | Sin azúcar | Sin gluten | Sin lactosa | Vegano | vitadeals,,,Magnesio,gid://shopify/TaxonomyCategory/hb-1-9-6-6-3,Magnesium,mineral-MAGNESIUM,alta,no,
9665203667265,hongo-adaptogeno-shilajit-acai-semilla-de-uva-500mg-de-5h8-nutrition-antioxidante-antiinflamatorio-90-capsulas-vegetales,"Hongo Adaptógeno Shilajit, Acaí, Semilla de Uva 500mg de 5H8 Nutrition | Antioxidante, Antiinflamatorio | 90 Cápsulas",5H8 Nutrition,ACTIVE,+18 Años | 5H8 Nutrition | Acai | Adultos | descuento-15 | Desintoxicación | Hongos Adaptógenos | Indiferente | Semillas de uva | shilajit | Sin azúcar | Sin gluten | Sin lactosa | Sistema cardiovascular | Sistema inmunitario | Vegano | vitadeals,,,Antioxidantes,gid://shopify/TaxonomyCategory/hb-1-9-6-5,Herbal Supplements,"ai: Mezcla botánica con shilajit, acaí y semilla de uva antioxidante",media,si,no
9975717462337,hongo-turkey-tail-1000-mg-de-natsa-ayuda-a-combatir-el-estres-oxidativo-sistema-inmune-100-capsulas,"Hongo Cola de Pavo - Turkey Tail 1000 mg de NATSA | Ayuda a combatir el estrés oxidativo, sistema inmune | 100 cápsulas",Natsa,ACTIVE,duracion 50,,,Hongos funcionales,gid://shopify/TaxonomyCategory/hb-1-9-6-5,Herbal Supplements,ai: Hongo cola de pavo en cápsulas,alta,si,no
9666273345857,hongo-cola-de-pavo-de-landa-adaptogenos-apoyo-del-sistema-inmune-bienestar-digestivo-30ml-de-alta-biodisponibilidad,Hongo Cola de pavo de Landa Adaptógenos | Apoyo del Sistema Inmune - Bienestar Digestivo | 30ml de Alta Biodisponibilidad,Landa Adaptógenos,ACTIVE,+18 Años | Adultos | Ansiedad y estrés | cola-de-pavo | descuento-25 | duracion 30 | Hongos Adaptógenos | Indiferente | Landa Adaptógenos | Potenciar la energía | Sin azúcar | Sin gluten | Sin lactosa | Sistema cardiovascular | Sistema inmunitario | Vegano,,,Hongos funcionales,gid://shopify/TaxonomyCategory/hb-1-9-6-5,Herbal Supplements,ai: Extracto líquido de hongo cola de pavo,alta,si,no
10030806139201,hongo-cordyceps-de-landa-adaptogenos-100-g,Hongo Cordyceps de Landa Adaptogenos | Contribuye al equilibrio metabólico y respiratorio | Polvo 100 g,Landa Adaptógenos,ACTIVE,,,,Hongos funcionales,gid://shopify/TaxonomyCategory/hb-1-9-6-5,Herbal Supplements,ai: Polvo de hongo cordyceps,alta,si,no
9666092269889,hongo-cordyceps-de-landa-adaptogeno-apoyo-de-la-funcion-respiratoria-inmunologica-30ml-de-alta-biodisponibilidad,"Hongo Cordyceps de Landa Adaptógenos | Estimula la oxigenación celular, apoya el sistema inmune | 30ml de Alta Biodisponibilidad",Landa Adaptógenos,ACTIVE,+18 Años | Adultos | cordyceps | descuento-25 | duracion 30 | Hongos Adaptógenos | Indiferente | Landa Adaptógenos | Potenciar la energía | Sin azúcar | Sin gluten | Sin lactosa | Sistema inmunitario | Sistema respiratorio | Vegano,,,Hongos funcionales,gid://shopify/TaxonomyCategory/hb-1-9-6-5,Herbal Supplements,ai: Extracto líquido de cordyceps,alta,si,no
10030794572097,hongo-maitake-extracto-organico-de-grifola-frondosa-de-landa-contribuye-al-equilibrio-metabolico-y-antioxidante-100-g,"Hongo Maitake,  extracto orgánico de Grifola frondosa de Landa | Contribuye al equilibrio metabólico y antioxidante | 100 g",Landa Adaptógenos,ACTIVE,,,,Hongos funcionales,gid://shopify/TaxonomyCategory/hb-1-9-6-5,Herbal Supplements,ai: Extracto en polvo de hongo maitake,alta,si,no
9621436694849,hongo-melena-de-leon-500-mg-de-swanson-promueve-la-funcion-cognitiva-la-concentracion-y-la-memoria-60-capsulas-vegetales,"Hongo Melena de León 500 mg de Swanson | Promueve la función cognitiva, la concentración y la memoria | 60 cápsulas vegetales",Superlabs,ACTIVE,+18 Años | Adultos | Concentración | descuento-10 | duracion 30 | Hongos Adaptógenos | Indiferente | melena-de-leon | memoria y atención | Salud cognitiva | Sin azúcar | Sin gluten | Sin lactosa | Swanson | Vegetariano | vitadeals,,,Hongos funcionales,gid://shopify/TaxonomyCategory/hb-1-9-6-5,Herbal Supplements,"ai: Melena de león en cápsulas, apoyo cognitivo",alta,si,no
9639805681985,hongo-melena-de-leon-700mg-ruge-de-wu-nutrition-promueve-la-funcion-del-sistema-nervioso-a-nivel-cognitivo-y-memoria-120-capsulas-vegetales,"Hongo Melena de León 700mg - Ruge de Wu Nutrition | Promueve la función del sistema nervioso,  a nivel cognitivo y memoria | 120 cápsulas vegetales",WU Nutrition,ACTIVE,Ansiedad y estrés | duracion 60 | Indiferente | Salud cognitiva | Salud digestiva | Sistema inmunitario | WU Nutrition,,,Hongos funcionales,gid://shopify/TaxonomyCategory/hb-1-9-6-5,Herbal Supplements,ai: Melena de león en cápsulas,alta,si,no
9666084274497,hongo-melena-de-leon-de-landa-adaptogenos-apoyo-cognitivo-memoria-y-concentracion-30ml-de-alta-biodisponibilidad,Hongo Melena de León de Landa Adaptógenos | Apoyo Cognitivo - Memoria y Concentración | 30ml de Alta Biodisponibilidad,Landa Adaptógenos,ACTIVE,+18 Años | Adultos | Ansiedad y estrés | descuento-25 | duracion 30 | Hongos Adaptógenos | Indiferente | Landa Adaptógenos | melena-de-leon | Sin azúcar | Sin gluten | Sin lactosa | Sistema inmunitario | Vegano,,,Hongos funcionales,gid://shopify/TaxonomyCategory/hb-1-9-6-5,Herbal Supplements,ai: Extracto líquido de melena de león,alta,si,no
10030814593345,hongo-melena-de-leon-extracto-organico-de-hericium-erinaceus-de-landa-apoya-la-memoria-y-el-enfoque-cognitivo-polvo-100-g,"Hongo Melena de León, extracto orgánico de Hericium erinaceus de Landa | Apoya la memoria y el enfoque cognitivo | Polvo 100 g",Landa Adaptógenos,ACTIVE,,,,Hongos funcionales,gid://shopify/TaxonomyCategory/hb-1-9-6-5,Herbal Supplements,ai: Polvo de extracto de Hericium erinaceus,alta,si,no
9799380861249,hongo-reishi-1000mg-por-porcion-de-natures-answer-fortalece-el-sistema-inmunologico-antioxidante-natural-60-capsulas-veganas,Hongo Reishi 1000mg por porción de Nature's Answer | Fortalece el Sistema Inmunológico - Antioxidante Natural | 60 cápsulas veganas,Vitaminate,ACTIVE,descuento-10 | duracion 15,,,Hongos funcionales,gid://shopify/TaxonomyCategory/hb-1-9-6-5,Herbal Supplements,ai: Hongo reishi en cápsulas,alta,si,no
9975769399617,hongo-reishi-500-mg-de-natsa-aporta-antioxidantes-naturales-al-organismo-equilibrio-fisico-y-emocional-100-capsulas,"Hongo Reishi 500 mg de NATSA | Aporta antioxidantes naturales al organismo, equilibrio físico y emocional | 100 cápsulas",Natsa,ACTIVE,duracion 50,,,Hongos funcionales,gid://shopify/TaxonomyCategory/hb-1-9-6-5,Herbal Supplements,ai: Hongo reishi en cápsulas,alta,si,no
9666268102977,hongo-reishi-de-landa-adaptogenos-apoyo-para-el-estres-sueno-y-descanso-30ml-de-alta-biodisponibilidad,"Hongo Reishi de Landa Adaptógenos  | Apoyo para el Estrés, Sueño y Descanso | 30ml de Alta Biodisponibilidad",Landa Adaptógenos,ACTIVE,+18 Años | Adultos | Ansiedad y estrés | descuento-25 | duracion 30 | Hongos Adaptógenos | Indiferente | Landa Adaptógenos | reishi | Sin azúcar | Sin gluten | Sin lactosa | Sistema cardiovascular | Sistema inmunitario | Sueño y descanso | Vegano,,,Hongos funcionales,gid://shopify/TaxonomyCategory/hb-1-9-6-5,Herbal Supplements,ai: Extracto líquido de reishi,alta,si,no
10030818459969,hongo-reishi-extracto-organico-de-ganoderma-lucidum-de-landa-promueve-un-sueno-profundo-y-reparador-polvo-100-g,"Hongo Reishi, extracto orgánico de Ganoderma lucidum de Landa | Promueve un sueño profundo y reparador | Polvo 100 g",Landa Adaptógenos,ACTIVE,,,,Hongos funcionales,gid://shopify/TaxonomyCategory/hb-1-9-6-5,Herbal Supplements,ai: Polvo de extracto de Ganoderma lucidum,alta,si,no
9975756357953,hongo-shiitake-500-mg-de-natsa-contribuye-al-equilibrio-y-energia-del-cuerpo-sistema-inmune-100-capsulas,"Hongo Shiitake 500 mg de NATSA | Contribuye al equilibrio y energía del cuerpo, sistema inmune | 100 cápsulas",Natsa,ACTIVE,duracion 50,,,Hongos funcionales,gid://shopify/TaxonomyCategory/hb-1-9-6-5,Herbal Supplements,ai: Hongo shiitake en cápsulas,alta,si,no
10030765932865,hongo-shiitake-extracto-organico-de-lentinula-edodes-de-landa-adaptogenos-favorece-la-energia-y-la-vitalidad-diaria-sistema-inmune-polvo-100-g,"Hongo Shiitake, extracto orgánico de Lentinula edodes de Landa Adaptogenos | Favorece la energía y la vitalidad diaria, sistema inmune | Polvo 100 g",Landa Adaptógenos,ACTIVE,,,,Hongos funcionales,gid://shopify/TaxonomyCategory/hb-1-9-6-5,Herbal Supplements,ai: Extracto de hongo shiitake en polvo,alta,si,no
9625153798465,hongos-con-biomasa-micelial-y-extracto-de-astragalo-3-5-oz-99-g-de-now-foods-polvo-inmuno-renovador-vegano-apoyo-para-el-sistema-inmunologico,"Hongos con Biomasa Micelial y Extracto de Astrágalo, 3.5 oz (99 g) de NOW Foods - Polvo Inmuno Renovador Vegano | Apoyo para el Sistema Inmunólogico",OLSEGO GROUP,ACTIVE,+18 Años | Adultos | Ansiedad y estrés | Astrágalo | Combinado de hongos adaptógenos | cordyceps | Diente de león | duracion 30 | Hongos Adaptógenos | Indiferente | Maitake | NOW Foods | Potenciar la energía | Reishi | Sin azúcar | Sin gluten | Sin lactosa | Sistema inmunitario | Sueño y descanso | Vegetariano,,,Hongos funcionales,gid://shopify/TaxonomyCategory/hb-1-9-6-5,Herbal Supplements,ai: Mezcla de hongos con astrágalo en polvo,alta,si,no
9647524151617,icelandic-krill-oil-aceite-de-krill-1000-mg-de-epa-y-dha,Icelandic Krill Oil | B-Life | Aceite de Krill EPA y DHA | Apoyo Cardiovascular | 150 cápsulas,Blife,ACTIVE,+18 Años | Adultos | B-Life | DHA | duracion 150 | EPA | Indiferente | omega-3 | PRO | Sin azúcar | Sin gluten | Sin lactosa | Sistema cardiovascular | vitadeals | Ácidos grasos y omegas,,,Omega 3 y aceites de pescado,gid://shopify/TaxonomyCategory/hb-1-9-6-11,Omega Fatty Acids,omega,alta,no,
9932476416321,ig-forte-calostro-de-bovino-l-glutamina-refuerza-defensas-y-salud-digestiva-120-capsulas,IG-Forte de Matter | Calostro de Bovino & L-Glutamina  | Refuerza las Defensas y apoya el bienestar Digestivo  | Polvos 275 gr,You Matter,ACTIVE,PRO,,,Aminoácidos y BCAA,gid://shopify/TaxonomyCategory/hb-1-9-6-1-2,Single Amino Acid Supplements,aminoacido-individual,alta,no,
9612865700161,immune-defense™-suplemento-alimentario-salud-inmunitaria,Immune Defense™ de Enzymedica | Refuerza la función del sistema inmune | 90 cápsulas,OLSEGO GROUP,ACTIVE,duracion 90 | Potenciar la energía | Sistema inmunitario | Sistema respiratorio,,,Defensas e inmunidad,gid://shopify/TaxonomyCategory/hb-1-9-6-5,Herbal Supplements,ai: Fórmula botánica de apoyo inmune en cápsulas,media,si,no
9999953396033,immune-renew™-apoyo-al-sistema-inmune-200mg-90-veg-caps,Immune Renew de Now | Refuerzo Inmune Natural  | 90 Cápsulas,Vitaminate,ACTIVE,duracion 45,,,Hongos funcionales,gid://shopify/TaxonomyCategory/hb-1-9-6-5,Herbal Supplements,ai: Immune Renew: hongos y astrágalo para inmunidad,media,si,no
9999949463873,gomitas-para-el-sistema-inmunologico-sin-azucar-90-gomitas-mary-ruth-s,Immunity Gummies sin azúcar de MaryRuth’s | Favorecen la producción natural de defensas | 90 gomitas,Vitaminate,ACTIVE,duracion 90,,,Defensas e inmunidad,gid://shopify/TaxonomyCategory/hb-1-9-6-7,Multivitamin Supplements,ai: Gomitas multivitamínicas de apoyo inmune,media,si,no
9999953428801,indol-3-carbinol-i3c-200-mg-60-veg-caps,Indole-3-Carbinol I3C de Now| Equilibrio Metabólico | 60 Cápsulas,Vitaminate,ACTIVE,,,,Hierbas y extractos botánicos,gid://shopify/TaxonomyCategory/hb-1-9-6-5,Herbal Supplements,"ai: Indol-3-carbinol, compuesto de crucíferas",media,si,no
10237087842625,inositol-ala-glumix-de-matter-apoya-el-metabolismo-menos-fatiga-post-comida-90-capsulas,"Inositol + ALA Glumix de Matter | Apoya el metabolismo, menos fatiga post comida | 90 cápsulas",You Matter,ACTIVE,,,,Inositol,gid://shopify/TaxonomyCategory/hb-1-9-6,Vitamins & Supplements,ai: Inositol principal con ALA como cofactor metabólico,alta,si,no
9640297365825,nac-n-acetil-cisteina-myo-inositol-y-d-chiro-inositol-5g-de-nutriadn-ayuda-a-mejorar-la-resistencia-a-la-insulina-regularizar-ciclo-menstrual-y-disminuir-sintomas-de-ovario-poliquistico-polvo-de-300g-60-porciones,"Inositol + Myo y D-Chiro + NAC NutriADN  | Apoyo para SOP y Resistencia a la Insulina | 600g, 60 Porciones",NutriADN,ACTIVE,+18 Años | Adultos | duracion 30 | Mujer | myo-inositol | N-acetilcisteína (NAC) | NutriADN | PRO | Salud femenina | Sin azúcar | Sin gluten | Sin lactosa | Vegano | Vegetariano | vitadeals | Vitaminas,,,Inositol,gid://shopify/TaxonomyCategory/hb-1-9-6,Vitamins & Supplements,"ai: Myo y D-chiro inositol en polvo, NAC secundario",alta,no,no
10132861157697,inositol-40-1-nad-enhanced-longevity-molecules-de-eternal-polvo-520-g,"Inositol 40:1, NAD+ Enhanced, Longevity Molecules de Eternal | Contribuye al metabolismo normal | Polvo, 520 g",Eternal,ACTIVE,,,,Inositol,gid://shopify/TaxonomyCategory/hb-1-9-6,Vitamins & Supplements,"ai: Inositol 40:1 es base del polvo, NAD+ complemento",media,si,no
9635102327105,inositol-500-mg-de-natures-way-contribuye-a-aliviar-el-estres-y-la-ansiedad-100-capsulas-veganas,Inositol 500 mg de Nature's Way  | Contribuye a aliviar el estrés y la ansiedad | 100 cápsulas veganas,Vitaminate,ACTIVE,+18 Años | Adultos | Ansiedad y estrés | descuento-10 | duracion 50 | Indiferente | inositol | Natures Way | Salud cognitiva | Sin azúcar | Sin gluten | Sin lactosa | Vegano | Vegetariano | Vitaminas,,,Inositol,gid://shopify/TaxonomyCategory/hb-1-9-6,Vitamins & Supplements,ai: Inositol 500 mg único ingrediente,alta,si,no
9623705420097,inositol-500-mg-para-el-apoyo-la-funcion-celular-de-now-foods-capsulas-vegetales-100-unidades,"Inositol 500 mg para el Apoyo la Función  Celular de Now Foods | Cápsulas Vegetales, 100 Unidades",Vitaminate,ACTIVE,+18 Años | Adultos | Ansiedad y estrés | descuento-25 | duracion 100 | Indiferente | inositol | NOW Foods | Potenciar la energía | Sin azúcar | Sin gluten | Sin lactosa | Sistema cardiovascular | Vegano | Vegetariano | Vitaminas,,,Inositol,gid://shopify/TaxonomyCategory/hb-1-9-6,Vitamins & Supplements,ai: Inositol 500 mg único ingrediente,alta,si,no
10091699208513,inositol-500-mg-superlabs-capsulas-vitamina-b8-bienestar,Inositol 500 mg Superlabs | Favorece el equilibrio general del organismo | 100 cápsulas,Superlabs,ACTIVE,,,,Inositol,gid://shopify/TaxonomyCategory/hb-1-9-6,Vitamins & Supplements,ai: Inositol 500 mg en cápsulas,alta,si,no
9771670536513,inositol-500mg-de-solaray-regulacion-de-la-ansiedad-bienestar-hormonal-funcion-cognitiva-promueve-la-calma-100-capsulas-veganas,"Inositol 500mg de Solaray | Regulación de la ansiedad, Bienestar hormonal, Función cognitiva, Promueve la calma | 100 cápsulas veganas",Fresh Vitamins,ACTIVE,descuento-10 | duracion 100,,,Inositol,gid://shopify/TaxonomyCategory/hb-1-9-6,Vitamins & Supplements,ai: Inositol 500 mg único ingrediente,alta,si,no
9619280724289,inositol-650mg-de-swanson-promueve-la-funcion-cerebral-y-cognitiva-apoyando-al-equilibrio-emocional-100-capsulas-vegetales,"Inositol 650mg de Swanson | Promueve la función Cerebral y Cognitiva, apoyando al equilibrio emocional | 100 cápsulas vegetales",Vitaminate,ACTIVE,+18 Años | Adultos | Ansiedad y estrés | duracion 100 | Indiferente | inositol | Salud cognitiva | Sin azúcar | Sin gluten | Sin lactosa | Swanson | Vegetariano | Vitaminas,,,Inositol,gid://shopify/TaxonomyCategory/hb-1-9-6,Vitamins & Supplements,ai: Inositol 650 mg único ingrediente,alta,si,no
10240843874625,inositol-b-fit-myo-d-chiro-apoyo-hormonal-femenino-150g,Inositol B-fit Myo & D-Chiro | Apoyo Hormonal Femenino | 369g,B FIT,ACTIVE,PRO | vitadeals,,,Inositol,gid://shopify/TaxonomyCategory/hb-1-9-6,Vitamins & Supplements,ai: Myo y D-chiro inositol en polvo,alta,si,no
9796706140481,inositol-de-best-naturals-apoyo-celular-y-nervioso-1000-mg-120-tabletas,"Inositol de Best Naturals | Soporte Celular, Nervioso y Equilibrio Mental | 1000 mg 120 Tabletas",Vitaminate,ACTIVE,descuento-10 | duracion 60,,,Inositol,gid://shopify/TaxonomyCategory/hb-1-9-6,Vitamins & Supplements,ai: Inositol 1000 mg en tabletas,alta,si,no
9644614844737,inositol-en-polvo-700mg-de-designs-for-health-apoyo-para-el-buen-sueno-y-descanso-sistema-nervioso-250g-apto-veganos,Inositol en polvo 700mg de Designs for Health | Apoyo para el Buen Sueño y Descanso - Sistema Nervioso | 250g Apto Veganos,Vitaminate,ACTIVE,Ansiedad y estrés | Designs for health | duracion 345 | Indiferente | Potenciar la energía | Sistema cardiovascular,,,Inositol,gid://shopify/TaxonomyCategory/hb-1-9-6,Vitamins & Supplements,ai: Inositol en polvo como único ingrediente,alta,si,no
9623707353409,inositol-en-polvo-730-mg-de-now-foods-mantenimiento-de-la-funcion-celular-y-el-equilibrio-de-calcio-dentro-de-las-celulas-227-g,Inositol en Polvo 730 mg de Now Foods | Mantenimiento de la función celular y el equilibrio de calcio dentro de las células | 227 g,Vitaminate,ACTIVE,+18 Años | Adultos | Ansiedad y estrés | duracion 331 | Indiferente | inositol | Keto | NOW Foods | Potenciar la energía | Sin azúcar | Sin gluten | Sin lactosa | Sistema cardiovascular | Vegano | Vegetariano | Vitaminas,,,Inositol,gid://shopify/TaxonomyCategory/hb-1-9-6,Vitamins & Supplements,ai: Inositol en polvo único ingrediente,alta,no,no
10129051877697,balance-inositol-berries-de-b-fit-450-g,Inositol Femme de B Fit | Myo y D Chiro Inositol con N-acetilcisteína (NAC) y Quatrefolic® | 150 g,B FIT,ACTIVE,PRO | vitadeals,,,Inositol,gid://shopify/TaxonomyCategory/hb-1-9-6,Vitamins & Supplements,ai: Myo y D-chiro inositol con NAC y folato,alta,no,no
9606654722369,inositol-vitaminas-y-minerales-diaria-matter-fem-890-mg-bienestar-femenino-diario-60-capsulas-vegetales,"Inositol, Vitaminas y Minerales Diaria Matter Fem 890 mg | Bienestar Femenino Diario | 60 Cápsulas vegetales",You Matter,ACTIVE,+18 Años | Adultos | Ansiedad y estrés | descuento-20 | duracion 60 | Mujer | multivitaminicos-para-mujer | Potenciar la energía | PRO | Salud femenina | Sin azúcar | Sin gluten | Sistema inmunitario | Vegano | Vitaminas | You Matter,,,Multivitamínicos,gid://shopify/TaxonomyCategory/hb-1-9-6-7,Multivitamin Supplements,ai: Fórmula diaria femenina con múltiples vitaminas y minerales,media,si,no
10240824770881,intimelle-b-fit-probioticos-femeninos-bienestar-intimo-y-digestivo-60-capsulas,Intimelle B-fit Probióticos Femeninos | Bienestar Íntimo y Digestivo | 60 cápsulas,B FIT,ACTIVE,vitadeals,,,Probióticos,gid://shopify/TaxonomyCategory/hb-1-9-6-4-5,Probiotics,probiotico,alta,no,
9625371869505,inulina-organica-certificada-en-polvo-prebiotico-227g-de-now-foods-apoyo-intestinal-y-bajo-indice-glucemico,"Inulina Orgánica Certificada en Polvo, Prebiótico de NOW Foods | Apoyo Intestinal y Bajo Índice Glucémico | Polvos 227g",Vitaminate,ACTIVE,+18 Años | Adultos | descuento-15 | duracion 27 | Indiferente | inulina-de-agave | NOW Foods | prebióticos y enzimas | Probioticos | Salud digestiva | Sin azúcar | Sin gluten | Sin lactosa | Sistema inmunitario | Vegetariano,,,Fibra y prebióticos,gid://shopify/TaxonomyCategory/hb-1-9-6-4-4,Prebiotics & Fiber,fibra-prebiotico,alta,no,
9640369946945,iron-support-con-vitamina-c-600mg-de-nutriadn-para-una-mejor-absorcion-del-hierro-90-capsulas-vegetales,Iron Plus con Vitamina C 50mg de NutriADN | Refuerza el sistema inmunológico | 120 cápsulas vegetales,NutriADN,ACTIVE,+18 Años | Adultos | duracion 90 | Hierro | Indiferente | NutriADN | Potenciar la energía | PRO | Sin azúcar | Sin gluten | Sin lactosa | Vegano | Vegetariano | vitadeals | vitamina-c | Vitaminas,,,Hierro,gid://shopify/TaxonomyCategory/hb-1-9-6-6-2,Iron,ai: Hierro con vitamina C como cofactor de absorción,alta,si,no
9931691295041,so100-dymatize-aislado-de-proteina-para-recuperacion-2-3-kg,ISO100 Dymatize | Whey Protein | Aislado de proteína de suero para recuperación Muscular | 2.3 kg,Edgar Suplementos deportivos,ACTIVE,duracion 70 | PRO,,,Proteínas en polvo y barras,gid://shopify/TaxonomyCategory/hb-1-9-6-8,Protein Supplements,proteina,alta,no,
10240606142785,isoflavonas-45-femme-de-b-fit-equilibrio-femenino-apoya-etapa-de-menopausia-60-capsulas,"Isoflavonas 45+ Femme de B-fit  | Equilibrio femenino, apoya etapa de menopausia  | 60 cápsulas",B FIT,ACTIVE,vitadeals,,,Bienestar femenino y menopausia,gid://shopify/TaxonomyCategory/hb-1-9-6-5,Herbal Supplements,ai: Isoflavonas para etapa de menopausia,alta,si,no
10049480229185,isoflavonas-de-soja-salvia-valeriana-y-azafran-menomaster-de-ivb-60-capsulas,"Isoflavonas de soja, salvia, valeriana y azafrán | Menomaster de IVB | 60 Cápsulas",OLSEGO GROUP,ACTIVE,PRO,,,Bienestar femenino y menopausia,gid://shopify/TaxonomyCategory/hb-1-9-6-5,Herbal Supplements,ai: Isoflavonas de soja con hierbas para menopausia,alta,si,no
9980899393857,jengibre-400-mg-natsa-aporta-compuestos-antioxidantes-naturales-100-capsulas,Jengibre 400 mg NATSA | Aporta compuestos antioxidantes naturales | 100 cápsulas,Natsa,ACTIVE,,,,Hierbas y extractos botánicos,gid://shopify/TaxonomyCategory/hb-1-9-6-5,Herbal Supplements,"ai: Jengibre en cápsulas, extracto botánico",alta,si,no
9999948448065,gripe-water-nocturna-organica-liquida-4-fl-oz-120-ml-mary-ruths,"Jengibre, hinojo, toronjil y manzanilla de MaryRuth’s| Relajación nocturna | 120 ml",Vitaminate,ACTIVE,,,,Digestivos y confort intestinal,gid://shopify/TaxonomyCategory/hb-1-9-6-5,Herbal Supplements,ai: Mezcla herbal líquida digestiva y relajante,media,si,no
9662923407681,joint-blend-b-life-glucosamina-condroitina-msm-articulaciones-200-capsulas,Joint Blend B Life Glucosamina Condroitina MSM | Soporte Articular | 200 cápsulas,Blife,ACTIVE,+18 Años | Adultos | Alivio del dolor crónico | articulaciones y cartílago | B-Life | Condroitina | descuento-15 | duracion 100 | Fortalecimiento de huesos | glucosamina | huesos y articulaciones | Indiferente | MSM (metilsulfonilmetano) | Piel | PRO | Recuperación y regeneración muscular | Sin azúcar | Sin gluten | Sin lactosa | vitadeals,,,Articulaciones y huesos,gid://shopify/TaxonomyCategory/hb-1-9-6,Vitamins & Supplements,"ai: Glucosamina, condroitina y MSM para soporte articular",alta,si,no
9999954215233,joint-support™-capsulas-de-apoyo-articular-90-caps,Joint Support de NOW Foods | Apoya la movilidad y flexibilidad articular | 90 cápsulas,Vitaminate,ACTIVE,duracion 22,,,Articulaciones y huesos,gid://shopify/TaxonomyCategory/hb-1-9-6,Vitamins & Supplements,ai: Fórmula de apoyo articular,alta,si,no
10129051746625,just-inositol-de-b-fit-myo-d-chiro-inositol-40-1-220-capsulas,Just inositol de B Fit |  Myo & D chiro Inositol 40:1 Caronositol® | 220 Cápsulas,B FIT,ACTIVE,PRO | vitadeals,,,Inositol,gid://shopify/TaxonomyCategory/hb-1-9-6,Vitamins & Supplements,ai: Myo y D-chiro inositol 40:1 en cápsulas,alta,si,no
9797493883201,k2-d3-aceite-mct-600mg-de-entera-pharma-soporte-nutricional-practico-en-el-mantenimiento-de-huesos-funcion-muscular-y-bienestar-general-180-capsulas-vegetarianas,"K2+D3 + Aceite MCT 600mg de Entera Pharma | Soporte nutricional práctico en el mantenimiento de huesos, función muscular y bienestar general | 180 cápsulas vegetarianas",Entera,ACTIVE,duracion 180 | PRO,,,Multivitamínicos,gid://shopify/TaxonomyCategory/hb-1-9-6-7,Multivitamin Supplements,multi-vitamina-VIT_D+VIT_K,alta,no,
9999952740673,limpieza-de-rinones-90-veg-caps,Kidney Cleanse de Now | Bienestar renal y detoxificación | 90 cápsulas,Vitaminate,ACTIVE,,,,Vías urinarias y renal,gid://shopify/TaxonomyCategory/hb-1-9-6-5,Herbal Supplements,ai: Mezcla herbal para bienestar renal,media,si,no
10236795879745,kyu10-ubiquinol-coq10-matter-energia-celular-60-capsulas,Kyu10 Ubiquinol CoQ10 Matter | Energía Celular | 60 cápsulas,You Matter,ACTIVE,,,,CoQ10 y energía celular,gid://shopify/TaxonomyCategory/hb-1-9-6-9-1,CoQ10,coq10,alta,no,
9604882301249,l-treonato-de-magnesio-144mg-neuro-mag-de-life-extension-apoya-la-funcion-neurologica-contribuyendo-a-la-memoria-y-el-aprendizaje-90-capsulas-vegetarianas,"L- Treonato de Magnesio 144mg Neuro-Mag - de Life Extension | Apoya la función neurológica, contribuyendo a la memoria y el aprendizaje | 90 cápsulas vegetarianas",OLSEGO GROUP,ACTIVE,+18 Años | Adultos | duracion 30 | Indiferente | Life Extension | Minerales | Potenciar la energía | PRO | Recuperación y regeneración muscular | Sin azúcar | Sin gluten | Sin lactosa | treonato-de-magnesio | Vegano | Vegetariano | vitadeals,,,Magnesio,gid://shopify/TaxonomyCategory/hb-1-9-6-6-3,Magnesium,mineral-MAGNESIUM,alta,no,
9644616679745,l-5-mthf-5-metiltetrahidrofolato-1700mcg-de-designs-for-health-apoyo-para-el-desarrollo-fetal-cardiovascular-y-mental-120-capsulas-vegetales,L-5-MTHF (5-Metiltetrahidrofolato) 1700mcg de Designs for Health | Apoyo para el Desarrollo Fetal - Cardiovascular y Mental | 120 Cápsulas Vegetales,Vitaminate,ACTIVE,+18 Años | Adultos | Designs for health | duracion 60 | Indiferente | Sin azúcar | Sin gluten | Sin lactosa | Sistema cardiovascular | Vegano | Vegetariano | Vitamina B9 (Ácido fólico) | vitamina-b-9 | Vitaminas,,,Complejo B y B12,gid://shopify/TaxonomyCategory/hb-1-9-6-9-3,Vitamin B,"ai: Folato metilado, vitamina B9",alta,si,no
9623540465985,l-arginina-1000-mg-de-now-foods-contribuye-en-la-recuperacion-muscular-120-tabletas,L-Arginina 1000 mg de Now Foods | Contribuye en la recuperación muscular | 120 Tabletas,Vitaminate,ACTIVE,+18 Años | Adultos | Aminoácidos | duracion 120 | Indiferente | Keto | l-arginina | NOW Foods | Potenciar la energía | PRO | Recuperación y regeneración muscular | Sin azúcar | Sin gluten | Sin lactosa | Sistema cardiovascular | Sistema inmunitario | Vegano | Vegetariano,,,Aminoácidos y BCAA,gid://shopify/TaxonomyCategory/hb-1-9-6-1-2,Single Amino Acid Supplements,aminoacido-individual,alta,no,
9764508238145,l-arginina-1000mg-de-kal-apoya-la-circulacion-de-flujo-sanguineo-la-salud-cardiovascular-y-el-desempeno-deportivo-60-tabletas,"L-Arginina 1000mg de KAL | Apoya la circulación de flujo sanguíneo, la función cardiovascular y el desempeño deportivo | 60 Tabletas",Fresh Vitamins,ACTIVE,descuento-10 | duracion 60,,,Aminoácidos y BCAA,gid://shopify/TaxonomyCategory/hb-1-9-6-1-2,Single Amino Acid Supplements,aminoacido-individual,alta,no,
9794150039873,l-arginina-2250mg-citrulina-750mg-betabel-organico-de-michael-s-health-promueve-una-mejor-circulacion-y-rendimiento-fisico-45-tabletas-veganas,"L-Arginina 2250mg, Citrulina 750mg & Betabel Orgánico de Michael´s Health | Promueve una mejor circulación y rendimiento físico | 45 tabletas veganas",Vitaminate,ACTIVE,descuento-10 | duracion 45 | PRO,,,Aminoácidos y BCAA,gid://shopify/TaxonomyCategory/hb-1-9-6-1-2,Single Amino Acid Supplements,aminoacido-individual,alta,no,
9619214205249,l-arginina-500-mg-de-swanson-apoyo-cardiovascular-y-del-sistema-inmunologico-100-capsulas-vegetales,L-Arginina 500 mg de Swanson | Apoyo Cardiovascular y del Sistema Inmunológico | 100 cápsulas vegetales,Vitaminate,ACTIVE,+18 Años | Adultos | Aminoácidos | descuento-20 | duracion 50 | Indiferente | l-arginina | Potenciar la energía | Recuperación y regeneración muscular | Sin azúcar | Sin gluten | Sin lactosa | Sistema cardiovascular | Swanson | Vegano | Vegetariano,,,Aminoácidos y BCAA,gid://shopify/TaxonomyCategory/hb-1-9-6-1-2,Single Amino Acid Supplements,aminoacido-individual,alta,no,
9625146982721,l-arginina-850-mg-de-swanson-apoyo-cardiovascular-y-del-sistema-inmunologico-que-proporciona-energia-y-resistencia-100-capsulas-vegetales,L-Arginina 850 mg de Swanson |  Apoyo Cardiovascular y del Sistema Inmunológico que proporciona energía y resistencia | 100 cápsulas vegetales,Superlabs,ACTIVE,+18 Años | Adultos | Aminoácidos | descuento-10 | duracion 90 | Indiferente | l-arginina | Potenciar la energía | Recuperación y regeneración muscular | Sin azúcar | Sin gluten | Sin lactosa | Sistema cardiovascular | Sistema inmunitario | Swanson | Vegetariano,,,Aminoácidos y BCAA,gid://shopify/TaxonomyCategory/hb-1-9-6-1-2,Single Amino Acid Supplements,aminoacido-individual,alta,no,
9665225556289,l-carnitina-vitamina-c-500mg-de-5h8-nutrition-disenado-para-potenciar-la-energia-y-apoyar-el-control-de-peso-120-capsulas-vegetales,L-Carnitina + Vitamina C 500mg de 5H8 Nutrition | Diseñado para potenciar la energía y apoyar el control de peso | 120 Cápsulas,5H8 Nutrition,ACTIVE,+18 Años | 5H8 Nutrition | Adultos | Control del peso | descuento-15 | duracion 120 | Indiferente | L-carnitina | omega-6 | Potenciar la energía | Recuperación y regeneración muscular | Sin azúcar | Sin gluten | Sin lactosa | Sistema inmunitario | vitadeals | Ácidos grasos y omegas,,,Control de peso y metabolismo,gid://shopify/TaxonomyCategory/hb-1-9-6-1-2,Single Amino Acid Supplements,ai: L-carnitina para energía y control de peso,media,si,no
9811833651521,oxido-nitrico-pre-deporte-con-l-citrulina-irwin-naturals-60-capsulas-blandas-liquidas,"L-Citrulina, Nitric Oxide Pre-Sport de Irwin Naturals | Aumenta la energía y el rendimiento físico | 60 cápsulas",Vitaminate,ACTIVE,descuento-20 | duracion 15 | vitadeals,,,Aminoácidos y BCAA,gid://shopify/TaxonomyCategory/hb-1-9-6-1-2,Single Amino Acid Supplements,aminoacido-individual,alta,no,
9623592075585,l-glutamina-1000-mg-de-now-sport-apoya-el-sistema-inmunologico-120-capsulas-vegetales,L-Glutamina 1000 mg de NOW Sport - Apoya el sistema inmunológico | 120 cápsulas vegetales,Vitaminate,ACTIVE,+18 Años | Adultos | Aminoácidos | descuento-15 | duracion 120 | Indiferente | l-glutamina | NOW Sports | Salud digestiva | Sin azúcar | Sin gluten | Sin lactosa | Sistema inmunitario | Vegano | Vegetariano,,,Aminoácidos y BCAA,gid://shopify/TaxonomyCategory/hb-1-9-6-1-2,Single Amino Acid Supplements,aminoacido-individual,alta,no,
9623589978433,l-glutamina-500-mg-de-now-foods-apoyo-a-funcion-inmune-120-capsulas-vegetales,L-Glutamina 500 mg de NOW Foods | Apoyo a Función Inmune | 120 Cápsulas Vegetales,Vitaminate,ACTIVE,+18 Años | Adultos | Aminoácidos | descuento-15 | duracion 120 | Ganancia de masa muscular | Indiferente | l-glutamina | NOW Foods | Salud digestiva | Sin azúcar | Sin gluten | Sin lactosa | Sistema inmunitario | Sueño y descanso | Vegano | Vegetariano,,,Aminoácidos y BCAA,gid://shopify/TaxonomyCategory/hb-1-9-6-1-2,Single Amino Acid Supplements,aminoacido-individual,alta,no,
9604042621249,l-glutamina-500mg-de-life-extension-promueve-el-bienestar-digestivo-y-el-sistema-inmunologico-100-capsulas-vegetales,L-Glutamina 500mg de Life Extension | Promueve el bienestar digestivo y el sistema inmunológico | 100 cápsulas vegetales,OLSEGO GROUP,ACTIVE,+18 Años | Adultos | Aminoácidos | descuento-10 | duracion 100 | Indiferente | l-glutamina | Life Extension | Potenciar la energía | PRO | Recuperación y regeneración muscular | Salud digestiva | Sin azúcar | Sin gluten | Sin lactosa | Sistema inmunitario,,,Aminoácidos y BCAA,gid://shopify/TaxonomyCategory/hb-1-9-6-1-2,Single Amino Acid Supplements,aminoacido-individual,alta,no,
9621342159169,l-glutamina-500mg-de-swanson-ayuda-en-la-recuperacion-muscular-aumentando-los-niveles-de-energia-100-capsulas-vegetales,"L-Glutamina 500mg de Swanson | Ayuda en la recuperación muscular, aumentando los niveles de energía | 100 cápsulas vegetales",Superlabs,ACTIVE,+18 Años | Adultos | Aminoácidos | descuento-10 | duracion 100 | Indiferente | l-glutamina | Potenciar la energía | Salud digestiva | Sin azúcar | Sin gluten | Sin lactosa | Sistema inmunitario | Swanson | Vegetariano,,,Aminoácidos y BCAA,gid://shopify/TaxonomyCategory/hb-1-9-6-1-2,Single Amino Acid Supplements,aminoacido-individual,alta,no,
9640209318209,l-glutamina-5mg-por-porcion-de-gou-medical-aminoacido-que-interviene-en-la-composicion-de-las-proteinas-que-mantienen-a-las-celulas-en-buen-estado-y-reparan-los-tejidos-300g-sin-sabor,L-Glutamina 5mg por porción de Gou Medical | Aminoácido que interviene en la composición de las proteínas que mantienen a las células en buen estado y reparan los tejidos | 300g sin sabor,Gou Medical,ACTIVE,+18 Años | Adultos | Aminoácidos | descuento-20 | duracion 60 | Ganancia de masa muscular | Gou Medical | Indiferente | l-glutamina | PRO | Salud digestiva | Sin azúcar | Sin gluten | Sin lactosa | Sistema inmunitario | vitadeals,,,Aminoácidos y BCAA,gid://shopify/TaxonomyCategory/hb-1-9-6-1-2,Single Amino Acid Supplements,aminoacido-individual,alta,no,
10299648508225,l-glutamina-en-polvo-now-sports-5000-mg-170-g-34-porciones,"L-Glutamina en Polvo de NOW Sports 5000 mg | Mantenimiento de la masa muscular, bienestar intestinal | 170 g 34 Porciones",OLSEGO GROUP,ACTIVE,aminoácido | L-glutamina | NOW Sports | polvo | post-entrenamiento | recuperación muscular | sin aditivos | sistema inmunológico,,,Aminoácidos y BCAA,gid://shopify/TaxonomyCategory/hb-1-9-6-1-2,Single Amino Acid Supplements,aminoacido-individual,alta,no,
9771617321281,l-glutamina-en-polvo-fermentado-de-fuente-vegana-de-mrm-nutrition-recuperacion-y-ganancia-muscular-mejora-del-sistema-digestivo-y-funcionamiento-cerebral-325g,L-Glutamina en Polvo Fermentado de Fuente Vegana de MRM Nutrition | Apoyo Muscular y Digestivo | 325g,Fresh Vitamins,ACTIVE,duracion 60 | PRO,,,Aminoácidos y BCAA,gid://shopify/TaxonomyCategory/hb-1-9-6-1-2,Single Amino Acid Supplements,aminoacido-individual,alta,no,
9651452543297,l-glutation-vitamina-c-1500mg-por-porcion-de-flow-supplement-refuerzo-del-sistema-inmune-desintoxicacion-celular-90-capsulas-vegetales,L-Glutatión + Vitamina C 1500mg por porción de Flow Supplement | Refuerzo del sistema inmune - Desintoxicación celular | 90 cápsulas vegetales,Flow Supplements,ACTIVE,+18 Años | Adultos | Aminoácidos | descuento-15 | Desintoxicación | duracion 30 | Flow Supplement | glutation | Indiferente | Keto | Sin azúcar | Sin gluten | Sistema inmunitario | vitadeals,,,Vitamina C,gid://shopify/TaxonomyCategory/hb-1-9-6-9-4,Vitamin C,vitamina-VIT_C,alta,no,
9733065343297,l-lisina-amla-fruta-vitamina-a-y-c-gomitas-potenciadoras-de-colageno-de-mary-ruths-fortalecen-el-cabello-piel-y-unas-90-gomitas-sabor-sandia,"L-Lisina + Amla Fruta + Vitamina A y C - Gomitas Potenciadoras de Colágeno de Mary Ruth's | Apoyo para Cabello, Piel y Uñas | 90 Gomitas Sabor Sandía",Vitaminate,ACTIVE,+18 Años | Adultos | articulaciones y cartílago | Cuidado del cabello | descuento-50 | duracion 90 | Fortalecimiento de huesos | huesos y articulaciones | Indiferente | MaryRuth's | Piel | piel y uñas | Sin azúcar | Sin gluten | Sin lactosa | Vegano,,,Colágeno,gid://shopify/TaxonomyCategory/hb-1-9-6-2,Collagen,colageno,alta,no,
9651455656257,l-lisina-1500mg-por-porcion-de-flow-supplements-promueve-la-funcion-del-sistema-inmunologico-y-cardiovascular-90-capsulas-vegetales,L-Lisina 1500mg por porción de Flow Supplements | Promueve la función del sistema inmunológico y cardiovascular | 90 cápsulas vegetales,Flow Supplements,ACTIVE,+18 Años | Adultos | Aminoácidos | descuento-20 | duracion 30 | Flow Supplement | Indiferente | Keto | l-lisina | Sin azúcar | Sin gluten | Sistema cardiovascular | Sistema inmunitario | vitadeals,,,Aminoácidos y BCAA,gid://shopify/TaxonomyCategory/hb-1-9-6-1-2,Single Amino Acid Supplements,aminoacido-individual,alta,no,
9999949791553,l-lisina-1000-mg-100-tabs,"L-Lysine 1000 mg, NOW Foods | Refuerza la función inmunológica, piel, huesos y articulaciones | 100 tabletas",OLSEGO GROUP,ACTIVE,duracion 100,,,Aminoácidos y BCAA,gid://shopify/TaxonomyCategory/hb-1-9-6-1-2,Single Amino Acid Supplements,"ai: L-lisina, aminoácido único",alta,si,no
9640357921089,l-metil-folato-colina-y-coenzima-q10-apoyo-prenatal-multivitaminico-de-nutriadn-disenado-para-mujeres-embarazadas-con-el-fin-de-brindarles-a-ella-y-al-bebe-un-equilibrio-perfecto-de-nutrientes-90-capsulas-vegetales,"L-Metil Folato, Colina y Coenzima Q10 - Multivitamínico de NutriADN | Aporta nutrientes clave durante el embarazo | 90 Cápsulas Vegetales",NutriADN,ACTIVE,+18 Años | Adultos | Colina | duracion 30 | Embarazo y lactancia | Mujer | NutriADN | PRO | Salud femenina | Selenio | Sin azúcar | Sin gluten | Sin lactosa | Vegano | Vegetariano | vitadeals | Vitamina A (Retinol) | Vitamina B7 (Biotina) | Vitamina B9 (Ácido fólico) | vitamina-b-9 | Vitaminas | Yodo,,,Multivitamínicos,gid://shopify/TaxonomyCategory/hb-1-9-6-7,Multivitamin Supplements,multivitaminico-explicito,alta,no,
9632990134593,l-metionina-100-pura-500-mg-de-swanson-soporte-antioxidante-para-el-organismo-y-detoxificacion-30-capsulas-vegetales,L-Metionina 100% pura 500 mg de Swanson | Soporte antioxidante para el organismo y detoxificación | 30 cápsulas vegetales,Superlabs,ACTIVE,+18 Años | Adultos | Aminoácidos | Cuidado del cabello | descuento-20 | Desintoxicación | duracion 30 | Indiferente | l-metionina | piel y uñas | Salud digestiva | Sin azúcar | Sin gluten | Sistema cardiovascular | Swanson | vitadeals,,,Aminoácidos y BCAA,gid://shopify/TaxonomyCategory/hb-1-9-6-1-2,Single Amino Acid Supplements,"ai: L-metionina, aminoácido único",alta,si,no
9999951561025,l-optizinc®-30-mg-100-veg-caps,L-OptiZinc 30 mg con Cobre de NOW Foods | Favorece el equilibrio mineral en el organismo |100 cápsulas,Vitaminate,ACTIVE,duracion 100 | PRO,,,Zinc,gid://shopify/TaxonomyCategory/hb-1-9-6-6-5,Zinc,ai: Zinc monometionina con cobre,alta,si,no
9999949857089,l-prolina-500-mg-120-veg-caps,L-Prolina 500 mg de Now Foods | Contribuye a la firmeza y elasticidad de la piel | 120 Cápsulas,OLSEGO GROUP,ACTIVE,duracion 60,,,Aminoácidos y BCAA,gid://shopify/TaxonomyCategory/hb-1-9-6-1-2,Single Amino Acid Supplements,"ai: L-prolina, aminoácido único",alta,si,no
9999950119233,l-serina-500-mg-120-veg-caps,"L-Serina 500 mg, Now| Favorece la función cerebral y la memoria|  120 Cápsulas",Vitaminate,ACTIVE,duracion 120,,,Aminoácidos y BCAA,gid://shopify/TaxonomyCategory/hb-1-9-6-1-2,Single Amino Acid Supplements,"ai: L-serina, aminoácido único",alta,si,no
9625166872897,l-teanina-100-mg-con-te-verde-descafeinado-de-now-foods-apoya-la-funcion-cognitiva-saludable-90-capsulas-vegetarianas,L-Teanina 100 mg con Té Verde Descafeinado de NOW Foods | Apoya la función cognitiva saludable | 90 Cápsulas Vegetarianas,Vitaminate,ACTIVE,+18 Años | Adultos | Aminoácidos | Ansiedad y estrés | descuento-15 | duracion 45 | Extracto de té verde | Indiferente | l-teanina | NOW Foods | Sin azúcar | Sin gluten | Sin lactosa | Sistema cardiovascular | Sueño y descanso | Vegetariano,,,Aminoácidos y BCAA,gid://shopify/TaxonomyCategory/hb-1-9-6-1-2,Single Amino Acid Supplements,aminoacido-individual,alta,no,
9795783131457,l-teanina-200-mg-de-health-thru-nutrition-apoyo-al-sistema-inmunologico-antioxidante-120-capsulas-blandas,L-Teanina 200 mg de Health Thru Nutrition | Promueve la Relajación y el Enfoque Mental | 60 cápsulas Blandas,Vitaminate,ACTIVE,duracion 60,,,Aminoácidos y BCAA,gid://shopify/TaxonomyCategory/hb-1-9-6-1-2,Single Amino Acid Supplements,aminoacido-individual,alta,no,
9796689920321,l-teanina-de-best-naturals-apoyo-al-relajamiento-y-reduccion-del-estres-200-mg-120-tabletas,L-Teanina de Best Naturals | Relajación Natural y Reducción del Estrés Cotidiano | 200 mg 120 Tabletas,Vitaminate,ACTIVE,duracion 30,,,Aminoácidos y BCAA,gid://shopify/TaxonomyCategory/hb-1-9-6-1-2,Single Amino Acid Supplements,aminoacido-individual,alta,no,
9625167626561,l-teanina-doble-fuerza-200-mg-de-now-foods-con-inositol-ayuda-a-mantener-la-funcion-cognitiva-120-capsulas-vegetales,L-Teanina Doble Fuerza 200 mg de NOW Foods con Inositol | Ayuda a mantener la función cognitiva | 120 Cápsulas Vegetales,OLSEGO GROUP,ACTIVE,+18 Años | Adultos | Aminoácidos | Ansiedad y estrés | descuento-15 | duracion 30 | Indiferente | Inositol | l-teanina | NOW Foods | Sin azúcar | Sin gluten | Sin lactosa | Sistema cardiovascular | Sueño y descanso | Vegetariano | vitadeals,,,Sueño y relajación,gid://shopify/TaxonomyCategory/hb-1-9-6-12,Sleep Supplements,"ai: L-teanina principal, inositol como excipiente/cofactor",media,no,no
10022672761153,l-teanina-y-ginseng-adjust-de-reset-apoya-el-manejo-del-estres-y-la-calma-mental-60-capsulas,"L-Teanina y Ginseng, Adjust+ de Reset | Apoya el manejo del estrés y la calma mental | 60 cápsulas",Reset,ACTIVE,,,,Aminoácidos y BCAA,gid://shopify/TaxonomyCategory/hb-1-9-6-1-2,Single Amino Acid Supplements,aminoacido-individual,alta,no,
9999955394881,regimen-para-dormir-3-en-1-90-veg-caps,"L-Teanina, 5-HTP y Melatonina de Now Foods  | Descanso y relajación | 90 Cápsulas",Vitaminate,ACTIVE,duracion 90,,,Sueño y relajación,gid://shopify/TaxonomyCategory/hb-1-9-6-12,Sleep Supplements,melatonina,alta,no,
9629972201793,l-teanina-gaba-y-mezcla-de-hierbas-relajantes-natural-rest-plus-de-trace-minerals-formula-nocturna-para-apoyar-un-sueno-reparador-libre-de-gluten-certificado-vegano-60-tabletas,"L-Teanina, GABA y Mezcla de Hierbas Relajantes Natural Rest Plus+ de Trace Minerals | Fórmula Nocturna para Apoyar un Sueño Reparador, Libre de Gluten, Certificado Vegano, 60 Tabletas",Superlabs,ACTIVE,+18 Años | Adultos | Ansiedad y estrés | Cimicifuga racemosa | citrato-de-magnesio | Cloro | Combinados temas de salud | duracion 30 | Enzimas digestivas | GABA | Indiferente | Manzanilla | Minerales | Passiflora | Potasio | Sin azúcar | Sin gluten | Sin lactosa | Sueño y descanso | Trace Minerals | Valeriana | Vegetariano,,,Aminoácidos y BCAA,gid://shopify/TaxonomyCategory/hb-1-9-6-1-2,Single Amino Acid Supplements,aminoacido-individual,alta,no,
9654874571073,l-teanina-gaba-inositol-con-vitaminas-y-magnesio-1000mg-por-porcion-peace-out-de-moods-contribuye-en-la-conciliacion-y-calidad-del-sueno-60-capsulas-veganas,"L-Teanina, GABA, Inositol con vitaminas y magnesio 1000mg por porción Peace Out de Moods | Contribuye en la conciliación y calidad del sueño | 60 cápsulas veganas",Moods,ACTIVE,+18 Años | 5-HTP | Adultos | Combinados temas de salud | duracion 30 | gaba | Indiferente | Inositol | L-teanina | Manzanilla | Moods | Sin gluten | Sin lactosa | Sueño y descanso | Suplementos Combinados | Vegano | vitadeals | Óxido de Magnesio,,,Sueño y relajación,gid://shopify/TaxonomyCategory/hb-1-9-6-12,Sleep Supplements,ai: L-teanina y GABA en fórmula nocturna,alta,no,no
9999949955393,l-theanine-100-mg-90-tabletas-masticables,L-Theanine 100 mg  | 90 Tabletas masticables,Vitaminate,ACTIVE,duracion 90,,,Sueño y relajación,gid://shopify/TaxonomyCategory/hb-1-9-6-1-2,Single Amino Acid Supplements,"ai: L-teanina, aminoácido para relajación",media,si,no
9623605281089,l-tirosina-500-mg-aminoacido-de-now-foods-apoya-la-capacidad-de-respuesta-al-estres-120-capsulas,L-Tirosina 500 mg Aminoácido de Now Foods | Apoya la Capacidad de Respuesta al Estrés | 120 Cápsulas,Vitaminate,ACTIVE,+18 Años | Adultos | Alivio del dolor crónico | Aminoácidos | Control del peso | descuento-15 | duracion 60 | Indiferente | NOW Foods | Potenciar la energía | Sin azúcar | Sin gluten | Sin lactosa | Sueño y descanso | tirosina | Vegano | Vegetariano,,,Aminoácidos y BCAA,gid://shopify/TaxonomyCategory/hb-1-9-6-1-2,Single Amino Acid Supplements,"ai: L-tirosina, aminoácido único",alta,si,no
9623606886721,l-tirosina-750-mg-aminoacido-de-now-foods-apoya-la-capacidad-de-respuesta-al-estres-90-capsulas,L-Tirosina 750 mg Aminoácido de Now Foods | Apoya la Capacidad de Respuesta al Estrés | 90 Cápsulas,Vitaminate,ACTIVE,+18 Años | Adultos | Alivio del dolor crónico | Aminoácidos | Control del peso | descuento-15 | duracion 30 | Indiferente | NOW Foods | Potenciar la energía | Sin azúcar | Sin gluten | Sin lactosa | Sueño y descanso | tirosina | Vegano | Vegetariano | vitadeals,,,Aminoácidos y BCAA,gid://shopify/TaxonomyCategory/hb-1-9-6-1-2,Single Amino Acid Supplements,"ai: L-tirosina, aminoácido único",alta,si,no
10298703184193,l-tirosina-thyroid-energy-de-now-foods-90-capsulas,"L-Tirosina Thyroid Energy de Now Foods |  Metabolismo energético, síntesis de hormonas tiroideas | 90 Cápsulas Vegetales",OLSEGO GROUP,ACTIVE,,,,Apoyo tiroideo,gid://shopify/TaxonomyCategory/hb-1-9-6,Vitamins & Supplements,"ai: Fórmula tiroidea con tirosina, yodo y minerales",media,si,no
9935821439297,l-treonato-de-magnesio-eternal-2100-mg-300-capsulas,L-Treonato de Magnesio 2100 mg Eternal | Apoya la función cognitiva y neuronal | 300 Cápsulas,Eternal,ACTIVE,duracion 75,,,Magnesio,gid://shopify/TaxonomyCategory/hb-1-9-6-6-3,Magnesium,mineral-MAGNESIUM,alta,no,
9999950020929,l-triptofano-500-mg-60-veg-caps,L-Triptófano 500 mg Now | Promueve la relajación natural | 60 Cápsulas,OLSEGO GROUP,ACTIVE,duracion 30,,,Aminoácidos y BCAA,gid://shopify/TaxonomyCategory/hb-1-9-6-1-2,Single Amino Acid Supplements,aminoacido-individual,alta,no,
9796924440897,l-triptofano-de-best-naturals-apoyo-al-estado-de-animo-y-sueno-500-mg-120-capsulas,L-Triptófano de Best Naturals | Apoyo al Estado de Ánimo y Sueño | 500 mg 120 Cápsulas,OLSEGO GROUP,ACTIVE,duracion 30 | vitadeals,,,Aminoácidos y BCAA,gid://shopify/TaxonomyCategory/hb-1-9-6-1-2,Single Amino Acid Supplements,aminoacido-individual,alta,no,
10126857699649,lactanatal-de-ivb-multivitaminico-y-mineral-apoyo-a-la-lactancia-materna-60-capsulas,LactaNatal de IVB | Multivitamínico y mineral Apoyo a la Lactancia Materna | 60 Cápsulas,OLSEGO GROUP,ACTIVE,vitadeals,,,Multivitamínicos,gid://shopify/TaxonomyCategory/hb-1-9-6-7,Multivitamin Supplements,multivitaminico-explicito,alta,no,
9999955657025,leche-de-coco-en-polvo-organico-12-oz-340gr,Leche de coco en polvo orgánica de Now Foods | Alternativa libre de lácteos para bebidas y recetas  | Polvo 340 g,Vitaminate,ACTIVE,duracion 14,,,Despensa y accesorios,gid://shopify/TaxonomyCategory/hb-1-9,Fitness & Nutrition,"ai: Leche de coco en polvo, alimento no suplemento",media,si,no
9692160098625,leuzea-carthamoides-500mg-de-adapto-heal-hierba-potencia-la-energia-y-resistencia-fisica-150-capsulas-vegetales,Leuzea Adaptógena LZCTA Adaptoheal - Hierba | Potencia la Energía y Resistencia Física | 150 Cápsulas Vegetales,AdaptoHeal,ACTIVE,+18 Años | AdaptoHeal | Adultos | Concentración | Hierbas | Indiferente | Leuzea Carthamoides | memoria y atención | PRO | Recuperación y regeneración muscular | Sin azúcar | Sin gluten | Sin lactosa | Sistema inmunitario | Suplementos herbales | Vegetariano | vitadeals,,,Adaptógenos y manejo del estrés,gid://shopify/TaxonomyCategory/hb-1-9-6-5,Herbal Supplements,ai: Leuzea adaptógena herbal,alta,si,no
9983084560705,levadura-de-cerveza-500-mg-natsa-complementa-dietas-con-vitaminas-del-complejo-b-100-capsulas,Levadura de Cerveza 500 mg Natsa | Apoya el sistema digestivo y microbiota intestinal | 100 cápsulas,Natsa,ACTIVE,,,,Probióticos,gid://shopify/TaxonomyCategory/hb-1-9-6-4-5,Probiotics,probiotico,alta,no,
9999952544065,levadura-de-cerveza-650-mg-200-tabs,Levadura de Cerveza NOW Foods 650 mg | Apoyo Metabólico | 200 Tabletas,Vitaminate,ACTIVE,duracion 66,,,Superalimentos y verdes,gid://shopify/TaxonomyCategory/hb-1-9-6-5,Herbal Supplements,"ai: Levadura de cerveza, alimento nutricional integral",media,si,no
9602902524225,litio-1000-mcg-de-life-extension-apoyo-de-la-funcion-cerebral-y-cognitiva-100-capsulas-vegetales,Litio 1000 mcg de Life Extension | Apoyo de la función Cerebral y Cognitiva | 100 cápsulas vegetales,Vitaminate,ACTIVE,+18 Años | Adultos | descuento-15 | duracion 100 | Indiferente | Life Extension | Minerales | silicio-1 | Sin azúcar | Sin gluten | Sin lactosa | Vegano | Vegetariano,,,Otros minerales y multiminerales,gid://shopify/TaxonomyCategory/hb-1-9-6-6,Minerals,"ai: Litio en dosis traza, mineral único",media,si,no
9897279684929,longevity-support-nutriadn-90-capsulas,Longevity Support NutriADN | Promueve la regeneración celular | 90 cápsulas,NutriADN,ACTIVE,duracion 30 | vitadeals,,,"Longevidad: NAD+, NMN y resveratrol",gid://shopify/TaxonomyCategory/hb-1-9-6,Vitamins & Supplements,"ai: Fórmula de longevidad y regeneración celular, composición no detallada",media,si,no
9608842838337,luteina-betacarotenos-vitamins-y-minerales-4g-luz-azul-de-suluu-contribuye-a-la-reduccion-del-estres-ocular-manteniendo-la-vista-descansada-240g-en-60-gomitas-sabor-acai-mango,"Luteína + Betacarotenos + Vitamins y Minerales 4g Luz Azul de Súluu | Contribuye a la reducción del estrés ocular, manteniendo la vista descansada | 240g en 60 gomitas sabor Acaí - Mango",Súluu,ACTIVE,+18 Años | Adultos | duracion 30 | Indiferente | Salud ocular | Sin lactosa | Súluu | Vegano | Vegetariano | vitadeals | vitamina-a | Vitaminas,Vitamina,,Salud de la vista,gid://shopify/TaxonomyCategory/hb-1-9-6,Vitamins & Supplements,ai: Luteína y betacarotenos en gomitas para salud ocular,media,si,no
9795941990721,luteina-20-mg-zeaxantina-4-mg-kaneka™-de-heath-thru-nutrition-actua-como-antioxidante-y-energizante-celular-60-capsulas-blandas,Luteína 20 mg + Zeaxantina 4 mg de Health Thru Nutrition | Actúa como antioxidante y energizante celular | 60 cápsulas Blandas,Vitaminate,ACTIVE,,,,Salud de la vista,gid://shopify/TaxonomyCategory/hb-1-9-6,Vitamins & Supplements,"ai: Luteína y zeaxantina, carotenoides oculares",alta,si,no
10126245429569,vision-ultra-suplemento-antioxidante-apoya-la-salud-ocular-60-capsulas,"Luteína y Zeaxantina Vision Ultra de Wohl Vidalabs | Bienestar visual diario, cuidado macular | 60 Cápsulas",Wohl/VidaLabs,ACTIVE,vitadeals,,,Salud de la vista,gid://shopify/TaxonomyCategory/hb-1-9-6,Vitamins & Supplements,ai: Luteína y zeaxantina para cuidado macular,alta,si,no
10240870547777,m-bella-b-fit-multivitaminico-mujer-balance-y-vitalidad-60-capsulas,M-Bella B-fit Multivitamínico Mujer | Balance y Vitalidad | 60 cápsulas,B FIT,ACTIVE,vitadeals,,,Multivitamínicos,gid://shopify/TaxonomyCategory/hb-1-9-6-7,Multivitamin Supplements,multivitaminico-explicito,alta,no,
9634551497025,maca-500-mg-de-swanson-planta-que-se-utiliza-para-mejorar-la-libido-y-el-deseo-sexual-asi-como-para-aumentar-la-energia-y-la-resistencia-60-capsulas-vegetales,Maca 500 mg de Swanson |  Ayuda a mejorar el estado de ánimo y el enfoque | 60 cápsulas vegetales,Superlabs,ACTIVE,+18 Años | Adultos | descuento-25 | Hierbas | Indiferente | maca | Placer y deseo sexual | Potenciar la energía | Sin azúcar | Sin gluten | Sin lactosa | Suplementos herbales | Swanson | Vegano | Vegetariano | vitadeals,,,Adaptógenos y manejo del estrés,gid://shopify/TaxonomyCategory/hb-1-9-6-5,Herbal Supplements,"ai: Maca, raíz adaptógena en cápsulas",alta,si,no
9980982657345,maca-amarilla-500-mg-natsa-contribuye-al-equilibrio-hormonal-en-hombres-y-mujeres-100-capsulas,Maca Amarilla 500 mg NATSA | Contribuye al equilibrio hormonal en hombres y mujeres | 100 cápsulas,Natsa,ACTIVE,,,,Adaptógenos y manejo del estrés,gid://shopify/TaxonomyCategory/hb-1-9-6-5,Herbal Supplements,"ai: Maca amarilla, extracto botánico adaptógeno",alta,si,no
10238634950977,maca-black-cohosh-fuego-de-venus-de-menoglow-equilibrio-hormonal-bienestar-femenino-90-capsulas,"Maca Black Cohosh Fuego de Venus de Menoglow | Equilibrio hormonal, bienestar femenino | 90 cápsulas",Menoglow,ACTIVE,,,,Bienestar femenino y menopausia,gid://shopify/TaxonomyCategory/hb-1-9-6-5,Herbal Supplements,ai: Maca con cohosh negro orientado a equilibrio femenino,alta,si,no
9980980756801,maca-negra-500-mg-natsa-apoya-el-rendimiento-fisico-y-mental-100-capsulas,Maca Negra 500 mg NATSA | Apoya el rendimiento físico y mental  | 100 cápsulas,Natsa,ACTIVE,,,,Adaptógenos y manejo del estrés,gid://shopify/TaxonomyCategory/hb-1-9-6-5,Herbal Supplements,"ai: Maca negra, raíz adaptógena",alta,si,no
9999596978497,maca-negra-beyond-vitamins-organica-peruana-60-capsulas-vegetales,Maca Negra orgánica peruana de Beyond Vitamins | Memoria y Concentración | 60 cápsulas vegetales,Beyond Vitamins,ACTIVE,duracion 30,,,Adaptógenos y manejo del estrés,gid://shopify/TaxonomyCategory/hb-1-9-6-5,Herbal Supplements,ai: Maca negra orgánica; adaptógeno botánico principal,media,si,no
10031976579393,maca-negra-peruana-energia-y-vitalidad-masculina-60-capsulas,Maca negra peruana | Energía y vitalidad masculina | 60 Cápsulas,OLSEGO GROUP,ACTIVE,vitadeals,,,Adaptógenos y manejo del estrés,gid://shopify/TaxonomyCategory/hb-1-9-6-5,Herbal Supplements,"ai: Maca negra peruana en cápsulas, adaptógeno",media,si,no
9999290663233,tes70-beyond-vitamins-maca-negra-fenogreco-y-curcuma-60-capsulas-veganas,"Maca negra, Fenogreco, Creatina, Arginina, Cúrcuma, Zinc y más | TES70 de Beyond Vitamins |60 y 180 cápsulas veganas",Beyond Vitamins,ACTIVE,duracion 30,,,Creatina,gid://shopify/TaxonomyCategory/hb-1-9-6-3,Creatine,creatina,alta,no,
9687572185409,maca-peruana-500-mg-de-adapto-heal-apoyo-de-la-funcion-hormonal-y-sexual-150-capsulas-vegetales,Maca peruana MAK Adaptoheal 500 mg  | Apoyo de la función Hormonal y Sexual | 150 Cápsulas Vegetales,AdaptoHeal,ACTIVE,+18 Años | AdaptoHeal | Adultos | Hierbas | Indiferente | maca | Placer y deseo sexual | Potenciar la energía | Sin azúcar | Sin gluten | Sin lactosa | Suplementos herbales | Vegano | vitadeals,,,Adaptógenos y manejo del estrés,gid://shopify/TaxonomyCategory/hb-1-9-6-5,Herbal Supplements,"ai: Maca peruana, extracto herbal adaptógeno",alta,si,no
10091602837825,testomen-500mg,"Maca Peruana, Tribulus Terrestris, Fenogreco, L-arginina y Zinc | TestoMen 500mg | 100 Cápsulas",Superlabs,ACTIVE,,,,Zinc,gid://shopify/TaxonomyCategory/hb-1-9-6-6-5,Zinc,mineral-ZINC,alta,no,
10091722572097,maca-premium-500-mg-superlabs-util-para-acompanar-el-equilibrio-hormonal-natural-100-capsulas,Maca Premium 500 mg Superlabs | Útil para acompañar el equilibrio hormonal natural | 100 cápsulas,Superlabs,ACTIVE,,,,Adaptógenos y manejo del estrés,gid://shopify/TaxonomyCategory/hb-1-9-6-5,Herbal Supplements,"ai: Maca 500 mg, raíz adaptógena",alta,si,no
9975685349697,maca-premium-de-natsa-mezcla-de-maca-amarilla-roja-y-negra-60-capsulas,"Maca Premium de Natsa | Mezcla de Maca Amarilla, Roja Y Negra | 60 Cápsulas",Natsa,ACTIVE,duracion 30,,,Adaptógenos y manejo del estrés,gid://shopify/TaxonomyCategory/hb-1-9-6-5,Herbal Supplements,"ai: Mezcla de macas, extracto botánico adaptógeno",alta,si,no
10030786019649,maca-extracto-organico-de-raiz-de-lepidium-meyenii-de-landa-adptogenos-contribuye-al-equilibrio-hormonal-en-hombres-y-mujeres-polvos-100-g,"Maca, extracto orgánico de raíz de Lepidium meyenii de Landa Adptogenos | Contribuye al equilibrio hormonal en hombres y mujeres | Polvos 100 g",Landa Adaptógenos,ACTIVE,,,,Adaptógenos y manejo del estrés,gid://shopify/TaxonomyCategory/hb-1-9-6-5,Herbal Supplements,ai: Polvo de raíz de maca orgánica,alta,si,no
9937613685057,women-s-adaptogen-essentials-eternal-equilibrio-femenino-diario-200-capsulas,"Maca, Reishi, Shatavari y Ginseng - Women’s Adaptogen Essentials Eternal | Equilibrio femenino diario | 200 cápsulas",Eternal,ACTIVE,PRO,,,Bienestar femenino y menopausia,gid://shopify/TaxonomyCategory/hb-1-9-6-5,Herbal Supplements,ai: Mezcla herbal adaptógena formulada para equilibrio femenino,media,si,no
9649421844801,maca-tribulus-terrestris-fenogreco-l-arginina-y-gluconato-de-zinc-500mg-de-supplement-factory-men-testo-contribuye-en-el-incremento-de-la-energia-y-vitalidad-aumenta-el-rendimiento-fisico-de-los-hombres-100-capsulas-vegetales,"Maca, Tribulus y Zinc MEN TESTO Supplement Factory | Apoya la vitalidad y energía diaria | 100 Cápsulas Vegetales",Natsa,ACTIVE,+18 Años | Adultos | Combinados para Hombre | combinados-de-hierbas | descuento-10 | duracion 50 | Gluconato de zinc | Hombre | L-arginina | Potenciar la energía | PRO | Salud masculina | Sin azúcar | Sin gluten | Sin lactosa | Sistema inmunitario | Suplementos Combinados | Supplement Factory | Vegano,,,Zinc,gid://shopify/TaxonomyCategory/hb-1-9-6-6-5,Zinc,mineral-ZINC,alta,no,
9605050204481,macuguard®-suplemento-alimentario-salud-ocular,MacuGuard® 173mg con Azafrán y Extracto de Grosella Negra Europea | Soporte Ocular y Visión con Luteína y Zeaxantina | 60 Cápsulas Blandas,Vitaminate,ACTIVE,+18 Años | Adultos | combinados-de-hierbas | Hierbas | Indiferente | Life Extension | Salud ocular | Sin azúcar | Sin gluten | Sin lactosa | Suplementos herbales | Vegano | Vegetariano,,,Salud de la vista,gid://shopify/TaxonomyCategory/hb-1-9-6-5,Herbal Supplements,"ai: Luteína, zeaxantina y azafrán para soporte ocular",media,si,no
9885884907841,mag-glycinate-metagenics-magnesio-bisglicinato-sistema-nervioso-y-muscular-120-tabletas,Mag Glycinate | Metagenics | Magnesio Bisglicinato | Sistema nervioso y muscular | 120 Tabletas,Ultragenics,ACTIVE,duracion 60 | PRO,,,Magnesio,gid://shopify/TaxonomyCategory/hb-1-9-6-6-3,Magnesium,mineral-MAGNESIUM,alta,no,
9645177274689,magnesio-cloruro-potasio-boro-mega-mag-400mg-oligoelementos-ionicos-de-trace-minerals-apoya-la-funcion-del-sistema-nervioso-musculos-huesos-dientes-y-metabolismo-118ml,"Magnesio + Cloruro + Potasio + Boro Mega-Mag 400mg - Oligoelementos iónicos de Trace Minerals | Apoya la función del sistema nervioso, músculos, huesos, dientes y metabolismo  | 118ml",Vitaminate,ACTIVE,+18 Años | Adultos | Boro | Cloro | cloruro-de-magnesio | Combinado de minerales | duracion 30 | Indiferente | Minerales | Potasio | Recuperación y regeneración muscular | Salud cognitiva | Sin azúcar | Sin gluten | Sin lactosa | Sistema cardiovascular | Sistema inmunitario | Trace Minerals | Vegetariano,,,Otros minerales y multiminerales,gid://shopify/TaxonomyCategory/hb-1-9-6-6-4,Multimineral Supplements,multi-mineral-MAGNESIUM+OTHER,alta,no,
9999951397185,magnesio-y-potasio-120-veg-caps,"Magnesio + Potasio  250 mg NOW Foods | Funcionamiento muscular, aporta magnesio, potasio y taurin | 120 Cápsulas",OLSEGO GROUP,ACTIVE,,,,Otros minerales y multiminerales,gid://shopify/TaxonomyCategory/hb-1-9-6-6-4,Multimineral Supplements,multi-mineral-MAGNESIUM+OTHER,alta,no,
9645279871297,magnesio-25mg-cloruro-65mg-litio-y-boro-de-trace-minerals-minerales-de-apoyo-para-mantener-el-equilibrio-del-ph-corporal-saludable-gotero-de-30ml,"Magnesio 25mg, Cloruro 65mg, Litio y Boro de Trace Minerals | Minerales de apoyo para mantener el equilibrio del pH corporal saludable |  Gotero de 30ml",Vitaminate,ACTIVE,+18 Años | Adultos | Boro | citrato-de-magnesio | Cloro | Combinado de minerales | duracion 15 | Indiferente | Litio | Minerales | Potenciar la energía | Salud digestiva | Sin azúcar | Sin gluten | Sin lactosa | Sistema inmunitario | Trace Minerals | Vegetariano,,,Otros minerales y multiminerales,gid://shopify/TaxonomyCategory/hb-1-9-6-6-4,Multimineral Supplements,multi-mineral-MAGNESIUM+OTHER,alta,no,
9999951102273,magnesio-400-mg-180-veg-caps,Magnesio 400 mg de NOW Flow | Apoya la salud del sistema nervioso | 180 cápsulas,Vitaminate,ACTIVE,,,,Magnesio,gid://shopify/TaxonomyCategory/hb-1-9-6-6-3,Magnesium,mineral-MAGNESIUM,alta,no,
9624153325889,magnesio-500mg-de-life-extension-fortalecimiento-muscular-y-apoyo-cardiovascular-100-capsulas-vegetales,Magnesio 500mg de Life Extension | Fortalecimiento Muscular y Apoyo Cardiovascular | 100 cápsulas vegetales,OLSEGO GROUP,ACTIVE,+18 Años | Adultos | combinados-de-magnesio | descuento-10 | duracion 100 | Indiferente | Life Extension | Minerales | PRO | Recuperación y regeneración muscular | Sin azúcar | Sin gluten | Sin lactosa | Sistema cardiovascular | Vegano | Vegetariano | vitadeals,,,Magnesio,gid://shopify/TaxonomyCategory/hb-1-9-6-6-3,Magnesium,mineral-MAGNESIUM,alta,no,
9996337250625,citrato-de-magnesio-curcuma-y-piperina-gudgut-60-capsulas,"Magnesio 5X PRO, Citrato de magnesio, Cúrcuma y Piperina GüdGut | Combinación Antiinflamatoria | 120 cápsulas",GudGut,ACTIVE,duracion 60,,,Magnesio,gid://shopify/TaxonomyCategory/hb-1-9-6-6-3,Magnesium,mineral-MAGNESIUM,alta,no,
9935685222721,magnesio-7-formas-eternal-2000-mg-200-capsulas-veganas,Magnesio 7 formas 2000 mg Eternal Nutrition | Contribuye al sueño y la relajación | 200 cápsulas,Eternal,ACTIVE,duracion 300,,,Magnesio,gid://shopify/TaxonomyCategory/hb-1-9-6-6-3,Magnesium,mineral-MAGNESIUM,alta,no,
9640183234881,bisglicinato-taurato-malato-ultra-magnesio-765mg-por-c-psula-de-gou-medical-ayuda-a-disminuir-la-fatiga-y-cansancio-mejorando-la-recuperacion-y-el-descanso-60-capsulas-vegetales,"Magnesio bisglicinato, malato y taurato, Tri-Magnesium Ultra, GOU Medical | Contribuye al equilibrio del sistema nervioso |  60 cápsulas",Gou Medical,ACTIVE,+18 Años | Adultos | bisglicinato-de-magnesio | duracion 30 | Gou Medical | Indiferente | Potenciar la energía | Sin azúcar | Sin gluten | Sin lactosa | Sistema cardiovascular | Sueño y descanso | Suplementos Combinados | Vegano | Vegetariano | vitadeals,,,Magnesio,gid://shopify/TaxonomyCategory/hb-1-9-6-6-3,Magnesium,mineral-MAGNESIUM,alta,no,
9935569256769,magnesio-treonato-citrato-glicinato-de-eternal-1000-mg-300-capsulas,Magnesio Calming Blend 1000 mg Eternal Nutrition |  Apoya la relajación mental y muscular | 300 cápsulas,Eternal,ACTIVE,duracion 66,,,Magnesio,gid://shopify/TaxonomyCategory/hb-1-9-6-6-3,Magnesium,mineral-MAGNESIUM,alta,no,
9999951200577,citrato-de-magnesio-200-mg-100-tabs,Magnesio Citrato NOW | Suplemento con Magnesio de Alta Biodisponibilidad | 60 y 100 Tabletas,Vitaminate,ACTIVE,duracion 30 | duracion 50,,,Magnesio,gid://shopify/TaxonomyCategory/hb-1-9-6-6-3,Magnesium,mineral-MAGNESIUM,alta,no,
9664709853505,citrato-glicinato-gluconato-oxido-de-magnesio-680mg-de-5h8-nutrition-apoyo-de-la-funcion-osea-muscular-energia-y-descanso-120-capsulas-vegetales,"Magnesio COMPLEX : Citrato, Glicinato, Gluconato, Óxido de Magnesio 680mg de 5H8 Nutrition | Apoyo de la función Ósea, Muscular - Energía y Descanso | 120 Cápsulas",5H8 Nutrition,ACTIVE,+18 Años | 5H8 Nutrition | Adultos | citrato-de-magnesio | Combinados de Magnesio | descuento-15 | duracion 120 | Glicinato de Magnesio | Gluconato de Magnesio | Indiferente | Minerales | PRO | Recuperación y regeneración muscular | Salud cognitiva | Sin azúcar | Sin gluten | Sin lactosa | Sistema cardiovascular | Sueño y descanso | Vegetariano | vitadeals | Óxido de Magnesio,,,Magnesio,gid://shopify/TaxonomyCategory/hb-1-9-6-6-3,Magnesium,mineral-MAGNESIUM,alta,no,
9999951298881,magnesio-con-inositol-en-polvo-sabor-limonada-16oz-454gr,Magnesio e Inositol Relax NOW | Apoya la función y energía celular diaria | 454 g,Vitaminate,ACTIVE,duracion 45,,,Magnesio,gid://shopify/TaxonomyCategory/hb-1-9-6-6-3,Magnesium,ai: Magnesio es el ingrediente principal; inositol secundario,media,no,no
9999955984705,magnesio-concentrado-en-polvo26-5-oz-750g-relajante-y-suavizante-piel,Magnesio en Hojuelas de Now | Uso tópico | 750 g,Vitaminate,ACTIVE,duracion 30,,,Magnesio,gid://shopify/TaxonomyCategory/hb-1-9-6-6-3,Magnesium,mineral-MAGNESIUM,alta,no,
10066741723457,magnesio-glicinato-cellx-traacs-230-mg-favorece-la-relajacion-natural-del-cuerpo-90-capsulas,Magnesio glicinato CellX TRAACS 230 mg | Favorece la relajación natural del cuerpo | 120 cápsulas,Cellx,ACTIVE,PRO | vitadeals,,,Magnesio,gid://shopify/TaxonomyCategory/hb-1-9-6-6-3,Magnesium,mineral-MAGNESIUM,alta,no,
10277069390145,magnesio-glicinato-y-lisinato-doctors-best-funcionamiento-normal-del-sistema-nervioso-120-tabletas,Magnesio Glicinato y Lisinato Doctor's Best | Funcionamiento normal del sistema nervioso | 120 Tabletas,OLSEGO GROUP,ACTIVE,,,,Magnesio,gid://shopify/TaxonomyCategory/hb-1-9-6-6-3,Magnesium,mineral-MAGNESIUM,alta,no,
10277780619585,magnesio-glicinato-y-malato-optimag-125-de-xymogen-relajacion-y-el-descanso-sistema-nervioso-120-capsulas-vegetales,"Magnesio Glicinato y Malato OptiMag 125 de Xymogen | Relajación y el descanso, sistema nervioso | 120 Cápsulas Vegetales",OLSEGO GROUP,ACTIVE,,,,Magnesio,gid://shopify/TaxonomyCategory/hb-1-9-6-6-3,Magnesium,mineral-MAGNESIUM,alta,no,
9922222457153,magnesio-triple-para-energia-y-relajacion-muscular-silvia-strauss-100-capsulas,Magnesio Hello Balance! de Silvia Strauss | Energía y Relajación Muscular | 100 Cápsulas,Silvia Strauss,ACTIVE,vitadeals,,,Magnesio,gid://shopify/TaxonomyCategory/hb-1-9-6-6-3,Magnesium,mineral-MAGNESIUM,alta,no,
9722650329409,magnesio-ionico-400mgpotasio-boro-cloruro-de-trace-minerals-relajacion-muscular-y-apoyo-del-sistema-cardiovascular-y-oseo-59-y-118ml,Magnesio Iónico 400mg Potasio + Boro + Cloruro de Trace Minerals | Apoyo Muscular y Cardiovascular | 59 y 118ml,Superlabs,ACTIVE,+18 Años | Adultos | articulaciones y cartílago | duracion 30 | Fortalecimiento de huesos | Indiferente | Minerales | Potenciar la energía | Recuperación y regeneración muscular | Sin azúcar | Sin gluten | Sin lactosa | Trace Minerals | Vegano,,,Otros minerales y multiminerales,gid://shopify/TaxonomyCategory/hb-1-9-6-6-4,Multimineral Supplements,multi-mineral-MAGNESIUM+OTHER,alta,no,
9633002979649,magnesio-l-treonato-magtein-144-mg-de-now-foods-apoyo-cognitivo-para-la-memoria-y-el-aprendizaje-90-capsulas-vegetales,Magnesio L-Treonato - Magtein 144 mg de NOW Foods | Apoyo Cognitivo para la Memoria y el Aprendizaje | 90 Cápsulas Vegetales,Vitaminate,ACTIVE,+18 Años | Adultos | Ansiedad y estrés | Combinados de Magnesio | descuento-15 | duracion 30 | Indiferente | NOW Foods | Sin azúcar | Sin gluten | Sin lactosa | Sueño y descanso | Suplementos Combinados | treonato-de-magnesio | Vegano | Vegetariano,,,Magnesio,gid://shopify/TaxonomyCategory/hb-1-9-6-6-3,Magnesium,mineral-MAGNESIUM,alta,no,
10240838631745,magnesio-marino-b-fit-apoya-relajacion-muscular-sistema-nervioso-90-capsulas,"Magnesio marino B-fit | Apoya relajación muscular, sistema nervioso | 90 cápsulas",B FIT,ACTIVE,vitadeals,,,Magnesio,gid://shopify/TaxonomyCategory/hb-1-9-6-6-3,Magnesium,mineral-MAGNESIUM,alta,no,
9978786971969,neuro-magnesio-briah-favorece-la-funcion-cognitiva-60-capsulas-blandas,Magnesio Neuro  L- Treonato de Magnesio de Briah | Función cognitiva | 60 cápsulas blandas,OLSEGO GROUP,ACTIVE,duracion 30 | vitadeals,,,Magnesio,gid://shopify/TaxonomyCategory/hb-1-9-6-6-3,Magnesium,mineral-MAGNESIUM,alta,no,
9975698358593,magnesio-pro-ultra-de-supplement-factory-favorece-la-relajacion-muscular-y-el-descanso-huesos-y-articulaciones-60-capsulas,"Magnesio PRO Ultra de Supplement Factory | Favorece la relajación muscular y el descanso, huesos y articulaciones  | 60 cápsulas",Natsa,ACTIVE,duracion 30,,,Magnesio,gid://shopify/TaxonomyCategory/hb-1-9-6-6-3,Magnesium,mineral-MAGNESIUM,alta,no,
10025765273921,magnesio-quelado-magnesium-support-de-nutriadn-promueve-el-equilibrio-neurologico-60-capsulas,"Magnesio quelado, Magnesium Blend de nutriADN | Promueve el equilibrio neurológico | 60 cápsulas",NutriADN,ACTIVE,PRO | vitadeals,,,Magnesio,gid://shopify/TaxonomyCategory/hb-1-9-6-6-3,Magnesium,mineral-MAGNESIUM,alta,no,
10031975891265,magnesio-super-complex-4-tipos-de-magnesio-vitamina-b6-60-capsulas,Magnesio Súper Complex | 4 tipos de Magnesio + Vitamina b6 | 60 Cápsulas,OLSEGO GROUP,ACTIVE,PRO | vitadeals,,,Magnesio,gid://shopify/TaxonomyCategory/hb-1-9-6-6-3,Magnesium,ai: Cuatro formas de magnesio; B6 es cofactor,alta,si,no
9884866412865,magnesio-bisglicinato-malato-funcion-muscular-y-nerviosa-60-y-180-capsulas,Magnesio Total | IVB Wellness Lab | Bisglicinato y Malato | Apoyo Muscular y Nervioso | 60 Cápsulas,OLSEGO GROUP,ACTIVE,duracion 30 | PRO,,,Magnesio,gid://shopify/TaxonomyCategory/hb-1-9-6-6-3,Magnesium,mineral-MAGNESIUM,alta,no,
10278500041025,magnesio-treonato-optimag-neuro-xymogen-favorece-memoria-y-concentracion-sistema-nervioso-polvo-75-g,"Magnesio Treonato OptiMag Neuro Xymogen | Favorece memoria y concentración, sistema nervioso  | Polvo 75 g",OLSEGO GROUP,ACTIVE,,,,Magnesio,gid://shopify/TaxonomyCategory/hb-1-9-6-6-3,Magnesium,mineral-MAGNESIUM,alta,no,
9605623578945,citrato-glicinato-oroato-gluconato-de-magnesio-600mg-con-b6-de-vida-labs-promueve-la-relajacion-muscular-ayudando-a-reducir-tensiones-y-calambres-60-capsulas-vegetales,Magnesio ULTRA | Citrato + Glicinato + Oroato + Gluconato con Vitamina B6 de Vida Labs - Relajación Muscular y Reducción de Calambres | 60 Cápsulas Vegetales,Wohl/VidaLabs,ACTIVE,+18 Años | Adultos | citrato-de-magnesio | duracion 15 | Indiferente | Minerales | Recuperación y regeneración muscular | Sin azúcar | Sin gluten | Sin lactosa | Vegetariano | VidaLabs | vitadeals,,,Magnesio,gid://shopify/TaxonomyCategory/hb-1-9-6-6-3,Magnesium,ai: Múltiples sales de magnesio con B6 como cofactor,alta,si,no
9676812583233,magnesio-cloruro-potasio-endure-performance-electrolitos-de-trace-minerals-mezcla-especial-de-electrolitos-esenciales-que-su-cuerpo-necesita-para-funcionar-a-niveles-optimos-de-energia-resistencia-e-hidratacion-30-y-118ml,"Magnesio, Cloruro, Potasio ENDURE Performance Electrolitos de Trace Minerals | Mezcla especial de electrolitos esenciales que su cuerpo necesita para funcionar a niveles óptimos de energía, resistencia e hidratación | 30 y 118ml",Superlabs,ACTIVE,+18 Años | Adultos | Cloro | Combinado de minerales | combinados-de-magnesio | descuento-10 | duracion 12 | Indiferente | Minerales | Potasio | Potenciar la energía | Recuperación y regeneración muscular | Sin azúcar | Sin gluten | Sin lactosa | Trace Minerals | Vegetariano,,,Otros minerales y multiminerales,gid://shopify/TaxonomyCategory/hb-1-9-6-6-4,Multimineral Supplements,multi-mineral-MAGNESIUM+OTHER,alta,no,
9937148182849,neuro-sleep-eternal-nutrition-descanso-y-relajacion-200-capsulas,"Magnesio, L- Teanina, SAM-e y Apigenina 98 % Neuro Sleep Eternal Nutrition | Descanso y relajación | 200 Cápsulas",Eternal,ACTIVE,duracion 200 | PRO,,,Magnesio,gid://shopify/TaxonomyCategory/hb-1-9-6-6-3,Magnesium,mineral-MAGNESIUM,alta,no,
9992092746049,blend-de-magnesio-quatrefolic®-vitaminas-b1-b2-b3-b5-b6-b12-d3-k2-y-biotina-acerola-extracto-magnesium-ultra-de-cellx-90-capsulas,"Magnesium Ultra de CellX | Blend (combinado) de Magnesio, Quatrefolic®, Vitaminas B1, B2, B3, B5, B6, B12, D3, K2 y Biotina, Acerola extracto 90 Cápsulas",Cellx,ACTIVE,duracion 30 | vitadeals,,,Magnesio,gid://shopify/TaxonomyCategory/hb-1-9-6-6-3,Magnesium,"ai: Producto llamado Magnesium Ultra; vitaminas B, D3 y K2 como cofactores",media,si,no
9966737260865,magno-n-mora-l-treonato-de-magnesio-magtein™-gaba,Magno-N Mora de Matter | L-Treonato de Magnesio Magtein™ & GABA | 180 gr,You Matter,ACTIVE,duracion 60 | vitadeals,,,Magnesio,gid://shopify/TaxonomyCategory/hb-1-9-6-6-3,Magnesium,mineral-MAGNESIUM,alta,no,
9999956083009,manteca-de-karite-organica-y-pura-3oz-85gr,Manteca de Karité Orgánica de NOW Foods | Hidrata profundamente la piel seca | 85 g,Vitaminate,ACTIVE,,,,Cuidado de la piel y cosmética,gid://shopify/TaxonomyCategory/hb-3-2-9,Skin Care,"ai: Manteca de karité tópica, no ingerible",alta,si,no
9606777995585,manzanilla-l-teanina-magnesio-y-zinc-4g-multivitaminico-relaha-de-suluu-ayuda-a-reducir-el-estres-y-la-ansiedad-promoviendo-la-relajacion-muscular-240g-en-60-gomitas-o-su-opcion-de-2-gomitas-para-el-dia-sabor-mora,"Manzanilla + L-Teanina + Magnesio y Zinc 4g Multivitamínico Relaha de Súluu | Ayuda a reducir el estrés y la ansiedad, promoviendo la relajación muscular | 240g en 60 gomitas sabor Mora",Súluu,ACTIVE,+18 Años | Adultos | Ansiedad y estrés | duracion 30 | Indiferente | Minerales | Sin lactosa | sulfato-de-magnesio | Súluu | Vegetariano | vitadeals,,,Multivitamínicos,gid://shopify/TaxonomyCategory/hb-1-9-6-7,Multivitamin Supplements,multivitaminico-explicito,alta,no,
9625575948609,maquibright-60-mg-apoyo-para-lagrimas-de-life-extension-promueve-la-produccion-saludable-de-lagrimas-y-la-hidratacion-ocular-natural-30-capsulas-vegetales,"MaquiBright 60 mg, Apoyo para Lágrimas de Life Extension | Promueve la Producción Saludable de Lágrimas y la Hidratación Ocular Natural | 30 cápsulas vegetales",OLSEGO GROUP,ACTIVE,+18 Años | Adultos | combinado-de-hongos-adaptogenos | Combinados de hierbas | descuento-10 | Hierbas | Indiferente | Life Extension | Salud ocular | Sin azúcar | Sin gluten | Sin lactosa | Suplementos herbales | Vegano | Vegetariano,,,Salud de la vista,gid://shopify/TaxonomyCategory/hb-1-9-6-5,Herbal Supplements,ai: Extracto de maqui para hidratación ocular,alta,si,no
9618738217281,mct-oil-1000-mg-de-now-sports-para-el-control-de-peso-150-capsulas-blandas,MCT Oil 1000 mg de NOW Sports |Ideal para deportistas de alto rendimiento | 150 cápsulas blandas,Vitaminate,ACTIVE,+18 Años | aceite-mtc | Adultos | Control del peso | descuento-10 | duracion 50 | Indiferente | NOW Sports | Potenciar la energía | Sin azúcar | Sin gluten | Sin lactosa | Vegano | Vegetariano | Ácidos grasos y omegas,,,Control de peso y metabolismo,gid://shopify/TaxonomyCategory/hb-1-9-6,Vitamins & Supplements,ai: Aceite MCT para energía y control de peso,media,si,no
10278640877889,medcaps-t3-xymogen-soporte-tiroideo-equilibrio-hormonal-120-capsulas-vegetales,"MedCaps T3 Xymogen | Soporte Tiroideo, equilibrio hormonal  | 120 Cápsulas Vegetales",OLSEGO GROUP,ACTIVE,,,,Apoyo tiroideo,gid://shopify/TaxonomyCategory/hb-1-9-6-5,Herbal Supplements,ai: Fórmula herbal-mineral de soporte tiroideo,media,si,no
9599752405313,mega-d-3-5000-iu-y-mk-7-180-mcg-vitaminas-d-3-y-k-2-de-now-foods-para-huesos-y-sistema-cardiovascular-60-capsulas-veganas,"Mega D-3 5000 IU y MK-7 180 mcg, Vitaminas D-3 y K-2 de NOW Foods para Huesos y Sistema Cardiovascular | 60 Cápsulas Veganas",OLSEGO GROUP,ACTIVE,+18 Años | Adultos | articulaciones y cartílago | duracion 60 | Fortalecimiento de huesos | Indiferente | NOW Foods | PRO | Sin azúcar | Sin gluten | Sin lactosa | Sistema cardiovascular | Vegano | Vegetariano | vitamina-d-3-k-2 | Vitaminas,,,Multivitamínicos,gid://shopify/TaxonomyCategory/hb-1-9-6-7,Multivitamin Supplements,multi-vitamina-VIT_D+VIT_K,alta,no,
9810228838721,complejo-de-vitaminas-b-con-absorcion-mejorada-de-irwin-naturals-apoyo-energetico-60-capsulas,Mega D3 &amp; K2 + Extracto de Curcuma de Irwin Naturals |  Apoya el funcionamiento adecuado del sistema nervioso | 60 Cápsulas,Vitaminate,ACTIVE,duracion 60,,,Multivitamínicos,gid://shopify/TaxonomyCategory/hb-1-9-6-7,Multivitamin Supplements,multi-vitamina-VIT_D+VIT_K,alta,no,
9617430741313,mega-dha-1-000mg-omega-3-de-natures-way-apoya-y-promueve-la-funcion-cognitiva-y-ocular-60-capsulas-blandas,Mega DHA 1.000mg Omega 3 de Nature's Way | Apoya y promueve la función cognitiva y ocular | 60 cápsulas blandas,Vitaminate,ACTIVE,+18 Años | Adultos | descuento-15 | duracion 30 | Indiferente | Natures Way | omega-3 | Salud cognitiva | Salud ocular | Sin azúcar | Sin gluten | Sin lactosa | Ácidos grasos y omegas,,,Omega 3 y aceites de pescado,gid://shopify/TaxonomyCategory/hb-1-9-6-11,Omega Fatty Acids,omega,alta,no,
9620636303681,melatonina-1mg-suplemento-alimenticio-sueno-y-descanso,"Melatonina 1mg de Now Foods | Apoya el sistema nervioso y la relajación, Favorece un ciclo de sueño saludable | 100 Cápsulas",Vitaminate,ACTIVE,descuento-25 | duracion 100 | Indiferente | Sueño y descanso,,,Sueño y relajación,gid://shopify/TaxonomyCategory/hb-1-9-6-12,Sleep Supplements,melatonina,alta,no,
9621800419649,melatonina-3-mg-de-swanson-contribuye-a-reducir-el-insomnio-promoviendo-un-descanso-reparador-120-capsulas-vegetales,"Melatonina 3 mg de Swanson | Contribuye a reducir el insomnio, promoviendo un descanso reparador | 120 cápsulas vegetales",Superlabs,ACTIVE,+18 Años | Adultos | descuento-25 | duracion 120 | Hormonas y Neurotransmisores | Indiferente | melatonina | Sin azúcar | Sin gluten | Sin lactosa | Sueño y descanso | Swanson | Vegetariano | vitadeals,,,Sueño y relajación,gid://shopify/TaxonomyCategory/hb-1-9-6-12,Sleep Supplements,melatonina,alta,no,
9980986589505,melatonina-5-mg-natsa-favorece-la-conciliacion-del-sueno-de-forma-natural-100-tabletas,Melatonina 5 mg NATSA | Favorece la conciliación del sueño de forma natural | 100 cápsulas,Natsa,ACTIVE,duracion 50,,,Sueño y relajación,gid://shopify/TaxonomyCategory/hb-1-9-6-12,Sleep Supplements,melatonina,alta,no,
10091716149569,melatonina-5-mg-superlabs-ideal-para-complementar-habitos-saludables-de-sueno-100-tabletas,"Melatonina 5 mg, Superlabs | Ideal para complementar hábitos saludables de sueño | 100 Tabletas",Superlabs,ACTIVE,,,,Sueño y relajación,gid://shopify/TaxonomyCategory/hb-1-9-6-12,Sleep Supplements,melatonina,alta,no,
9618831835457,melatonina-5mg-de-now-foods-para-el-sueno-y-descanso-60-capsulas-vegetales,Melatonina 5mg de NOW Foods para el Sueño y Descanso | 60 cápsulas Vegetales,OLSEGO GROUP,ACTIVE,+18 Años | Adultos | Aminoácidos | descuento-25 | duracion 60 | Indiferente | melatonina | NOW Foods | PRO | Sin azúcar | Sin gluten | Sin lactosa | Sueño y descanso | Vegano | Vegetariano | vitadeals,,,Sueño y relajación,gid://shopify/TaxonomyCategory/hb-1-9-6-12,Sleep Supplements,melatonina,alta,no,
9619233079617,melatonina-de-triple-potencia-10mg-de-swanson-ayuda-a-regular-el-ciclo-del-sueno-favoreciendo-un-ritmo-circadiano-saludable-promueve-la-longevidad-60-capsulas-vegetales,"Melatonina de Triple Potencia 10mg de Swanson |  Ayuda a regular el ciclo del sueño, favoreciendo un ritmo circadiano saludable - Promueve la longevidad | 60 cápsulas vegetales",Vitaminate,ACTIVE,+18 Años | Adultos | descuento-25 | duracion 60 | Hormonas y Neurotransmisores | Indiferente | Longevidad y vitalidad | melatonina | PRO | Sin azúcar | Sin gluten | Sin lactosa | Sistema inmunitario | Sueño y descanso | Swanson | Vegano | vitadeals,,,Sueño y relajación,gid://shopify/TaxonomyCategory/hb-1-9-6-12,Sleep Supplements,melatonina,alta,no,
9618849104193,melatonina-extra-fuerte-10-mg-de-now-foods-apoyo-al-sueno-saludable-con-100-capsulas-vegetarianas,"Melatonina Extra Fuerte 10 mg de NOW Foods |  Apoyo al Sueño Saludable, Proporciona apoyo antioxidante adicional | 100 Cápsulas Vegetarianas",OLSEGO GROUP,ACTIVE,+18 Años | Adultos | Aminoácidos | descuento-15 | duracion 100 | Indiferente | melatonina | NOW Foods | Sin azúcar | Sin gluten | Sin lactosa | Sueño y descanso | Vegano | Vegetariano | vitadeals,,,Sueño y relajación,gid://shopify/TaxonomyCategory/hb-1-9-6-12,Sleep Supplements,melatonina,alta,no,
9604872405313,melatonina-liquida-3mg-sabor-citrus-vainilla-de-life-extension-contribuye-a-promover-un-sueno-y-descanso-reparador-59ml,Melatonina líquida 3mg sabor citrus - vainilla de Life Extension  | Contribuye a promover un sueño y descanso reparador | 59ml,OLSEGO GROUP,ACTIVE,+18 Años | Adultos | descuento-15 | duracion 59 | Hormonas y Neurotransmisores | Indiferente | Life Extension | melatonina | Potenciar la energía | Sin azúcar | Sin gluten | Sin lactosa | Sueño y descanso | Vegano | Vegetariano | vitadeals,,,Sueño y relajación,gid://shopify/TaxonomyCategory/hb-1-9-6-12,Sleep Supplements,melatonina,alta,no,
9618820464961,melatonina-liquida-extra-fuerza-3-mg-59-ml-de-now-foods-regula-el-ciclo-del-sueno,"Melatonina Líquida Extra Fuerza 3 mg, 59 ml de NOW Foods | Regula el Ciclo del Sueño",Superlabs,ACTIVE,+18 Años | Adultos | descuento-25 | duracion 66 | Hormonas y Neurotransmisores | Indiferente | melatonina | NOW Foods | Sin azúcar | Sin gluten | Sin lactosa | Sueño y descanso | Vegetariano | vitadeals,,,Sueño y relajación,gid://shopify/TaxonomyCategory/hb-1-9-6-12,Sleep Supplements,melatonina,alta,no,
9794126086465,melatonina-citrato-de-magnesio-calcio-gaba-y-5htp-de-michaels-health-formula-disenada-para-apoyar-el-sueno-y-buen-descanso-del-organismo-30-capsulas-veganas,"Melatonina, Citrato de Magnesio, Calcio, GABA y 5HTP de Michael's Health | Formula diseñada para apoyar el sueño y buen descanso del organismo | 30 Cápsulas Veganas",Vitaminate,ACTIVE,descuento-10 | duracion 10,,,Otros minerales y multiminerales,gid://shopify/TaxonomyCategory/hb-1-9-6-6-4,Multimineral Supplements,multi-mineral-MAGNESIUM+CALCIUM,alta,no,
9976839864641,melena-de-leon-lions-mane-500-mg-de-natsa-estimula-la-memoria-y-estado-de-animo-antioxidante-y-antiinflamatorio-100-capsulas,"Melena de León - Lions Mane 500 mg de NATSA | Memoria y estado de ánimo, antioxidante y antiinflamatorio | 100 cápsulas",Natsa,ACTIVE,duracion 50,,,Hongos funcionales,gid://shopify/TaxonomyCategory/hb-1-9-6-5,Herbal Supplements,ai: Hongo melena de león en cápsulas,alta,si,no
9970327322945,melena-de-leon-de-lalun-enfoque-y-concentracion-30-capsulas,Melena de Leon de Lalun | Enfoque y concentración | 30 Cápsulas,Lalun Organic,ACTIVE,duracion 30,,,Hongos funcionales,gid://shopify/TaxonomyCategory/hb-1-9-6-5,Herbal Supplements,ai: Hongo melena de león,alta,si,no
9719020224833,melena-de-leon-organica-500-mg-de-now-foods-apoya-el-bienestar-cognitivo-60-capsulas-vegetales,Melena de León Orgánica 500 mg de Now Foods | Apoya el bienestar cognitivo | 60 Cápsulas Vegetales,OLSEGO GROUP,ACTIVE,+18 Años | Adultos | Ansiedad y estrés | Concentración | duracion 30 | Hongos Adaptógenos | Indiferente | melena-de-leon | memoria y atención | NOW Foods | PRO | Salud cognitiva | Sin azúcar | Sin gluten | Vegano,,,Hongos funcionales,gid://shopify/TaxonomyCategory/hb-1-9-6-5,Herbal Supplements,ai: Melena de león orgánica en cápsulas,alta,si,no
9692694446401,melissa-officinalis-balsamo-de-limon-500mg-de-adapto-heal-propiedades-calmantes-que-ayudan-a-reducir-el-estres-y-promover-la-relajacion-150-capsulas-vegetales,Melissa cápsulas Adaptoheal 500 mg | Propiedades calmantes que ayudan a reducir el estrés y promover la relajación | 150 Cápsulas Vegetales,AdaptoHeal,ACTIVE,+18 Años | AdaptoHeal | Adultos | Ansiedad y estrés | Hierbas | Indiferente | melissa-officinalis | Sin azúcar | Sin gluten | Sin lactosa | Sueño y descanso | Suplementos herbales | Vegano | vitadeals,,,Sueño y relajación,gid://shopify/TaxonomyCategory/hb-1-9-6-5,Herbal Supplements,ai: Melissa officinalis calmante herbal,alta,si,no
9604914774337,melissa-oficinalis-y-l-teanina-300-mg-de-life-extension-contribuye-en-el-alivio-del-estres-y-la-ansiedad-30-capsulas-vegetarianas-de-liberacion-rapida,Melissa Oficinalis y L-Teanina 300 mg de Life Extension | Contribuye en el alivio del estrés y la ansiedad | 30 Cápsulas Vegetarianas de Liberación Rápida,OLSEGO GROUP,ACTIVE,+18 Años | Adultos | Ansiedad y estrés | extracto-de-balsamo-de-limon | Hierbas | Indiferente | Life Extension | Sin azúcar | Sin gluten | Sin lactosa | Suplementos herbales | Vegano | Vegetariano,,,Aminoácidos y BCAA,gid://shopify/TaxonomyCategory/hb-1-9-6-1-2,Single Amino Acid Supplements,aminoacido-individual,alta,no,
9999954477377,membrana-de-cascara-de-huevo-500-mg-60-veg-caps,Membrana de Cáscara de huevo 500 MG | Soporte Articular | 60 cápsulas,Vitaminate,ACTIVE,duracion 60,,,Articulaciones y huesos,gid://shopify/TaxonomyCategory/hb-1-9-6,Vitamins & Supplements,"ai: Membrana de cáscara de huevo, soporte articular",alta,si,no
10126857830721,memory-on-de-ivb-cognizin®-same-bacomind®-extracto-seco-de-de-bacopa-monnieri-zinc-cobre-60-capsulas,"Memory-ON de IVB | Cognizin®,  SAMe,	 Bacomind®, Extracto seco de de Bacopa Monnieri , Zinc, Cobre | 60 Cápsulas",OLSEGO GROUP,ACTIVE,,,,Otros minerales y multiminerales,gid://shopify/TaxonomyCategory/hb-1-9-6-6-4,Multimineral Supplements,multi-mineral-ZINC+OTHER,alta,no,
10109021913409,menocare-himalaya-favorece-el-equilibrio-femenino-diario-acompana-cambios-hormonales-naturales-120-capsulas-vegetales-1,"Menocare Himalaya | Favorece el equilibrio femenino diario, acompaña cambios hormonales naturales | 120 cápsulas vegetales",OLSEGO GROUP,ACTIVE,vitadeals,,,Bienestar femenino y menopausia,gid://shopify/TaxonomyCategory/hb-1-9-6-5,Herbal Supplements,ai: Fórmula herbal ayurvédica para equilibrio femenino,alta,si,no
9662985896257,men-́s-multivitamin-suplemento-fortalece-sistema-inmune-1,Mens Blend B Life Multivitamínico Masculino y Creatina | 180 cápsulas,Blife,ACTIVE,+18 Años | Adultos | B-Life | BCAA | Complejo Vitamina B | creatina-monohidratada | descuento-15 | duracion 180 | Hombre | L-arginina | Multivitaminicos para hombre | PRO | Recuperación y regeneración muscular | Sin azúcar | Sin gluten | Sistema cardiovascular | Sistema inmunitario | Vegetariano | vitadeals | Vitamina C | Vitamina D | Vitamina K | Vitaminas,,,Creatina,gid://shopify/TaxonomyCategory/hb-1-9-6-3,Creatine,creatina,alta,no,
9661696770369,mens-mult-matur3-40-suplemento-multivitaminico-salud-hormonal,Mens Mult Matur3 B Life Multivitamínico | Nutrición Masculina | 180 cápsulas,Blife,ACTIVE,+18 Años | Adultos | B-Life | BCAA | Calcio | Colágeno Hidrolizado | Complejo Vitamina B | Creatina monohidratada | descuento-15 | duracion 90 | Hombre | L-arginina | maca | Multivitaminicos para hombre | Potasio | Potenciar la energía | PRO | Probióticos | Sin azúcar | Sin gluten | Sin lactosa | Sistema cardiovascular | Sistema inmunitario | vitadeals | Vitamina C | Vitamina D | Vitamina K | Vitaminas,,,Multivitamínicos,gid://shopify/TaxonomyCategory/hb-1-9-6-7,Multivitamin Supplements,multivitaminico-explicito,alta,no,
9647482569025,mens-t-platinum-formula-con-creatina-aminoacidos-500-mg,Mens T Platinum | B-Life | Fórmula para Hombres con Creatina y Acido aspártico | 240 cápsulas,Blife,ACTIVE,+18 Años | acido-aspartico | Adultos | B-Life | Boro | Combinados para Hombre | Creatina monohidratada | descuento-15 | duracion 30 | Fenogreco | Ganancia de masa muscular | Hombre | L-arginina | Potenciar la energía | PRO | Salud masculina | Sin azúcar | Sin gluten | Sin lactosa | Suplementos Combinados | Tribulus terrestris | vitadeals | Vitamina D3 | Zinc,,,Creatina,gid://shopify/TaxonomyCategory/hb-1-9-6-3,Creatine,creatina,alta,no,
10126858060097,metabolic-max-de-ivb-berbevis®-gimnema-cardo-mariano-piperina-y-cromo-60-capsulas,"Metabolic-Max de IVB | Berbevis®, Gimnema, Cardo mariano, Piperina y Cromo| 60 Cápsulas",OLSEGO GROUP,ACTIVE,,,,Control de peso y metabolismo,gid://shopify/TaxonomyCategory/hb-1-9-6-5,Herbal Supplements,"ai: Berberina, gimnema y cromo para metabolismo",alta,si,no
9999950512449,metilo-b12-1000-mcg-100-pastillas,"Methyl B-12, Vitamina B12 de NOW Foods 1000 mcg | Apoya el funcionamiento del sistema nervioso | 100 tabletas",Vitaminate,ACTIVE,PRO,,,Complejo B y B12,gid://shopify/TaxonomyCategory/hb-1-9-6-9-3,Vitamin B,vitamina-VIT_B,alta,no,
9620483440961,metil-b-12-1000mcg-de-now-foods-apoyo-al-sistema-nervioso-contribuye-en-la-funcion-cognitiva-y-la-memoria-100-pastillas-veganas,Metil B-12 1000mcg de Now Foods  | Apoyo al Sistema Nervioso - Contribuye en la función cognitiva y la memoria | 100 pastillas veganas,OLSEGO GROUP,ACTIVE,+18 Años | Adultos | descuento-25 | duracion 100 | Indiferente | NOW Foods | PRO | Salud cognitiva | Sin azúcar | Sin gluten | Sin lactosa | Vegano | Vitaminas,,,Complejo B y B12,gid://shopify/TaxonomyCategory/hb-1-9-6-9-3,Vitamin B,vitamina-VIT_B,alta,no,
9648406331713,metil-folato-vitamina-b9-levadura-nutricional-500mg-de-tibet-natura-apoya-la-funcion-cerebral-y-cardiovascular-al-contribuir-a-la-reduccion-de-los-niveles-de-homocisteina-60-capsulas-vegetales,Metil Folato - Vitamina B9 + Levadura nutricional 500mg de Tibet Natura | Apoya la función cerebral y cardiovascular al contribuir a la reducción de los niveles de homocisteína | 60 cápsulas vegetales,Flow Supplements,ACTIVE,+18 Años | Adultos | descuento-15 | duracion 30 | Indiferente | Keto | Levadura nutricional | Sin azúcar | Sin gluten | Sin lactosa | Sistema cardiovascular | Sistema inmunitario | Tibet Natura | vitadeals | Vitamina B9 (Ácido fólico) | vitamina-b-9 | Vitaminas,,,Complejo B y B12,gid://shopify/TaxonomyCategory/hb-1-9-6-9-3,Vitamin B,vitamina-VIT_B,alta,no,
9618551112001,metil-folato-1-000-mcg-de-now-foods-apoya-la-salud-neurologica-y-la-division-celular-90-tabletas-vegetales,"Metil Folato 1,000 mcg de NOW Foods | Apoya la salud neurológica y la división celular | 90 tabletas vegetales",OLSEGO GROUP,ACTIVE,+18 Años | Adultos | descuento-15 | duracion 90 | Indiferente | NOW Foods | PRO | Sin azúcar | Sin gluten | Sin lactosa | Sistema cardiovascular | Sistema inmunitario | Vegano | Vegetariano | vitamina-b-9 | Vitaminas,,,Complejo B y B12,gid://shopify/TaxonomyCategory/hb-1-9-6-9-3,Vitamin B,vitamina-VIT_B,alta,no,
9769343484225,metil-folato-400-mcg-dfe-de-kal-funcion-cardiovascular-bienestar-mental-apoyo-en-el-embarazo-bienestar-fetal-90-tabletas,"Metil Folato 400 mcg DFE de KAL | Función cardiovascular y cognitiva, Bienestar mental, Apoyo en el embarazo, Desarrollo fetal | 90 Tabletas",Fresh Vitamins,ACTIVE,duracion 90,,,Complejo B y B12,gid://shopify/TaxonomyCategory/hb-1-9-6-9-3,Vitamin B,vitamina-VIT_B,alta,no,
9618571821377,metil-folato-5-000-mcg-de-now-foods-apoya-la-salud-neurologica-y-la-division-celular-50-capsulas-vegetales,"Metil Folato 5,000 mcg de NOW Foods | Apoya la salud neurológica y la división celular | 50 cápsulas vegetales",Vitaminate,ACTIVE,+18 Años | Adultos | duracion 50 | Indiferente | NOW Foods | Sin azúcar | Sin gluten | Sin lactosa | Sistema cardiovascular | Sistema inmunitario | Vegano | Vegetariano | vitamina-b-9 | Vitaminas,,,Complejo B y B12,gid://shopify/TaxonomyCategory/hb-1-9-6-9-3,Vitamin B,vitamina-VIT_B,alta,no,
10126858191169,metil-b12-liquido-de-ivb-funcion-del-sistema-nervioso-e-inmunitario-60-capsulas,Metil-B12 Líquido de IVB | Función del sistema nervioso e inmunitario| 60 Cápsulas,OLSEGO GROUP,ACTIVE,vitadeals,,,Complejo B y B12,gid://shopify/TaxonomyCategory/hb-1-9-6-9-3,Vitamin B,vitamina-VIT_B,alta,no,
9599720685889,metilcobalamina-vitamina-b12-de-1mg-life-extension-apoyo-de-la-funcion-cardiovascular-y-formacion-de-globulos-rojos-60-capsulas-vegetales,"Metilcobalamina, Vitamina B12 de 1mg Life Extension | Apoyo de la función cardiovascular y formación de glóbulos rojos | 60 cápsulas vegetales",OLSEGO GROUP,ACTIVE,+18 Años | Adultos | duracion 60 | Indiferente | Life Extension | Potenciar la energía | PRO | Salud cognitiva | Sin azúcar | Sin gluten | Sin lactosa | Sistema cardiovascular | Vegano | Vegetariano | vitamina-b-12 | Vitaminas,,,Complejo B y B12,gid://shopify/TaxonomyCategory/hb-1-9-6-9-3,Vitamin B,vitamina-VIT_B,alta,no,
9640315879745,metilfolato-nac-vitamina-e-c-coenzima-q10-y-acido-alfa-lipoico-de-nutriadn-apoyo-a-la-fertilidad-y-calidad-ovarica-femenina-120-capsulas-vegetales,"Metilfolato, NAC, Vitamina E, C + Coenzima Q10 y Ácido Alfa Lipoico de NutriADN | Complemento ideal para una rutina de bienestar femenino | 120 Cápsulas Vegetales",NutriADN,ACTIVE,+18 Años | Adultos | Antioxidantes | Coenzima Q10 | duracion 30 | Mujer | n-acetilcisteina-nac | NutriADN | Salud femenina | Sin azúcar | Sin gluten | Sin lactosa | Suplementos Combinados | Vegano | Vegetariano | vitadeals | Vitamina C | Vitamina E | Ácido alfa lipoico (ALA),,,Antioxidantes,gid://shopify/TaxonomyCategory/hb-1-9-6,Vitamins & Supplements,"ai: NAC, CoQ10, ALA y vitaminas antioxidantes combinados",media,si,no
9999956312385,mezcla-de-aceites-esenciales-alivio-al-dolor-de-cabeza-roll-on-organico-10-ml,Mezcla de Aceites Esenciales  |  Alivio al Dolor de Cabeza | Roll-on Orgánico (10 ml),Vitaminate,ACTIVE,duracion 30,,,Aceites esenciales y aromaterapia,gid://shopify/TaxonomyCategory/hb-3-21-2,Essential Oil Blends,topico-mezcla-esencial,alta,no,
9999956246849,mezcla-de-aceites-esenciales-de-te-de-arbol-roll-on-organico-10-ml,"Mezcla de Aceites Esenciales de Te de Arbol, Roll-on Organico | Complementa rutinas de cuidado facial, purifica la piel | 10 ml",Vitaminate,ACTIVE,,,,Aceites esenciales y aromaterapia,gid://shopify/TaxonomyCategory/hb-3-21-2,Essential Oil Blends,topico-mezcla-esencial,alta,no,
9635145417025,mezcla-de-aloe-vera-340g-de-natures-way-para-el-bienestar-digestivo-100-capsulas-veganas,"Mezcla de Aloe Vera, 340g de Nature's Way para el Bienestar Digestivo | 100 cápsulas veganas",Vitaminate,ACTIVE,10 a 18 Años | Adultos | combinados-de-hierbas | descuento-10 | Hierbas | Indiferente | Natures Way | Salud digestiva | Sin azúcar | Sin gluten | Sin lactosa | Suplementos herbales | Vegano | Vegetariano,,,Digestivos y confort intestinal,gid://shopify/TaxonomyCategory/hb-1-9-6-5,Herbal Supplements,ai: Aloe vera herbal para bienestar digestivo,alta,si,no
9661519593793,mezcla-de-colageno-acido-hialuronico-b-life-fortalece-piel-cabello-y-unas-180-capsulas,"Mezcla de Colágeno + Ácido Hialurónico | B-Life | Fortalece Piel, Cabello y Uñas | 180 cápsulas",Blife,ACTIVE,+18 Años | Adultos | articulaciones y cartílago | B-Life | colageno | Colágeno Hidrolizado | Cuidado del cabello | descuento-15 | duracion 90 | Fortalecimiento de huesos | huesos y articulaciones | Indiferente | Piel | piel y uñas | PRO | Sin azúcar | Sin gluten | Sin lactosa | Vegetariano | vitadeals | Vitamina C | Ácido hialurónico,,,Colágeno,gid://shopify/TaxonomyCategory/hb-1-9-6-2,Collagen,colageno,alta,no,
9645404586305,mezcla-de-electrolitos-con-vitamina-c-y-d-carbs-mix-de-quenut-nutricion-deportiva-apoyo-de-la-funcion-muscular-energia-presentacion-de-700g-con-distintos-sabores,Mezcla de Electrolitos con Vitamina C  y D - Carbs Mix de Quenut | Nutrición Deportiva | Apoyo de la función Muscular + Energía | Presentación de 700g con distintos sabores,Quenut,ACTIVE,+18 Años | Adultos | Aumento de rendimiento físico | complejo-de-aminoacidos | duracion 24 | Ganancia de masa muscular | Gluconato de calcio | Gluconato de zinc | Indiferente | Potenciar la energía | Pre y post entreno | Quenut | Recuperación y regeneración muscular | Sin gluten | Sin lactosa | Sulfato de Magnesio | Vegano | Vitamina C | Vitamina D,,,Vitamina C,gid://shopify/TaxonomyCategory/hb-1-9-6-9-4,Vitamin C,vitamina-VIT_C,alta,no,
9594916241729,mezcla-de-electrolitos-con-vitaminas-esenciales-hydration-i-v-de-trace-minerals-hidratacion-eficaz-y-rapida-bajo-en-calorias-sabor-a-limonada-de-frambuesa-256g-en-16-sobres-de-16g,"Mezcla de Electrolitos con Vitaminas Esenciales Hydration I.V. de Trace Minerals |  Hidratación Eficaz y Rápida, Bajo en Calorías, Sabor a Limonada de Frambuesa | 256g en 16 Sobres de 16g",Vitaminate,ACTIVE,+18 Años | duracion 16 | Indiferente | Potenciar la energía | Trace Minerals,,,Potasio y electrolitos,gid://shopify/TaxonomyCategory/hb-1-9-6-6-4,Multimineral Supplements,ai: Mezcla de electrolitos en sobres para hidratación,alta,si,no
9863434600769,mezcla-de-enzimas-digestivas-con-bromelina-bilis-de-buey-pancreatina-y-papaina-de-now-foods-enzimas-para-la-absorcion-de-nutrientes-y-apoyo-digestivo-180-capsulas-vegetales,"Mezcla de Enzimas Digestivas con Bromelina, Bilis de Buey, Pancreatina y Papaína de NOW Foods | Enzimas para la Absorción de Nutrientes y Apoyo Digestivo | 180 Cápsulas Vegetales",Vitaminate,ACTIVE,+18 Años | Adultos | duracion 180 | enzimas-digestivas | Indiferente | NOW Foods | prebióticos y enzimas | Probioticos | Salud digestiva | Sin azúcar | Sin gluten | Sin lactosa | Vegetariano | vitadeals,,,Enzimas digestivas,gid://shopify/TaxonomyCategory/hb-1-9-6-4-3,Digestive Enzymes,enzimas,alta,no,
9618892718401,mezcla-de-enzimas-digestivas-con-bromelina-bilis-de-buey-pancreatina-y-papaina-de-now-foods-super-enzimas-para-la-optimizacion-de-la-absorcion-de-nutrientes-y-apoyo-digestivo-90-capsulas-vegetales,"Mezcla de Enzimas Digestivas con Bromelina, Bilis de Buey, Pancreatina y Papaína de NOW Foods | Enzimas para la Absorción de Nutrientes y Apoyo Digestivo | 90 Cápsulas vegetales",OLSEGO GROUP,ACTIVE,+18 Años | Adultos | duracion 90 | enzimas-digestivas | Indiferente | NOW Foods | prebióticos y enzimas | PRO | Probioticos | Salud digestiva | Sin azúcar | Sin gluten | Sin lactosa | Vegetariano,,,Enzimas digestivas,gid://shopify/TaxonomyCategory/hb-1-9-6-4-3,Digestive Enzymes,enzimas,alta,no,
9621463695681,mezcla-de-enzimas-patentadas-28mg-pancreatina-145mg-y-bioperina-5mg-de-swanson-bienestar-digestivo-ayuda-a-reducir-la-hinchazon-60-capsulas-vegetales,"Mezcla de Enzimas patentadas 28mg + Pancreatina 145mg y Bioperina 5mg de Swanson | Bienestar digestivo, ayuda a reducir la hinchazón | 60 cápsulas vegetales",Vitaminate,ACTIVE,+18 Años | Adultos | Alivio del dolor crónico | descuento-10 | Desintoxicación | duracion 60 | enzimas-digestivas | Indiferente | prebióticos y enzimas | Probioticos | Salud digestiva | Sin azúcar | Sin gluten | Sin lactosa | Swanson | Vegetariano,,,Enzimas digestivas,gid://shopify/TaxonomyCategory/hb-1-9-6-4-3,Digestive Enzymes,enzimas,alta,no,
9999949398337,vitalidad-de-ginseng-organico-liquido-1-fl-oz-30ml-mary-ruth-s,"Mezcla de Ginseng asiático, Ginseng americano, Ashwagandha, Eleuthero, Maca, Vitality de MaryRuth’s | Suplemento Adaptógeno Líquido| 30 ml",Vitaminate,ACTIVE,duracion 30,,,Adaptógenos y manejo del estrés,gid://shopify/TaxonomyCategory/hb-1-9-6-5,Herbal Supplements,"ai: Ginseng, ashwagandha y maca líquidos adaptógenos",alta,si,no
9639798931777,mezcla-de-hongos-adaptogenos-reishi-melena-de-leon-cordyceps-chaga-entre-otros-700mg-adapta-de-wu-nutrition-accion-antioxidante-antiinflamatoria-que-promueve-un-sistema-inmunologico-saludable-120-capsulas-vegetales,"Mezcla de Hongos Adaptógenos, Reishi, Melena de León, Cordyceps, Chaga, entre otros 700mg Adapta de WU Nutrition  | Acción antioxidante, antiinflamatoria, que promueve un sistema inmunológico saludable | 120 cápsulas vegetales",WU Nutrition,ACTIVE,+18 Años | Adultos | Ansiedad y estrés | Chaga | Combinado de hongos adaptógenos | Cordyceps | duracion 60 | Hongos Adaptógenos | Indiferente | Maitake | Melena de Léon | reishi | Shiitake | Sin azúcar | Sin gluten | Sistema cardiovascular | Sistema inmunitario | Sistema respiratorio | WU Nutrition,,,Hongos funcionales,gid://shopify/TaxonomyCategory/hb-1-9-6-5,Herbal Supplements,ai: Mezcla de hongos adaptógenos en cápsulas,alta,si,no
9644605243713,mezcla-de-probioticos-350mg-50-mil-millones-de-ufc-probiomed™-50-de-designs-for-health-bienestar-digestivo-e-inmunitario-30-capsulas-vegetales,Mezcla de Probióticos 350mg 50 Mil Millones de UFC ProbioMed™ 50 de Designs for Health | Bienestar Digestivo e Inmunitario | 30 Cápsulas Vegetales,OLSEGO GROUP,ACTIVE,+18 Años | Adultos | Ansiedad y estrés | Designs for health | duracion 30 | Indiferente | prebióticos y enzimas | PRO | probioticos | Salud digestiva | Sin azúcar | Sin gluten | Sin lactosa | Sistema inmunitario | Vegetariano | vitadeals,,,Probióticos,gid://shopify/TaxonomyCategory/hb-1-9-6-4-5,Probiotics,probiotico,alta,no,
9623778918721,enzimas-digestivas-completas-amilasa-proteasa-lipasa-de-90-capsulas-vegetales-bienestar-digestivo-de-now-foods,Mezcla enzimática BioCore Optimum™ - Optimal Digestive System de NOW Foods | Favorece la absorción eficiente de nutrientes | 90 cápsulas,Vitaminate,ACTIVE,+18 Años | descuento-15 | duracion 45 | enzimas-digestivas | Indiferente | Keto | NOW Foods | prebióticos y enzimas | Probioticos | Salud digestiva | Sin azúcar | Sin gluten | Sin lactosa,,,Enzimas digestivas,gid://shopify/TaxonomyCategory/hb-1-9-6-4-3,Digestive Enzymes,enzimas,alta,no,
9644337496385,mezcla-maestra-hongos-adaptogenos-650mg-por-capsula-de-commons-apoyo-en-la-inmunidad-prevencion-y-restauracion-diaria-integral-160-capsulas-vegetales,Mezcla Maestra de Hongos Adaptógenos 650mg por cápsula de Commons |  Ayuda a reducir la fatiga y el agotamiento mental | 160 cápsulas vegetales,Commons,ACTIVE,+18 Años | Adultos | Ansiedad y estrés | combinado-de-hongos-adaptogenos | Combinados de hierbas | Commons | duracion 160 | Hongos Adaptógenos | Indiferente | Salud digestiva | Sin azúcar | Sin gluten | Sin lactosa | Sistema inmunitario | Vegetariano | vitadeals,,,Hongos funcionales,gid://shopify/TaxonomyCategory/hb-1-9-6-5,Herbal Supplements,ai: Mezcla maestra de hongos adaptógenos,alta,si,no
9800472461633,mezcla-natural-de-ingredientes-herbales-disenada-para-proporcionar-alivio-a-gargantas-irritadas-y-ayudar-a-despejar-mucosidades-500mg-de-natures-answer-apoyo-respiratorio-spray-de-60ml,"Mezcla natural de ingredientes herbales 500mg de Nature's Answer | Apoyo Respiratorio, ayuda a disolver y despejar mucosidad | Spray de 60ml",Vitaminate,ACTIVE,descuento-10 | vitadeals,,,Hierbas y extractos botánicos,gid://shopify/TaxonomyCategory/hb-1-9-6-5,Herbal Supplements,ai: Spray herbal de apoyo respiratorio,media,si,no
9733123866945,mezcla-organica-patentada-en-gotas-para-el-bienestar-de-la-mujer-de-mary-ruths-1ml-por-porcion-apoya-el-equilibrio-hormonal-femenino-y-la-energia-gotero-de-30ml,Mezcla Orgánica Patentada en Gotas para el Bienestar de la Mujer de Mary Ruth's 1ml por porción | Apoya el Equilibrio Hormonal Femenino y la Energía | Gotero de 30ml,Vitaminate,ACTIVE,+18 Años | Adultos | descuento-10 | MaryRuth's | Mujer | Potenciar la energía | Salud femenina | Sin azúcar | Sin gluten | Sin lactosa | Suplementos herbales | Vegano,,,Bienestar femenino y menopausia,gid://shopify/TaxonomyCategory/hb-1-9-6-5,Herbal Supplements,ai: Mezcla herbal orgánica en gotas para mujer,alta,si,no
9639071252801,mezcla-premium-de-hierbas-con-arandano-1260mg-de-natures-way-promueve-la-funcion-del-tracto-urinario-100-capsulas-veganas,Mezcla Premium de hierbas con Arándano 1260mg de Nature's Way  | Promueve la función del tracto urinario | 100 cápsulas veganas,OLSEGO GROUP,ACTIVE,+18 Años | Adultos | arandano | descuento-10 | Diente de león | Hierbas | Indiferente | Natures Way | Salud urinaria | Sin azúcar | Sin gluten | Sin lactosa | Suplementos herbales | Vegano,,,Vías urinarias y renal,gid://shopify/TaxonomyCategory/hb-1-9-6-5,Herbal Supplements,ai: Arándano y hierbas para tracto urinario,alta,si,no
9639131873601,mezcla-premium-de-hierbas-tradicionales-para-el-rinon-y-la-vejiga-900mg-de-natures-way-favorece-el-correcto-funcionamiento-de-los-rinones-100-capsulas-veganas,Mezcla Premium de Hierbas Tradicionales para el Riñón y la Vejiga 900mg de Nature's Way |  Favorece el correcto funcionamiento de los riñones | 100 Cápsulas Veganas,Vitaminate,ACTIVE,+18 Años | Adultos | combinados-de-hierbas | descuento-10 | Hierbas | Indiferente | Natures Way | Salud urinaria | Sin azúcar | Sin gluten | Sin lactosa | Suplementos herbales | Vegetariano,,,Vías urinarias y renal,gid://shopify/TaxonomyCategory/hb-1-9-6-5,Herbal Supplements,ai: Mezcla de hierbas tradicionales orientada a riñón y vejiga,alta,si,no
9635133555009,micro-alga-espirulina-760mg-de-natures-way-apoyo-del-sistema-inmunologico-100-capsulas-veganas,Micro Alga Espirulina 760mg de Nature's Way  | Apoyo del Sistema Inmunológico | 100 cápsulas veganas,OLSEGO GROUP,ACTIVE,+18 Años | Adultos | alga-espirulina | descuento-10 | Hierbas | Indiferente | Natures Way | Potenciar la energía | Sin azúcar | Sin gluten | Sin lactosa | Sistema cardiovascular | Sistema inmunitario | Suplementos herbales | Vegano | Vegetariano | Vitamina A (Retinol),,,Superalimentos y verdes,gid://shopify/TaxonomyCategory/hb-1-9-6-5,Herbal Supplements,"ai: Espirulina, microalga usada como superalimento verde",alta,si,no
9808907043137,mighty-moringa-energia-y-vitalidad-de-irwin-naturals-60-capsulas,Mighty Moringa de Irwin Naturals | Contribuye al bienestar cardiovascular |60 Cápsulas,Vitaminate,ACTIVE,vitadeals,,,Hierbas y extractos botánicos,gid://shopify/TaxonomyCategory/hb-1-9-6-5,Herbal Supplements,"ai: Moringa, extracto botánico en cápsulas",alta,si,no
9808556228929,milk-thistle-liver-detox-irwin-naturals-silimarina-extracto-de-cardo-mariano-ayuda-a-proteger-las-celulas-hepaticas-60-capsulas,"Milk Thistle Liver Detox de Irwin Naturals, Silimarina (extracto de cardo mariano) | Contribuye a la protección celular antioxidante, promueve el metabolismo de toxinas  | 60 cápsulas",Vitaminate,ACTIVE,descuento-20,,,Detox y apoyo hepático,gid://shopify/TaxonomyCategory/hb-1-9-6-5,Herbal Supplements,ai: Cardo mariano (silimarina) con enfoque hepático,alta,si,no
9665768325441,raiz-de-ashwagandha-reishi-cordyceps-rhodiola-l-glutamina-calma-de-landa-adaptogenos-hongos-adaptogenos-ayuda-a-reducir-la-ansiedad-y-el-estres-polvo-de-140g-28-porciones,Mind & Stress Relief de Landa Adaptógenos | Ayuda a Reducir la Ansiedad y el Estrés | 90 cápsulas,Landa Adaptógenos,ACTIVE,+18 Años | Adultos | Ansiedad y estrés | combinado-de-hongos-adaptogenos | descuento-25 | duracion 28 | Hongos Adaptógenos | Indiferente | L-glutamina | Landa Adaptógenos | Sin azúcar | Sin gluten | Sin lactosa | Sueño y descanso | Vegano,,,Adaptógenos y manejo del estrés,gid://shopify/TaxonomyCategory/hb-1-9-6-5,Herbal Supplements,ai: Fórmula adaptógena para estrés y ansiedad,alta,si,no
10326013673793,mind-support-de-nutriadn-bitartrato-de-colina-y-dha-formula-para-memoria-concentracion-y-rendimiento-cognitivo-30-capsulas,"Mind Support de NutriADN Bitartrato de Colina y DHA | Fórmula para memoria, concentración y rendimiento cognitivo | 60 cápsulas",NutriADN,ACTIVE,vitadeals,,,Omega 3 y aceites de pescado,gid://shopify/TaxonomyCategory/hb-1-9-6-11,Omega Fatty Acids,omega,alta,no,
9999951429953,multimineral-minerales-coloidales-liquido-32-fl-oz-946ml,Minerales coloidales de Now | Función Metabólica | 946 ml,Vitaminate,ACTIVE,duracion 30,,,Otros minerales y multiminerales,gid://shopify/TaxonomyCategory/hb-1-9-6-6-4,Multimineral Supplements,ai: Minerales coloidales múltiples en presentación líquida,alta,si,no
9618680250689,minerales-de-espectro-completo-de-now-foods-formula-multimineral-para-el-sistema-oseo-con-alto-contenido-de-calcio-y-sin-hierro-120-capsulas-vegetales-60-servicios,"Minerales de Espectro Completo - Fórmula Multimineral para el  Sistema Óseo, con Alto Contenido de Calcio y Sin Hierro de Now Foods | 120 cápsulas vegetales, 60 servicios",OLSEGO GROUP,ACTIVE,+18 Años | Adultos | duracion 60 | Indiferente | Minerales | NOW Foods | PRO | Salud digestiva | Sin azúcar | Sin gluten | Sin lactosa | Sistema cardiovascular | Sistema inmunitario | Vegano | Vegetariano | vitamina-d,,,Otros minerales y multiminerales,gid://shopify/TaxonomyCategory/hb-1-9-6-6-4,Multimineral Supplements,multimineral-explicito,alta,no,
9645151748417,magnesio-potasio-boro-y-otros-minerales-en-gotas-de-trace-minerals-apoya-la-funcion-osea-y-articular-para-un-mejor-rendimiento-presentaciones-de-15-59-118-y-237ml,"Minerales en gotas de Trace Minerals | Apoya la función ósea y articular  | Presentaciones de 15, 59, 118 y 237ml",Vitaminate,ACTIVE,+18 Años | Adultos | articulaciones y cartílago | Aumento de rendimiento físico | Boro | Cloro | Combinado de minerales | combinados-de-magnesio | descuento-10 | duracion 15 | Fortalecimiento de huesos | Indiferente | Minerales | Potasio | Salud digestiva | Sin gluten | Trace Minerals | Vegano,,,Otros minerales y multiminerales,gid://shopify/TaxonomyCategory/hb-1-9-6-6-4,Multimineral Supplements,ai: Gotas con mezcla de minerales traza,alta,si,no
9604897669441,minerales-traza-zinc-manganeso-molibdeno-de-life-extension-fortalece-el-sistema-inmunitario-90-capsulas-vegetarianas,"Minerales traza, Zinc, Manganeso, Molibdeno de Life Extension |  Fortalece el Sistema Inmunitario | 90 cápsulas vegetarianas",OLSEGO GROUP,ACTIVE,+18 Años | Adultos | descuento-10 | duracion 90 | Indiferente | Life Extension | Minerales | molibdeno | Potenciar la energía | PRO | Sin azúcar | Sin gluten | Sin lactosa | Sistema inmunitario | Vegano | Vegetariano,,,Otros minerales y multiminerales,gid://shopify/TaxonomyCategory/hb-1-9-6-6-4,Multimineral Supplements,multi-mineral-ZINC+OTHER,alta,no,
9615315206465,minerales-y-multivitaminas-con-inositol-para-ninos-de-child-life-apoya-el-crecimiento-y-desarrollo-saludable-formula-liquida-con-sabor-natural-a-naranja-mango,Minerales y Multivitaminas con Inositol para Niños de Child Life | Apoya el crecimiento y desarrollo saludable | Fórmula líquida con sabor natural a naranja - mango,Vitaminate,ACTIVE,0 a 3 Años | Child Life | descuento-10 | duracion 16 | Indiferente | Niños | Salud cognitiva | Sin gluten | Sin lactosa | Sistema inmunitario | Vegano | Vegetariano | vitamina-c | Vitaminas,Suplemento dietario,,Multivitamínicos,gid://shopify/TaxonomyCategory/hb-1-9-6-7,Multivitamin Supplements,ai: Fórmula líquida multivitamínica y multimineral infantil,alta,no,no
9974274359617,mood-probioticos-50b-cfu-de-garden-of-life-equilibrio-emocional-y-bienestar-mental-60-capsulas,Mood+ Probióticos 50B CFU de Garden of Life | Equilibrio emocional y bienestar mental  | 60 cápsulas,OLSEGO GROUP,ACTIVE,duracion 30,,,Probióticos,gid://shopify/TaxonomyCategory/hb-1-9-6-4-5,Probiotics,probiotico,alta,no,
10091735384385,moringa-500mg-superlabs-contribuye-al-bienestar-intestinal-diario-100-capsulas,Moringa 500mg Superlabs | Contribuye al bienestar intestinal diario | 100 cápsulas,Superlabs,ACTIVE,,,,Hierbas y extractos botánicos,gid://shopify/TaxonomyCategory/hb-1-9-6-5,Herbal Supplements,"ai: Moringa en cápsulas, extracto botánico",alta,si,no
9982174134593,moringa-oleifera-500-mg-natsa-apoya-la-nutricion-con-antioxidantes-naturales-100-capsulas,Moringa oleifera 500 mg NATSA | Apoya la nutrición con antioxidantes naturales | 100 cápsulas,Natsa,ACTIVE,,,,Hierbas y extractos botánicos,gid://shopify/TaxonomyCategory/hb-1-9-6-5,Herbal Supplements,"ai: Moringa oleifera, botánico antioxidante",alta,si,no
9665674445121,msm-metilsulfonilmetano-500mg-de-adapto-heal-fortalece-articulaciones-cabello-piel-y-unas-150-capsulas-vegetales,"MSM (metilsulfonilmetano) 500mg de Adaptoheal | Fortalece Articulaciones, Cabello, Piel y Uñas | 150 Cápsulas Vegetales",AdaptoHeal,ACTIVE,+18 Años | AdaptoHeal | Adultos | articulaciones y cartílago | Cuidado del cabello | duracion 75 | Fortalecimiento de huesos | huesos y articulaciones | Indiferente | MSM (metilsulfonilmetano) | Piel | piel y uñas | Sin azúcar | Sin gluten | Sin lactosa | Vegetariano | vitadeals,,,Articulaciones y huesos,gid://shopify/TaxonomyCategory/hb-1-9-6,Vitamins & Supplements,ai: MSM azufre orgánico enfocado en articulaciones,media,si,no
9999952412993,msm-1500-mg-200-tabs,MSM 1500 mg de Now |  Producción de colágeno y queratina | 200 tabletas,Vitaminate,ACTIVE,duracion 50,,,Colágeno,gid://shopify/TaxonomyCategory/hb-1-9-6-2,Collagen,colageno,alta,no,
9625170837825,msm-extracto-de-cola-de-caballo-y-colina-soporte-para-cabello-piel-y-unas-aporta-nutrientes-esenciales-60-tabletas-vegetales,"MSM, Extracto de cola de caballo y Colina | Soporte para Cabello, Piel y Uñas, Aporta nutrientes esenciales | 60 Tabletas vegetales",Superlabs,ACTIVE,+18 Años | Adultos | Cabello | Calcio | Cola de caballo | colina | Combinados temas de salud | Cuidado del cabello | descuento-10 | duracion 60 | Indiferente | Inositol | L-cisteína | piel y uñas | Sin azúcar | Sin gluten | Sin lactosa | Swanson | Vegetariano,,,"Belleza: cabello, piel y uñas",gid://shopify/TaxonomyCategory/hb-1-9-6,Vitamins & Supplements,"ai: MSM con cola de caballo y colina para cabello, piel y uñas",alta,si,no
9999948972353,multimineral-nocturno-para-ninos-sabor-durazno-cremoso-liquido-15-22-fl-oz-450-ml-mary-ruths,Multimineral nocturno niños de MaryRuth’s | Sueño y Descanso | 450 ml,Vitaminate,ACTIVE,duracion 90,,,Otros minerales y multiminerales,gid://shopify/TaxonomyCategory/hb-1-9-6-6-4,Multimineral Supplements,multimineral-explicito,alta,no,
9733135532353,multimineral-nocturno-para-ninos-de-mary-ruth-s-bienestar-integral-del-nino-apoya-la-funcion-osea-muscular-y-el-bienestar-general-durante-el-descanso-liquidos-de-946ml-sabor-pina-y-coco,"Multimineral Nocturno para Niños de Mary Ruth´s | Bienestar Integral del Niño - Apoya la función ósea, muscular y el bienestar general durante el descanso | Líquidos de 946ml Sabor Piña y Coco",Vitaminate,ACTIVE,3 a 10 Años | articulaciones y cartílago | duracion 30 | Fortalecimiento de huesos | Indiferente | MaryRuth's | Minerales | Niños | Sin azúcar | Sin gluten | Sin lactosa | Sueño y descanso | Vegano,,,Otros minerales y multiminerales,gid://shopify/TaxonomyCategory/hb-1-9-6-6-4,Multimineral Supplements,multimineral-explicito,alta,no,
9999948841281,multivitaminico-liposomal-40-para-hombres-15-22-fl-oz-450ml-mary-ruth-s,Multivitamínico  Liposomal para Hombre 40+ de MaryRuth’s | Promueve bienestar antioxidante y celular |450 ml,Vitaminate,ACTIVE,duracion 30,,,Multivitamínicos,gid://shopify/TaxonomyCategory/hb-1-9-6-7,Multivitamin Supplements,multivitaminico-explicito,alta,no,
9999949070657,multivitaminico-crecimiento-del-cabello-60-gomitas-mary-ruths,"Multivitamínico + Hair Growth, MaryRuth’s | Crecimiento del Cabello | 60 gomitas",Vitaminate,ACTIVE,duracion 30,,,Multivitamínicos,gid://shopify/TaxonomyCategory/hb-1-9-6-7,Multivitamin Supplements,multivitaminico-explicito,alta,no,
9620801356097,multivitaminas-zinc-y-selenio-en-gomitas-para-ninos-de-child-life-fortalece-el-sistema-inmune-27-capsulas-blandas-sabor-naranja,Multivitamínico + Zinc y Selenio en gomitas para niños de Child Life | Fortalece el Sistema Inmune | 27 cápsulas blandas Sabor Naranja,Vitaminate,ACTIVE,3 a 10 Años | Child Life | descuento-15 | duracion 27 | Indiferente | Niños | Potenciar la energía | Salud infantil | Sin azúcar | Sin gluten | Sin lactosa | Sistema cardiovascular | Sistema inmunitario | Vegano | Vegetariano | vitamina-a | Vitaminas,,,Multivitamínicos,gid://shopify/TaxonomyCategory/hb-1-9-6-7,Multivitamin Supplements,multivitaminico-explicito,alta,no,
9624396333377,multivitaminico-mezcla-de-formula-para-ninos-de-life-extension-contribuye-a-reforzar-el-sistema-inmunologico-infantil-120-comprimidos-masticables,Multivitamínico - Mezcla de fórmula para niños de Life Extension | Contribuye a reforzar el sistema inmunológico infantil | 120 comprimidos masticables,Vitaminate,ACTIVE,3 a 10 Años | Combinado de minerales | complejo-vitamina-b | duracion 60 | Indiferente | Life Extension | Multivitamínicos para niños | Niños | Potenciar la energía | Salud digestiva | Sin azúcar | Sin gluten | Sin lactosa | Sistema inmunitario | Suplementos Combinados | Vegano | Vegetariano | Vitamina A (Retinol) | Vitamina C | Vitamina E | Vitamina K | Vitaminas,,,Multivitamínicos,gid://shopify/TaxonomyCategory/hb-1-9-6-7,Multivitamin Supplements,multivitaminico-explicito,alta,no,
9726725292353,multivitaminico-30ml-por-porcion-prenatal-y-postnatal-de-mary-ruths-ayuda-en-el-desarrollo-fetal-la-inmunidad-materna-y-la-recuperacion-tras-el-nacimiento-liquido-de-946ml,Multivitamínico 30ml por porción Prenatal y Postnatal de Mary Ruth's | Apoyo nutricional para mujeres que cuidan su bienestar antes y después del embarazo | Líquido de 946ml,Vitaminate,ACTIVE,+18 Años | Adultos | Cloruro de Magnesio | colageno-hidrolizado | Complejo Vitamina B | Cuidado del cabello | descuento-10 | duracion 32 | Embarazo y lactancia | Flow Supplement | Gluconato de zinc | Keto | MaryRuth's | Mujer | Multivitaminicos para mujer | piel y uñas | Potenciar la energía | Salud femenina | Semillas de uva | Sin azúcar | Sin gluten | Sin lactosa | Sistema inmunitario | Vegano | Vitamina C | Vitaminas,,,Multivitamínicos,gid://shopify/TaxonomyCategory/hb-1-9-6-7,Multivitamin Supplements,multivitaminico-explicito,alta,no,
9888378487105,phytomulti-metagenics-antioxidantes-y-multivitaminas-para-vitalidad-60-capsulas,Multivitamínico avanzado PhytoMulti Metagenics | Apoya salud visual y cardiovascular| 60 cápsulas,Ultragenics,ACTIVE,duracion 60 | Multivitaminicos | PRO,,,Multivitamínicos,gid://shopify/TaxonomyCategory/hb-1-9-6-7,Multivitamin Supplements,multivitaminico-explicito,alta,no,
9635976315201,multivitaminas-completa-para-hombres-con-extractos-de-frutas-y-verduras-100mg-alive-natures-way-fortalecimiento-del-sistema-inmunologico-50-tabletas-veganas,Multivitamínico Completo para Hombres con Extractos de Frutas y Verduras 100mg - Alive! Nature's Way | Fortalecimiento del sistema inmunológico | 50 tabletas veganas,Vitaminate,ACTIVE,+18 Años | Adultos | Antioxidantes | Boro | Calcio | Cobre | complejo-vitamina-b | descuento-15 | duracion 50 | Indiferente | Luteína | Manganeso | Molibdeno | Multivitaminicos para hombre | Natures Way | Potenciar la energía | Salud masculina | Selenio | Sin azúcar | Sin gluten | Sin lactosa | Sistema inmunitario | Vegano | Vegetariano | Vitamina A (Retinol) | Vitamina B1 (Tiamina) | Vitamina B5 (Ácido pantoténico) | Vitamina C | Vitamina D3 | Vitamina E | Vitamina K | Vitaminas | Yodo | Óxido de Magnesio | Óxido de zinc,,,Multivitamínicos,gid://shopify/TaxonomyCategory/hb-1-9-6-7,Multivitamin Supplements,multivitaminico-explicito,alta,no,
9635988898113,multivitaminico-completo-para-mujeres-100mg-de-alive-natures-way-100-de-vitaminas-y-minerales-fortalece-el-sistema-inmunologico-50-tabletas-veganas,"Multivitamínico completo para mujeres 100mg de Alive! Nature's Way, 100% de vitaminas y minerales | Fortalece el sistema inmunológico | 50 tabletas veganas",Vitaminate,ACTIVE,+18 Años | Adultos | Antioxidantes | Boro | Calcio | complejo-vitamina-b | Cuidado del cabello | descuento-10 | duracion 50 | Luteína | Manganeso | Molibdeno | Mujer | Multivitaminicos para mujer | Natures Way | piel y uñas | Potenciar la energía | Sin azúcar | Sin gluten | Sin lactosa | Sistema cardiovascular | Sistema inmunitario | Vegano | Vegetariano | Vitamina A (Retinol) | Vitamina B1 (Tiamina) | Vitamina B12 | Vitamina B5 (Ácido pantoténico) | Vitamina B6 (Piridoxina) | Vitamina B7 (Biotina) | Vitamina B9 (Ácido fólico) | Vitamina C | Vitamina D3 | Vitamina E | Vitamina K | Vitaminas | Yodo | Zinc,,,Multivitamínicos,gid://shopify/TaxonomyCategory/hb-1-9-6-7,Multivitamin Supplements,multivitaminico-explicito,alta,no,
9600373391681,multivitaminico-con-colina-acido-folico-dha-vitaminas-y-minerales-de-life-extension-nutrientes-para-la-mama-y-los-lactantes-en-desarrollo-120-capsulas-blandas,"Multivitamínico con Colina, Ácido fólico, DHA + vitaminas y minerales de Life Extension | Nutrientes para la mamá y los lactantes en desarrollo | 120 cápsulas blandas",OLSEGO GROUP,ACTIVE,+18 Años | Adultos | duracion 30 | Life Extension | Mujer | Potenciar la energía | PRO | Salud femenina | Sin azúcar | Sin gluten | Sin lactosa | Sistema cardiovascular | Sistema inmunitario | Vegano | Vegetariano | vitamina-a | Vitaminas,,,Multivitamínicos,gid://shopify/TaxonomyCategory/hb-1-9-6-7,Multivitamin Supplements,multivitaminico-explicito,alta,no,
9609572680001,multivitaminico-con-magnesio-probioticos-colageno-de-vitativa-elemental-apoyo-inmunologico-energia-presentacion-de-200-g-en-diferentes-sabores,"Multivitamínico con Magnesio, Probióticos, Colágeno de Vitativa - Elemental | Apoyo Inmunológico + Energía | Presentación de 200 g en diferentes sabores",Vitativa,ACTIVE,+18 Años | Adultos | Ansiedad y estrés | citrato-de-magnesio | Indiferente | Potenciar la energía | Salud digestiva | Sin azúcar | Sin gluten | Sin lactosa | Sistema inmunitario | Vegetariano | Vitaminas | Vitativa,,,Colágeno,gid://shopify/TaxonomyCategory/hb-1-9-6-2,Collagen,colageno,alta,no,
9664755138881,multivitaminico-con-minerales-600mg-multi-vit-de-5h8-nutrition-bienestar-general-y-energia-90-capsulas-vegetales,Multivitamínico con Minerales 600mg - Multi Vit de 5H8 Nutrition | Bienestar General y Energía | 90 Cápsulas,5H8 Nutrition,ACTIVE,+18 Años | 5H8 Nutrition | Adultos | Ansiedad y estrés | Calcio | complejo-vitamina-b | Concentración | Cuidado del cabello | descuento-15 | duracion 90 | Fósforo | Hierro | Indiferente | Longevidad y vitalidad | Manganeso | memoria y atención | Menopausia | Multivitaminicos | piel y uñas | Placer y deseo sexual | Potenciar la energía | Salud cognitiva | Salud digestiva | Salud ocular | Sin azúcar | Sin gluten | Sin lactosa | Sistema inmunitario | Sueño y descanso | Vegetariano | vitadeals | Vitaminas | Zinc,,,Multivitamínicos,gid://shopify/TaxonomyCategory/hb-1-9-6-7,Multivitamin Supplements,multivitaminico-explicito,alta,no,
9609851863361,multivitaminico-con-minerales-aminoacidos-hongos-adaptogenos-para-hombres-de-vitativa-viggo-testo-bienestar-masculino-energia-presentacion-de-230g-en-diferentes-sabores,"Multivitamínico con Minerales, Aminoácidos, Hongos Adaptógenos para Hombres de Vitativa - Viggo Testo | Bienestar Masculino - Energía | Presentación de 230g en diferentes sabores",Vitativa,ACTIVE,+18 Años | Adultos | Aumento de rendimiento físico | citrato-de-magnesio | duracion 40 | Indiferente | Longevidad y vitalidad | Placer y deseo sexual | Recuperación y regeneración muscular | Sin azúcar | Sin gluten | Sin lactosa | Vegetariano | Vitaminas | Vitativa,,,Multivitamínicos,gid://shopify/TaxonomyCategory/hb-1-9-6-7,Multivitamin Supplements,multivitaminico-explicito,alta,no,
9999947530561,multivitaminico-y-postbiotico-para-ninos-moras-y-cereza-60-gomitas-mary-ruth-s,Multivitamínico con Postbióticos de MaryRuth’s | Desarrollo Infantil | 60 Gomitas,Vitaminate,ACTIVE,duracion 60,,,Multivitamínicos,gid://shopify/TaxonomyCategory/hb-1-9-6-7,Multivitamin Supplements,multivitaminico-explicito,alta,no,
9633157054785,multivitaminico-de-alta-potencia-two-per-day-con-minerales-esenciales-de-life-extension-sin-ogm-certificado-libre-de-gluten-potente-suplemento-para-el-bienestar-diario-120-capsulas-vegetales,"Multivitamínico de Alta Potencia Two-Per-Day con Minerales Esenciales de Life Extension | Sin OGM, Certificado Libre de Gluten, Potente Suplemento para el Bienestar Diario | 120 Cápsulas Vegetales",OLSEGO GROUP,ACTIVE,+18 Años | Adultos | Combinado de minerales | complejo-vitamina-b | duracion 60 | Indiferente | Life Extension | Multivitaminicos | Potenciar la energía | PRO | Sin azúcar | Sin gluten | Sin lactosa | Sistema cardiovascular | Sistema inmunitario | Vegano | Vegetariano | Vitamina A (Retinol) | Vitamina C | Vitamina E | Vitaminas,,,Multivitamínicos,gid://shopify/TaxonomyCategory/hb-1-9-6-7,Multivitamin Supplements,multivitaminico-explicito,alta,no,
9932470812993,multivitaminico-diaria-men-de-you-matter-energia-y-vitalidad-para-el-hombre-60-capsulas,Multivitamínico Diaria Men de Matter | Energía y Vitalidad para el Hombre | 60 Cápsulas,You Matter,ACTIVE,vitadeals,,,Multivitamínicos,gid://shopify/TaxonomyCategory/hb-1-9-6-7,Multivitamin Supplements,multivitaminico-explicito,alta,no,
9732259381569,multivitaminico-infantil-hierro-zinc-de-mary-ruths-fortalece-el-sistema-inmunologico-gotero-de-60ml-sabor-naranja-vainilla,Multivitamínico Infantil + Hierro + Zinc de Mary Ruth's | Fortalece el Sistema Inmunológico | Gotero de 60ml Sabor Naranja - Vainilla,Vitaminate,ACTIVE,0 a 3 Años | articulaciones y cartílago | descuento-10 | duracion 90 | Fortalecimiento de huesos | Indiferente | MaryRuth's | Niños | Salud cognitiva | Salud infantil | Sin azúcar | Sin gluten | Sin lactosa | Sistema inmunitario | Vegano | Vitaminas,,,Multivitamínicos,gid://shopify/TaxonomyCategory/hb-1-9-6-7,Multivitamin Supplements,multivitaminico-explicito,alta,no,
9598222958913,multivitaminico-infantil-con-vitaminas-a-c-d-zinc-biotina-de-humble-better-bears-apoyo-inmunologico-y-energia-60-gomitas,"Multivitamínico Infantil con Vitaminas A, C, D, Zinc, Biotina de Humble - Better Bears | Apoyo Inmunológico y Energía | 60 Gomitas",Vitaminate,ACTIVE,10 a 18 Años | descuento-10 | duracion 30 | Humble | Indiferente | multivitaminicos-para-ninos | Niños | Potenciar la energía | Salud infantil | Sin lactosa | Sistema inmunitario | Suplementos Combinados | Vegetariano,,,Multivitamínicos,gid://shopify/TaxonomyCategory/hb-1-9-6-7,Multivitamin Supplements,"ai: Gomitas multivitamínicas infantiles con A, C, D y zinc",alta,no,no
9999948808513,multivitaminico-liposomal-para-mujer-40-sabor-vainilla-melocoton-15-22-oz-450ml-mary-ruth-s,Multivitamínico Liposomal Mujer 40+ de MaryRuth’s| Refuerza defensas e inmunidad | 450 ml,Vitaminate,ACTIVE,duracion 30,,,Multivitamínicos,gid://shopify/TaxonomyCategory/hb-1-9-6-7,Multivitamin Supplements,multivitaminico-explicito,alta,no,
9803263279425,multivitaminico-liquido-con-lustriva-para-mujeres-de-mary-ruths-crecimiento-capilar-y-cuidado-de-la-piel-887-ml-sabor-melocoton-mango,Multivitamínico Líquido con Lustriva para Mujeres de Mary Ruth's | Crecimiento Capilar y Cuidado de la Piel | 887 ml Sabor Melocotón - Mango,Vitaminate,ACTIVE,descuento-10 | duracion 30 | PRO,,,Multivitamínicos,gid://shopify/TaxonomyCategory/hb-1-9-6-7,Multivitamin Supplements,multivitaminico-explicito,alta,no,
9999948939585,multivitaminico-matutino-essentials-sabor-fresa-30-fl-oz-887-ml-mary-ruths,Multivitamínico líquido Essentials+ MaryRuth’s | Favorece el metabolismo energético diario| 887 ml,Vitaminate,ACTIVE,duracion 30,,,Multivitamínicos,gid://shopify/TaxonomyCategory/hb-1-9-6-7,Multivitamin Supplements,multivitaminico-explicito,alta,no,
9999948710209,multivitaminico-para-mujeres-sabor-fresa-60-gomitas-mary-ruth-s,Multivitamínico Mujer de MaryRuth’s | Refuerza el sistema inmunológico | 60 Cápsulas,Vitaminate,ACTIVE,duracion 30,,,Multivitamínicos,gid://shopify/TaxonomyCategory/hb-1-9-6-7,Multivitamin Supplements,multivitaminico-explicito,alta,no,
9625508938049,multivitaminico-one-per-day-de-life-extension-apoyo-para-la-funcion-inmunologica-y-cardiovascular-60-tabletas-vegetale,Multivitamínico One Per Day de Life Extension | Apoyo para la función Inmunológica y Cardiovascular | 60 tabletas vegetales,OLSEGO GROUP,ACTIVE,+18 Años | Adultos | Combinado de minerales | complejo-vitamina-b | duracion 60 | Indiferente | Life Extension | Multivitaminicos | Potenciar la energía | PRO | Salud digestiva | Sin azúcar | Sin gluten | Sin lactosa | Sistema inmunitario | Vegano | Vegetariano | Vitamina A (Retinol) | Vitamina C | Vitamina E | Vitaminas,,,Multivitamínicos,gid://shopify/TaxonomyCategory/hb-1-9-6-7,Multivitamin Supplements,multivitaminico-explicito,alta,no,
9733260345665,multivitaminas-organicas-para-ninos-de-mary-ruths-estas-gomitas-apoyan-el-sistema-inmunologico-la-funcion-cognitiva-y-promueven-el-desarrollo-oseo-y-dental-60-gomitas-sabor-mezcla-de-frutos-rojos-y-cerezas,"Multivitamínico Orgánicas Para Niños de Mary Ruth's | Estas gomitas apoyan el sistema inmunológico, la función cognitiva y promueven el desarrollo óseo y dental | 60 gomitas Sabor Mezcla de Frutos Rojos y Cerezas",Vitaminate,ACTIVE,3 a 10 Años | articulaciones y cartílago | duracion 30 | Fortalecimiento de huesos | Indiferente | MaryRuth's | Niños | Salud cognitiva | Sin azúcar | Sin gluten | Sin lactosa | Sistema inmunitario | Vegano | vitadeals | Vitaminas,,,Multivitamínicos,gid://shopify/TaxonomyCategory/hb-1-9-6-7,Multivitamin Supplements,multivitaminico-explicito,alta,no,
9999947333953,multivitaminico-organico-para-bebes-liquido-2-fl-oz-60ml-mary-ruth-s,"Multivitamínico Orgánico Infantil, MaryRuth’s| Apoya el crecimiento y fortalecimiento óseo | 60 ml",Vitaminate,ACTIVE,duracion 30,,,Multivitamínicos,gid://shopify/TaxonomyCategory/hb-1-9-6-7,Multivitamin Supplements,multivitaminico-explicito,alta,no,
9999947039041,multivitaminico-organico-para-hombres-sabor-cereza-60-gomitas-mary-ruth-s,Multivitaminico Organico Para Hombres de Mary Ruth´s | Soporte Cognitivo e Inmunológico | 60 Gomitas,Vitaminate,ACTIVE,,,,Multivitamínicos,gid://shopify/TaxonomyCategory/hb-1-9-6-7,Multivitamin Supplements,multivitaminico-explicito,alta,no,
9999947071809,multivitaminico-organico-para-mujeres-sabor-cereza-y-frambuesa-60-gomitas-mary-ruth-s,Multivitaminico Organico Para Mujeres de Mary Ruth´s | Bienestar Ocular y de la piel | 60 Gomitas,Vitaminate,ACTIVE,,,,Multivitamínicos,gid://shopify/TaxonomyCategory/hb-1-9-6-7,Multivitamin Supplements,multivitaminico-explicito,alta,no,
9796536697153,multivitaminico-para-adolescentes-mujeres-dong-quai-diente-de-leon-vitaminas-a-c-d-e-de-michaels-health-contribuye-al-apoyo-del-sistema-inmunologico-piel-cabello-y-unas-60-tabletas-vegetarianas,"Multivitamínico para adolescentes mujeres - Dong Quai, Diente de León + Vitaminas A, C, D, E de Michael's Health | Contribuye al apoyo del sistema inmunológico - Piel, Cabello y Uñas | 60 tabletas vegetarianas",Vitaminate,ACTIVE,descuento-10 | duracion 30,,,Multivitamínicos,gid://shopify/TaxonomyCategory/hb-1-9-6-7,Multivitamin Supplements,multivitaminico-explicito,alta,no,
9797121376577,multivitaminico-para-adolescentes-varones-vitaminas-a-c-d-e-b-y-minerales-esenciales-de-michaels-health-contribuye-al-desarrollo-fisico-del-sistema-inmune-aportando-energia-y-vitalidad-60-tabletas-vegetarianas,"Multivitamínico para Adolescentes Varones - Vitaminas A, C, D, E, B y minerales esenciales de Michael's Health | Contribuye al desarrollo físico, del sistema inmune, aportando energía y vitalidad | 60 tabletas vegetarianas",Vitaminate,ACTIVE,descuento-10 | duracion 30,,,Multivitamínicos,gid://shopify/TaxonomyCategory/hb-1-9-6-7,Multivitamin Supplements,multivitaminico-explicito,alta,no,
9935838347585,multivitaminico-para-hombre-eternal-1560-mg-200-capsulas,Multivitamínico para Hombre 1560 mg Eternal | Fortalece la función inmunológica y energía diaria | 200 cápsulas,Eternal,ACTIVE,duracion 100,,,Multivitamínicos,gid://shopify/TaxonomyCategory/hb-1-9-6-7,Multivitamin Supplements,multivitaminico-explicito,alta,no,
9999954673985,activo-para-hombres-deportistas-90-softgels,Multivitamínico para Hombre de Now | Fortalece el Sistema Inmune | 90 cápsulas,Vitaminate,ACTIVE,duracion 30,,,Multivitamínicos,gid://shopify/TaxonomyCategory/hb-1-9-6-7,Multivitamin Supplements,multivitaminico-explicito,alta,no,
9794348843329,multivitaminas-para-hombres-vitaminas-a-c-d-e-ginseng-asiatico-y-serenoa-de-michaels-health-apoyo-integral-para-el-bienestar-diario-masculino-funcion-de-la-prostata-90-capsulas-vegetarianas,"Multivitamínico para Hombres - Vitaminas A, C, D, E, Ginseng Asiático y Serenoa de Michael's Health | Apoyo integral para el bienestar diario masculino - Función de la próstata | 90 Cápsulas Vegetarianas",Vitaminate,ACTIVE,duracion 30 | Multivitaminicos para hombre,,,Multivitamínicos,gid://shopify/TaxonomyCategory/hb-1-9-6-7,Multivitamin Supplements,multivitaminico-explicito,alta,no,
9651466338625,multivitaminico-para-hombres-con-creatina-colageno-magnesio-1500mg-por-porcion-de-flow-supplement-apoyo-de-la-funcion-inmune-y-prostatica-m-s-energia-y-vitalidad-90-capsulas-vegetales,"Multivitamínico para hombres con creatina, colágeno, magnesio 1500mg por porción de Flow Supplement | Apoyo de la función inmune y prostática, más energía y vitalidad | 90 cápsulas vegetales",Flow Supplements,ACTIVE,+18 Años | Adultos | Calcio | Cloruro de Magnesio | colageno-hidrolizado | Creatina monohidratada | descuento-15 | duracion 30 | Flow Supplement | Gluconato de zinc | Hombre | Keto | L-arginina | Maca | Multivitaminicos para hombre | Potenciar la energía | Recuperación y regeneración muscular | Salud masculina | Sin azúcar | Sin gluten | Sistema cardiovascular | Sistema inmunitario | vitadeals | Vitamina B12 | Vitamina B3 (Niacina) | Vitamina B6 (Piridoxina) | Vitamina B7 (Biotina) | Vitamina B9 (Ácido fólico) | Vitamina C | Vitaminas,,,Creatina,gid://shopify/TaxonomyCategory/hb-1-9-6-3,Creatine,creatina,alta,no,
9651463225665,multivitaminico-para-la-mujer-con-colageno-calcio-acido-folico-1500mg-por-porcion-de-flow-supplement-apoyo-de-la-funcion-inmunologica-proporciona-equilibrio-hormonal-y-energia-90-capsulas-vegetales,"Multivitamínico para la mujer con colágeno, Calcio, Ácido fólico 1500mg por porción de Flow Supplement  | Apoyo de la función inmunológica, proporciona equilibrio hormonal y energía | 90 cápsulas vegetales",Flow Supplements,ACTIVE,+18 Años | Adultos | Cloruro de Magnesio | colageno-hidrolizado | Complejo Vitamina B | Cuidado del cabello | descuento-15 | duracion 30 | Flow Supplement | Gluconato de zinc | Keto | Mujer | Multivitaminicos para mujer | piel y uñas | Potenciar la energía | PRO | Semillas de uva | Sin azúcar | Sin gluten | Sistema inmunitario | vitadeals | Vitamina C | Vitaminas,,,Colágeno,gid://shopify/TaxonomyCategory/hb-1-9-6-2,Collagen,colageno,alta,no,
9999948644673,multivitaminico-para-mujer-lustriva-crecimiento-del-cabello-sabor-durazno-liposomal-15-fl-oz-450-ml-mary-ruth-s,"Multivitaminico para Mujer + Lustriva Crecimiento del Cabello, Liposomal  de MaryRuth’s | Aporta antioxidantes esenciales | 450 ml",Vitaminate,ACTIVE,duracion 30,,,Multivitamínicos,gid://shopify/TaxonomyCategory/hb-1-9-6-7,Multivitamin Supplements,multivitaminico-explicito,alta,no,
9795159261505,multivitaminico-para-mujeres-con-vitaminas-a-c-d-e-con-cardo-bendito-y-dong-quai-de-michaels-health-formulada-disenada-para-favorecer-el-bienestar-integral-y-el-equilibrio-hormonal-90-capsulas-veganas,"Multivitamínico para Mujeres con Vitaminas A, C, D, E con Cardo Bendito y Dong Quai de Michael's Health | Formula diseñada para favorecer el bienestar femenino | 90 Cápsulas Veganas",Vitaminate,ACTIVE,descuento-10,,,Multivitamínicos,gid://shopify/TaxonomyCategory/hb-1-9-6-7,Multivitamin Supplements,multivitaminico-explicito,alta,no,
9794200600897,multivitaminico-para-ninos-vitaminas-del-complejo-b-a-c-d3-e-y-minerales-de-michaels-health-soporte-nutricional-a-traves-de-vitaminas-esenciales-y-extractos-naturales-60-masticables-sabor-tropical,"Multivitamínico para Niños - Vitaminas del Complejo B, A,C, D3, E y Minerales de Michael's Health | Soporte nutricional a través de vitaminas esenciales y extractos naturales | 60 Masticables Sabor Tropical",Vitaminate,ACTIVE,descuento-10 | duracion 30,,,Multivitamínicos,gid://shopify/TaxonomyCategory/hb-1-9-6-7,Multivitamin Supplements,multivitaminico-explicito,alta,no,
9726880022849,multivitaminico-para-ninos-de-mary-ruths-contiene-vitaminas-y-minerales-esenciales-para-el-crecimiento-y-desarrollo-estas-gomitas-incluyen-posbioticos-que-apoyan-la-funcion-digestiva-60-gomitas-sabor-mezcla-de-frutos-rojos-y-cerezas,"Multivitamínico para Niños de Mary Ruth's | Contiene vitaminas y minerales esenciales para el crecimiento y desarrollo, estas gomitas incluyen posbióticos, que apoyan la función digestiva | 60 gomitas Sabor Mezcla de Frutos Rojos y Cerezas",Vitaminate,ACTIVE,0 a 3 Años | Child Life | descuento-10 | duracion 30 | Indiferente | MaryRuth's | Niños | Salud cognitiva | Sin azúcar | Sin gluten | Sin lactosa | Sistema inmunitario | Vegano | Vegetariano | vitamina-c | Vitaminas,Suplemento dietario,,Multivitamínicos,gid://shopify/TaxonomyCategory/hb-1-9-6-7,Multivitamin Supplements,multivitaminico-explicito,alta,no,
9733266800961,multivitaminico-para-ninos-en-gomitas-con-zinc-colina-e-inositol-de-mary-ruths-fortalece-el-sistema-inmune-60-gomitas-sabor-fresa-papaya-y-super-ponche,"Multivitamínico Para Niños En Gomitas con Zinc, Colina e Inositol de Mary Ruth's | Fortalece el Sistema Inmune | 60 gomitas Sabor Fresa, Papaya y Super Ponche",Vitaminate,ACTIVE,3 a 10 Años | descuento-20 | duracion 60 | MaryRuth's | Niños | Potenciar la energía | Salud infantil | Sin azúcar | Sin gluten | Sin lactosa | Sistema inmunitario | Vegano | Vitaminas,,,Multivitamínicos,gid://shopify/TaxonomyCategory/hb-1-9-6-7,Multivitamin Supplements,ai: Multivitamínico infantil en gomitas con varios nutrientes,alta,no,no
9999947497793,multivitaminico-organico-para-ninos-sabor-bayas-mixtas-y-cereza-60-gomitas-mary-ruth-s,Multivitamínico para niños pequeños de MaryRuth’s | Refuerza el sistema inmune | 60 gomitas,Vitaminate,ACTIVE,duracion 60,,,Multivitamínicos,gid://shopify/TaxonomyCategory/hb-1-9-6-7,Multivitamin Supplements,multivitaminico-explicito,alta,no,
10236704162113,multivitaminico-prenatal-diaria-mom-matter-nutricion-prenatal-contribuye-al-desarrollo-celular-60-capsulas,"Multivitamínico prenatal Diaria Mom Matter | Nutrición prenatal, contribuye al desarrollo celular | 60 cápsulas",You Matter,ACTIVE,,,,Multivitamínicos,gid://shopify/TaxonomyCategory/hb-1-9-6-7,Multivitamin Supplements,multivitaminico-explicito,alta,no,
10132645773633,vitalnatal-woman,Multivitamínico Prenatal VitalNatal Woman | Apoya necesidades prenatales | 60 cápsulas,OLSEGO GROUP,ACTIVE,vitadeals,,,Multivitamínicos,gid://shopify/TaxonomyCategory/hb-1-9-6-7,Multivitamin Supplements,multivitaminico-explicito,alta,no,
10277055627585,multivitaminico-women-s-50-premium-gummies-alive-nature-s-way-apoya-el-bienestar-oseo-metabolismo-energetico-75-gomitas,"Multivitamínico Women’s 50+ Premium Gummies Alive! Nature’s Way | Apoya el bienestar óseo, metabolismo energético | 75 gomitas",OLSEGO GROUP,ACTIVE,,,,Multivitamínicos,gid://shopify/TaxonomyCategory/hb-1-9-6-7,Multivitamin Supplements,multivitaminico-explicito,alta,no,
9999947432257,musgo-marino-60-gomitas-mary-ruth-s,Musgo marino de MaryRuth’s | Favorece la salud digestiva | 60 gomitas,Vitaminate,ACTIVE,,,,Superalimentos y verdes,gid://shopify/TaxonomyCategory/hb-1-9-6-5,Herbal Supplements,"ai: Musgo marino en gomitas, alga superalimento",media,si,no
9662968332609,mushroom-blend-suplemento-de-hongos-adaptogenos-estres,Mushroom Blend B Life Mezcla de 9 Hongos Adaptógenos | 180 cápsulas,Blife,ACTIVE,+18 Años | Adultos | Ansiedad y estrés | B-Life | Chaga | Cola de Pavo | Combinado de hongos adaptógenos | Cordyceps | duracion 60 | Hongos Adaptógenos | Indiferente | Maitake | Melena de Léon | reishi | Shiitake | Sin azúcar | Sin gluten | Sin lactosa | Sistema inmunitario | Vegetariano | vitadeals,,,Hongos funcionales,gid://shopify/TaxonomyCategory/hb-1-9-6-5,Herbal Supplements,ai: Mezcla de nueve hongos adaptógenos,alta,si,no
9931675238721,mutant-whey-proteina-concentrada-apoya-el-crecimiento-muscular-2-27-kg,Mutant Whey Protein | Proteína Concentrada | Apoya el crecimiento muscular | 2.27 kg,Edgar Suplementos deportivos,ACTIVE,duracion 60,,,Proteínas en polvo y barras,gid://shopify/TaxonomyCategory/hb-1-9-6-8,Protein Supplements,proteina,alta,no,
9715829866817,myo-d-chiro-inositol-1-6g-acido-alfa-lipoico-100mg-sensitol™-de-designs-for-health-sensibilidad-a-la-insulina-funcion-metabolica-saludable-120-capsulas-vegetales,Myo & D-Chiro Inositol 1.6g + Ácido Alfa Lipoico 100mg Sensitol™ de Designs for Health | Sensibilidad a la Insulina - Función Metabólica Saludable | 120 Cápsulas Vegetales,OLSEGO GROUP,ACTIVE,+18 Años | Adultos | descuento-10 | Designs for health | duracion 30 | Mujer | PRO | Regulación del azúcar en sangre | Salud femenina | Sin azúcar | Sin gluten | Sin lactosa | Vegetariano | Vitaminas,,,Inositol,gid://shopify/TaxonomyCategory/hb-1-9-6,Vitamins & Supplements,ai: Myo y D-chiro inositol como base; ALA secundario,alta,si,no
9647408283969,myo-d-chiro-inositol-platinum-ratio-40-1-con-500-mg,Myo & D-Chiro Inositol Platinum B Life Ratio 40:1 | Balance Femenino | 240 cápsulas,Blife,ACTIVE,+18 Años | Adultos | B-Life | descuento-15 | duracion 120 | Mujer | myo-inositol | PRO | Salud femenina | Sin azúcar | Sin gluten | Sin lactosa | vitadeals | Vitaminas,,,Inositol,gid://shopify/TaxonomyCategory/hb-1-9-6,Vitamins & Supplements,ai: Myo y D-chiro inositol ratio 40:1,alta,si,no
9937114399041,inositol-myo-y-d-chiro-eternal-nutrition-300-c-psulas,Myo - Inositol y D-Chiro Eternal Nutrition | Apoyo hormonal femenino | 300 Cápsulas,Eternal,ACTIVE,duracion 75,,,Inositol,gid://shopify/TaxonomyCategory/hb-1-9-6,Vitamins & Supplements,ai: Myo-inositol y D-chiro como ingredientes principales,alta,si,no
9651468009793,myo-inositol-acido-folico-vitamina-d3-1500mg-por-porcion-de-flow-supplement-apoyo-de-la-funcion-hormonal-y-fortalecimiento-oseo-90-capsulas-vegetales,Myo Inositol + Ácido fólico + Vitamina D3 1500mg por porción de Flow Supplement | Apoyo de la función Hormonal y fortalecimiento Óseo | 90 cápsulas vegetales,Flow Supplements,ACTIVE,+18 Años | Adultos | descuento-15 | duracion 30 | Flow Supplement | Mujer | myo-inositol | Sistema inmunitario | vitadeals | Vitamina B9 (Ácido fólico) | Vitamina D3 | Vitaminas,,,Inositol,gid://shopify/TaxonomyCategory/hb-1-9-6,Vitamins & Supplements,ai: Myo inositol principal; folato y D3 cofactores,alta,no,no
9666535194945,myo-inositol-d-chiro-inositol-2-04g-por-porcion-de-5h8-nutrition-apoya-el-equilibrio-hormonal-en-hombres-y-mujeres-120-capsulas-vegetales,Myo Inositol + D-Chiro Inositol 2.04g por porción de 5H8 Nutrition | Apoya el equilibrio hormonal en hombres y mujeres | 120 Cápsulas,5H8 Nutrition,ACTIVE,+18 Años | 5H8 Nutrition | Adultos | Ansiedad y estrés | D-Chiro Inositol | descuento-15 | duracion 30 | Indiferente | myo-inositol | Salud femenina | Salud masculina | Sin azúcar | Sin gluten | Sin lactosa | Sueño y descanso | Vegano | vitadeals | Vitaminas,,,Inositol,gid://shopify/TaxonomyCategory/hb-1-9-6,Vitamins & Supplements,ai: Myo y D-chiro inositol en dosis alta,alta,si,no
10022681608513,myo-inositol-d-chiro-inositol-40-1-con-zinc-picolinato-metilfolato-y-vitamina-b6-p5p-myo-inositol-de-reset-90-capsulas,"Myo inositol + D-chiro inositol 40:1 con zinc (picolinato), metilfolato y vitamina B6 P5P |  Myo Inositol + de Reset | 90 Cápsulas",Reset,ACTIVE,PRO,,,Inositol,gid://shopify/TaxonomyCategory/hb-1-9-6,Vitamins & Supplements,"ai: Inositol 40:1 principal; zinc, folato y B6 cofactores",alta,si,no
9666515403073,myo-inositol-550mg-con-colageno-hidrolizado-biotina-de-5h8-promueve-el-equilibrio-hormonal-mejorando-la-sensibilidad-a-la-insulina-90-capsulas-vegetales,"Myo Inositol 550mg con colágeno hidrolizado +Biotina de 5H8 | Promueve el equilibrio hormonal, mejorando la sensibilidad a la insulina | 90 cápsulas",5H8 Nutrition,ACTIVE,+18 Años | 5H8 Nutrition | Adultos | Ansiedad y estrés | descuento-15 | duracion 90 | Indiferente | myo-inositol | Salud femenina | Salud masculina | Sin azúcar | Sin gluten | Sin lactosa | Vegano | vitadeals | Vitaminas,,,Inositol,gid://shopify/TaxonomyCategory/hb-1-9-6,Vitamins & Supplements,ai: Myo inositol principal con colágeno y biotina secundarios,alta,no,no
9656788517185,myo-inositol-600mg-de-nutrasana-formulado-para-contribuir-en-la-funcion-reproductiva-y-metabolica-120-tabletas-vegetales,Myo Inositol 600mg de Nutrasana | Formulado para contribuir en la función reproductiva y metabólica | 120 tabletas vegetales,Nutrasana,ACTIVE,+18 Años | Adultos | Ansiedad y estrés | descuento-25 | duracion 40 | Indiferente | myo-inositol | Nutrasana | Salud femenina | Salud masculina | Sin azúcar | Sin gluten | Sin lactosa | Vegetariano | vitadeals | Vitaminas,,,Inositol,gid://shopify/TaxonomyCategory/hb-1-9-6,Vitamins & Supplements,ai: Myo inositol 600 mg único ingrediente activo,alta,si,no
10091735515457,myo-inositol-en-polvo-equilibrio-femenino,Myo Inositol en polvo de Superlabs Nutrition  | Equilibrio Femenino | Polvo 250gr,Superlabs,ACTIVE,,,,Inositol,gid://shopify/TaxonomyCategory/hb-1-9-6,Vitamins & Supplements,ai: Myo inositol puro en polvo,alta,si,no
10031974646081,myo-inositol-puro-y-optimizado-de-briah-balance-hormonal-femenino,Myo Inositol Puro y Optimizado de Briah | Balance Hormonal Femenino | 60 Cápsulas,OLSEGO GROUP,ACTIVE,,,,Inositol,gid://shopify/TaxonomyCategory/hb-1-9-6,Vitamins & Supplements,ai: Myo inositol puro en cápsulas,alta,si,no
9639014596929,myo-inositol-d-chiro-inositol-0-7g-andres-plus-de-wu-nutrition-contribuye-a-promover-la-fertilidad-ayuda-a-reducir-los-sintomas-del-sindrome-de-ovario-poliquistico-sop-120-capsulas-vegetales,Myo Inositol y D-Chiro Inositol Andrés Plus de WU Nutrition | Apoyo para fertilidad y SOP | 120 cápsulas vegetales,WU Nutrition,ACTIVE,+18 Años | Adultos | Ansiedad y estrés | Combinados para Mujer | D-Chiro Inositol | duracion 60 | Mujer | myo-inositol | Salud femenina | Sin azúcar | Sin gluten | Sueño y descanso | Vitaminas | WU Nutrition,,,Inositol,gid://shopify/TaxonomyCategory/hb-1-9-6,Vitamins & Supplements,ai: Myo y D-chiro inositol como base de la fórmula,alta,si,no
9661677011265,myo-inositol-suplemento-alimenticio-salud-reproductiva-y-metabolica-1,Myo Inositol | B-Life | Fortalece la Salud Hormonal y Metabólica | 180 cápsulas,Blife,ACTIVE,+18 Años | Adultos | Ansiedad y estrés | B-Life | Colágeno Hidrolizado | descuento-15 | duracion 180 | Mujer | myo-inositol | PRO | Salud femenina | Sin azúcar | Sin gluten | Sin lactosa | Vegetariano | vitadeals | Vitamina B7 (Biotina) | Vitaminas,,,Inositol,gid://shopify/TaxonomyCategory/hb-1-9-6,Vitamins & Supplements,ai: Myo inositol como ingrediente principal,alta,si,no
10022669812033,myo-inositol-d-chiro-inositol-colageno-hidrolizado-vitamina-b9-metilfolato-zinc-y-vitamina-b6-myo-inositol-collagen-reset-750-g,"Myo inositol, D-chiro inositol, Colágeno Hidrolizado, Vitamina B9 (metilfolato), Zinc y Vitamina B6 | Myo Inositol Collagen Reset | 750 g",Reset,ACTIVE,,,,Inositol,gid://shopify/TaxonomyCategory/hb-1-9-6,Vitamins & Supplements,ai: Inositol encabeza la fórmula; colágeno y micronutrientes secundarios,media,no,no
10098441552193,myo-inositol-birdman-2000-mg-90-capsulas-veganas,Myo-Inositol Birdman 2000 mg | Apoya el equilibrio metabólico y energético  | 90 cápsulas veganas,Birdman,ACTIVE,,,,Inositol,gid://shopify/TaxonomyCategory/hb-1-9-6,Vitamins & Supplements,ai: Myo-inositol 2000 mg único activo,alta,si,no
9781668053313,myo-inositol-d-chiro-acido-r-lipoico-y-cinsulin®-5g-sop-complejo-de-matter-apoyo-contra-el-sindrome-de-ovario-poliquistico-bolsa-225-gr-sabor-bayas,"Myo-Inositol, D Chiro, Ácido R-Lipoico y Cinsulin® 5g SOP Complejo de Matter | Apoyo contra el Síndrome de Ovario Poliquístico | Bolsa 225 gr Sabor Bayas",You Matter,ACTIVE,descuento-15 | duracion 45 | PRO | vitadeals,,,Inositol,gid://shopify/TaxonomyCategory/hb-1-9-6,Vitamins & Supplements,ai: Myo y D-chiro inositol base del complejo en polvo,alta,si,no
10028739985729,n-acetilcisteina-nac-1000-mg-apoyo-antioxidante-y-hepatico-60-capsulo,N-acetilcisteína (NAC) 1000 mg | Apoyo Antioxidante y Hepático | 60 Cápsulas,AMZ Nutrition,ACTIVE,,,,Aminoácidos y BCAA,gid://shopify/TaxonomyCategory/hb-1-9-6-1-2,Single Amino Acid Supplements,aminoacido-individual,alta,no,
9803385536833,nac-n-acetilcisteina-100mg-por-porcion-n-acetyl-cysteine-de-b-life-180-capsulas,N-Acetyl Cysteine B Life NAC 1000 mg | Antioxidante | 180 cápsulas,Blife,ACTIVE,duracion 90 | vitadeals,,,Aminoácidos y BCAA,gid://shopify/TaxonomyCategory/hb-1-9-6-1-2,Single Amino Acid Supplements,aminoacido-individual,alta,no,
9654700441921,nac-n-acetil-cisteina-l-glicina-970mg-glynac-de-bioptimizado-apoya-la-desintoxicacion-del-higado-fortalece-el-sistema-inmunitario-contribuyendo-a-la-recuperacion-fisica-90-capsulas-vegetales,"NAC (N Acetil Cisteína) + L-Glicina 970mg Glynac de Bioptimizado |  Apoya la desintoxicación del hígado, fortalece el sistema inmunitario | 90 cápsulas vegetales",Nutrasana,ACTIVE,+18 Años | Adultos | Aminoácidos | Ansiedad y estrés | Bioptimizado | descuento-25 | duracion 45 | Glicina | Indiferente | n-acetilcisteina-nac | PRO | Salud digestiva | Sin azúcar | Sin gluten | Sin lactosa | Sistema inmunitario | Sueño y descanso | Vegetariano | vitadeals,,,Aminoácidos y BCAA,gid://shopify/TaxonomyCategory/hb-1-9-6-1-2,Single Amino Acid Supplements,aminoacido-individual,alta,no,
9640311324993,nac-n-acetil-cisteina-glutation-cardo-mariano-vitamina-c-e-y-curcuma-645mg-detox-support-de-nutriadn-alto-poder-antioxidante-apoya-al-proceso-de-desintoxicacion-hepatica-120-capsulas-vegetales,"NAC (N Acetil Cisteína), Glutatión, Cardo Mariano, Vitamina C, E y Cúrcuma 645mg Detox Support de NutriADN | Alto poder antioxidante, refuerza el sistema antioxidante | 120 cápsulas vegetales",NutriADN,ACTIVE,+18 Años | Adultos | Aminoácidos | Cardo mariano | Cúrcuma | Desintoxicación | duracion 60 | Indiferente | n-acetilcisteina-nac | NutriADN | PRO | Salud digestiva | Sin azúcar | Sin gluten | Sin lactosa | Vegano | Vegetariano | vitadeals | Vitamina C | Vitamina E,,,Detox y apoyo hepático,gid://shopify/TaxonomyCategory/hb-1-9-6-1-2,Single Amino Acid Supplements,"ai: NAC con cardo mariano, enfoque detox antioxidante",media,si,no
9605622300993,n-acetil-cisteina-600-mg-con-selenio-y-molibdeno-de-now-foods-proteccion-contra-radicales-libres-y-sistema-inmunologico-100-tabletas-veganas,NAC (N-Acetil Cisteína) 600 mg con Selenio y Molibdeno de NOW Foods - Protección contra Radicales Libres y Sistema Inmunológico | 100 tabletas veganas,OLSEGO GROUP,ACTIVE,+18 Años | Adultos | Aminoácidos | descuento-25 | duracion 50 | Indiferente | Longevidad y vitalidad | n-acetilcisteina-nac | NOW Foods | PRO | Sin azúcar | Sin gluten | Sin lactosa | Sistema inmunitario | Vegano | Vegetariano,,,Antioxidantes,gid://shopify/TaxonomyCategory/hb-1-9-6-1-2,Single Amino Acid Supplements,"ai: NAC aminoácido único con selenio, acción antioxidante",alta,si,no
9621843706177,nac-n-acetil-cisteina-600-mg-de-swanson-ayuda-a-aumentar-los-niveles-de-glutation-un-antioxidante-crucial-en-el-cuerpo-protegiendo-las-celulas-del-dano-oxidativo-100-capsulas-vegetales,"NAC (N-Acetil Cisteína) 600 mg de Swanson |  Ayuda a aumentar los niveles de glutatión, un antioxidante crucial en el cuerpo, protegiendo las células del daño oxidativo | 100 cápsulas vegetales",Superlabs,ACTIVE,+18 Años | Adultos | Aminoácidos | Desintoxicación | duracion 100 | Indiferente | n-acetilcisteina-nac | Salud digestiva | Sin azúcar | Sin gluten | Sin lactosa | Sistema inmunitario | Sistema respiratorio | Swanson | Vegetariano,,,Aminoácidos y BCAA,gid://shopify/TaxonomyCategory/hb-1-9-6-1-2,Single Amino Acid Supplements,aminoacido-individual,alta,no,
9651469713729,n-acetil-l-cisteina-nac-600mg-de-flow-supplement-antioxidante-que-ayuda-en-la-desintoxicacion-del-higado-60-capsulas-vegetales,"NAC (N-Acetil-L-Cisteína) 600mg de Flow Supplement | Antioxidante, que ayuda en la desintoxicación del hígado | 60 cápsulas vegetales",Flow Supplements,ACTIVE,+18 Años | Adultos | Aminoácidos | descuento-15 | duracion 60 | Flow Supplement | Indiferente | Keto | n-acetilcisteina-nac | Sin azúcar | Sin gluten | Sistema inmunitario | Sistema respiratorio | vitadeals,,,Aminoácidos y BCAA,gid://shopify/TaxonomyCategory/hb-1-9-6-1-2,Single Amino Acid Supplements,aminoacido-individual,alta,no,
9600016449857,n-acetil-l-cisteina-nac-600mg-de-life-extension-apoya-la-desintoxicacion-del-higado-60-capsulas-vegetales,NAC (N-Acetil-L-Cisteína) 600mg de Life Extension | Apoya la desintoxicación del hígado | 60 cápsulas vegetales,OLSEGO GROUP,ACTIVE,+18 Años | Adultos | Aminoácidos | descuento-25 | duracion 60 | Indiferente | Life Extension | n-acetilcisteina-nac | PRO | Sin azúcar | Sin gluten | Sin lactosa | Sistema inmunitario | Sistema respiratorio,,,Aminoácidos y BCAA,gid://shopify/TaxonomyCategory/hb-1-9-6-1-2,Single Amino Acid Supplements,aminoacido-individual,alta,no,
9618766823745,nac-1-000mg-quercetina-500mg-y-zinc-15mg-de-now-foods-para-soporte-inmunologico-y-respiratorio-90-capsulas-vegetales,"NAC 1.000mg, Quercetina 500mg y Zinc 15mg de Now Foods -  para Soporte Inmunológico y Respiratorio | 90 Cápsulas Vegetales",Vitaminate,ACTIVE,+18 Años | Adultos | Aminoácidos | duracion 45 | Indiferente | Longevidad y vitalidad | n-acetilcisteina-nac | NOW Foods | Sin azúcar | Sin gluten | Sin lactosa | Sistema inmunitario | Sistema respiratorio | Vegano,,,Zinc,gid://shopify/TaxonomyCategory/hb-1-9-6-6-5,Zinc,mineral-ZINC,alta,no,
9811561283905,soporte-y-defensa-respiratoria-con-600-mg-de-nac-natures-secret-60-tabletas,NAC 600 mg Respiratory Support de Nature’s Secret | Refuerza las defensas respiratorias | 60 tabletas,Vitaminate,ACTIVE,descuento-10 | duracion 60,,,Aminoácidos y BCAA,gid://shopify/TaxonomyCategory/hb-1-9-6-1-2,Single Amino Acid Supplements,aminoacido-individual,alta,no,
9616709321025,nac-n-acetil-cisteina-1000-mg-de-now-foods-proteccion-celular-y-sistema-inmunologico-120-tabletas-veganas,NAC N-Acetil Cisteína 1000 mg de NOW Foods - Protección Celular y Sistema Inmunológico | 120 tabletas veganas,Vitaminate,ACTIVE,+18 Años | Adultos | Aminoácidos | duracion 120 | Indiferente | NOW Foods | PRO | Sin azúcar | Sin gluten | Sin lactosa | Sistema inmunitario | Sistema respiratorio | Vegano,,,Aminoácidos y BCAA,gid://shopify/TaxonomyCategory/hb-1-9-6-1-2,Single Amino Acid Supplements,aminoacido-individual,alta,no,
9840540483905,nad-liposomal-coq10-resveratrol-y-vitamina-c-natsa-regeneracion-celular-y-vitalidad-60-capsulas,"NAD Liposomal + CoQ10, Resveratrol y Vitamina C Natsa | Regeneración Celular y Vitalidad | 60 cápsulas",Natsa,ACTIVE,descuento-10 | duracion 30,,,CoQ10 y energía celular,gid://shopify/TaxonomyCategory/hb-1-9-6-9-1,CoQ10,coq10,alta,no,
9599594037569,nad-regenerador-celular-100-mg-de-life-extension-regeneracion-celular-y-longevidad-y-vitalidad-30-capsulas-vegetarianas,NAD suplemento | NAD + regenerador celular 100 mg de Life extension | Regeneración celular - Longevidad y Vitalidad | 30 cápsulas vegetarianas,OLSEGO GROUP,ACTIVE,+18 Años | Adultos | descuento-20 | duracion 30 | Indiferente | Life Extension | Longevidad y vitalidad | nad | Potenciar la energía | PRO | Sin azúcar | Sin gluten | Sin lactosa | Vegano | Vegetariano | Vitaminas,,,"Longevidad: NAD+, NMN y resveratrol",gid://shopify/TaxonomyCategory/hb-1-9-6,Vitamins & Supplements,ai: NAD+ precursor para longevidad celular,alta,si,no
9624304845121,nad-300-mg-con-resveratrol-de-life-extension-regenerador-celular-contribuye-a-aumentar-y-potenciar-la-energia-y-la-longevidad-celular-30-capsulas-vegetales,NAD+ 300 mg con Resveratrol de Life Extension | Regenerador celular - Contribuye a aumentar y potenciar la energía y la longevidad celular | 30 cápsulas vegetales,OLSEGO GROUP,ACTIVE,+18 Años | Adultos | descuento-20 | duracion 30 | Indiferente | Life Extension | Longevidad y vitalidad | nad | PRO | Sin azúcar | Sin gluten | Sin lactosa | Vegano | Vegetariano | Vitaminas,,,"Longevidad: NAD+, NMN y resveratrol",gid://shopify/TaxonomyCategory/hb-1-9-6,Vitamins & Supplements,"ai: NAD+ con resveratrol, longevidad",alta,si,no
10240847544641,nad-500-mg-b-fit-90-capsulas,"NAD+ 500 mg B-fit | Apoya energía celular, metabolismo | 90 cápsulas",B FIT,ACTIVE,vitadeals,,,"Longevidad: NAD+, NMN y resveratrol",gid://shopify/TaxonomyCategory/hb-1-9-6,Vitamins & Supplements,ai: NAD+ energía celular y metabolismo,alta,si,no
9647292645697,nad-nicotinamida-adenina-dinucleotido-500-mg-de-tibet-natura-nad-nicotinamida-adenina-dinucleotido-500-mg-de-tibet-natura-apoyo-para-la-reparacion-celular-promueve-la-longevidad-antioxidante-30-capsulas-vegetales,NAD+ 500 mg de Tibet Natura | Apoyo Antioxidante y Reparación Celular | 30 Cápsulas Vegetales,Flow Supplements,ACTIVE,descuento-25 | duracion 30 | Indiferente | Longevidad y vitalidad | NAD+ | Potenciar la energía | Tibet Natura | vitadeals,,,"Longevidad: NAD+, NMN y resveratrol",gid://shopify/TaxonomyCategory/hb-1-9-6,Vitamins & Supplements,ai: NAD+ reparación celular,alta,si,no
9978786414913,nad-con-vitamina-c-resveratrol-y-coenzima-q10-de-briah-proteccion-antioxidante-30-capsulas,"NAD+ con Resveratrol, Vitamina C y Coenzima Q10 de Briah | Protección Antioxidante | 30 cápsulas",OLSEGO GROUP,ACTIVE,duracion 30 | PRO,,,Vitamina C,gid://shopify/TaxonomyCategory/hb-1-9-6-9-4,Vitamin C,vitamina-VIT_C,alta,no,
9624399806785,nad-regenerador-celular-300-mg-de-life-extension-ayuda-en-la-produccion-de-energia-celular-y-el-funcionamiento-optimo-del-metabolismo-incluye-cita-con-nutriologo-30-capsulas-vegetarianas,NAD+ Regenerador celular 300 mg de Life extension | Ayuda en la producción de energía celular y el funcionamiento óptimo del metabolismo | 30 cápsulas vegetarianas,OLSEGO GROUP,ACTIVE,+18 Años | Adultos | descuento-25 | duracion 30 | Indiferente | Life Extension | Longevidad y vitalidad | NAD+ | niagen | Sin azúcar | Sin gluten | Sin lactosa | Vegano | Vegetariano | vitadeals | Vitaminas,,,"Longevidad: NAD+, NMN y resveratrol",gid://shopify/TaxonomyCategory/hb-1-9-6,Vitamins & Supplements,ai: NAD+ regenerador celular con Niagen,alta,si,no
9999311503681,nad-premium-complex-beyond-vitamins-con-nicotinamida-ribosa-quercetina-y-resveratrol-30-capsulas,"NAD+ | NR Nicotinamida Ribosa potenciado con Resveratrol, Quercetina, Betaina HCL y Semilla de Uva de Beyond Vitamins | 30 Cápsulas",Beyond Vitamins,ACTIVE,duracion 30 | vitadeals,,,"Longevidad: NAD+, NMN y resveratrol",gid://shopify/TaxonomyCategory/hb-1-9-6,Vitamins & Supplements,ai: Nicotinamida ribósido con resveratrol y quercetina,alta,si,no
9937138745665,nad-de-eternal-nutrition-energia-celular-y-longevidad-200-capsulas,"NAD+, Betaina HCL y Ácido Alfa Lipoico de Eternal Nutrition | Energía celular y longevidad | 200 Cápsulas",Eternal,ACTIVE,duracion 100,,,"Longevidad: NAD+, NMN y resveratrol",gid://shopify/TaxonomyCategory/hb-1-9-6,Vitamins & Supplements,"ai: NAD+ con ALA, energía celular y longevidad",alta,si,no
9666367586625,nad-quercetina-y-resveratrol-375mg-de-5h8-regenerador-celular-promueve-la-longevidad-y-la-resistencia-fisica-90-capsulas-vegetales,"NAD+, Quercetina y Resveratrol 375mg de 5H8 | Regenerador celular - Promueve la Longevidad y la Resistencia Física | 90 cápsulas",5H8 Nutrition,ACTIVE,+18 Años | 5H8 Nutrition | Adultos | descuento-15 | duracion 90 | Indiferente | Longevidad y vitalidad | NAD+ | PRO | Sin azúcar | Sin gluten | Sin lactosa | Vegano | vitadeals | Vitaminas,,,"Longevidad: NAD+, NMN y resveratrol",gid://shopify/TaxonomyCategory/hb-1-9-6,Vitamins & Supplements,ai: NAD+ con quercetina y resveratrol,alta,si,no
9999953690945,nadh-10-mg-60-veg-caps,NADH 10 mg con D-Ribosa de Now | Favorece la producción natural de energía celular | 60 Cápsula,Vitaminate,ACTIVE,duracion 40,,,CoQ10 y energía celular,gid://shopify/TaxonomyCategory/hb-1-9-6,Vitamins & Supplements,ai: NADH con D-ribosa para energía celular,media,si,no
9802011574593,nadh-blend-antioxidante-adicionado-con-citrato-de-magnesio-180-capsulas,NADH Blend B Life Colágeno y Magnesio | Energía Celular | 180 cápsulas,Blife,ACTIVE,duracion 180 | nad | PRO | vitadeals,,,Colágeno,gid://shopify/TaxonomyCategory/hb-1-9-6-2,Collagen,colageno,alta,no,
9649406050625,nadh-colageno-hidrolizado-y-citrato-de-magnesio-500-mg-de-tibet-natura-incrementa-la-energia-celular-mejorando-la-resistencia-y-la-vitalidad-30-capsulas-vegetales,"NADH+, Colágeno hidrolizado y Citrato de magnesio 500 mg de Tibet Natura | Incrementa la Energía Celular mejorando la Resistencia y la Vitalidad  | 30 cápsulas vegetales",Flow Supplements,ACTIVE,descuento-15 | duracion 30 | Indiferente | nad | Sistema cardiovascular | Sistema inmunitario | Tibet Natura | vitadeals,,,Colágeno,gid://shopify/TaxonomyCategory/hb-1-9-6-2,Collagen,colageno,alta,no,
9692728197441,extracto-de-name-silvestre-500mg-de-adapto-heal-propiedades-para-equilibrar-los-niveles-hormonales-y-aliviar-sindrome-premenstrual-y-menopausia-150-capsulas-vegetales,Ñame Silvestre SILV Adaptoheal 500 mg  | Propiedades para equilibrar los niveles hormonales y aliviar síndrome premenstrual y menopausia | 150 Cápsulas Vegetales,AdaptoHeal,ACTIVE,+18 Años | AdaptoHeal | Adultos | Hierbas | Indiferente | Menopausia | name-silvestre | Salud femenina | Sin azúcar | Sin gluten | Sin lactosa | Suplementos herbales | Vegano | vitadeals,,,Bienestar femenino y menopausia,gid://shopify/TaxonomyCategory/hb-1-9-6-5,Herbal Supplements,ai: Ñame silvestre herbal para equilibrio hormonal y menopausia,alta,si,no
9633254932801,name-silvestre-y-dong-quai-formula-herbal-de-now-foods-equilibrio-femenino-ayuda-a-balancear-el-sistema-hormonal-de-manera-natural-90-capsulas-veganas,"Ñame Silvestre y Dong Quai, Fórmula Herbal de NOW Foods | Equilibrio Femenino, Ayuda a balancear el sistema hormonal de manera natural | 90 Cápsulas Veganas",Vitaminate,ACTIVE,+18 Años | Adultos | Cimicifuga racemosa | Combinados temas de salud | descuento-15 | Dong quai | Hierbas | Indiferente | Jengibre | Keto | NOW Foods | Salud femenina | Sin azúcar | Sin gluten | Sin lactosa | Suplementos herbales | V. agnus-castus | Vegano | Vegetariano | Vitamina B6 (Piridoxina) | Vitamina B9 (Ácido fólico) | vitamina-b-6; vitamina-b-9 | Ñame silvestre,,,Bienestar femenino y menopausia,gid://shopify/TaxonomyCategory/hb-1-9-6-5,Herbal Supplements,ai: Fórmula herbal femenina con ñame y dong quai,alta,si,no
9625187778881,niacinamida-500-mg-vitamina-b-3-no-flush-de-now-foods-apoya-la-salud-del-sistema-nervioso-100-capsulas-vegetales,"Niacinamida 500 mg, Vitamina B-3 No Flush de NOW Foods | Apoya el sistema nervioso | 100 Cápsulas Vegetales",Vitaminate,ACTIVE,+18 Años | Adultos | descuento-15 | duracion 100 | Indiferente | NOW Foods | Potenciar la energía | Sin azúcar | Sin gluten | Sin lactosa | Sistema cardiovascular | Sistema inmunitario | Vegano | Vegetariano | Vitamina B3 (Niacina) | vitamina-b-3 | Vitaminas,,,Complejo B y B12,gid://shopify/TaxonomyCategory/hb-1-9-6-9-3,Vitamin B,vitamina-VIT_B,alta,no,
10028726387009,nad-doral-de-migh-apoya-la-regeneracion-y-reparacion-del-adn-60-capsulas,"Nicotinamida Adenina Dinucleótido, NAD⁺ de Migh | Apoya la regeneración y reparación del ADN |  60 cápsulas",AMZ Nutrition,ACTIVE,,,,"Longevidad: NAD+, NMN y resveratrol",gid://shopify/TaxonomyCategory/hb-1-9-6,Vitamins & Supplements,"ai: NAD+ puro, regeneración celular",alta,si,no
9935620866369,nicotinamida-ribosido-eternal-1200-mg-200-capsulas,Nicotinamida Ribosido NR 1200 mg Eternal Nutrition | Contribuye al metabolismo energético celular | 200 cápsulas,Eternal,ACTIVE,duracion 100,,,"Longevidad: NAD+, NMN y resveratrol",gid://shopify/TaxonomyCategory/hb-1-9-6,Vitamins & Supplements,"ai: Nicotinamida ribósido, precursor NAD+",alta,si,no
9662941102401,night-blend-mezcla-de-gaba-reishi-y-otros-2,Night Blend B Life Triptófano GABA Teanina | Descanso Nocturno | 180 cápsulas,Blife,ACTIVE,+18 Años | 5-HTP | Adultos | B-Life | Combinados temas de salud | GABA | Indiferente | L-teanina | l-triptofano | Reishi | Sin azúcar | Sin gluten | Sin lactosa | Sueño y descanso | Suplementos Combinados | vitadeals,,,Aminoácidos y BCAA,gid://shopify/TaxonomyCategory/hb-1-9-6-1-2,Single Amino Acid Supplements,aminoacido-individual,alta,no,
9935601107265,nmn-resveratrol-eternal-600-mg-200-capsulas-veganas,NMN + Resveratrol Eternal 600 mg  | Antioxidante natural | 200 cápsulas,Eternal,ACTIVE,duracion 200,,,"Longevidad: NAD+, NMN y resveratrol",gid://shopify/TaxonomyCategory/hb-1-9-6,Vitamins & Supplements,"ai: NMN con resveratrol, precursor de NAD+ para longevidad",alta,si,no
9802009542977,nmn-blend-nicotinamida-mononucleotida-300mg-por-porcion-de-b-life-180-capsulas,NMN Blend B Life Resveratrol Vitamina C | Longevidad | 180 cápsulas,Blife,ACTIVE,duracion 90 | vitadeals,,,Vitamina C,gid://shopify/TaxonomyCategory/hb-1-9-6-9-4,Vitamin C,vitamina-VIT_C,alta,no,
9974763389249,nmn-liposomal-300-mg-de-prohealth-metabolismo-energetico-celular-60-capsulas,NMN Liposomal 300 mg de ProHealth | Metabolismo Energético Celular | 60 cápsulas,Vitaminate,ACTIVE,duracion 30,,,"Longevidad: NAD+, NMN y resveratrol",gid://shopify/TaxonomyCategory/hb-1-9-6,Vitamins & Supplements,"ai: NMN liposomal, precursor de NAD+",alta,si,no
9974756737345,nmn-pro-uthever®-de-prohealth-precursor-de-nad-30-capsulas,"NMN Pro Uthever®  de Prohealth | Precursor de NAD+, envejecimiento saludable | 30 Cápsulas",Vitaminate,ACTIVE,duracion 30,,,"Longevidad: NAD+, NMN y resveratrol",gid://shopify/TaxonomyCategory/hb-1-9-6,Vitamins & Supplements,"ai: NMN Uthever, precursor de NAD+",alta,si,no
9879880925505,nmn-genex-60-capsulas,NMN Puro 250 mg | Genex | Apoyo Premium a la Longevidad y Energía Celular | 60 Cápsulas Vegetales,OLSEGO GROUP,ACTIVE,descuento-25 | duracion 30 | vitadeals,,,"Longevidad: NAD+, NMN y resveratrol",gid://shopify/TaxonomyCategory/hb-1-9-6,Vitamins & Supplements,ai: NMN puro para longevidad y energía celular,alta,si,no
9647320727873,nmn-suplemento-tibet-natura-nicotinamida-mononucleotido-500mg,NMN suplemento | Nicotinamida Mononucleótido 500mg de Tibet Natura | Apoya la función metabólica y la producción de energía celular | 30 cápsulas vegetales,Flow Supplements,ACTIVE,descuento-25 | duracion 30 | Indiferente | Potenciar la energía | Tibet Natura | vitadeals,,,"Longevidad: NAD+, NMN y resveratrol",gid://shopify/TaxonomyCategory/hb-1-9-6,Vitamins & Supplements,"ai: Nicotinamida mononucleótido 500mg, precursor NAD+",alta,si,no
9992093073729,nmn-resveratrol-quercetina-tmg-y-bionerine-nmn-de-cellx-60-capsulas,"NMN, Resveratrol, Quercetina, TMG y Bionerine | NMN de Cellx | 60 Cápsulas",Cellx,ACTIVE,duracion 30 | vitadeals,,,"Longevidad: NAD+, NMN y resveratrol",gid://shopify/TaxonomyCategory/hb-1-9-6,Vitamins & Supplements,"ai: NMN con resveratrol y quercetina, enfoque longevidad",alta,si,no
9692723675457,noni-hierba-500mg-de-adapto-heal-propiedades-antioxidantes-y-antiinflamatorias-sistema-inmune-150-capsulas-vegetales,Noni en cápsulas 500 mg Adaptoheal | Propiedades antioxidantes y antiinflamatorias - Sistema Inmune | 150 Cápsulas Vegetales,AdaptoHeal,ACTIVE,+18 Años | AdaptoHeal | Adultos | Desintoxicación | Hierbas | Indiferente | Noni | Salud digestiva | Sin azúcar | Sin gluten | Sin lactosa | Sistema inmunitario | Suplementos herbales | Vegetariano | vitadeals,,,Hierbas y extractos botánicos,gid://shopify/TaxonomyCategory/hb-1-9-6-5,Herbal Supplements,ai: Extracto botánico de noni en cápsulas,alta,si,no
9653748072769,nopal-neem-hierbas-naturales-1500mg-por-porcion-sindab-de-flow-supplements-bienestar-digestivo-que-promueve-la-desintoxicacion-del-organismo-90-capsulas-vegetales,Nopal + Neem + Hierbas naturales 1500mg por porción SINDAB de Flow Supplements | Bienestar digestivo  | 90 cápsulas vegetales,Flow Supplements,ACTIVE,+18 Años | Adultos | Combinados de hierbas | Cromo | descuento-15 | Desintoxicación | Flow Supplement | Hierbas | Indiferente | Keto | neem | Nopal | Salud digestiva | Sin azúcar | Sin gluten | Suplementos herbales | vitadeals,,,Digestivos y confort intestinal,gid://shopify/TaxonomyCategory/hb-1-9-6-5,Herbal Supplements,ai: Mezcla herbal nopal y neem para bienestar digestivo,media,si,no
9931565990209,nutrex-creatina-monohidratada-potencia-fuerza-y-volumen-300-g,Nutrex Creatina Monohidratada | Potencia fuerza y volumen | 300 g,Edgar Suplementos deportivos,ACTIVE,duracion 60 | vitadeals,,,Creatina,gid://shopify/TaxonomyCategory/hb-1-9-6-3,Creatine,creatina,alta,no,
9606675038529,nutroxsun-astaxantina-y-genisteina-buddy-sun-matter-757-mg-proteccion-solar-y-salud-de-la-piel-60-capsulas-vegetales,"NutroxSun, Astaxantina y Genisteína Buddy Sun Matter 757 mg | Protección Solar y Salud de la Piel | 60 Cápsulas Vegetales",You Matter,ACTIVE,+18 Años | Adultos | combinados-de-hierbas | Cuidado del cabello | descuento-15 | Hierbas | Indiferente | piel y uñas | Sin azúcar | Sin gluten | Suplementos herbales | Vegano | You Matter,,,"Belleza: cabello, piel y uñas",gid://shopify/TaxonomyCategory/hb-1-9-6,Vitamins & Supplements,ai: Cápsulas con astaxantina y NutroxSun para salud de la piel,media,si,no
9999955591489,polvo-de-olmo-resbaladizo-4-oz-113gr,Olmo resbaladizo de NOW | Apoyo Digestivo | 113 g Polvo Vegano,Vitaminate,ACTIVE,duracion 40,,,Digestivos y confort intestinal,gid://shopify/TaxonomyCategory/hb-1-9-6-4,Digestive Supplements,"ai: Olmo resbaladizo en polvo, apoyo digestivo",alta,si,no
10022664241473,omega-glutathione-de-reset-apoyo-antioxidante-90-capsulas,"Omega 3 (EPA y DHA), glutatión reducido, curcuminoides y extracto de pimienta negra | Omega Glutathione+ de Reset | Apoyo Antioxidante | 90 cápsulas",Reset,ACTIVE,PRO,,,Omega 3 y aceites de pescado,gid://shopify/TaxonomyCategory/hb-1-9-6-11,Omega Fatty Acids,omega,alta,no,
9664711524673,omega-3-epa-dha-1440mg-fish-oil-de-5h8-nutrition-apoyo-cardiovascular-ocular-cerebral-90-capsulas,"Omega 3 - EPA + DHA 1440MG Fish Oil de 5H8 Nutrition | Apoyo Cardiovascular, Ocular, Cerebral | 90 Cápsulas",5H8 Nutrition,ACTIVE,+18 Años | 5H8 Nutrition | Adultos | descuento-15 | DHA | duracion 90 | EPA | Indiferente | omega-3 | Salud ocular | Sin azúcar | Sin gluten | Sin lactosa | Sistema cardiovascular | Sistema inmunitario | vitadeals | Ácidos grasos y omegas,,,Omega 3 y aceites de pescado,gid://shopify/TaxonomyCategory/hb-1-9-6-11,Omega Fatty Acids,omega,alta,no,
9600555712833,omega-3-1280mg-de-nordic-naturals-apoyo-de-la-funcion-cerebral-ocular-y-cardiovascular-60-capsulas-blandas-sabor-limon,"Omega 3 1280mg de Nordic Naturals | Apoyo de la función Cerebral, Ocular y Cardiovascular | 60 cápsulas blandas sabor Limón",Vitaminate,ACTIVE,+18 Años | Adultos | duracion 30 | Indiferente | Nordic Naturals | omega-3 | PRO | Salud cognitiva | Salud ocular | Sistema cardiovascular | Ácidos grasos y omegas,,,Omega 3 y aceites de pescado,gid://shopify/TaxonomyCategory/hb-1-9-6-11,Omega Fatty Acids,omega,alta,no,
9600557187393,omega-3-2840mg-de-nordic-naturals-apoyo-de-la-funcion-cerebral-ocular-y-cardiovascular-119ml-sabor-limon,"Omega 3 2840mg de Nordic Naturals | Apoyo de la función Cerebral, Ocular y Cardiovascular | 119ml sabor Limón",Vitaminate,ACTIVE,+18 Años | Adultos | duracion 24 | Indiferente | Nordic Naturals | omega-3 | PRO | Salud cognitiva | Sistema cardiovascular | vitadeals | Ácidos grasos y omegas,,,Omega 3 y aceites de pescado,gid://shopify/TaxonomyCategory/hb-1-9-6-11,Omega Fatty Acids,omega,alta,no,
9615363244353,omega-3-500mg-por-capsula-prenatal-dha-de-child-life-apoya-el-desarrollo-cerebral-del-bebe-y-proporciona-acidos-grasos-esenciales-para-la-madre-30-capsulas-blandas-sabor-limon,Omega 3 500mg por cápsula - Prenatal DHA de Child Life | Apoya el desarrollo cerebral del bebé y Proporciona ácidos grasos esenciales para la madre | 30 cápsulas blandas Sabor Limón,Vitaminate,ACTIVE,+18 Años | Adultos | Child Life | descuento-10 | duracion 30 | Embarazo y lactancia | Mujer | omega-3 | Sin azúcar | Sin gluten | Sin lactosa | Ácidos grasos y omegas,,,Omega 3 y aceites de pescado,gid://shopify/TaxonomyCategory/hb-1-9-6-11,Omega Fatty Acids,omega,alta,no,
9662915445057,omega-3-6-9-suplemento-alimenticio,Omega 3 6 9 B Life Aceite de Pescado y Linaza | Perfil Lipídico | 180 cápsulas,Blife,ACTIVE,+18 Años | Aceite de cártamo | Adultos | articulaciones y cartílago | B-Life | Combinado de ácidos grasos esenciales | descuento-15 | DHA | duracion 180 | EPA | Fortalecimiento de huesos | Indiferente | Omega 6 | Omega 9 | omega-3 | PRO | Sin azúcar | Sin gluten | Sin lactosa | Sistema cardiovascular | Sistema inmunitario | vitadeals | Ácidos grasos y omegas,,,Omega 3 y aceites de pescado,gid://shopify/TaxonomyCategory/hb-1-9-6-11,Omega Fatty Acids,omega,alta,no,
10129051976001,omega-3-a-base-de-aceite-de-salmon-noruego-30-dias,Omega 3 a base de Aceite de Salmón Noruego | 1080 mg de EPA y 720 de DHA | 30 días,B FIT,ACTIVE,vitadeals,,,Omega 3 y aceites de pescado,gid://shopify/TaxonomyCategory/hb-1-9-6-11,Omega Fatty Acids,omega,alta,no,
9647389671745,omega-3-salmon-oil-omega-3-aceite-puro-de-salmon-1000-mg,Omega 3 Aceite Puro de Salmón 1000 mg | B-Life | Apoyo Cardiovascular | 180 cápsulas,Blife,ACTIVE,+18 Años | Adultos | Ansiedad y estrés | B-Life | descuento-15 | DHA | duracion 180 | EPA | Indiferente | Longevidad y vitalidad | omega-3 | PRO | Sin azúcar | Sin gluten | Sin lactosa | Sistema cardiovascular | Sistema inmunitario | vitadeals | Ácidos grasos y omegas,,,Omega 3 y aceites de pescado,gid://shopify/TaxonomyCategory/hb-1-9-6-11,Omega Fatty Acids,omega,alta,no,
9982175478081,omega-3-de-pescado-1000-mg-natsa-favorece-el-funcionamiento-cardiovascular-100-capsulas-blandas,Omega 3 de pescado 1000 mg Natsa | Favorece el funcionamiento cardiovascular | 100 cápsulas blandas,Natsa,ACTIVE,duracion 50,,,Omega 3 y aceites de pescado,gid://shopify/TaxonomyCategory/hb-1-9-6-11,Omega Fatty Acids,omega,alta,no,
9624062460225,omega-3-epa-dha-vitamina-e-1400mg-de-silvia-strauss-apoyo-cardiovascular-ocular-y-cerebral-con-propiedades-antiinflamatorias-100-capsulas,"Omega 3 EPA - DHA + Vitamina E 1400mg, Hello Vitality! Silvia Strauss | Apoyo Cardiovascular, Ocular y Cerebral con propiedades antiinflamatorias | 100 cápsulas",Silvia Strauss,ACTIVE,+18 Años | Adultos | descuento-15 | duracion 100 | Indiferente | omega-3 | Salud ocular | Silvia Strauss | Sin gluten | Sin lactosa | Sistema cardiovascular | Sistema inmunitario | vitadeals | Ácidos grasos y omegas,,,Omega 3 y aceites de pescado,gid://shopify/TaxonomyCategory/hb-1-9-6-11,Omega Fatty Acids,omega,alta,no,
9644619170113,omega-3-epa-dha-omegavail™-hi-po-de-designs-for-health-apoyo-cardiovascular-60-capsulas-vegetales,Omega 3 EPA - DHA OmegAvail™ Hi-Po de Designs for Health | Apoyo Cardiovascular | 60 Cápsulas Vegetales,OLSEGO GROUP,ACTIVE,+18 Años | Adultos | articulaciones y cartílago | descuento-20 | Designs for health | DHA | duracion 30 | EPA | Fortalecimiento de huesos | Indiferente | omega-3 | Salud ocular | Sin azúcar | Sin gluten | Sin lactosa | Sistema cardiovascular | vitadeals | Ácidos grasos y omegas,,,Omega 3 y aceites de pescado,gid://shopify/TaxonomyCategory/hb-1-9-6-11,Omega Fatty Acids,omega,alta,no,
9978793754945,omega-3-espectro-completo-de-briah-funcion-cardiovascular-y-cognitiva-60-capsulas,Omega 3 Espectro Completo de Briah | Función Cardiovascular y Cognitiva |  60 Cápsulas,OLSEGO GROUP,ACTIVE,duracion 60,,,Omega 3 y aceites de pescado,gid://shopify/TaxonomyCategory/hb-1-9-6-11,Omega Fatty Acids,omega,alta,no,
10238575542593,omega-3-mascotas-complete-omg-3-de-matter-450-ml,"Omega 3 mascotas Complete OMG-3 de Matter | Piel y pelaje, movilidad articular |  450 ml",You Matter,ACTIVE,,,,Omega 3 y aceites de pescado,gid://shopify/TaxonomyCategory/hb-1-9-6-11,Omega Fatty Acids,omega,alta,no,
9603758883137,omega-3-molecularmente-destilado-1000-mg-de-now-foods-apoya-la-salud-cardiovascular-100-200-capsulas-blandas-y-200-capsulas-blandas-de-pescado,Omega 3 Molecularmente Destilado 1000 mg de Now Foods | Apoya la salud cardiovascular | 100 Cápsulas,OLSEGO GROUP,ACTIVE,+18 Años | Adultos | descuento-25 | duracion 50 | Indiferente | Keto | NOW Foods | omega-3 | PRO | Salud ocular | Sin azúcar | Sin gluten | Sin lactosa | Sistema cardiovascular | Sistema inmunitario | Ácidos grasos y omegas,,,Omega 3 y aceites de pescado,gid://shopify/TaxonomyCategory/hb-1-9-6-11,Omega Fatty Acids,omega,alta,no,
9802013311297,omega-3-platinum-omega-3-aceite-de-anchoa-salvaje-con-dha-y-epa-de-b-life-180-capsulas,"Omega 3 Platinum, B Life, EPA 500 mg + DHA 200 mg, 180 cápsulas",Blife,ACTIVE,duracion 180 | PRO | vitadeals,,,Omega 3 y aceites de pescado,gid://shopify/TaxonomyCategory/hb-1-9-6-11,Omega Fatty Acids,omega,alta,no,
10146864464193,omega-3-rico-en-dha-de-ivb-omega-3-con-certificacion-ifos-60-capsulas,Omega 3 rico en DHA de IVB | Omega 3 con certificación IFOS | 30 cápsulas,OLSEGO GROUP,ACTIVE,vitadeals,,,Omega 3 y aceites de pescado,gid://shopify/TaxonomyCategory/hb-1-9-6-11,Omega Fatty Acids,omega,alta,no,
10146995536193,omega-3-rico-en-epa-ivb-apoyo-cardiovascular-120-capsulas,Omega 3 rico en EPA IVB | Apoyo Cardiovascular | 60 Cápsulas,OLSEGO GROUP,ACTIVE,,,,Omega 3 y aceites de pescado,gid://shopify/TaxonomyCategory/hb-1-9-6-11,Omega Fatty Acids,omega,alta,no,
9990444810561,omega-3-strong-de-nutriadn-epa-y-dha-alta-pureza-120-capsulas,Omega 3 Strong de NutriADN | EPA y DHA alta pureza | 120 cápsulas,NutriADN,ACTIVE,duracion 60 | PRO | vitadeals,,,Omega 3 y aceites de pescado,gid://shopify/TaxonomyCategory/hb-1-9-6-11,Omega Fatty Acids,omega,alta,no,
9923194487105,omega-3-ultra-500-mg-epa-250-mg-dha-para-corazon-y-mente-nutravia-60-capsulas,Omega 3 Ultra 500 mg EPA / 250 mg DHA para Corazón y Mente | Nutravia |  60 Cápsulas,Fresh Vitamins,ACTIVE,duracion 60 | PRO,,,Omega 3 y aceites de pescado,gid://shopify/TaxonomyCategory/hb-1-9-6-11,Omega Fatty Acids,omega,alta,no,
9999860465985,omega-3-ultra-puro-beyond-vitamins-360-mg-epa-240-mg-dha-60-capsulas,Omega 3 Ultra-Puro Beyond Vitamins 360 mg EPA 240 mg DHA  |  60 cápsulas,Beyond Vitamins,ACTIVE,duracion 60,,,Omega 3 y aceites de pescado,gid://shopify/TaxonomyCategory/hb-1-9-6-11,Omega Fatty Acids,omega,alta,no,
10278568853825,omega-3-y-coq10-coqmax-ubiquinol-xymogen-60-capsulas-blandas,"Omega 3 y CoQ10 CoQmax Ubiquinol Xymogen | Bienestar cardiovascular, antioxidante | 60 Cápsulas Blandas",OLSEGO GROUP,ACTIVE,,,,Omega 3 y aceites de pescado,gid://shopify/TaxonomyCategory/hb-1-9-6-11,Omega Fatty Acids,omega,alta,no,
9653736767809,omega-3-aceite-de-salmon-vitamina-e-1200mg-de-flow-supplement-apoyo-cardiovascular-ocular-y-cerebral-60-capsulas-vegetales,"Omega 3, Aceite de salmón + Vitamina E 1200mg de Flow Supplement | Apoyo Cardiovascular, Ocular y Cerebral | 60 cápsulas vegetales",Flow Supplements,ACTIVE,+18 Años | Adultos | descuento-20 | DHA | duracion 60 | EPA | Flow Supplement | Indiferente | Keto | omega-3 | Salud ocular | Sin azúcar | Sin gluten | Sistema cardiovascular | Sistema inmunitario | vitadeals | Ácidos grasos y omegas,,,Omega 3 y aceites de pescado,gid://shopify/TaxonomyCategory/hb-1-9-6-11,Omega Fatty Acids,omega,alta,no,
10277742674241,omega-3-omegapure-820-de-xymogen-epa-dha-bienestar-cardiovascular-120-capsulas-blandas,"Omega 3, OmegaPure 820 de Xymogen EPA DHA | Bienestar Cardiovascular, función cognitiva | 120 Cápsulas Blandas",OLSEGO GROUP,ACTIVE,PRO,,,Omega 3 y aceites de pescado,gid://shopify/TaxonomyCategory/hb-1-9-6-11,Omega Fatty Acids,omega,alta,no,
9999951888705,omega-3-6-9-1000-mg-250-softgel,Omega 3-6-9 1000 mg de Now | Contribuye a la elasticidad y firmeza de la piel | 100 y 250 Cápsulas,OLSEGO GROUP,ACTIVE,duracion 60 | PRO,,,Omega 3 y aceites de pescado,gid://shopify/TaxonomyCategory/hb-1-9-6-11,Omega Fatty Acids,omega,alta,no,
9600586547521,omega-3-gomitas-82mg-de-nordic-naturals-promueve-la-funcion-cardiovascular-y-cognitiva-en-ninos-60-gomitas-sabor-mandarina,Omega-3 - Gomitas 82mg de Nordic Naturals | Promueve la función cardiovascular  y cognitiva en niños | 60 gomitas sabor mandarina,Vitaminate,ACTIVE,3 a 10 Años | Adultos | Concentración | duracion 30 | Indiferente | memoria y atención | Nordic Naturals | omega-3 | Ácidos grasos y omegas,,,Omega 3 y aceites de pescado,gid://shopify/TaxonomyCategory/hb-1-9-6-11,Omega Fatty Acids,omega,alta,no,
9600584122689,omega-3-1560-mg-de-nordic-naturals-apoyo-de-la-funcion-cerebral-ocular-y-cardiovascular-237ml-sabor-a-limon,"Omega-3 1560 mg de Nordic Naturals | Apoyo de la función Cerebral, Ocular y Cardiovascular | 237ml sabor a limón",Vitaminate,ACTIVE,+18 Años | Adultos | duracion 48 | Indiferente | Nordic Naturals | omega-3 | PRO | Salud cognitiva | Salud ocular | Sistema cardiovascular | Ácidos grasos y omegas,,,Omega 3 y aceites de pescado,gid://shopify/TaxonomyCategory/hb-1-9-6-11,Omega Fatty Acids,omega,alta,no,
9600588284225,dha-xtra-suplemento-salud-cerebral-ocular-cardiovascular,Omega-3 1660 mg DHA Xtra Nordic Naturals | Apoya el desarrollo y mantenimiento cerebral | 60 cápsulas,Vitaminate,ACTIVE,duracion 30 | Indiferente | PRO | vitadeals | Ácidos grasos y omegas,,,Omega 3 y aceites de pescado,gid://shopify/TaxonomyCategory/hb-1-9-6-11,Omega Fatty Acids,omega,alta,no,
9600581861697,omega-3-690-mg-de-nordic-naturals-apoyo-para-la-funcion-cerebral-ocular-y-cardiovascular-120-capsulas-blandas-sabor-a-limon,"Omega-3 690 mg de Nordic Naturals | Apoyo para la función Cerebral, Ocular y cardiovascular | 120 cápsulas blandas sabor a limón",Vitaminate,ACTIVE,+18 Años | Adultos | duracion 60 | Indiferente | Nordic Naturals | omega-3 | PRO | Salud cognitiva | Salud ocular | Sistema respiratorio | Ácidos grasos y omegas,,,Omega 3 y aceites de pescado,gid://shopify/TaxonomyCategory/hb-1-9-6-11,Omega Fatty Acids,omega,alta,no,
9624270635329,omega-3-con-epa-dha-2000mg-de-life-extension-lignanos-de-s-samo-y-extracto-de-oliva-promueve-la-funcion-cerebral-y-cardiovascular-60-capsulas-blandas,Omega-3 con EPA - DHA 2000mg de Life Extension + Lignanos de Sésamo y Extracto de Oliva | Promueve la función cerebral y cardiovascular | 60 cápsulas blandas,OLSEGO GROUP,ACTIVE,+18 Años | Adultos | complejo-de-acidos-grasos-esenciales | duracion 30 | Indiferente | Life Extension | Omega 3 | PRO | Sin azúcar | Sin gluten | Sin lactosa | Sistema cardiovascular | Sistema inmunitario | Ácidos grasos y omegas,,,Omega 3 y aceites de pescado,gid://shopify/TaxonomyCategory/hb-1-9-6-11,Omega Fatty Acids,omega,alta,no,
9888372752705,omegagenics-epa-dha-1000-metagenics-soporte-cardiovascular,Omega-3 EPA DHA – Soporte Cardiovascular y Cognitivo | OmegaGenics EPA-DHA 1000 | Metagenics | 60 Cápsulas,Ultragenics,ACTIVE,duracion 60 | PRO,,,Omega 3 y aceites de pescado,gid://shopify/TaxonomyCategory/hb-1-9-6-11,Omega Fatty Acids,omega,alta,no,
9813737308481,omega-3-molecularmente-destilado-1000-mg-de-now-foods-apoya-la-funcion-cardiovascular-diferentes-presentaciones-en-capsulas-blandas-y-gomitas,Omega-3 Molecularmente Destilado 1000 mg de Now Foods | Apoya la función cardiovascular |  Diferentes presentaciones en Cápsulas Blandas y Gomitas,Vitaminate,ACTIVE,+18 Años | Adultos | descuento-25 | duracion 100 | Indiferente | Keto | NOW Foods | omega-3 | PRO | Salud ocular | Sin azúcar | Sin gluten | Sin lactosa | Sistema cardiovascular | Sistema inmunitario | vitadeals | Ácidos grasos y omegas,,,Omega 3 y aceites de pescado,gid://shopify/TaxonomyCategory/hb-1-9-6-11,Omega Fatty Acids,omega,alta,no,
9999947661633,omega-3-vegano-para-ninos-60-gomitas-mary-ruth-s,Omega-3 para Niños de MaryRuths | Bienestar y Desarrollo Infantil | 60 Gomitas,Vitaminate,ACTIVE,duracion 30,,,Omega 3 y aceites de pescado,gid://shopify/TaxonomyCategory/hb-1-9-6-11,Omega Fatty Acids,omega,alta,no,
9887457378625,omega-3-para-la-salud-cardiovascular-omegagenics-epa-dha-720-metagenics-60-capsulas,Omega-3 | OmegaGenics EPA-DHA 720 | Metagenics | 60 Cápsulas,Ultragenics,ACTIVE,duracion 60 | PRO,,,Omega 3 y aceites de pescado,gid://shopify/TaxonomyCategory/hb-1-9-6-11,Omega Fatty Acids,omega,alta,no,
9617352163649,omega-3-500mg-nutravege-de-natures-way-apoyo-de-la-funcion-cardiovascular-30-capsulas-blandas,"Omega-3, 500mg NutraVege de Nature's Way  | Apoyo de la función cardiovascular | 30 cápsulas blandas",Vitaminate,ACTIVE,10 a 18 Años | Adultos | duracion 30 | Indiferente | Natures Way | omega-3 | Salud cognitiva | Sin azúcar | Sin gluten | Sin lactosa | Sistema cardiovascular | Sistema inmunitario | Vegetariano | Ácidos grasos y omegas,,,Omega 3 y aceites de pescado,gid://shopify/TaxonomyCategory/hb-1-9-6-11,Omega Fatty Acids,omega,alta,no,
9974742090049,once-daily-womens-de-garden-of-life-multivitaminico-probiotico-para-mujer-50b-cfu-30-capsulas,Once Daily Womens de Garden of Life | Multivitaminico Probiótico para  Mujer 50B CFU | 30 cápsulas,OLSEGO GROUP,ACTIVE,duracion 30,,,Multivitamínicos,gid://shopify/TaxonomyCategory/hb-1-9-6-7,Multivitamin Supplements,multivitaminico-explicito,alta,no,
9810156781889,one-per-day-mega-b-12-de-irwin-naturals-b12-de-liberacion-rapida-con-ginseng-asiatico-y-mct-60-capsulas,One-Per-Day Mega B-12 de Irwin Naturals| Promueve energía física y mental con MCTs | 60 Cápsulas,Vitaminate,ACTIVE,duracion 60 | vitadeals,,,Complejo B y B12,gid://shopify/TaxonomyCategory/hb-1-9-6-9-3,Vitamin B,vitamina-VIT_B,alta,no,
9999952970049,oralbiotic®-42mg-60-pastillas,OralBiotic de Now Foods  | Apoya la microbiota bucal y de vías respiratorias | 60 probióticos orales,OLSEGO GROUP,ACTIVE,duracion 30 | PRO | vitadeals,,,Probióticos,gid://shopify/TaxonomyCategory/hb-1-9-6-4-5,Probiotics,probiotico,alta,no,
10026699194689,organic-mushroom-complex-de-landa-adaptogenos-favorece-la-claridad-mental-y-concentracion-1-90-capsulas,Organic Mushroom Complex 7 en 1 de Landa Adaptogenos | Favorece la claridad mental y concentración | 90 cápsulas,Landa Adaptógenos,ACTIVE,,,,Hongos funcionales,gid://shopify/TaxonomyCategory/hb-1-9-6-5,Herbal Supplements,ai: Complejo de siete hongos adaptógenos en cápsulas,alta,si,no
10240852984129,resveratrol-b-fit-1200-mg-apoya-defensa-antioxidante-bienestar-celular-120-capsulas,"Ositos de Jamaica Chile Delou | Snack práctico, sin azúcar |  Gomitas 40 g",B FIT,ACTIVE,vitadeals,,,Despensa y accesorios,gid://shopify/TaxonomyCategory/hb-1-9-3-1,Energy Chews & Gummies,"ai: Gomitas snack sin azúcar, no aporta activo suplementario",baja,si,no
9795125739841,oxido-de-magnesio-best-naturals-apoyo-oseo-y-muscular-500-mg-180-tabletas,Óxido de Magnesio de Best Naturals | Fortalecimiento Óseo y Función Muscular Óptima | 180 Tabletas de 500 mg,Vitaminate,ACTIVE,duracion 180,,,Magnesio,gid://shopify/TaxonomyCategory/hb-1-9-6-6-3,Magnesium,mineral-MAGNESIUM,alta,no,
9634623127873,p-5-p-piridoxal-5-fosfato-doble-concentracion-40-mg-de-swanson-apoyo-cardiovascular-y-promueve-el-metabolismo-energetico-60-capsulas-vegetales,P-5-P (piridoxal-5-fosfato) Doble Concentración 40 mg de Swanson | Apoyo cardiovascular y promueve el metabolismo energético | 60 cápsulas vegetales,Superlabs,ACTIVE,+18 Años | Adultos | descuento-10 | duracion 30 | Indiferente | Potenciar la energía | Sin azúcar | Sin gluten | Sin lactosa | Sistema cardiovascular | Sistema inmunitario | Swanson | Vegano | Vegetariano | Vitamina B6 (Piridoxina) | vitamina-b-6 | Vitaminas,,,Complejo B y B12,gid://shopify/TaxonomyCategory/hb-1-9-6-9-3,Vitamin B,ai: Piridoxal-5-fosfato es forma activa de vitamina B6,alta,si,no
9606671368513,palmitato-de-retinol-vitamina-a-2500-ui-retinol-a-matter-60-ml-apoyo-para-la-salud-de-la-piel,Palmitato de Retinol Vitamina A 2500 UI Retinol-A Matter 60 ml | Apoyo para la Salud de la Piel,You Matter,ACTIVE,+18 Años | Adultos | Cabello | Cuidado del cabello | descuento-15 | duracion 30 | Indiferente | piel y uñas | Sin azúcar | Sin gluten | Sistema inmunitario | Vegano | vitadeals | vitamina-a | You Matter,,,Vitamina A y E,gid://shopify/TaxonomyCategory/hb-1-9-6-9-2,Vitamin A,vitamina-VIT_A,alta,no,
9769372942657,papaya-zyme-de-kal-enzimas-digestivas-proporciona-enzimas-naturales-para-una-digestion-mas-comoda-y-eficiente-100-tabletas-masticables,Papaya Zyme de KAL Enzimas Digestivas | Proporciona enzimas naturales para una digestión más cómoda y eficiente | 100 Tabletas masticables,Fresh Vitamins,ACTIVE,descuento-25 | duracion 50,,,Enzimas digestivas,gid://shopify/TaxonomyCategory/hb-1-9-6-4-3,Digestive Enzymes,enzimas,alta,no,
9615401550145,passiflora-melissa-officinalis-valeriana-l-teanina-de-child-life-sueno-esencial-ayuda-a-la-mejora-del-sueno-y-buen-descanso-infantil-liquido-59-ml-sabor-a-baya-natural,"Passiflora, Melissa Officinalis, Valeriana, L-Teanina de Child Life - Sueño Esencial | Ayuda a la mejora del sueño y buen descanso Infantil | Liquido 59 ml Sabor a Baya Natural",Vitaminate,ACTIVE,3 a 10 Años | Child Life | combinados-de-hierbas | descuento-10 | Hierbas | Indiferente | Niños | Sin azúcar | Sin gluten | Sin lactosa | Sueño y descanso | Suplementos herbales | Vegano | Vegetariano,Suplemento dietario,,Aminoácidos y BCAA,gid://shopify/TaxonomyCategory/hb-1-9-6-1-2,Single Amino Acid Supplements,aminoacido-individual,alta,no,
10364779757889,pasta-dental-en-gel-xyliwhite-refreshmint-now-sin-fluor-181-g,"Pasta Dental en gel XyliWhite Refreshmint de NOW Solutions, Menta refrescante | 181 g",OLSEGO GROUP,ACTIVE,nuevo,,,,,,ai:revisar — Pasta dental; no hay nodo de higiene bucal disponible,revisar,si,si
10109018505537,pasta-dental-herbal-menta-libre-de-fluor-150-g,Pasta Dental Herbal Menta | Libre de Fluor | 150 g,OLSEGO GROUP,ACTIVE,vitadeals,,,,,,ai:revisar — Pasta dental herbal; falta nodo de cuidado bucal,revisar,si,si
10109020143937,pasta-dental-natural-con-neem-y-granada-libre-de-fluor-150-g,Pasta Dental Natural con Neem y Granada | Libre de Fluor | 150 g,OLSEGO GROUP,ACTIVE,PRO | vitadeals,,,,,,ai:revisar — Pasta dental con neem; falta nodo de cuidado bucal,revisar,si,si
9718917366081,pau-darco-500-mg-de-now-foods-corteza-interna-apoyo-herbal-tradicional-que-ayuda-a-reducir-la-inflamacion-100-capsulas-vegetales,"Pau D'Arco 500 mg de NOW Foods | Corteza Interna, Apoyo Herbal Tradicional que Ayuda a reducir la inflamación | 100 Cápsulas vegetales",Vitaminate,ACTIVE,+18 Años | Adultos | descuento-25 | Indiferente | NOW Foods | Salud digestiva | Sin azúcar | Sin gluten | Sin lactosa | Sistema inmunitario | Suplementos herbales | Vegetariano | vitadeals,,,Hierbas y extractos botánicos,gid://shopify/TaxonomyCategory/hb-1-9-6-5,Herbal Supplements,"ai: Corteza de Pau D'Arco, suplemento herbal tradicional",alta,si,no
9657039913281,peptidos-bioactivos-de-colageno-10g-de-nutrasana-disenado-para-mejorar-el-aspecto-de-la-piel-fortalecer-el-cabello-y-las-unas-aumentando-la-elasticidad-de-la-piel-polvo-de-400g,"Péptidos Bioactivos de Colágeno 10g de Nutraceutix | Diseñado para mejorar el aspecto de la piel, fortalecer el cabello y las uñas, aumentando la elasticidad de la piel | Polvo de 400g",Nutrasana,ACTIVE,+18 Años | Adultos | articulaciones y cartílago | colageno-hidrolizado | Cuidado del cabello | descuento-25 | duracion 30 | Fortalecimiento de huesos | huesos y articulaciones | Indiferente | Nutrasana | Piel | piel y uñas | Sin azúcar | Sin gluten | Sin lactosa | Vegetariano | vitadeals,,,Colágeno,gid://shopify/TaxonomyCategory/hb-1-9-6-2,Collagen,colageno,alta,no,
9648360390977,peptidos-bioactivos-de-colageno-hidrolizado-con-vitaminas-y-minerales-10g-de-tibet-natura-fortalece-las-articulaciones-reduciendo-el-dolor-y-la-inflamacion-polvo-de-1kg-sin-azucar-y-sin-gluten,"Péptidos Bioactivos de Colágeno Hidrolizado con vitaminas y minerales 10g de Tibet Natura | Fortalece las articulaciones, reduciendo el dolor y la inflamación | Polvo de 1kg sin azúcar y sin gluten",Flow Supplements,ACTIVE,+18 Años | Adultos | Calcio | Citrato de Magnesio | Cobre | colageno-hidrolizado | Complejo Vitamina B | Cuidado del cabello | descuento-25 | duracion 100 | Hierro | huesos y articulaciones | Indiferente | Keto | Piel | piel y uñas | Recuperación y regeneración muscular | Sin azúcar | Sin gluten | Sin lactosa | Tibet Natura | vitadeals | Vitamina C | Vitamina E | Yodo | Zinc,,,Colágeno,gid://shopify/TaxonomyCategory/hb-1-9-6-2,Collagen,colageno,alta,no,
10003684524353,peptidos-bioactivos-de-colageno-hidrolizado-myo-y-d-chiro-inositol-biotina-acido-hialuronico-y-vitamina-c-valara-glowin-300-g,"Péptidos Bioactivos de Colágeno Hidrolizado Myo y D Chiro Inositol, Biotina, Ácido Hialurónico y Vitamina C | VALARA GLOWiN | 300 g",Valara,ACTIVE,duracion 30 | vitadeals,,,Colágeno,gid://shopify/TaxonomyCategory/hb-1-9-6-2,Collagen,ai: Péptidos de colágeno hidrolizado en polvo como base principal,alta,no,no
9935594815809,p-ptidos-de-col-geno-y-nad-de-eternal-3400-mg-300-capsulas,Péptidos de Colágeno + NAD+ 3400 mg Eternal Nutrion | Bienestar general | 270 y 150 cápsulas,Eternal,ACTIVE,duracion 100,,,Colágeno,gid://shopify/TaxonomyCategory/hb-1-9-6-2,Collagen,colageno,alta,no,
9908180943169,perform-mix-de-munar-equilibrio-hormonal-y-bienestar-femenino-polvos-90-g,Perform Mix de Munar | Equilibrio Hormonal y Bienestar Femenino | Polvos 90 g,Munar,ACTIVE,duracion 45,,,Bienestar femenino y menopausia,gid://shopify/TaxonomyCategory/hb-1-9-6-5,Herbal Supplements,ai: Polvo herbal enfocado en equilibrio hormonal femenino,media,si,no
9617168204097,perlas-probioticas-inmunitarias-7mg-lactoferrina-10mg-de-natures-way-contribuye-a-reforzar-el-sistema-inmunologico-30-capsulas-blandas,Perlas Probióticas Inmunitarias 7mg + Lactoferrina 10mg de Nature's Way | Contribuye a reforzar el sistema inmunológico | 30 cápsulas blandas,Vitaminate,ACTIVE,+18 Años | Adultos | descuento-15 | duracion 30 | Indiferente | Natures Way | prebióticos y enzimas | probioticos | Salud digestiva | Sin azúcar | Sin gluten | Sin lactosa | Sistema inmunitario | Vegetariano,,,Probióticos,gid://shopify/TaxonomyCategory/hb-1-9-6-4-5,Probiotics,probiotico,alta,no,
9633126678849,picolinato-de-cromo-200-mcg-de-swanson-apoya-la-funcion-metabolica-y-ayuda-a-regular-los-niveles-de-azucar-en-sangre-100-y-200-capsulas-vegetales,Picolinato de Cromo 200 mcg de Swanson | Apoya la función metabólica | 100 y 200 cápsulas vegetales,Superlabs,ACTIVE,+18 Años | Adultos | Control del peso | descuento-25 | duracion 100 | Indiferente | Minerales | picolinato-de-cromo | Sin azúcar | Sin gluten | Sin lactosa | Sistema cardiovascular | Swanson | Vegetariano,,,Otros minerales y multiminerales,gid://shopify/TaxonomyCategory/hb-1-9-6-6,Minerals,"ai: Picolinato de cromo, mineral único para metabolismo",alta,si,no
9718864904513,picolinato-de-zinc-22mg-de-swanson-ayuda-a-la-cicatrizacion-de-la-piel-promoviendo-el-metabolismo-celular-60-capsulas-vegetales,"Picolinato de Zinc 22mg de Swanson | Ayuda a la cicatrización de la piel, promoviendo el metabolismo celular | 60 cápsulas vegetales",Superlabs,ACTIVE,+18 Años | Adultos | Cuidado del cabello | descuento-25 | duracion 60 | Indiferente | Minerales | piel y uñas | Sin azúcar | Sin gluten | Sin lactosa | Sistema inmunitario | Swanson | Vegetariano,,,Zinc,gid://shopify/TaxonomyCategory/hb-1-9-6-6-5,Zinc,mineral-ZINC,alta,no,
10072807047489,kit-descanso-total,Plan Descanso Total | Por la Lic. Paulina Servin,Vitahub,ACTIVE,,,,,,,ai:revisar — Plan o programa sin detalle de contenido; falta información,revisar,si,si
9651483869505,plata-coloidal-suplemento-alimenticio,"Plata Coloidal de Flow | Bienestar general, higiene bucal | Liquido 500 ml",Flow Supplements,ACTIVE,duracion 25 | Flow Supplement | Indiferente | Sistema inmunitario | vitadeals,,,Otros minerales y multiminerales,gid://shopify/TaxonomyCategory/hb-1-9-6-6-4,Multimineral Supplements,"ai: Plata coloidal líquida, mineral traza; uso inmunitario e higiene bucal",baja,si,no
9625256984897,polen-de-abeja-500-mg-de-now-foods-suplemento-nutricional-natural-fuente-rica-en-nutrientes-y-antioxidantes-apoya-la-produccion-de-energia-y-el-bienestar-general-100-capsulas-vegetales,"Polen de Abeja 500 mg de NOW Foods | Suplemento Nutricional Natural, Fuente Rica en Nutrientes y Antioxidantes | Apoya la producción de energía y el bienestar general | 100 Cápsulas Vegetales",Vitaminate,ACTIVE,+18 Años | Adultos | descuento-25 | extracto-de-polen | Hierbas | Indiferente | NOW Foods | Potenciar la energía | Sin azúcar | Sin gluten | Sistema cardiovascular | Sistema inmunitario | Suplementos herbales | Vegetariano,,,Superalimentos y verdes,gid://shopify/TaxonomyCategory/hb-1-9-6-5,Herbal Supplements,"ai: Polen de abeja, producto apícola natural rico en nutrientes",media,si,no
9795150676289,polvo-de-hoja-de-alfalfa-500mg-de-best-naturals-apoyo-nutricional-y-bienestar-digestivo-integral-180-capsulas,Polvo de hoja de Alfalfa 500mg de Best Naturals  | Apoyo Nutricional y Bienestar Digestivo Integral |  180 Cápsulas,Vitaminate,ACTIVE,descuento-10,,,Hierbas y extractos botánicos,gid://shopify/TaxonomyCategory/hb-1-9-6-5,Herbal Supplements,"ai: Hoja de alfalfa en polvo, suplemento botánico",alta,si,no
9653783920961,polvo-de-triphala-calcio-vitamina-c-1000mg-por-porcion-de-flow-supplements-bienestar-digestivo-que-promueve-la-desintoxicacion-del-organismo-60-capsulas-vegetales,Polvo de TRIPHALA + Calcio + Vitamina C 1000mg por porción de Flow Supplements | Bienestar digestivo que promueve la desintoxicación del organismo | 60 cápsulas vegetales,Flow Supplements,ACTIVE,+18 Años | Adultos | descuento-15 | Desintoxicación | Flow Supplement | Hierbas | Indiferente | Keto | Potenciar la energía | Salud digestiva | Sin azúcar | Sin gluten | Suplementos herbales | triphala | vitadeals,,,Detox y apoyo hepático,gid://shopify/TaxonomyCategory/hb-1-9-6-5,Herbal Supplements,ai: Triphala herbal con enfoque digestivo y desintoxicación,media,si,no
9941580316993,potasio-magnesio-zinc-de-amz-nutrition-apoyo-el-metabolismo-muscular-y-la-funcion-neuromuscular-60-capsulas,Potasio + Magnesio + Zinc de AMZ Nutrition | Apoya el metabolismo muscular y la función neuromuscular | 60 cápsulas,AMZ Nutrition,ACTIVE,duracion 30,,,Otros minerales y multiminerales,gid://shopify/TaxonomyCategory/hb-1-9-6-6-4,Multimineral Supplements,ai: Combinación de tres minerales sin protagonista único,alta,si,no
9635103146305,potasio-99mg-de-natures-way-apoyo-cardiovascular-y-metabolico-100-capsulas-veganas,Potasio 99mg de Nature's Way  | Apoyo Cardiovascular y Metabólico | 100 cápsulas veganas,Vitaminate,ACTIVE,+18 Años | Adultos | Citrato de potasio | descuento-10 | duracion 100 | gluconato-de-potasio | Indiferente | Minerales | Natures Way | PRO | Recuperación y regeneración muscular | Sin azúcar | Sin gluten | Sin lactosa | Sistema cardiovascular | Vegano | Vegetariano,,,Potasio y electrolitos,gid://shopify/TaxonomyCategory/hb-1-9-6-6,Minerals,ai: Potasio como mineral único,alta,si,no
9999951528257,potasio-gluconato-99-mg-100-tabs,"Potasio Gluconato de Now Foods | Función Muscular, ayuda en la recuperación tras ejercicio |  100 tabletas",Vitaminate,ACTIVE,vitadeals,,,Potasio y electrolitos,gid://shopify/TaxonomyCategory/hb-1-9-6-6,Minerals,"ai: Gluconato de potasio, mineral único",alta,si,no
9645187203393,potasio-ionico-liquido-99mg-magnesio-calcio-de-trace-minerals-apoyo-del-sistema-nervioso-cardiovascular-y-cognitivo-59ml,"Potasio Iónico Líquido 99mg + Magnesio + Calcio de Trace Minerals | Apoyo del Sistema Nervioso, Cardiovascular y Cognitivo | 59ml",Vitaminate,ACTIVE,+18 Años | Adultos | Cloro | Cloruro de Magnesio | duracion 33 | Indiferente | Minerales | potasio | Recuperación y regeneración muscular | Salud cognitiva | Sin azúcar | Sin gluten | Sin lactosa | Sistema cardiovascular | Trace Minerals | Vegetariano,,,Potasio y electrolitos,gid://shopify/TaxonomyCategory/hb-1-9-6-6-4,Multimineral Supplements,"ai: Minerales iónicos líquidos: potasio, magnesio y calcio",media,si,no
9794686026049,pqq-20-mg-de-kaneka™-apoya-la-salud-articular-120-capsulas-blandas,"PQQ (Pirroloquinolina quinona) 20 mg Kaneka™ de Health Thru Nutrition | Apoyo al sistema inmunológico, antioxidante | 120 y 60 Cápsulas Blandas",Vitaminate,ACTIVE,descuento-10 | duracion 120,,,CoQ10 y energía celular,gid://shopify/TaxonomyCategory/hb-1-9-6,Vitamins & Supplements,"ai: PQQ, cofactor mitocondrial antioxidante",media,si,no
9797262475585,pqq-pirroloquinolina-quinona-40-mg-de-health-thru-nutrition-apoyo-al-sistema-inmunologico-antioxidante-120-y-30-capsulas-blandas,"PQQ (Pirroloquinolina quinona) 40 mg de Health Thru Nutrition | Apoyo al sistema inmunológico, antioxidante | 120 y 30 Cápsulas Blandas",Vitaminate,ACTIVE,duracion 120,,,CoQ10 y energía celular,gid://shopify/TaxonomyCategory/hb-1-9-6,Vitamins & Supplements,"ai: PQQ, cofactor mitocondrial antioxidante",media,si,no
9999953953089,energia-pqq-30-veg-caps,PQQ Energy NOW Foods | Apoya la memoria y concentración | 30 cápsulas,Vitaminate,ACTIVE,duracion 30,,,CoQ10 y energía celular,gid://shopify/TaxonomyCategory/hb-1-9-6,Vitamins & Supplements,ai: PQQ para energía celular y función cognitiva,media,si,no
10288365896001,pre-workout-amz-sabor-sandia-polvo-rendimiento-deportivo-450g,Pre Workout AMZ Sabor Sandía Polvo | Rendimiento Deportivo | 450g,AMZ Nutrition,ACTIVE,,,,Pre-entrenos y rendimiento físico,gid://shopify/TaxonomyCategory/hb-1-9-2-1,Pre-Workout Drinks & Powders,ai: Polvo pre-entreno para rendimiento deportivo,alta,si,no
9625546064193,pregnenolone-100-mg-de-life-extension-contribuye-a-reducir-el-estres-y-la-fatiga-100-capsulas-vegetales-sin-gluten-ni-gmo,"Pregnenolone 100 mg de Life Extension | Contribuye a memoria y balance hormonal | 100 cápsulas vegetales sin Gluten, Ni GMO",OLSEGO GROUP,ACTIVE,+18 Años | Adultos | Ansiedad y estrés | Concentración | duracion 100 | Hormonas y Neurotransmisores | Indiferente | Life Extension | memoria y atención | pregnenolona | PRO | Sin azúcar | Sin gluten | Sin lactosa | Vegano | Vegetariano,,,Memoria y concentración,gid://shopify/TaxonomyCategory/hb-1-9-6,Vitamins & Supplements,"ai: Pregnenolona, precursor hormonal con enfoque en memoria",media,si,no
9600546734401,prenatal-dha-omega-3-vitd-suplemento-desarrollo-neurologico,Prenatal DHA - Omega 3 + VitD | Suplemento | Desarrollo Neurológico,Vitaminate,ACTIVE,duracion 45 | Mujer | Ácidos grasos y omegas,,,Omega 3 y aceites de pescado,gid://shopify/TaxonomyCategory/hb-1-9-6-11,Omega Fatty Acids,omega,alta,no,
9974263152961,prenatal-multi-organico-de-garden-of-life-favorece-el-desarrollo-neural-con-acido-folico-120-gomitas,Prenatal Multi Orgánico de Garden of Life | Desarrollo Neural | 120 gomitas,Vitaminate,ACTIVE,duracion 30,,,Multivitamínicos,gid://shopify/TaxonomyCategory/hb-1-9-6-7,Multivitamin Supplements,ai: Multivitamínico prenatal en gomitas,alta,si,no
9603730932033,probiotic-10-50-billon-suplemento-alimenticio-salud-intestinal,Probiótic-10 de NOW Foods | Apoya la digestión y absorción de nutrientes | 50 cápsulas,Vitaminate,ACTIVE,+18 Años | Adultos | Desintoxicación | duracion 50 | Indiferente | Keto | prebióticos y enzimas | probioticos | Salud digestiva | Sin azúcar | Sin gluten | Sin lactosa | Vegano | Vegetariano,,,Probióticos,gid://shopify/TaxonomyCategory/hb-1-9-6-4-5,Probiotics,probiotico,alta,no,
10052586864961,probiotico-intimo-femenino-de-briah-mezcla-probiotica-femenina,Probiótico + Prebiótico Vaginal de Briah | Mezcla Probiótica 6 cepas 2.5 UFC | 60 cápsulas para 30 días,OLSEGO GROUP,ACTIVE,vitadeals,,,Probióticos,gid://shopify/TaxonomyCategory/hb-1-9-6-4-5,Probiotics,probiotico,alta,no,
9635095740737,probiotico-prebioticos-para-mujeres-30-mil-millones-de-cultivos-vivos-10-cepas-de-natures-way-apoyo-para-el-bienestar-digestivo-30-capsulas-de-liberacion-retardada,"Probiótico + prebióticos para mujeres, 30 mil millones de cultivos vivos, 10 cepas de Nature's Way | Apoyo para el Bienestar Digestivo | 30 cápsulas de liberación retardada",Vitaminate,ACTIVE,+18 Años | Adultos | duracion 30 | Indiferente | Natures Way | Prebióticos | prebióticos y enzimas | PRO | probioticos | Raíz de achicoria | Salud digestiva | Salud femenina | Sin azúcar | Sin gluten | Sin lactosa | Sistema inmunitario | Vegetariano,,,Probióticos,gid://shopify/TaxonomyCategory/hb-1-9-6-4-5,Probiotics,probiotico,alta,no,
9603745907009,probiotico-100-mil-millones-ufc-con-10-cepas-diferentes-para-el-cuidado-digestivo-now-foods-libre-de-lacteos-soya-y-gluten-30-capsulas-vegetarianas,"Probiótico 100 Mil Millones UFC con 10 Cepas Diferentes para el Cuidado Digestivo - NOW Foods | Libre de Lácteos, Soya y Gluten | 30 Cápsulas Vegetarianas",OLSEGO GROUP,ACTIVE,+18 Años | Adultos | duracion 30 | Indiferente | Keto | NOW Foods | prebióticos y enzimas | probioticos | Salud digestiva | Sin azúcar | Sin gluten | Sin lactosa | Vegano | Vegetariano,,,Probióticos,gid://shopify/TaxonomyCategory/hb-1-9-6-4-5,Probiotics,probiotico,alta,no,
9620754760001,probiotico-5-mil-millones-de-ufc-con-calostro-de-child-life-childbiotics-apoyo-inmunologico-y-soporte-digestivo-para-ninos-92-tabletas-masticables-con-sabor-natural-a-bayas-mixtas,Probiótico 5 Mil Millones de UFC con Calostro de Child Life - ChildBiotics  | Apoyo Inmunológico y Soporte Digestivo para niños | 92 tabletas masticables con sabor natural a bayas mixtas,Vitaminate,ACTIVE,0 a 3 Años | Child Life | descuento-10 | duracion 45 | Indiferente | Niños | prebióticos y enzimas | probioticos | Salud digestiva | Salud infantil | Sin azúcar | Sin gluten | Sistema inmunitario,,,Probióticos,gid://shopify/TaxonomyCategory/hb-1-9-6-4-5,Probiotics,probiotico,alta,no,
9615681356097,probiotico-5-mil-millones-de-ufc-de-child-life-refuerzo-del-sistema-inmunologico-y-soporte-digestivo-infantil-30-tabletas-vegetales-sabor-a-bayas,Probiótico 5 Mil Millones de UFC de Child Life | Refuerzo del Sistema Inmunológico y Soporte Digestivo Infantil | 30 tabletas vegetales Sabor a Bayas,Vitaminate,ACTIVE,3 a 10 Años | Child Life | descuento-10 | duracion 60 | Indiferente | Niños | prebióticos y enzimas | PRO | probioticos | Salud digestiva | Sin azúcar | Sin gluten,Suplemento dietario,,Probióticos,gid://shopify/TaxonomyCategory/hb-1-9-6-4-5,Probiotics,probiotico,alta,no,
9621898101057,probi-tico-7-cepas-espec-ficas-9-8-mil-millones-de-ufc-para-mujeres-de-swanson-ayuda-a-equilibrar-la-flora-vaginal-proporciona-apoyo-al-sistema-urinario-60-capsulas-vegetales,Probiótico 7 cepas específicas 9.8 mil millones de UFC para Mujeres de Swanson | Ayuda a equilibrar la flora vaginal - Proporciona apoyo al sistema urinario | 60 cápsulas vegetales,Superlabs,ACTIVE,+18 Años | Adultos | descuento-20 | duracion 60 | Mujer | prebióticos y enzimas | probioticos | Salud digestiva | Salud femenina | Salud urinaria | Sin azúcar | Sin gluten | Sin lactosa | Sistema inmunitario | Swanson | Vegetariano,,,Probióticos,gid://shopify/TaxonomyCategory/hb-1-9-6-4-5,Probiotics,probiotico,alta,no,
9603755180353,probiotico-femenino-20-mil-millonesde-now-foods-ayuda-a-mantener-el-equilibrio-de-la-flora-vaginal-50-capsulas-veganas,Probiótico Femenino 20 Mil Millonesde NOW Foods | Ayuda a mantener el equilibrio de la flora vaginal | 50 Cápsulas Veganas,Vitaminate,ACTIVE,+18 Años | Adultos | duracion 50 | Keto | Mujer | NOW Foods | prebióticos y enzimas | probioticos | Salud digestiva | Salud femenina | Sin azúcar | Sin gluten | Sin lactosa | Vegano | Vegetariano,,,Probióticos,gid://shopify/TaxonomyCategory/hb-1-9-6-4-5,Probiotics,probiotico,alta,no,
9635095609665,probiotico-fortify-prebioticos-para-mujeres-mayores-de-50-anos-30-mil-millones-cfu-de-natures-way-con-10-cepas-30-capsulas-de-liberacion-retardada,"Probiótico Fortify + Prebióticos para mujeres mayores de 50 años, 30 mil millones CFU de Nature's Way con 10 cepas | 30 cápsulas de liberación retardada",OLSEGO GROUP,ACTIVE,+18 Años | Adultos | duracion 30 | Indiferente | Natures Way | Prebióticos | prebióticos y enzimas | probioticos | Raíz de achicoria | Salud digestiva | Sin azúcar | Sin gluten | Sin lactosa | Sistema inmunitario | Vegetariano,,,Probióticos,gid://shopify/TaxonomyCategory/hb-1-9-6-4-5,Probiotics,probiotico,alta,no,
9715786645825,probiotico-infantil-2-6-mil-millones-de-ufc-en-gotas-de-child-life-apoyo-para-el-bienestar-digestivo-y-la-inmunidad-10-5ml,Probiótico Infantil 2.6 mil millones de UFC en gotas de Child Life | Apoyo para el Bienestar Digestivo y la Inmunidad | 10.5ml,Vitaminate,ACTIVE,3 a 10 Años | Child Life | descuento-10 | duracion 30 | Indiferente | Niños | prebióticos y enzimas | probioticos | Salud digestiva | Sin azúcar | Sin gluten,Suplemento dietario,,Probióticos,gid://shopify/TaxonomyCategory/hb-1-9-6-4-5,Probiotics,probiotico,alta,no,
9625482821953,probiotico-infantil-8-33-mg-2-5-mil-millones-de-ufc-de-mary-ruths-apoyo-para-el-bienestar-digestivo-de-los-infantes-60-gomitas-sabor-fresa,Probiótico Infantil 8.33 mg - 2.5 mil millones de UFC de Mary Ruth's | Apoyo para el Bienestar Digestivo de los Infantes | 60 gomitas Sabor Fresa,Vitaminate,ACTIVE,duracion 60 | Indiferente | MaryRuth's | prebióticos y enzimas | Probioticos | Salud digestiva | Sistema inmunitario,,,Probióticos,gid://shopify/TaxonomyCategory/hb-1-9-6-4-5,Probiotics,probiotico,alta,no,
9999948546369,probiotico-organico-liquido-4fl-oz-120ml-mary-ruth-s,Probiótico Líquido Orgánico de MaryRuth’s | Bienestar digestivo | 60 y 120 ml,Vitaminate,ACTIVE,duracion 60,,,Probióticos,gid://shopify/TaxonomyCategory/hb-1-9-6-4-5,Probiotics,probiotico,alta,no,
9599792283969,probiotico-10-25-mil-millones-10-cepas-probioticas-de-now-foods-30-y-50-capsulas-vegetales,"Probiótico-10, 25 Mil Millones, 10 Cepas Probióticas de NOW Foods | 30 y 50 Cápsulas Vegetales",OLSEGO GROUP,ACTIVE,+18 Años | Adultos | descuento-25 | duracion 15 | Indiferente | Keto | NOW Foods | prebióticos y enzimas | PRO | probioticos | Salud digestiva | Sin azúcar | Sin gluten | Sin lactosa | Sistema inmunitario | Vegano | Vegetariano,,,Probióticos,gid://shopify/TaxonomyCategory/hb-1-9-6-4-5,Probiotics,probiotico,alta,no,
9609344254273,probioticos-prebioticos-20-millones-de-ufc-430mg-woman-de-bioflora-bienestar-digestivo-femenina-35-capsulas-acido-resistentes,Probióticos + Prebióticos 20 Billones de UFC 430mg WOMAN de Bioflora | Bienestar Digestivo Femenina | 35 Cápsulas Ácido - Resistentes,Bioflora,ACTIVE,+18 Años | Adultos | Bioflora | descuento-15 | duracion 35 | Mujer | prebióticos y enzimas | PRO | probioticos | Salud digestiva | Salud femenina | Salud urinaria | Sin azúcar | Sin gluten | Vegano,,,Probióticos,gid://shopify/TaxonomyCategory/hb-1-9-6-4-5,Probiotics,probiotico,alta,no,
9609366143297,probioticos-prebioticos-woman-cranberry-salud-digestiva-femenina,Probióticos + Prebióticos 20 Billones WOMAN CRANBERRY Bioflora | Apoya la función urinaria y previene infecciones | 60 cápsulas,Bioflora,ACTIVE,+18 Años | Adultos | Bioflora | descuento-15 | duracion 35 | Mujer | prebióticos y enzimas | probioticos | Salud digestiva | Salud femenina | Salud urinaria | Sin azúcar | Sin gluten | Vegano,,,Probióticos,gid://shopify/TaxonomyCategory/hb-1-9-6-4-5,Probiotics,probiotico,alta,no,
9647499739457,60-billion-probiotics-probioticos-con-inulina-de-agave-500-mg,Probióticos 60 Billones + Inulina | B-Life | Bienestar Digestivo | 120 cápsulas,Blife,ACTIVE,+18 Años | Adultos | B-Life | descuento-15 | duracion 120 | Indiferente | Inulina de agave | prebióticos y enzimas | PRO | probioticos | Salud digestiva | Sin azúcar | Sin gluten | Sin lactosa | Sistema inmunitario | Vegetariano | vitadeals,,,Probióticos,gid://shopify/TaxonomyCategory/hb-1-9-6-4-5,Probiotics,probiotico,alta,no,
9624103420225,probioticos-60-billones-11-cepas-650mg-por-capsula-de-silvia-strauss-formulado-para-apoyar-la-funcion-intestinal-y-el-equilibrio-de-la-flora-intestinal-90-capsulas-vegetales,Probióticos 60 Billones 11 Cepas 650mg Hello Gut Health! Silvia Strauss | Formulado para apoyar la función intestinal y el equilibrio de la flora intestinal | 90 cápsulas vegetales,Silvia Strauss,ACTIVE,+18 Años | Adultos | descuento-15 | duracion 90 | Indiferente | prebióticos y enzimas | probioticos | Salud digestiva | Silvia Strauss | Sin gluten | Sin lactosa | Sistema inmunitario | Vegano | vitadeals,,,Probióticos,gid://shopify/TaxonomyCategory/hb-1-9-6-4-5,Probiotics,probiotico,alta,no,
9638968262977,probioticos-60-billones-700mg-de-wu-nutrition-promueve-el-bienestar-intestinal-y-de-la-piel-120-capsulas-vegetales,Probióticos 60 Billones 700mg de WU Nutrition |  Promueve el Bienestar intestinal y de la piel  | 120 cápsulas vegetales,WU Nutrition,ACTIVE,+18 Años | Adultos | duracion 60 | Indiferente | Prebióticos | prebióticos y enzimas | probioticos | Salud digestiva | Sin azúcar | Sin gluten | Sin lactosa | Vegetariano | WU Nutrition,,,Probióticos,gid://shopify/TaxonomyCategory/hb-1-9-6-4-5,Probiotics,probiotico,alta,no,
9598063083841,probioticos-60-mil-millones-ufc-prebioticos-enzimas-digestivas-de-humble-bienestar-digestivo-30-capsulas,Probióticos 60 Mil Millones UFC + Prebióticos + Enzimas Digestivas de Humble | Bienestar Digestivo | 30 Cápsulas,Vitaminate,ACTIVE,+18 Años | Adultos | descuento-10 | duracion 30 | Humble | Indiferente | prebióticos y enzimas | probioticos | Salud digestiva | Sin azúcar | Sin gluten | Sin lactosa | Vegetariano,,,Probióticos,gid://shopify/TaxonomyCategory/hb-1-9-6-4-5,Probiotics,probiotico,alta,no,
9661462970689,80-billion-probiotics-platinum-suplemento-alimenticio-salud-digestiva,Probióticos 80 Billones Platinum | B-Life | Bienestar Digestivo | 120 cápsulas,Blife,ACTIVE,+18 Años | Adultos | B-Life | descuento-15 | duracion 120 | Indiferente | Inulina de agave | prebióticos y enzimas | PRO | probioticos | Salud digestiva | Sin azúcar | Sin gluten | Sin lactosa | Sistema inmunitario | Vegetariano | vitadeals,,,Probióticos,gid://shopify/TaxonomyCategory/hb-1-9-6-4-5,Probiotics,probiotico,alta,no,
9605670076737,probioticos-avanzados-con-enzimas-digestivas-de-wohl-laboratorios-promueve-el-bienestar-intestinal-60-capsulas-vegetales,Probióticos Avanzados con Enzimas Digestivas de Wohl Laboratorios | Promueve el Bienestar intestinal  | 60 cápsulas vegetales,Wohl/VidaLabs,ACTIVE,+18 Años | Adultos | duracion 30 | Indiferente | prebióticos y enzimas | probioticos | Salud digestiva | Sin azúcar | Sin gluten | Sin lactosa | Sistema inmunitario | vitadeals | Whol,,,Probióticos,gid://shopify/TaxonomyCategory/hb-1-9-6-4-5,Probiotics,probiotico,alta,no,
9606637617473,probioticos-glutamina-probivios-fem-matter-50-billones-de-ufc-bienestar-digestivo-femenino-30-capsulas-vegetales,Probióticos Glutamina Probivos Fem Matter 50 Billones de UFC | Bienestar Digestivo Femenino | 30 Cápsulas Vegetales,You Matter,ACTIVE,+18 Años | Adultos | duracion 30 | Mujer | prebióticos y enzimas | probioticos | Salud digestiva | Salud femenina | Sin azúcar | Sin gluten | Sistema inmunitario | Vegano | You Matter,,,Probióticos,gid://shopify/TaxonomyCategory/hb-1-9-6-4-5,Probiotics,probiotico,alta,no,
9974251290945,probioticos-hombre-50b-cfu-de-garden-of-life-sistema-inmunologico-masculino-30-capsulas,Probióticos Hombre 50B CFU de Garden of Life | Apoya el sistema inmunológico masculino | 30 cápsulas,OLSEGO GROUP,ACTIVE,duracion 30,,,Probióticos,gid://shopify/TaxonomyCategory/hb-1-9-6-4-5,Probiotics,probiotico,alta,no,
10129052762433,just-probio-30-y-60-capsulas-duocap-bfit,Probióticos Just Probio B-fit 2 billones UFC | Apoyo a la Microbiota|  30 y 60 Cápsulas,B FIT,ACTIVE,PRO | vitadeals,,,Probióticos,gid://shopify/TaxonomyCategory/hb-1-9-6-4-5,Probiotics,probiotico,alta,no,
10236736143681,probioticos-kids-probivos-de-matter-30-sobres-10-gr,"Probióticos kids Probivos de Matter | Digestión saludable, apoya el sistema inmune | 30 sobres 10 gr",You Matter,ACTIVE,vitadeals,,,Probióticos,gid://shopify/TaxonomyCategory/hb-1-9-6-4-5,Probiotics,probiotico,alta,no,
9999949529409,probiotico-organico-para-bebes-liquido-1-fl-oz-30ml-mary-ruth-s,Probióticos líquidos para niños de MaryRuth’s | Digestion y Equilibrio Intestinal |30 ml,Vitaminate,ACTIVE,duracion 125,,,Probióticos,gid://shopify/TaxonomyCategory/hb-1-9-6-4-5,Probiotics,probiotico,alta,no,
10236771729729,probioticos-lpc-37-probivos-chill-de-matter-apoya-eje-intestino-cerebro-60-capsulas,"Probióticos LPC-37, Probivos Chill de Matter | Apoya eje intestino-cerebro | 60 cápsulas",You Matter,ACTIVE,,,,Probióticos,gid://shopify/TaxonomyCategory/hb-1-9-6-4-5,Probiotics,probiotico,alta,no,
9999580299585,probioticos-mujer-beyond-vitamins-60-billions-con-12-cepas-y-prebioticos-60-capsulas,Probióticos Mujer 60 Billions con 12 cepas y prebióticos de Beyond Vitamins |60 cápsulas,Beyond Vitamins,ACTIVE,duracion 60,,,Probióticos,gid://shopify/TaxonomyCategory/hb-1-9-6-4-5,Probiotics,probiotico,alta,no,
10326009479489,probioticos-50b-birdman-cuidado-digestivo-60-capsulas,"Probióticos Premium All-In-One 50 Billion de Birdman | Cuidado Digestivo,  sistema inmune  | 60 cápsulas",Birdman,ACTIVE,,,,Probióticos,gid://shopify/TaxonomyCategory/hb-1-9-6-4-5,Probiotics,probiotico,alta,no,
10236790407489,probioticos-probivos-adulto-de-matter-apoya-la-flora-y-la-funcion-intestinal-45-capsulas,Probióticos Probivos Adulto de Matter | Apoya la flora y la función intestinal | 45 cápsulas,You Matter,ACTIVE,,,,Probióticos,gid://shopify/TaxonomyCategory/hb-1-9-6-4-5,Probiotics,probiotico,alta,no,
10108960964929,probioticos-raw-ultimate-care-100-billion-ufc-de-garden-of-life-30-capsulas-vegetarianas-1,Probióticos RAW Ultimate Care 100 Billion UFC de Garden of Life | 30 Cápsulas Vegetarianas,OLSEGO GROUP,ACTIVE,,,,Probióticos,gid://shopify/TaxonomyCategory/hb-1-9-6-4-5,Probiotics,probiotico,alta,no,
9942160310593,probioticos-simbiotic-amz-nutrition-apoya-la-microbiota-60-capsulas,Probióticos Simbiotic AMZ Nutrition | Apoya la digestión | 60 cápsulas,AMZ Nutrition,ACTIVE,duracion 30,,,Probióticos,gid://shopify/TaxonomyCategory/hb-1-9-6-4-5,Probiotics,probiotico,alta,no,
9998000226625,probioticos-y-magnesio-mood-500-mg-de-bioflora-bienestar-digestivo-y-emocional-35-capsulas-vegetales,Probióticos y Magnesio Mood 500 mg de Bioflora | Bienestar digestivo y emocional | 35 cápsulas vegetales,Bioflora,ACTIVE,duracion 35,,,Probióticos,gid://shopify/TaxonomyCategory/hb-1-9-6-4-5,Probiotics,probiotico,alta,no,
9966731755841,probivos-glow-probioticos-con-bisglicinato-de-zinc-quelado-traacs®-60-capsulas,Probivos Glow | Probióticos con Bisglicinato de Zinc Quelado (TRAACS®) | 60 Cápsulas,You Matter,ACTIVE,duracion 60,,,Probióticos,gid://shopify/TaxonomyCategory/hb-1-9-6-4-5,Probiotics,probiotico,alta,no,
9999301280065,enzimas-beyond-vitamins-con-probioticos-y-prebioticos-60-capsulas-veganas,"Proteasa, Lactasa, Lipasa, Bromelina, Papaína | Enzimas con probióticos y prebióticos de Beyond Vitamins  | 60 cápsulas veganas",Beyond Vitamins,ACTIVE,duracion 60,,,Probióticos,gid://shopify/TaxonomyCategory/hb-1-9-6-4-5,Probiotics,probiotico,alta,no,
9996505809217,proteina-caldo-de-huesos-gudgut-500-g,Proteína caldo de huesos de GüdGut | Huesos y Articulaciones |  500 g Varios Sabores,GudGut,ACTIVE,duracion 30,,,Proteínas en polvo y barras,gid://shopify/TaxonomyCategory/hb-1-9-6-8,Protein Supplements,proteina,alta,no,
9999951987009,caldo-de-huesos-de-res-1-2-lbs-544g,Proteína de caldo de hueso de res de Now |  Bienestar óseo y articular  | 544 g,Vitaminate,ACTIVE,duracion 16 | PRO,,,Proteínas en polvo y barras,gid://shopify/TaxonomyCategory/hb-1-9-6-8,Protein Supplements,proteina,alta,no,
9618971853121,proteina-de-chicharo-organica-sin-lacteos-ni-soya-de-now-sports-en-sus-presentaciones-de-340-680-y-907g-sin-sabor-y-vainilla-toffe,"Proteína de Chícharo Orgánica, Sin Lácteos ni Soya de NOW Sports | En sus presentaciones de 340,680 y 907g, Sin sabor y Vainilla toffe",Vitaminate,ACTIVE,+18 Años | Adultos | descuento-15 | duracion 10 | Ganancia de masa muscular | Indiferente | Keto | NOW Sports | proteina-vegana-vegetal | Proteína | Recuperación y regeneración muscular | Sin azúcar | Sin gluten | Sin lactosa | Vegano | Vegetariano,,,Proteínas en polvo y barras,gid://shopify/TaxonomyCategory/hb-1-9-6-8,Protein Supplements,proteina,alta,no,
9624015372609,proteina-de-origen-vegetal-23g-por-porcion-de-silvia-strauss-disenado-para-apoyar-la-funcion-y-el-desarrollo-muscular-polvo-de-900g,"Proteína de origen vegetal Plant Based Vainilla, Silvia Strauss | Diseñado para apoyar la función y el desarrollo muscular | Polvo de 900g",Silvia Strauss,ACTIVE,+18 Años | Adultos | descuento-15 | duracion 30 | Ganancia de masa muscular | Indiferente | Potenciar la energía | proteina-vegana-vegetal | Proteína | Recuperación y regeneración muscular | Silvia Strauss | Sin gluten | Sin lactosa | Vegano | vitadeals,,,Proteínas en polvo y barras,gid://shopify/TaxonomyCategory/hb-1-9-6-8,Protein Supplements,proteina,alta,no,
9980315140417,proteina-de-soya-aislada-natsa-favorece-el-mantenimiento-de-la-masa-muscular-polvo-1-kg-sabor-natural,Proteína de Soya Aislada Natsa |  Favorece el mantenimiento de la masa muscular | Polvo 1 kg sabor natural,Natsa,ACTIVE,duracion 50,,,Proteínas en polvo y barras,gid://shopify/TaxonomyCategory/hb-1-9-6-8,Protein Supplements,proteina,alta,no,
9999952511297,proteina-de-whey-sabor-vainilla-2-lb-907-g,Proteína de Suero con BCAA y GLutamina de Now | Desarrollo Muscular | 907 gr,Vitaminate,ACTIVE,PRO,,,Aminoácidos y BCAA,gid://shopify/TaxonomyCategory/hb-1-9-6-1-1,Branched-Chain Amino Acid (BCAA),bcaa,alta,no,
10124924846401,proteina-en-polvo-con-probioticos-y-enzimas-digestivas-mezcla-vegana-de-sacha-inchi-chicharo-y-arroz-total-sport-de-matter-700g,"Proteína en Polvo con Probióticos y Enzimas Digestivas |Mezcla Vegana de Sacha Inchi, Chícharo y Arroz | Total Sport de Matter | 700g",You Matter,ACTIVE,PRO,,,Proteínas en polvo y barras,gid://shopify/TaxonomyCategory/hb-1-9-6-8,Protein Supplements,proteina,alta,no,
9942875046209,proteina-aislada-de-suero-isolate-whey-amz-nutrition,"Proteína Hidrolizada de Suero Isolate Whey Protein  AMZ Nutrition | Recuperación muscular | 925g, 1.6kg o 2.3 kg",AMZ Nutrition,ACTIVE,duracion 49 | PRO | vitadeals,,,Proteínas en polvo y barras,gid://shopify/TaxonomyCategory/hb-1-9-6-8,Protein Supplements,proteina,alta,no,
9931103895873,proteina-raw-itholate-aislado-de-suero-leche-desarrolo-y-mantenimiento-de-masa-muscular-2-27-kg,Proteina Raw CBUM Itholate Aislado de Suero Leche | Contribuye a una dieta equilibrada rica en proteínas | 2.27 kg,Edgar Suplementos deportivos,ACTIVE,duracion 70 | PRO,,,Proteínas en polvo y barras,gid://shopify/TaxonomyCategory/hb-1-9-6-8,Protein Supplements,proteina,alta,no,
10288343220545,proteina-vegana-amz-isolated-sabor-chocolate-polvo-925g,"Proteína Vegana AMZ Isolated | Mantenimiento de la masa muscular, recuperación | Polvo 925g",AMZ Nutrition,ACTIVE,,,,Proteínas en polvo y barras,gid://shopify/TaxonomyCategory/hb-1-9-6-8,Protein Supplements,proteina,alta,no,
10281833890113,proteina-vegana-con-probioticos-habits-vainilla-digestion-y-recuperacion-polvos-488-g,Proteína Vegana con Probióticos Habits | Digestión y Recuperación | Polvos 488 gr,Habits,ACTIVE,PRO,,,Proteínas en polvo y barras,gid://shopify/TaxonomyCategory/hb-1-9-6-8,Protein Supplements,proteina,alta,no,
9673801859393,proteina-vegetal-falcon-30g-double-chocolate-birdman-para-rendimiento-fisico-1-5-kg-50-porciones,Proteína Vegetal Falcon 30g Double Chocolate Birdman para Rendimiento Físico 1.8 kg | 60 porciones,Birdman,ACTIVE,+18 Años | Adultos | Birdman | Complejo de aminoácidos | Cuidado del cabello | duracion 50 | Ganancia de masa muscular | Indiferente | piel y uñas | proteina-vegana-vegetal | Proteína | Recuperación y regeneración muscular | Sin gluten | Sin lactosa | Sistema inmunitario | Vegetariano,,,Proteínas en polvo y barras,gid://shopify/TaxonomyCategory/hb-1-9-6-8,Protein Supplements,proteina,alta,no,
9999952216385,proteina-vegetal-organica-sin-sabor-1-lb-454-g,Proteína vegetal orgánica de Now |  454g,Vitaminate,ACTIVE,duracion 14,,,Proteínas en polvo y barras,gid://shopify/TaxonomyCategory/hb-1-9-6-8,Protein Supplements,proteina,alta,no,
9974083649857,proteina-whey-chocolate-ascent-ideal-para-despues-del-entrenamiento-favorece-la-recuperacion-muscular-polvos-25-g,Proteína Whey de Ascent | Proteína Limpia | Polvos 897 g 29 porciones,Vitaminate,ACTIVE,duracion 29,,,Proteínas en polvo y barras,gid://shopify/TaxonomyCategory/hb-1-9-6-8,Protein Supplements,proteina,alta,no,
9909696594241,proyectile-500mg-de-natural-health-maca-shilajit-y-tribulus-terrestris-para-energia-y-vitalidad-masculina-120-capsulas,"Proyectile 500mg de Natural Health | Maca, Shilajit y Tribulus Terrestris para Energía y Vitalidad Masculina | 120 cápsulas",Natural Health,ACTIVE,,,,Bienestar masculino y próstata,gid://shopify/TaxonomyCategory/hb-1-9-6-5,Herbal Supplements,"ai: Maca, shilajit y tribulus para vitalidad masculina",alta,si,no
10203367375169,test-genetico-nutriadn-avanzada-envio,Prueba genética nutriADN Avanzada NutriADN bienestar,NutriADN,ACTIVE,vitadeals,,,,,,"ai:revisar — Prueba genética, no es suplemento ni cosmético; sin nodo adecuado",revisar,si,si
9634120532289,psyllium-husk-500-mg-de-now-foods-bienestar-intestinal-fibra-soluble-natural-para-la-regularidad-intestinal-200-capsulas-vegetales,"Psyllium Husk  500 mg de NOW Foods | Bienestar Intestinal, Fibra Soluble Natural para la Regularidad Intestinal | 200 Cápsulas Vegetales",Vitaminate,ACTIVE,+18 Años | Adultos | Control del peso | descuento-15 | Indiferente | Keto | NOW Foods | prebióticos y enzimas | PRO | Probioticos | psyllium-husk | Salud digestiva | Sin azúcar | Sin gluten | Sin lactosa | Sistema cardiovascular | Vegetariano,,,Fibra y prebióticos,gid://shopify/TaxonomyCategory/hb-1-9-6-4-4,Prebiotics & Fiber,fibra-prebiotico,alta,no,
9977256739137,psyllium-plantago-fibra-natural-de-natsa-favorece-el-transito-intestinal-y-la-regularidad-polvos-1-kg,Psyllium plantago - fibra natural de Natsa | Favorece el tránsito intestinal y la regularidad | Polvos 1 kg,Natsa,ACTIVE,,,,Fibra y prebióticos,gid://shopify/TaxonomyCategory/hb-1-9-6-4-4,Prebiotics & Fiber,fibra-prebiotico,alta,no,
10091719983425,psyllium-plantago-de-superlabs-bienestar-intestinales-1-kg,Psyllium Plantago de superlabs | Bienestar Intestinales | 1 kg,Superlabs,ACTIVE,PRO,,,Fibra y prebióticos,gid://shopify/TaxonomyCategory/hb-1-9-6-4-4,Prebiotics & Fiber,fibra-prebiotico,alta,no,
9974187524417,pterostilbeno-pro-250-mg-bienestar-metabolico-y-cerebral,Pterostilbeno Pro 250 mg | Bienestar metabólico y cerebral | 60 Cápsulas,Vitaminate,ACTIVE,duracion 30,,,"Longevidad: NAD+, NMN y resveratrol",gid://shopify/TaxonomyCategory/hb-1-9-6,Vitamins & Supplements,"ai: Pterostilbeno, análogo del resveratrol para longevidad",media,si,no
9797346361665,cellurex-640-mg-de-health-thru-nutrition-apoya-la-digestion-mejora-la-absorcion-de-nutrientes-60-capsulas-blandas,PureQQ 20mg + Coenzima Q10 60mg + L-Arginina 400mg CelluRex 640 mg de Health Thru Nutrition | Apoya la circulación | 60 cápsulas Blandas,Vitaminate,ACTIVE,descuento-10 | duracion 60,,,Aminoácidos y BCAA,gid://shopify/TaxonomyCategory/hb-1-9-6-1-2,Single Amino Acid Supplements,aminoacido-individual,alta,no,
9797351539009,pycnogenol-50-mg-de-health-thru-nutrition-apoyo-articular-refuerzo-inmunologico-60-capsulas-blandas,"Pycnogenol 50 mg de Health Thru Nutrition | Apoyo articular, Refuerzo inmunológico | 30 cápsulas Blandas",Vitaminate,ACTIVE,,,,Antioxidantes,gid://shopify/TaxonomyCategory/hb-1-9-6-5,Herbal Supplements,"ai: Pycnogenol, extracto de pino con acción antioxidante",media,si,no
9644620579137,quelato-de-magnesio-200mg-de-designs-for-health-apoyo-de-la-funcion-osea-y-muscular-alivio-del-estres-120-tabletas-vegetarianas,Quelato de Magnesio 200mg de Designs For Health | Apoyo de la función Ósea y Muscular - Alivio del Estrés | 120 tabletas vegetarianas,Vitaminate,ACTIVE,+18 Años | Adultos | bisglicinato-de-magnesio | Designs for health | duracion 60 | Indiferente | Minerales | Recuperación y regeneración muscular | Sin azúcar | Sin gluten | Sin lactosa | Sistema cardiovascular | Vegetariano,,,Magnesio,gid://shopify/TaxonomyCategory/hb-1-9-6-6-3,Magnesium,mineral-MAGNESIUM,alta,no,
9644647907649,quercetina-200mg-ortigas-200mg-de-designs-for-health-fortalece-el-sistema-inmunologico-y-ayuda-a-controlar-los-niveles-de-histamina-que-promueven-la-funcion-cardiovascular-90-capsulas-vegetales,Quercetina 200mg + Ortigas 200mg de Designs For Health |  Fortalece el sistema inmunológico y ayuda a controlar los niveles de histamina que promueven la función cardiovascular | 90 Cápsulas Vegetales,OLSEGO GROUP,ACTIVE,+18 Años | Adultos | Designs for health | Hierbas | Indiferente | PRO | quercetina | Sin azúcar | Sin gluten | Sin lactosa | Sistema cardiovascular | Sistema inmunitario | Suplementos herbales | Vegetariano,,,Antioxidantes,gid://shopify/TaxonomyCategory/hb-1-9-6-5,Herbal Supplements,"ai: Quercetina con ortiga, flavonoide botánico antioxidante",media,si,no
9999953494337,quercetina-500-mg-100-veg-caps,Quercetina 500 mg | Contribuye al equilibrio del sistema inmune | 100 Cápsulas,Vitaminate,ACTIVE,PRO,,,Antioxidantes,gid://shopify/TaxonomyCategory/hb-1-9-6-5,Herbal Supplements,"ai: Quercetina, flavonoide antioxidante con apoyo inmune",media,si,no
9653739094337,quercetina-500mg-de-flow-supplement-apoyo-de-la-funcion-inmunologica-y-respiratoria-60-capsulas-vegetales,Quercetina 500mg de Flow Supplement | Apoyo de la función Inmunológica y respiratoria | 60 cápsulas vegetales,Flow Supplements,ACTIVE,+18 Años | Adultos | descuento-20 | Flow Supplement | Hierbas | Indiferente | Keto | PRO | quercetina | Sin azúcar | Sin gluten | Sistema cardiovascular | Sistema inmunitario | Suplementos herbales | vitadeals,,,Antioxidantes,gid://shopify/TaxonomyCategory/hb-1-9-6-5,Herbal Supplements,"ai: Quercetina, flavonoide antioxidante con apoyo inmunológico",alta,si,no
9999953461569,quercetina-800mg-bromelina-165mg-120-veg-caps,Quercetina con Bromelina de Now Foods | Aporta antioxidantes naturales para las células | 120 Cápsulas,Vitaminate,ACTIVE,,,,Enzimas digestivas,gid://shopify/TaxonomyCategory/hb-1-9-6-4-3,Digestive Enzymes,enzimas,alta,no,
9733021335873,raiz-de-ashwagandha-organica-590-mg-de-mary-ruths-ayuda-a-equilibrar-el-cortisol-proporciona-un-buen-sueno-y-descanso-gotero-de-30ml-60-servicios,Raíz de Ashwagandha Orgánica 590 mg de Mary Ruth's | Ayuda a equilibrar el Cortisol - Proporciona un buen Sueño y Descanso | Gotero de 30ml - 60 servicios,Vitaminate,ACTIVE,+18 Años | Adultos | Concentración | descuento-15 | Hongos Adaptógenos | Indiferente | MaryRuth's | memoria y atención | PRO | Sin azúcar | Sin gluten | Sin lactosa | Sistema inmunitario | Sueño y descanso | Vegano,,,Adaptógenos y manejo del estrés,gid://shopify/TaxonomyCategory/hb-1-9-6-5,Herbal Supplements,"ai: Ashwagandha, adaptógeno herbal en gotero",alta,si,no
9635203055937,raiz-de-astragalo-1410mg-de-natures-way-contribuye-a-fortalecer-el-sistema-inmunologico-100-capsulas-veganas,Raíz de Astrágalo 1410mg de  Nature's Way | Contribuye a fortalecer el sistema inmunológico | 100 cápsulas veganas,OLSEGO GROUP,ACTIVE,+18 Años | Adultos | astragalo | descuento-10 | Hierbas | Indiferente | Natures Way | Sin azúcar | Sin gluten | Sin lactosa | Sistema cardiovascular | Sistema inmunitario | Sistema respiratorio | Suplementos herbales | Vegano | Vegetariano,,,Defensas e inmunidad,gid://shopify/TaxonomyCategory/hb-1-9-6-5,Herbal Supplements,ai: Astrágalo herbal enfocado a soporte inmunológico,alta,si,no
9800067744065,raiz-de-astragalo-2000mg-de-natures-answer-contribuye-a-fortalecer-el-sistema-inmunologico-refuerza-las-defensas-gotero-de-30ml,Raíz de Astrágalo 2000mg de  Nature's Answer |  Refuerza las defensas y apoya el cuerpo en momentos de fatiga | Gotero de 30ml,Vitaminate,ACTIVE,+18 Años | Adultos | astragalo | descuento-15 | Hierbas | Indiferente | Natures Way | Sin azúcar | Sin gluten | Sin lactosa | Sistema cardiovascular | Sistema inmunitario | Sistema respiratorio | Suplementos herbales | Vegano | Vegetariano,,,Defensas e inmunidad,gid://shopify/TaxonomyCategory/hb-1-9-6-5,Herbal Supplements,ai: Astrágalo líquido para defensas,alta,si,no
9977128288577,raiz-de-astragalo-500-mg-de-natsa-apoya-la-funcion-hepatica-y-renal-estimula-el-sistema-inmune-100-capsulas,Raíz de astrágalo 500 mg de Natsa | Función hepática y renal | 100 cápsulas,Natsa,ACTIVE,duracion 50,,,Hierbas y extractos botánicos,gid://shopify/TaxonomyCategory/hb-1-9-6-5,Herbal Supplements,"ai: Astrágalo en cápsulas, uso hepático y renal genérico",media,si,no
9803638112577,raiz-de-diente-de-leon-1575-por-servicio-de-natures-way-apoyo-de-la-funcion-urinaria-aporta-antioxidantes-naturales-100-capsulas-veganas,Raíz de Diente de León 1575 por servicio de Nature's Way | Apoyo de la función urinaria - Aporta antioxidantes naturales | 100 cápsulas veganas,OLSEGO GROUP,ACTIVE,descuento-10 | duracion 33,,,Vías urinarias y renal,gid://shopify/TaxonomyCategory/hb-1-9-6-5,Herbal Supplements,ai: Diente de león herbal con apoyo urinario,media,si,no
9635963732289,raiz-de-eleuthero-siberiano-1275mg-de-natures-way-contribuye-a-reducir-la-ansiedad-y-estres-100-capsulas-veganas,Raíz de Eleuthero Siberiano 1275mg de Nature's Way  | Contribuye a reducir la ansiedad y estrés | 100 cápsulas veganas,Vitaminate,ACTIVE,+18 Años | Adultos | Ansiedad y estrés | descuento-10 | Ginseng | Ginseng siberiano (Eleuthero) | Hierbas | Indiferente | Natures Way | Potenciar la energía | Sin azúcar | Sin gluten | Sin lactosa | Sistema inmunitario | Suplementos herbales | Vegano | Vegetariano,,,Adaptógenos y manejo del estrés,gid://shopify/TaxonomyCategory/hb-1-9-6-5,Herbal Supplements,"ai: Eleuthero, ginseng siberiano adaptógeno",alta,si,no
9604285235521,raiz-de-equinacea-organica-para-ninos-de-child-life-apoyo-inmunologico-30ml-formula-liquida-con-sabor-a-naranja-natural,Raíz de Equinácea Orgánica para Niños de Child Life | Apoyo Inmunológico | 30ml - Fórmula líquida con sabor a naranja natural,Vitaminate,ACTIVE,0 a 3 Años | Child Life | descuento-10 | equinacea | Hierbas | Indiferente | Niños | Sin azúcar | Sin gluten | Sin lactosa | Sistema inmunitario | Sistema respiratorio | Suplementos herbales | Vegano | Vegetariano,Suplemento dietario,,Suplementos para niños,gid://shopify/TaxonomyCategory/hb-1-9-6-5,Herbal Supplements,ai: Equinácea líquida infantil,alta,si,no
9634019115329,raiz-de-jengibre-550-mg-de-now-foods-apoyo-digestivo-y-cardiovascular-100-capsulas-vegetalese-550mg-suplemento-alimenticio-salud-digestiv,Raíz de Jengibre 550 mg de Now Foods |  Apoyo Digestivo y Cardiovascular | 100 Cápsulas Vegetales,Vitaminate,ACTIVE,+18 Años | Adultos | Alivio del dolor crónico | descuento-25 | gengibre | Hierbas | Indiferente | Jengibre | NOW Foods | Salud digestiva | Sin azúcar | Sin gluten | Sin lactosa | Sistema cardiovascular | Sistema inmunitario | Suplementos herbales | Vegetariano,,,Digestivos y confort intestinal,gid://shopify/TaxonomyCategory/hb-1-9-6-5,Herbal Supplements,ai: Jengibre herbal con enfoque digestivo,media,si,no
9769215426881,raiz-de-jengibre-ginger-550mg-de-solaray-apoyo-digestivo-propiedades-antiinflamatorias-apoyo-al-sistema-inmunitario-60-capsulas-veganas,"Raíz de Jengibre GINGER 550mg de Solaray | Apoyo digestivo, propiedades antiinflamatorias, apoyo al sistema inmunitario | 60 cápsulas veganas",Fresh Vitamins,ACTIVE,descuento-15,,,Digestivos y confort intestinal,gid://shopify/TaxonomyCategory/hb-1-9-6-5,Herbal Supplements,"ai: Jengibre en cápsulas, apoyo digestivo",media,si,no
9636029530433,raiz-de-kudzu-1226mg-de-natures-way-apoya-el-equilibrio-hormonal-femenino-aliviando-los-sintomas-de-la-menopausia-50-capsulas-veganas,"Raíz de Kudzu 1226mg de Nature's Way  | Apoya el equilibrio hormonal femenino, aliviando los síntomas de la menopausia | 50 cápsulas veganas",Vitaminate,ACTIVE,+18 Años | Adultos | descuento-10 | Hierbas | Menopausia | Mujer | Natures Way | raiz-de-kudzu | Salud femenina | Sin azúcar | Sin gluten | Sin lactosa | Sistema cardiovascular | Suplementos herbales | Vegano,,,Bienestar femenino y menopausia,gid://shopify/TaxonomyCategory/hb-1-9-6-5,Herbal Supplements,ai: Kudzu herbal para síntomas de menopausia,alta,si,no
9634057584961,raiz-de-maca-500-mg-de-now-foods-apoyo-reproductivo-y-energetico-para-hombres-y-mujeres-100-capsulas-vegetales,Raíz de Maca 500 mg de NOW Foods - Apoyo Reproductivo y Energético para Hombres y Mujeres | 100 Cápsulas Vegetales,OLSEGO GROUP,ACTIVE,+18 Años | Adultos | descuento-25 | Hierbas | Indiferente | maca | NOW Foods | Potenciar la energía | Sin azúcar | Sin gluten | Sin lactosa | Suplementos herbales | Vegetariano | vitadeals,,,Hierbas y extractos botánicos,gid://shopify/TaxonomyCategory/hb-1-9-6-5,Herbal Supplements,"ai: Maca en cápsulas, extracto botánico",alta,si,no
9634038743361,raiz-de-maca-750-mg-de-now-foods-apoyo-reproductivo-y-energetico-para-hombres-y-mujeres-90-capsulas-vegetales,Raíz de Maca 750 mg de NOW Foods - Apoyo Reproductivo y Energético para Hombres y Mujeres | 90 Cápsulas Vegetales,Vitaminate,ACTIVE,+18 Años | Adultos | descuento-20 | Hierbas | Indiferente | maca | NOW Foods | Potenciar la energía | Sin azúcar | Sin gluten | Sin lactosa | Suplementos herbales | Vegetariano,,,Hierbas y extractos botánicos,gid://shopify/TaxonomyCategory/hb-1-9-6-5,Herbal Supplements,"ai: Maca en cápsulas, extracto botánico",alta,si,no
9726583832897,raiz-de-maca-organica-590-mg-de-mary-ruths-propiedades-adaptogenas-que-ayudan-a-equilibrar-las-hormonas-aumentar-la-libido-y-la-funcion-sexual-gotero-de-30ml-60-servicios,Raíz de Maca Orgánica 590 mg de Mary Ruth's | Apoyo Hormonal | Gotero de 30ml,Vitaminate,ACTIVE,+18 Años | Adultos | descuento-10 | Hierbas | Indiferente | maca | NOW Foods | Potenciar la energía | Sin azúcar | Sin gluten | Sin lactosa | Suplementos herbales | Vegetariano,,,Hierbas y extractos botánicos,gid://shopify/TaxonomyCategory/hb-1-9-6-5,Herbal Supplements,"ai: Maca orgánica líquida, apoyo hormonal",alta,si,no
9799771062593,raiz-de-maca-y-ashwagandha-con-ginsenosidos-de-irwin-naturals-potencia-tu-energia-y-vitalidad-75-capsulas,Raíz de Maca y Ashwagandha con Ginsenósidos de Irwin Naturals | Apoya la respuesta adaptativa al estrés | 75 Cápsulas,OLSEGO GROUP,ACTIVE,,,,Adaptógenos y manejo del estrés,gid://shopify/TaxonomyCategory/hb-1-9-6-5,Herbal Supplements,"ai: Maca con ashwagandha y ginseng, respuesta al estrés",alta,si,no
9800249475393,raiz-de-malvavisco-2000mg-de-natures-answer-propiedades-naturales-que-actuan-como-calmantes-y-beneficios-para-el-sistema-digestivo-gotero-de-30ml,Raíz de malvavisco 2000mg de Nature's Answer | Propiedades naturales que actúan como calmantes y beneficios para el sistema digestivo | Gotero de 30ml,OLSEGO GROUP,ACTIVE,descuento-15,,,Digestivos y confort intestinal,gid://shopify/TaxonomyCategory/hb-1-9-6-5,Herbal Supplements,ai: Malvavisco herbal calmante digestivo,media,si,no
9799366541633,raiz-de-name-silvestre-wild-yam-220mg-por-porcion-de-natures-answer-apoyo-para-el-bienestar-femenino-efecto-calmante-en-malestares-menopausicos-60-capsulas-veganas,Raíz de Ñame Silvestre (Wild Yam) 220mg por porción de Nature's Answer | Apoyo para el bienestar femenino - Efecto calmante en malestares menopáusicos | 60 cápsulas veganas,Vitaminate,ACTIVE,descuento-10,,,Bienestar femenino y menopausia,gid://shopify/TaxonomyCategory/hb-1-9-6-5,Herbal Supplements,ai: Wild yam herbal para bienestar femenino,alta,si,no
9715866075457,raiz-de-name-silvestre-850mg-de-natures-way-apoya-el-equilibrio-hormonal-femenino-180-capsulas-veganas,Raíz de Ñame Silvestre 850mg de Nature's Way  | Apoya el equilibrio hormonal femenino | 180 cápsulas veganas,Vitaminate,ACTIVE,+18 Años | Adultos | Menopausia | Mujer | Natures Way | Salud femenina | Sin azúcar | Sin gluten | Sin lactosa | Suplementos herbales | Vegetariano,,,Bienestar femenino y menopausia,gid://shopify/TaxonomyCategory/hb-1-9-6-5,Herbal Supplements,"ai: Ñame silvestre, equilibrio hormonal femenino",alta,si,no
9635101344065,raiz-de-name-silvestre-850mg-de-natures-way-equilibrio-hormonal-femenino-100-capsulas-veganas,Raíz de Ñame silvestre 850mg de Nature's Way  | Equilibrio hormonal femenino | 100 cápsulas veganas,Vitaminate,ACTIVE,+18 Años | Adultos | descuento-10 | Hierbas | Indiferente | Menopausia | name-silvestre | Natures Way | Salud femenina | Sin azúcar | Sin gluten | Sin lactosa | Suplementos herbales | Vegano | Vegetariano,,,Bienestar femenino y menopausia,gid://shopify/TaxonomyCategory/hb-1-9-6-5,Herbal Supplements,"ai: Ñame silvestre, equilibrio hormonal femenino",alta,si,no
9635221209409,raiz-de-remolacha-1000mg-de-natures-way-apoyo-cardiovascular-y-promueve-la-circulacion-sanguinea-100-capsulas-veganas,Raíz de Remolacha 1000mg de Nature's Way  | Apoyo Cardiovascular y Promueve la circulación sanguínea | 100 cápsulas veganas,Vitaminate,ACTIVE,+18 Años | Adultos | descuento-10 | extracto-de-betabel | Hierbas | Indiferente | Longevidad y vitalidad | Natures Way | Sin azúcar | Sin gluten | Sin lactosa | Sistema cardiovascular | Suplementos herbales | Vegano | Vegetariano,,,Salud cardiovascular y circulación,gid://shopify/TaxonomyCategory/hb-1-9-6-5,Herbal Supplements,ai: Remolacha herbal para circulación sanguínea,alta,si,no
9619246186817,raiz-de-rhodiola-rosea-400mg-de-swanson-aumenta-la-energia-y-la-resistencia-ayudando-a-mejorar-el-rendimiento-fisico-y-mental-100-capsulas-vegetales,"Raíz de Rhodiola Rosea 400mg de Swanson | Aumenta la energía y la resistencia, ayudando a mejorar el rendimiento físico y mental | 100 cápsulas vegetales",Superlabs,ACTIVE,+18 Años | Adultos | Ansiedad y estrés | descuento-20 | Hongos Adaptógenos | Indiferente | rhodiola | Salud cognitiva | Sin azúcar | Sin gluten | Sin lactosa | Swanson | Vegano | Vegetariano,,,Adaptógenos y manejo del estrés,gid://shopify/TaxonomyCategory/hb-1-9-6-5,Herbal Supplements,"ai: Rhodiola rosea, hierba adaptógena en cápsulas",alta,si,no
9999955034433,raiz-de-cello-de-oro-500-mg-50-veg-caps,Raíz de Sello de Oro de Now | Apoyo Digestivo y Gastrointestinal | 50 cápsulas,Vitaminate,ACTIVE,vitadeals,,,Hierbas y extractos botánicos,gid://shopify/TaxonomyCategory/hb-1-9-6-5,Herbal Supplements,"ai: Raíz de sello de oro (goldenseal), extracto herbal",media,si,no
9689079972161,raiz-de-suma-500mg-de-adapto-heal-incrementa-la-energia-y-vitalidad-refuerza-sistema-inmune-150-capsulas-vegetales,Raíz de Suma SU 500mg  Adaptóheal | Incrementa la Energía y Vitalidad - Refuerza Sistema Inmune | 150 Cápsulas Vegetales,AdaptoHeal,ACTIVE,+18 Años | AdaptoHeal | Adultos | Ansiedad y estrés | Hierbas | Indiferente | Potenciar la energía | Raíz de suma | Salud cognitiva | Sin azúcar | Sin gluten | Sin lactosa | Sistema inmunitario | Suplementos herbales | Vegano | vitadeals,,,Adaptógenos y manejo del estrés,gid://shopify/TaxonomyCategory/hb-1-9-6-5,Herbal Supplements,"ai: Raíz de suma, hierba adaptógena para energía y vitalidad",alta,si,no
9795988324673,raiz-de-uva-de-oregon-equinacea-vitamina-a-y-vitamina-c-calcio-zinc-de-michaels-health-contribuye-al-funcionamiento-optimo-del-sistema-inmunitario-60-tabletas-vegetarianas,"Raíz de uva de Oregón, Equinácea, Vitamina A y Vitamina C, Calcio, Zinc de Michael's Health | Contribuye al funcionamiento óptimo del sistema inmunitario | 60 cápsulas",Vitaminate,ACTIVE,descuento-10,,,Defensas e inmunidad,gid://shopify/TaxonomyCategory/hb-1-9-6-5,Herbal Supplements,ai: Fórmula herbal con equinácea y vitaminas para inmunidad,media,si,no
9800061256001,raiz-de-valeriana-1000mg-de-natures-answer-promueve-la-relajacion-y-mejora-la-calidad-del-sueno-apoyo-en-momentos-de-estres-gotero-de-30ml-y-60ml,Raíz de Valeriana 1000mg de Nature's Answer  | Promueve la relajación y mejora la calidad del sueño - Apoyo en momentos de estrés | Gotero de 30ml y 60ml,Vitaminate,ACTIVE,+18 Años | Adultos | Ansiedad y estrés | descuento-15 | Hierbas | Indiferente | Natures Way | Sin azúcar | Sin gluten | Sin lactosa | Sueño y descanso | Suplementos herbales | valeriana | Vegano | Vegetariano,,,Sueño y relajación,gid://shopify/TaxonomyCategory/hb-1-9-6-12,Sleep Supplements,ai: Valeriana en gotas orientada al sueño y relajación,alta,si,no
9800493695297,raiz-de-valeriana-1500mg-de-natures-answer-promueve-un-sueno-profundo-y-reparador-que-contribuye-a-la-relajacion-90-capsulas-vegetales,Raíz de Valeriana 1500mg de Nature's Answer | Promueve un sueño profundo y reparador que contribuye a la relajación | 90 Cápsulas Vegetales,Vitaminate,ACTIVE,descuento-10,,,Sueño y relajación,gid://shopify/TaxonomyCategory/hb-1-9-6-12,Sleep Supplements,ai: Valeriana en cápsulas para sueño reparador,alta,si,no
9617391714625,raiz-de-valeriana-1590mg-de-natures-way-contribuye-a-aliviar-la-ansiedad-y-el-estres-promoviendo-un-sueno-reparador-100-capsulas-veganas,"Raíz de Valeriana 1590mg de Nature's Way  | Contribuye a aliviar la ansiedad y el estrés, promoviendo un sueño reparador | 100 cápsulas veganas",Vitaminate,ACTIVE,+18 Años | Adultos | Ansiedad y estrés | descuento-10 | Hierbas | Indiferente | Natures Way | Sin azúcar | Sin gluten | Sin lactosa | Sueño y descanso | Suplementos herbales | valeriana | Vegano | Vegetariano,,,Sueño y relajación,gid://shopify/TaxonomyCategory/hb-1-9-6-12,Sleep Supplements,ai: Valeriana en cápsulas para descanso y relajación,alta,si,no
9633122156865,raiz-de-valeriana-500-mg-de-now-foods-suplemento-herbal-tradicional-ayuda-para-el-sueno-natural-no-gmo-100-capsulas-vegetales,"Raíz de Valeriana, 500 mg de NOW Foods - Suplemento Herbal Tradicional, Ayuda para el Sueño Natural, No-GMO | 100 Cápsulas Vegetales",Vitaminate,ACTIVE,+18 Años | Adultos | Ansiedad y estrés | descuento-15 | Hierbas | Indiferente | NOW Foods | Sin azúcar | Sin gluten | Sin lactosa | Sueño y descanso | Suplementos herbales | valeriana | Vegetariano,,,Sueño y relajación,gid://shopify/TaxonomyCategory/hb-1-9-6-12,Sleep Supplements,"ai: Valeriana, ayuda natural para el sueño",alta,si,no
9983131451713,raiz-de-wereke-500-mg-natsa-100-capsulas,Raíz de Wereke 500 mg Natsa | Contribuye al equilibrio natural de los niveles de glucosa | 100 cápsulas,Natsa,ACTIVE,,,,Hierbas y extractos botánicos,gid://shopify/TaxonomyCategory/hb-1-9-6-5,Herbal Supplements,"ai: Raíz de wereke, extracto herbal tradicional en cápsulas",media,si,no
9931562090817,raw-creatina-monohidratada-mejora-la-fuerza-y-recuperacion-500-gr,RAW Creatina Monohidratada | Mejora la fuerza y recuperación | 500 gr,Edgar Suplementos deportivos,ACTIVE,duracion 28,,,Creatina,gid://shopify/TaxonomyCategory/hb-1-9-6-3,Creatine,creatina,alta,no,
9931502584129,raw-essential-pre-workout-cafeina-y-beta-alanina-mejora-tu-rendimiento-380-g,RAW Essential Pre Workout | Cafeína y Beta-Alanina | Mejora tu rendimiento | 380 g,Edgar Suplementos deportivos,ACTIVE,duracion 28,,,Aminoácidos y BCAA,gid://shopify/TaxonomyCategory/hb-1-9-6-1-2,Single Amino Acid Supplements,aminoacido-individual,alta,no,
9931507106113,raw-essentials-charged-pre-workout-estimulantes-y-l-citrulina-aumenta-potencia-y-resistencia-380-gr,RAW Essentials CHARGED Pre Workout | Estimulantes y L-Citrulina | Aumenta potencia y resistencia | 380 gr,Edgar Suplementos deportivos,ACTIVE,duracion 28,,,Aminoácidos y BCAA,gid://shopify/TaxonomyCategory/hb-1-9-6-1-2,Single Amino Acid Supplements,aminoacido-individual,alta,no,
9931527061825,raw-essentials-performance-pre-workout-l-citrulina-y-beta-alanina-optimiza-fuerza-y-enfoque-380-g,RAW Essentials Performance Pre Workout | L-Citrulina y Beta-Alanina | Optimiza fuerza y enfoque | 610g,Edgar Suplementos deportivos,ACTIVE,duracion 28 | vitadeals,,,Aminoácidos y BCAA,gid://shopify/TaxonomyCategory/hb-1-9-6-1-2,Single Amino Acid Supplements,aminoacido-individual,alta,no,
9974727672129,raw-one-de-garden-of-life-multivitaminico-para-hombre-30-capsulas,Raw One de Garden of Life | Multivitamínico para Hombre | 30 Cápsulas,Vitaminate,ACTIVE,duracion 30 | vitadeals,,,Multivitamínicos,gid://shopify/TaxonomyCategory/hb-1-9-6-7,Multivitamin Supplements,multivitaminico-explicito,alta,no,
9931678417217,rc-whey-xs-proteina-de-suero-de-ronnie-coleman-apoya-el-desarrollo-muscular-2-27-kg,RC Whey XS | Proteína de suero de Ronnie Coleman | Apoya el desarrollo muscular | 2.27 kg,Edgar Suplementos deportivos,ACTIVE,duracion 62,,,Proteínas en polvo y barras,gid://shopify/TaxonomyCategory/hb-1-9-6-8,Protein Supplements,proteina,alta,no,
9970363007297,reishi-de-lalun-descanso-y-equilibrio-emocional-30-capsulas,Reishi de Lalun | Descanso y equilibrio emocional | 30 Cápsulas,Lalun Organic,ACTIVE,duracion 30,,,Hongos funcionales,gid://shopify/TaxonomyCategory/hb-1-9-6-5,Herbal Supplements,"ai: Reishi, hongo funcional en cápsulas",alta,si,no
9665177551169,reishi-hongo-adaptogeno-500mg-de-5h8-ayuda-a-reducir-el-estres-y-la-ansiedad-90-capsulas-vegetales,Reishi Hongo Adaptógeno 500mg de 5H8 Nutrition | Ayuda a reducir el estrés y la ansiedad | 90 cápsulas,5H8 Nutrition,ACTIVE,+18 Años | 5H8 Nutrition | Adultos | Ansiedad y estrés | descuento-15 | duracion 90 | Hongos Adaptógenos | Indiferente | Longevidad y vitalidad | reishi | Sin azúcar | Sin gluten | Sin lactosa | Sistema inmunitario | Sueño y descanso | Vegano | vitadeals,,,Hongos funcionales,gid://shopify/TaxonomyCategory/hb-1-9-6-5,Herbal Supplements,ai: Reishi adaptógeno en cápsulas,alta,si,no
9845659107649,reishi-hongo-adaptogeno-estres-sueno-y-descanso-100g,"Reishi Hongo Adaptógeno Commons  | Estrés, Sueño y Descanso | Polvos 100g",Commons,ACTIVE,descuento-10 | duracion 100 | vitadeals,,,Hongos funcionales,gid://shopify/TaxonomyCategory/hb-1-9-6-5,Herbal Supplements,"ai: Polvo de reishi, hongo funcional",alta,si,no
9692759523649,hongo-adaptogeno-reishi-500mg-de-adapto-heal-refuerzo-del-sistema-inmunologico-estres-y-calidad-del-sueno-150-capsulas-vegetales,Reishi RSHI Adaptoheal 500mg  | Refuerzo del sistema inmunológico - Estrés y calidad del sueño | 150 Cápsulas Vegetales,AdaptoHeal,ACTIVE,+18 Años | AdaptoHeal | Adultos | Ansiedad y estrés | duracion 75 | Hongos Adaptógenos | Indiferente | Longevidad y vitalidad | reishi | Sin azúcar | Sin gluten | Sin lactosa | Sistema inmunitario | Sueño y descanso | Vegano | vitadeals,,,Hongos funcionales,gid://shopify/TaxonomyCategory/hb-1-9-6-5,Herbal Supplements,ai: Reishi en cápsulas vegetales,alta,si,no
10278608503105,relaxmax-xymogen-mioinositol-gaba-y-l-teanina-polvo180-g,"RelaxMax Xymogen Myo Inositol GABA y L-Teanina | Equilibrio emocional, relajación diaria | Polvo 234 g",OLSEGO GROUP,ACTIVE,,,,Inositol,gid://shopify/TaxonomyCategory/hb-1-9-6,Vitamins & Supplements,ai: Myo-inositol en polvo como base con GABA y teanina,media,no,no
9999954346305,relora™-300-mg-60-veg-caps,Relora de NOW Foods 300 mg | Control de estrés y apetito | 60 y 120 cápsulas veganas,Vitaminate,ACTIVE,PRO | vitadeals,,,Adaptógenos y manejo del estrés,gid://shopify/TaxonomyCategory/hb-1-9-6-5,Herbal Supplements,"ai: Relora, extracto botánico para control del estrés",alta,si,no
9639030554945,resveratrol-acai-semillas-de-uva-magnesio-con-vitamina-c-y-pimienta-700mg-de-wu-nutrition-su-composicion-contribuye-a-la-accion-antioxidante-y-antiinflamatoria-120-capsulas-vegetales,Resveratrol + Açaí + Semillas de Uva + Magnesio con Vitamina C y Pimienta 700mg de WU Nutrition | Su composición contribuye a la acción antioxidante y antiinflamatoria | 120 cápsulas vegetales,WU Nutrition,ACTIVE,+18 Años | Acai | Adultos | Combinados temas de salud | Hierbas | Indiferente | Longevidad y vitalidad | Resveratrol | semillas-de-uva | Sin azúcar | Sin gluten | Suplementos herbales | WU Nutrition,,,Antioxidantes,gid://shopify/TaxonomyCategory/hb-1-9-6-5,Herbal Supplements,"ai: Mezcla botánica antioxidante con resveratrol, açaí y semilla de uva",media,si,no
9797125734721,resveratrol-100-mg-de-health-thru-nutrition-actua-como-antiinflamatorio-y-antioxidante-60-capsulas-blandas,Resveratrol 100 mg de Health Thru Nutrition | Actúa como antiinflamatorio y antioxidante | 60 cápsulas Blandas,Vitaminate,ACTIVE,duracion 60,,,"Longevidad: NAD+, NMN y resveratrol",gid://shopify/TaxonomyCategory/hb-1-9-6-5,Herbal Supplements,ai: Resveratrol como único activo principal,alta,si,no
9625187811649,resveratrol-100-mg-de-swanson-apoyo-cardiovascular-y-proporciona-potentes-beneficios-antioxidantes-30-capsulas-vegetales,Resveratrol 100 mg de Swanson | Apoyo cardiovascular y proporciona potentes beneficios antioxidantes | 30 cápsulas vegetales,Superlabs,ACTIVE,+18 Años | Adultos | descuento-20 | duracion 30 | Hierbas | Indiferente | Longevidad y vitalidad | resveratrol | Sin azúcar | Sin gluten | Sin lactosa | Sistema cardiovascular | Suplementos herbales | Swanson | Vegano | Vegetariano | vitadeals,,,"Longevidad: NAD+, NMN y resveratrol",gid://shopify/TaxonomyCategory/hb-1-9-6-5,Herbal Supplements,"ai: Resveratrol en cápsulas, antioxidante polifenólico",alta,si,no
9634700296513,resveratrol-250-mg-de-swanson-apoyo-cardiovascular-y-potente-antioxidante-30-capsulas-vegetales,Resveratrol 250 mg de Swanson | Apoyo cardiovascular y potente antioxidante | 30 cápsulas vegetales,Vitaminate,ACTIVE,+18 Años | Adultos | descuento-10 | duracion 30 | Hierbas | Indiferente | Longevidad y vitalidad | resveratrol | Sin azúcar | Sin gluten | Sin lactosa | Sistema cardiovascular | Suplementos herbales | Swanson | Vegetariano,,,"Longevidad: NAD+, NMN y resveratrol",gid://shopify/TaxonomyCategory/hb-1-9-6-5,Herbal Supplements,"ai: Resveratrol 250 mg, extracto antioxidante",alta,si,no
9935651799361,resveratrol-98-eternal-1000-mg-por-dosis-300-capsulas,Resveratrol 98%  1000 mg por dosis Eternal Nutrition | Bienestar cardiovascular | 300 cápsulas,Eternal,ACTIVE,duracion 150,,,"Longevidad: NAD+, NMN y resveratrol",gid://shopify/TaxonomyCategory/hb-1-9-6-5,Herbal Supplements,ai: Resveratrol 98% en cápsulas,alta,si,no
10240853016897,resveratrol-b-fit-1200-mg-apoya-defensa-antioxidante-bienestar-celular-120-capsulas-1,"Resveratrol B-fit 1200 mg | Apoya defensa antioxidante, bienestar celular | 120 cápsulas",B FIT,ACTIVE,vitadeals,,,"Longevidad: NAD+, NMN y resveratrol",gid://shopify/TaxonomyCategory/hb-1-9-6-5,Herbal Supplements,"ai: Resveratrol 1200 mg, antioxidante celular",alta,si,no
9623949705537,resveratrol-con-extracto-de-vino-tinto-200-mg-de-now-foods-promueve-el-envejecimiento-saludable-por-sus-beneficios-a-nivel-celular-60-capsulas-veganas,"Resveratrol con extracto de vino tinto, 200 mg de NOW Foods | Favorece el Antienvejecimiento Celular | 60 cápsulas veganas",OLSEGO GROUP,ACTIVE,+18 Años | Adultos | descuento-20 | duracion 60 | Indiferente | Longevidad y vitalidad | NOW Foods | PRO | resveratrol | Sin azúcar | Sin gluten | Sin lactosa | Suplementos herbales | Vegano | Vegetariano,,,"Longevidad: NAD+, NMN y resveratrol",gid://shopify/TaxonomyCategory/hb-1-9-6-5,Herbal Supplements,"ai: Resveratrol con extracto de vino tinto, enfoque antienvejecimiento",alta,si,no
9796854677825,resveratrol-de-best-naturals-antioxidante-y-apoyo-cardiovascular-500-mg-60-capsulas,Resveratrol de Best Naturals | Antioxidante y Apoyo Cardiovascular | 500 mg 60 Cápsulas,Vitaminate,ACTIVE,duracion 30,,,"Longevidad: NAD+, NMN y resveratrol",gid://shopify/TaxonomyCategory/hb-1-9-6-5,Herbal Supplements,"ai: Resveratrol 500 mg, extracto botánico antioxidante",alta,si,no
9999954510145,resveratrol-extra-fuerte-350-mg-60-veg-caps,Resveratrol Extra Fuerte de Now Foods | Soporte Cardiovascular | 60 cápsulas,OLSEGO GROUP,ACTIVE,duracion 60,,,"Longevidad: NAD+, NMN y resveratrol",gid://shopify/TaxonomyCategory/hb-1-9-6-5,Herbal Supplements,"ai: Resveratrol extra fuerte, extracto botánico",alta,si,no
9617381785921,resveratrol-mezcla-premium-650mg-de-natures-way-proporciona-una-potente-accion-antioxidante-y-apoya-la-funcion-cardiovascular-60-capsulas-veganas,Resveratrol Mezcla Premium 650mg de Nature's Way | Proporciona una potente acción antioxidante y apoya la función cardiovascular | 60 cápsulas veganas,OLSEGO GROUP,ACTIVE,+18 Años | Adultos | duracion 30 | Hierbas | Indiferente | Longevidad y vitalidad | Natures Way | resveratrol | Sin azúcar | Sin gluten | Sin lactosa | Sistema cardiovascular | Sistema inmunitario | Suplementos herbales | Vegano | Vegetariano,,,"Longevidad: NAD+, NMN y resveratrol",gid://shopify/TaxonomyCategory/hb-1-9-6-5,Herbal Supplements,"ai: Mezcla premium de resveratrol, antioxidante botánico",alta,si,no
9840470196545,resveratrol-natsa-antioxidante-natural-100-capsulas,Resveratrol Natsa | Antioxidante Natural | 100 cápsulas,Natsa,ACTIVE,descuento-10 | duracion 50,,,"Longevidad: NAD+, NMN y resveratrol",gid://shopify/TaxonomyCategory/hb-1-9-6-5,Herbal Supplements,ai: Resveratrol antioxidante natural en cápsulas,alta,si,no
9665213595969,resveratrol-biotina-vitamina-c-y-selenio-1160mg-por-porcion-de-5h8-nutrition-apoyo-cardiovascular-longevidad-90-capsulas-vegetales,"Resveratrol, Biotina, Vitamina C y Selenio 1160mg por porción de 5H8 Nutrition | Apoyo Cardiovascular - Longevidad | 90 Cápsulas",5H8 Nutrition,ACTIVE,+18 Años | 5H8 Nutrition | Adultos | descuento-15 | duracion 45 | Hierbas | Indiferente | Longevidad y vitalidad | resveratrol | Selenio | Sin azúcar | Sin gluten | Sin lactosa | Sistema cardiovascular | Suplementos herbales | Vegano | vitadeals | Vitamina B7 (Biotina) | Vitamina C,,,"Longevidad: NAD+, NMN y resveratrol",gid://shopify/TaxonomyCategory/hb-1-9-6-5,Herbal Supplements,ai: Resveratrol como ingrediente principal orientado a longevidad,media,si,no
10022676365633,resveratrol-resvera-nad-de-reset-60-capsulas,"Resveratrol, Quercetina, N-acetilcisteína (NAC), Coenzima Q10 y NAD, Resvera NAD+ de Reset | Respalda el equilibrio de funciones metabólicas | 60 cápsulas",Reset,ACTIVE,PRO,,,Aminoácidos y BCAA,gid://shopify/TaxonomyCategory/hb-1-9-6-1-2,Single Amino Acid Supplements,aminoacido-individual,alta,no,
9909681062209,green-alba-de-natural-health-mezcla-de-super-greens-con-lactobacilos-y-enzimas-digestivas-180-gr,Revibe Up! de Natural Health | Electrolitos sin Azúcar Añadida con BCAA's y Glutamina  | 180 gr,Natural Health,ACTIVE,vitadeals,,,Aminoácidos y BCAA,gid://shopify/TaxonomyCategory/hb-1-9-6-1-1,Branched-Chain Amino Acid (BCAA),bcaa,alta,no,
9625140855105,rhodiola-500-mg-adaptogeno-natural-de-now-foods-extracto-estandarizado-al-3-de-rosavinas-y-1-de-salidrosido-60-capsulas-vegetales,Rhodiola 500 mg - Adaptógeno Natural de NOW Foods | Extracto Estandarizado al 3% de Rosavinas | 60 Cápsulas Vegetales,OLSEGO GROUP,ACTIVE,+18 Años | Adultos | Ansiedad y estrés | Hongos Adaptógenos | Indiferente | NOW Foods | Potenciar la energía | PRO | rhodiola | Salud digestiva | Sin azúcar | Sin gluten | Sin lactosa | Sistema inmunitario | Sueño y descanso | Vegetariano,,,Adaptógenos y manejo del estrés,gid://shopify/TaxonomyCategory/hb-1-9-6-5,Herbal Supplements,ai: Extracto de rhodiola adaptógena estandarizado,alta,si,no
9692742779201,rhodiola-rosea-500mg-de-adapto-heal-resistencia-al-estres-y-vitalidad-150-capsulas-vegetales,Rhodiola Rosea 500mg Adaptoheal | Resistencia al Estrés y Vitalidad | 150 Cápsulas Vegetales,AdaptoHeal,ACTIVE,+18 Años | AdaptoHeal | Adultos | Ansiedad y estrés | Hongos Adaptógenos | Indiferente | Potenciar la energía | PRO | rhodiola | Sin azúcar | Sin gluten | Sin lactosa | Sistema inmunitario | Vegetariano | vitadeals,,,Adaptógenos y manejo del estrés,gid://shopify/TaxonomyCategory/hb-1-9-6-5,Herbal Supplements,ai: Rhodiola rosea adaptógeno para estrés,alta,si,no
9845644165441,rhodiola-hongo-adaptogeno-salud-inmune-energia-100g,Rhodiola Rosea de Commons  Hongo Adaptógeno | Reduce el impacto del estrés físico y mental | 100g,Commons,ACTIVE,descuento-10 | vitadeals,,,Adaptógenos y manejo del estrés,gid://shopify/TaxonomyCategory/hb-1-9-6-5,Herbal Supplements,ai: Rhodiola rosea en polvo adaptógeno,alta,si,no
9647360672065,rhodiola-rosea-hongo-adaptogeno-500mg-de-tibet-natura-ayuda-a-reducir-el-estres-y-la-ansiedad-aumentar-la-energia-y-la-resistencia-30-capsulas-vegetales,"Rhodiola Rosea Hongo Adaptógeno 500mg de Tibet Natura | Ayuda a reducir el estrés y la ansiedad, aumentar la energía y la resistencia | 30 cápsulas vegetales",Flow Supplements,ACTIVE,Ansiedad y estrés | descuento-15 | Hongos Adaptógenos | Indiferente | Potenciar la energía | Sistema inmunitario | Tibet Natura | vitadeals,,,Adaptógenos y manejo del estrés,gid://shopify/TaxonomyCategory/hb-1-9-6-5,Herbal Supplements,ai: Rhodiola rosea adaptógeno en cápsulas,alta,si,no
9794628976961,rhodiola-rosea-ashwagandha-vitamina-c-b12-b5-calcio-de-michaels-health-apoya-la-respuesta-al-estres-y-el-equilibrio-hormonal-60-tabletas-vegetarianas,"Rhodiola Rosea, Ashwagandha, Vitamina C, B12,B5, Calcio de Michael's Health | Apoya la respuesta al estrés y el equilibrio hormonal | 60 tabletas vegetarianas",Vitaminate,ACTIVE,,,,Adaptógenos y manejo del estrés,gid://shopify/TaxonomyCategory/hb-1-9-6-5,Herbal Supplements,ai: Base herbal rhodiola y ashwagandha con vitaminas cofactor,media,si,no
9796227563841,rhodiola-ashwagandha-b5-b6-calcio-de-michaels-health-promueve-la-funcion-saludable-de-la-glandula-tiroides-y-suprarrenales-60-capsulas-veganas,"Rhodiola, Ashwagandha, B5, B6, Calcio Thyrodrenal de Michael's Health | Contribuye a reducir el estrés, mejora el metabolismo energético | 60 Cápsulas Veganas",Vitaminate,ACTIVE,descuento-10 | duracion 30 | PRO,,,Adaptógenos y manejo del estrés,gid://shopify/TaxonomyCategory/hb-1-9-6-5,Herbal Supplements,"ai: Rhodiola y ashwagandha protagonistas, vitaminas secundarias",media,si,no
10237106848065,rhodiola-cordyceps-y-ginseng-up-de-matter-energia-fisica-y-mental-90-capsulas,"Rhodiola, Cordyceps y Ginseng, UP de Matter | Energía física y mental | 90 cápsulas",You Matter,ACTIVE,,,,Adaptógenos y manejo del estrés,gid://shopify/TaxonomyCategory/hb-1-9-6-5,Herbal Supplements,"ai: Mezcla adaptógena de rhodiola, cordyceps y ginseng",alta,si,no
9715920208193,saccharomyces-boulardii-probiotico-de-swanson-equilibra-la-flora-intestinal-saludable-y-previene-el-malestar-digestivo-30-capsulas-vegetales,Saccharomyces Boulardii Probiótico de Swanson | Equilibra la flora intestinal saludable y previene el malestar digestivo | 30 cápsulas vegetales,Superlabs,ACTIVE,+18 Años | Adultos | duracion 30 | Indiferente | prebióticos y enzimas | Probioticos | Salud digestiva | Sin azúcar | Sin gluten | Sin lactosa | Swanson | Vegetariano,,,Probióticos,gid://shopify/TaxonomyCategory/hb-1-9-6-4-5,Probiotics,probiotico,alta,no,
9692777939265,salvia-500mg-de-adapto-heal-apoyo-a-la-funcion-cognitiva-memoria-y-concentracion-150-capsulas-vegetales,"Salvia SVIA 500 mg Adaptoheal | Apoyo a la función Cognitiva, Memoria y Concentración | 150 Cápsulas Vegetales",AdaptoHeal,ACTIVE,+18 Años | AdaptoHeal | Adultos | Concentración | Hierbas | Indiferente | memoria y atención | Salud digestiva | Salvia officinalis | Sin azúcar | Sin gluten | Sin lactosa | Suplementos herbales | Vegetariano | vitadeals,,,Hierbas y extractos botánicos,gid://shopify/TaxonomyCategory/hb-1-9-6-5,Herbal Supplements,ai: Extracto de salvia officinalis para función cognitiva,media,si,no
9616687759681,same-400-mg-de-now-foods-apoyo-al-sistema-nervioso-60-tabletas-veganas-pequenas-estabilizadas,SAMe 400 mg de NOW Foods - Apoyo al Sistema Nervioso | 60 Tabletas Veganas Pequeñas Estabilizadas,Vitaminate,ACTIVE,+18 Años | Adultos | Alivio del dolor crónico | Aminoácidos | Ansiedad y estrés | duracion 30 | Indiferente | NOW Foods | sam-e | Sin azúcar | Sin gluten | Sin lactosa | Vegano | Vegetariano,,,Aminoácidos y BCAA,gid://shopify/TaxonomyCategory/hb-1-9-6-1-2,Single Amino Acid Supplements,"ai: SAMe, derivado de aminoácido único",alta,si,no
9600395772225,sauco-elderberry-35mg-para-bebes-de-mary-ruths-poder-antioxidante-y-antiviral-de-los-arandanos-y-sauco-formula-que-ayuda-a-mantener-la-inmunidad-protegiendo-contra-resfriados-y-gripes-gotero-de-30ml-sabor-arandano-frambuesa,"Sauco (Elderberry) 35mg para bebés de Mary Ruth's | Poder antioxidante y antiviral de los arándanos y saúco, fórmula que ayuda a mantener la inmunidad, protegiendo contra resfriados y gripes | Gotero de 30ml Sabor Arándano - Frambuesa",Vitaminate,ACTIVE,0 a 3 Años | arandano | descuento-10 | Hierbas | Indiferente | MaryRuth's | Niños | Sistema inmunitario | Sistema respiratorio | Suplementos herbales,,,Suplementos para niños,gid://shopify/TaxonomyCategory/hb-1-9-6-5,Herbal Supplements,"ai: Saúco líquido para bebés, herbal inmunidad infantil",media,si,no
9640201158977,sauzgatillo-fem-v-400mg-de-gou-medical-salud-femenina-efecto-positivo-sobre-el-equilibrio-hormonal-90-capsulas-vegetales,Sauzgatillo - Fem V 400mg de Gou Medical  | Bienestar femenino | 90 cápsulas vegetales,Gou Medical,ACTIVE,+18 Años | Adultos | Alivio del dolor crónico | descuento-20 | Gou Medical | Hierbas | Mujer | Salud femenina | Sin azúcar | Sin gluten | Sin lactosa | Suplementos herbales | V. agnus-castus | Vegano | Vegetariano | vitadeals,,,Bienestar femenino y menopausia,gid://shopify/TaxonomyCategory/hb-1-9-6-5,Herbal Supplements,ai: Sauzgatillo (vitex) herbal para bienestar femenino,alta,si,no
9619307757889,palma-enana-americana-160-mg-de-swanson-bienestar-masculino-ayuda-a-mantener-una-prostata-saludable-120-capsulas-vegetales,"Saw Palmetto 160 mg de Swanson | Bienestar masculino, ayuda a mantener una próstata saludable | 120 cápsulas vegetales",Vitaminate,ACTIVE,+18 Años | Adultos | Hierbas | Indiferente | Salud masculina | Salud urinaria | saw-palmetto | Sin azúcar | Sin gluten | Sin lactosa | Suplementos herbales | Swanson | Vegetariano,,,Bienestar masculino y próstata,gid://shopify/TaxonomyCategory/hb-1-9-6-5,Herbal Supplements,ai: Saw palmetto herbal para próstata,alta,si,no
9619290652993,palma-enana-americana-540mg-de-swanson-bienestar-masculino-que-apoya-el-equilibrio-hormonal-100-y-250-capsulas-vegetales,"Saw Palmetto 540mg de Swanson | Bienestar masculino, que apoya el equilibrio hormonal | 100 y 250 cápsulas vegetales",Superlabs,ACTIVE,+18 Años | Adultos | descuento-20 | Hierbas | Indiferente | Salud masculina | Salud urinaria | saw-palmetto | Sin azúcar | Sin gluten | Sin lactosa | Suplementos herbales | Swanson | Vegetariano,,,Bienestar masculino y próstata,gid://shopify/TaxonomyCategory/hb-1-9-6-5,Herbal Supplements,"ai: Saw palmetto herbal, bienestar masculino",alta,si,no
9616335536449,saw-palmetto-ortiga-licopeno-de-now-foods-apoyo-para-la-prostata-90-capsulas-blandas-con-45-servicios,"Saw Palmetto Ortiga Zinc, Licopeno de Now Foods | Apoyo para la prostáta | 90 cápsulas blandas, con 45 servicios",Vitaminate,ACTIVE,+18 Años | Adultos | gluconato-de-zinc | Hierbas | Hombre | NOW Foods | PRO | Salud masculina | Salud urinaria | Sin azúcar | Sin gluten | Sin lactosa | Sistema cardiovascular | Suplementos herbales | Vegano | Vegetariano,,,Zinc,gid://shopify/TaxonomyCategory/hb-1-9-6-6-5,Zinc,mineral-ZINC,alta,no,
9688617386305,palma-enana-americana-500mg-de-adapto-heal-apoya-la-funcion-de-la-prostata-bienestar-masculino-150-capsulas-vegetales,Saw Palmetto SWTO 500 mg Adaptoheal | Apoya la función de la próstata - Bienestar Masculino | 150 Cápsulas Vegetales,AdaptoHeal,ACTIVE,+18 Años | AdaptoHeal | Adultos | Hierbas | Hombre | Salud masculina | Salud urinaria | saw-palmetto | Sin azúcar | Sin gluten | Sin lactosa | Suplementos herbales | Vegetariano | vitadeals,,,Bienestar masculino y próstata,gid://shopify/TaxonomyCategory/hb-1-9-6-5,Herbal Supplements,ai: Saw palmetto herbal para función prostática,alta,si,no
9999954411841,fuerza-clinica-para-la-salud-de-la-prostata-90-softgels,"Saw Palmetto, Licopeno, Zinc, Selenio| Bienestar Masculino | 60 Cápsulas",Vitaminate,ACTIVE,duracion 30,,,Otros minerales y multiminerales,gid://shopify/TaxonomyCategory/hb-1-9-6-6-4,Multimineral Supplements,multi-mineral-ZINC+OTHER,alta,no,
9649421713729,schizandra-fruta-500mg-de-tibet-natura-ayuda-a-mejorar-la-funcion-hepatica-promoviendo-la-desintoxicacion-y-el-bienestar-general-del-higado-60-capsulas-vegetales,"Schizandra Fruta 500mg de Tibet Natura |  Ayuda a mejorar la función hepática, promoviendo la desintoxicación y el bienestar general del hígado | 60 cápsulas vegetales",Flow Supplements,ACTIVE,Ansiedad y estrés | descuento-15 | Hierbas | Indiferente | Potenciar la energía | Sistema inmunitario | Suplementos herbales | Tibet Natura | vitadeals,,,Adaptógenos y manejo del estrés,gid://shopify/TaxonomyCategory/hb-1-9-6-5,Herbal Supplements,"ai: Schizandra, hierba adaptógena en cápsulas",alta,si,no
9692236874049,extracto-de-schizandra-500mg-de-adapto-heal-promueve-el-bienestar-hepatico-y-la-vitalidad-150-capsulas-vegetales,Schizandra SHINR 500 mg Adaptoheal | Promueve el bienestar Hepático y la Vitalidad | 150 Cápsulas Vegetales,AdaptoHeal,ACTIVE,+18 Años | AdaptoHeal | Adultos | Ansiedad y estrés | Desintoxicación | Hongos Adaptógenos | Indiferente | Menopausia | Schisandra | Sin azúcar | Sin gluten | Sin lactosa | Vegetariano | vitadeals,,,Adaptógenos y manejo del estrés,gid://shopify/TaxonomyCategory/hb-1-9-6-5,Herbal Supplements,ai: Schisandra adaptógena en cápsulas vegetales,alta,si,no
9999947465025,musgo-marino-organico-liquido-1-fl-oz-30ml-mary-ruth-s,Sea Moss Extracto de Algas líquido MaryRuth’s | Apoya la energía y el bienestar celular | 30 ml,Vitaminate,ACTIVE,duracion 30,,,Superalimentos y verdes,gid://shopify/TaxonomyCategory/hb-1-9-6-5,Herbal Supplements,ai: Extracto líquido de alga marina (sea moss),media,si,no
9793478000961,selenio-100-mcg-de-l-selenometionina-libre-de-levadura-de-solaray-antioxidante-funcion-tiroidea-refuerza-el-sistema-inmunologico-90-capsulas-veganas,"Selenio 100 mcg de L-Selenometionina Libre de Levadura de Solaray | Antioxidante, Función Tiroidea, Refuerza el Sistema Inmunológico | 90 cápsulas veganas",Fresh Vitamins,ACTIVE,descuento-10 | duracion 90 | PRO,,,Otros minerales y multiminerales,gid://shopify/TaxonomyCategory/hb-1-9-6-6,Minerals,ai: Selenio como mineral único,alta,si,no
9616225927489,selenio-200-mcg-de-now-foods-contribuye-al-fortalecimiento-del-sistema-inmunologico-mineral-esencial-libre-de-levadura-90-capsulas-vegetales,"Selenio 200 mcg de NOW Foods | Contribuye al fortalecimiento del sistema inmunológico | Mineral Esencial, Libre de Levadura | 90 Cápsulas Vegetales",OLSEGO GROUP,ACTIVE,+18 Años | Adultos | descuento-10 | duracion 90 | Indiferente | Minerales | NOW Foods | PRO | selenio | Sin azúcar | Sin gluten | Sin lactosa | Sistema inmunitario | Vegano | Vegetariano | vitadeals,,,Otros minerales y multiminerales,gid://shopify/TaxonomyCategory/hb-1-9-6-6,Minerals,ai: Selenio mineral esencial en cápsulas,alta,si,no
10298713768257,selenio-200-mcg-de-now-foods-apoya-antioxidantes-y-tiroides-180-capsulas-vegetales,"Selenio 200 mcg de NOW Foods | Protección antioxidante, funcionamiento normal de la tiroides | 180 cápsulas vegetales",OLSEGO GROUP,ACTIVE,,,,Otros minerales y multiminerales,gid://shopify/TaxonomyCategory/hb-1-9-6-6,Minerals,"ai: Selenio mineral único, 180 cápsulas",alta,si,no
9645203358017,selenio-ionico-liquido-300mcg-de-trace-minerals-accion-antioxidante-y-de-apoyo-para-la-funcion-cardiovascular-y-hormonal-del-organismo-59ml,Selenio Iónico Líquido 300mcg de Trace Minerals | Acción antioxidante y de apoyo para la función cardiovascular y hormonal del organismo  | 59ml,Vitaminate,ACTIVE,+18 Años | Adultos | duracion 60 | Indiferente | Minerales | selenio | Sin azúcar | Sin gluten | Sin lactosa | Sistema cardiovascular | Sistema inmunitario | Trace Minerals | Vegano | Vegetariano,,,Otros minerales y multiminerales,gid://shopify/TaxonomyCategory/hb-1-9-6-6,Minerals,"ai: Selenio iónico líquido, mineral traza",alta,si,no
10236802105665,selix-l-selenometionina-matter-salud-tiroidea-60-capsulas,Selix L-Selenometionina Matter | Protección y antioxidante | 60 cápsulas,You Matter,ACTIVE,,,,Otros minerales y multiminerales,gid://shopify/TaxonomyCategory/hb-1-9-6-6,Minerals,"ai: L-selenometionina, forma de selenio mineral",alta,si,no
9655506665793,semilla-de-uva-300mg-gaba-200mg-balsamo-de-limon-200mg-con-aminoacidos-just-chillin-de-moods-promueve-la-relajacion-combatiendo-el-estres-y-ansiedad-60-capsulas-veganas,"Semilla de uva 300mg + GABA 200mg + Bálsamo de limón 200mg con aminoácidos - Just Chillin' de Moods | Promueve la relajación, combatiendo el estrés y Ansiedad | 60 cápsulas veganas",Moods,ACTIVE,+18 Años | Adultos | Ansiedad y estrés | Combinados temas de salud | GABA | Indiferente | L-teanina | Melissa officinalis | Moods | semillas-de-uva | Sin gluten | Sin lactosa | Suplementos Combinados | Tirosina | Vegano | vitadeals,,,Aminoácidos y BCAA,gid://shopify/TaxonomyCategory/hb-1-9-6-1-2,Single Amino Acid Supplements,aminoacido-individual,alta,no,
9632821870913,semilla-de-uva-espectro-completo-380mg-de-swanson-potente-antioxidante-para-proteccion-celular-100-capsulas-vegetales,Semilla de Uva Espectro Completo 380mg de Swanson | Potente antioxidante para protección celular | 100 cápsulas vegetales,Vitaminate,ACTIVE,+18 Años | Adultos | descuento-25 | Hierbas | Indiferente | Longevidad y vitalidad | Salud ocular | semillas-de-uva | Sin azúcar | Sin gluten | Sin lactosa | Sistema cardiovascular | Sistema inmunitario | Suplementos herbales | Swanson | Vegano | vitadeals,,,Antioxidantes,gid://shopify/TaxonomyCategory/hb-1-9-6-5,Herbal Supplements,"ai: Extracto de semilla de uva, antioxidante botánico",alta,si,no
10202669678913,test-genetico-sensitest-144-envio,SensiTest+ NutriADN prueba digestiva intolerancias,NutriADN,ACTIVE,vitadeals,,,,,,"ai:revisar — Prueba diagnóstica de intolerancias, no es suplemento ingerible",revisar,si,si
9999953166657,serrapeptasa-60-veg-caps,"Serrapeptasa 60,000 U de Now| Complemento enzimático para bienestar general | 60 cápsulas",Vitaminate,ACTIVE,duracion 60,,,Enzimas digestivas,gid://shopify/TaxonomyCategory/hb-1-9-6-4-3,Digestive Enzymes,enzimas,alta,no,
9796720132417,serrapeptasa-de-best-naturals-enzima-proteolitica-y-apoyo-antiinflamatorio-40000-spu-180-capsulas,Serrapeptasa de Best Naturals | Enzima Proteolítica y Apoyo Antiinflamatorio Completo | 40000 SPU 180 Cápsulas,Vitaminate,ACTIVE,duracion 30 | duracion 90,,,Enzimas digestivas,gid://shopify/TaxonomyCategory/hb-1-9-6-4-3,Digestive Enzymes,enzimas,alta,no,
9999956377921,suero-facial-de-bakuchiol-1-fl-oz-30ml,Serúm de Bakuchiol de Now | Suero Facial Vegano Antiedad | 30 ml,Vitaminate,ACTIVE,,,,Cuidado de la piel y cosmética,gid://shopify/TaxonomyCategory/hb-3-2-9,Skin Care,topico-piel,alta,no,
9647368012097,shatavari-hongo-adaptogeno-equilibrio-hormonal-femenino-60capsulas,Shatavari 500mg de Tibet Natura  | Hongo Adaptógeno | Apoya el Equilibrio Hormonal Femenino  | 60 cápsulas vegetales,Flow Supplements,ACTIVE,Alivio del dolor crónico | descuento-15 | duracion 30 | Hongos Adaptógenos | Menopausia | Mujer | Salud femenina | Tibet Natura | vitadeals,,,Bienestar femenino y menopausia,gid://shopify/TaxonomyCategory/hb-1-9-6-5,Herbal Supplements,"ai: Shatavari, hierba para equilibrio hormonal femenino",alta,si,no
9643825037633,shatavari-calcio-de-commons-1g-por-porcion-menopausia-y-funcion-hormonal-femenina-polvos-de-100-y-50g,Shatavari de Commons 1g por porción | Bienestar femenino | Polvos de 100 y 50g,Commons,ACTIVE,+18 Años | Adultos | Alivio del dolor crónico | Commons | descuento-10 | Hongos Adaptógenos | Menopausia | Mujer | Salud femenina | shatavari | Sin azúcar | Sin gluten | Sin lactosa | Vegetariano | vitadeals,,,Bienestar femenino y menopausia,gid://shopify/TaxonomyCategory/hb-1-9-6-5,Herbal Supplements,"ai: Shatavari en polvo, botánico femenino",alta,si,no
10108982198593,shatavari-organico-de-himalaya-balance-hormonal-60-tabletas-1,Shatavari Orgánico de Himalaya | Balance Hormonal | 60 Tabletas,OLSEGO GROUP,ACTIVE,,,,Bienestar femenino y menopausia,gid://shopify/TaxonomyCategory/hb-1-9-6-5,Herbal Supplements,"ai: Shatavari orgánico en tabletas, balance hormonal",alta,si,no
9692226748737,hongo-shiitake-500mg-de-adapto-heal-propiedades-inmunologicas-antioxidantes-150-capsulas-vegetales,Shiitake 500mg Adaptóheal |  Propiedades inmunológicas - Antioxidantes | 150 Cápsulas Vegetales,AdaptoHeal,ACTIVE,+18 Años | AdaptoHeal | Adultos | duracion 75 | Hongos Adaptógenos | Indiferente | shiitake | Sin azúcar | Sin gluten | Sin lactosa | Sistema cardiovascular | Sistema inmunitario | Vegetariano | vitadeals,,,Hongos funcionales,gid://shopify/TaxonomyCategory/hb-1-9-6-5,Herbal Supplements,ai: Hongo shiitake en cápsulas,alta,si,no
9649413980481,shilajit-500mg-de-tibet-natura-promueve-la-funcion-sexual-y-ayuda-a-aumentar-la-energia-y-vitalidad-60-capsulas-vegetales,Shilajit 500mg de Tibet Natura | Promueve la función sexual y ayuda a aumentar la energía y vitalidad | 60 cápsulas vegetales,Flow Supplements,ACTIVE,descuento-15 | Indiferente | Placer y deseo sexual | shilajit | Sistema cardiovascular | Sistema inmunitario | Tibet Natura | vitadeals,,,Hierbas y extractos botánicos,gid://shopify/TaxonomyCategory/hb-1-9-6-5,Herbal Supplements,"ai: Shilajit, resina mineral-botánica en cápsulas",media,si,no
9982182228289,shilajit-del-himalaya-acido-fulvico-natsa-promueve-un-envejecimiento-activo-y-funcional-100-capsulas,"Shilajit del Himalaya, Ácido Fúlvico Natsa | Promueve un envejecimiento activo y funcional | 100 cápsulas",Natsa,ACTIVE,duracion 50,,,Hierbas y extractos botánicos,gid://shopify/TaxonomyCategory/hb-1-9-6-5,Herbal Supplements,ai: Shilajit con ácido fúlvico en cápsulas,media,si,no
10031972581697,shilajit-estandarizado-500-mg-de-briah-vigor-y-energia-diaria-para-hombre-60-capsulas,Shilajit estandarizado 500 mg de Briah | Vigor y Energía diaria para hombre| 60 cápsulas,OLSEGO GROUP,ACTIVE,vitadeals,,,Hierbas y extractos botánicos,gid://shopify/TaxonomyCategory/hb-1-9-6-5,Herbal Supplements,ai: Shilajit estandarizado en cápsulas,media,si,no
9810220515649,sinetrol-toronja-y-naranja-dulce-stored-fat-belly-burner-de-irwin-naturals-apoyo-de-la-funcion-metabolica-control-de-peso-60-capsulas-blandas,"Sinetrol, Toronja y Naranja Dulce - Stored Fat Belly Burner de Irwin Naturals | Favorece el metabolismo energético | 60 Cápsulas Blandas",Vitaminate,ACTIVE,descuento-10,,,Control de peso y metabolismo,gid://shopify/TaxonomyCategory/hb-1-9-7-1,Weight Loss Supplements,ai: Sinetrol cítrico orientado a metabolismo y grasa,alta,si,no
9796106518849,vitamina-a-ginkgo-biloba-gotu-kola-y-colina-vitaminas-y-minerales-de-michaels-health-apoyo-para-el-cuidado-de-la-piel-y-la-funcion-cognitiva-90-tabletas-vegetarianas,Skin Factors de Michael Health | Apoyo dérmico y antioxidante | 90 Cápsulas Vegetales,Vitaminate,ACTIVE,descuento-10,,,"Belleza: cabello, piel y uñas",gid://shopify/TaxonomyCategory/hb-1-9-6,Vitamins & Supplements,ai: Fórmula oral de apoyo dérmico y antioxidante,media,si,no
10126858453313,somnilove-de-ivb-glicina-extractos-de-plantas-y-l-teanina-180-gr,"SomniLove de IVB | Glicina, extractos de plantas y L-teanina | 180 gr",OLSEGO GROUP,ACTIVE,,,,Aminoácidos y BCAA,gid://shopify/TaxonomyCategory/hb-1-9-6-1-2,Single Amino Acid Supplements,aminoacido-individual,alta,no,
9640324038977,soporte-de-l-metilfolato-1000mcg-colageno-hidrolizado-500mg-de-nutriadn-disenado-para-mujeres-con-el-fin-de-ayudar-a-disminuir-sintomas-premenstruales-menstruales-y-el-equilibrio-hormonal-60-capsulas-vegetales,"Soporte de L-Metilfolato 1000mcg + Colágeno Hidrolizado 500mg de NutriADN | Diseñado para mujeres con el fin de ayudar a disminuir síntomas premenstruales, menstruales y el equilibrio hormonal | 60 Cápsulas Vegetales",NutriADN,ACTIVE,+18 Años | Adultos | Alivio del dolor crónico | Colágeno Hidrolizado | duracion 60 | Hormonas y Neurotransmisores | Mujer | NutriADN | Salud femenina | Sin azúcar | Sin gluten | Sin lactosa | Sistema cardiovascular | Vegano | Vegetariano | vitadeals | Vitamina B9 (Ácido fólico) | vitamina-b-9,,,Colágeno,gid://shopify/TaxonomyCategory/hb-1-9-6-2,Collagen,colageno,alta,no,
9640302412097,soporte-de-omega-3-con-dha-epa-1200mg-de-nutriadn-contribuye-en-la-accion-antiinflamatoria-del-cuerpo-60-capsulas-blandas,Soporte de Omega 3 con DHA + EPA 720mg de NutriADN | Contribuye en la acción antiinflamatoria del cuerpo | 60 Cápsulas Blandas,NutriADN,ACTIVE,+18 Años | Adultos | DHA | duracion 30 | epa | Indiferente | NutriADN | Omega 3 | PRO | Salud ocular | Sin azúcar | Sin gluten | Sin lactosa | Sistema cardiovascular | vitadeals | Ácidos grasos y omegas,,,Omega 3 y aceites de pescado,gid://shopify/TaxonomyCategory/hb-1-9-6-11,Omega Fatty Acids,omega,alta,no,
9911161192769,soulax-de-natural-health-glicinato-de-magnesio-bacopa-monnieri-para-relajacion-y-enfoque-mental-120-capsulas,Soulax 500 mg de Natural Health | Glicinato de Magnesio + Bacopa Monnieri para Relajación y Enfoque Mental | 120 cápsulas,Natural Health,ACTIVE,vitadeals,,,Magnesio,gid://shopify/TaxonomyCategory/hb-1-9-6-6-3,Magnesium,mineral-MAGNESIUM,alta,no,
9620670153025,soy-isoflavones-suplemento-alimenticio-salud-del-sist-endocrino,"Soy Isoflavones de Now Foods | Favorece la salud cardiovascular, Apoya el equilibrio hormonal natural | 120 Cápsulas",Vitaminate,ACTIVE,Cuidado del cabello | duracion 40 | Indiferente | piel y uñas | Sistema cardiovascular,,,Bienestar femenino y menopausia,gid://shopify/TaxonomyCategory/hb-1-9-6-5,Herbal Supplements,"ai: Isoflavonas de soya, fitoestrógenos botánicos",alta,si,no
9888755712321,spectrasoy-de-metagenics-con-isoflavonas-de-soya,SpectraSoy de Metagenics con Isoflavonas de Soya | Equilibrio Hormonal | 90 tabletas,Ultragenics,ACTIVE,,,,Bienestar femenino y menopausia,gid://shopify/TaxonomyCategory/hb-1-9-6-5,Herbal Supplements,ai: Isoflavonas de soya botánicas para equilibrio hormonal femenino,alta,si,no
9935751479617,spermidina-y-akg-eternal-autogafia-celular-200-capsulas,Spermidina y AKG Eternal Nutrition | Metabolismo celular y envejecimiento saludable | 200 cápsulas,Eternal,ACTIVE,duracion 100,,,"Longevidad: NAD+, NMN y resveratrol",gid://shopify/TaxonomyCategory/hb-1-9-6,Vitamins & Supplements,ai: Espermidina y AKG orientados a envejecimiento saludable celular,media,si,no
9771623678273,spirulina-espirulina-alga-entera-organica-410-mg-de-solaray-funcionamiento-cerebro-vascular-fortalece-el-metabolismo-mejora-del-sistema-inmunologico-60-capsulas-veganas,"Spirulina / Espirulina (Alga Entera Orgánica) 410 mg de Solaray | Funcionamiento cerebro-vascular, Mejora del sistema inmunológico | 60 cápsulas veganas",Fresh Vitamins,ACTIVE,descuento-15 | PRO,,,Superalimentos y verdes,gid://shopify/TaxonomyCategory/hb-1-9-6-5,Herbal Supplements,"ai: Alga espirulina entera, superalimento verde en cápsulas",alta,si,no
9999952904513,espirulina-500-mg-100-tabs,"Spirulina orgánica de Now Foods | Fuente de antioxidantes y clorofila, sistema inmune | 100 Tabletas",Vitaminate,ACTIVE,,,,Superalimentos y verdes,gid://shopify/TaxonomyCategory/hb-1-9-6-5,Herbal Supplements,"ai: Espirulina orgánica, alga superalimento en tabletas",alta,si,no
9798397952321,steel-libido-red-con-l-citrulina-de-irwin-naturals-potencia-la-vitalidad-y-el-rendimiento-masculino-75-capsulas-blandas,Steel Líbido RED con L-Citrulina de Irwin Naturals | Contribuye al bienestar masculino | 75 cápsulas blandas,Vitaminate,ACTIVE,duracion 20,,,Aminoácidos y BCAA,gid://shopify/TaxonomyCategory/hb-1-9-6-1-2,Single Amino Acid Supplements,aminoacido-individual,alta,no,
10126858551617,sticks-de-sabores-de-ivb-para-personalizar-el-sabor-de-tus-complementos-en-polvo-10-sobres,Sticks de sabores de IVB | Para personalizar el sabor de tus complementos en polvo | 10 sobres,OLSEGO GROUP,ACTIVE,vitadeals,,,Despensa y accesorios,gid://shopify/TaxonomyCategory/hb-1-9,Fitness & Nutrition,"ai: Sobres saborizantes, no aportan nutrientes; accesorio de consumo",baja,si,no
10126858912065,stress-off-de-ivb-reishi-eleuterococo-y-schisandra-60-capsulas,"Stress OFF de IVB | Reishi, eleuterococo y schisandra | 60 Cápsulas",OLSEGO GROUP,ACTIVE,vitadeals,,,Adaptógenos y manejo del estrés,gid://shopify/TaxonomyCategory/hb-1-9-6-5,Herbal Supplements,"ai: Reishi, eleuterococo y schisandra, mezcla adaptógena antiestrés",alta,si,no
9640253817153,rhodiola-rosea-400mg-fostfatidilserina-400mg-y-glicinato-de-magnesio-300mg-de-nutriadn-apoyo-al-estres-contribuye-con-la-funcion-cognitiva-60-capsulas-vegetales,"Stress Support  Rhodiola Rosea 400mg, Fostfatidilserina 400mg y Glicinato de Magnesio 300mg de NutriADN | Apoyo al estrés, contribuye con la función cognitiva | 60 Cápsulas Vegetales",NutriADN,ACTIVE,+18 Años | Adultos | Ansiedad y estrés | Fosfatidilserina | Glicinato de Magnesio | Hongos Adaptógenos | Indiferente | NutriADN | PRO | rhodiola | Sin azúcar | Sin gluten | Sin lactosa | Vegano | Vegetariano | vitadeals,,,Magnesio,gid://shopify/TaxonomyCategory/hb-1-9-6-6-3,Magnesium,mineral-MAGNESIUM,alta,no,
9999956050241,suero-reafirmante-y-aclarante-con-vitamina-c-acido-ferulico-1-fl-oz-30ml,Suero Reafirmante y Aclarante con Vitamina C & Ácido Ferúlico 30 ML,Vitaminate,ACTIVE,duracion 45,,,Vitamina C,gid://shopify/TaxonomyCategory/hb-1-9-6-9-4,Vitamin C,vitamina-VIT_C,alta,no,
9797360320833,sunny-mood-con-rhodiola-de-irwin-naturals-equilibrio-emocional-y-aumento-de-energia-75-capsulas-blandas,"Sunny Mood con Rhodiola de Irwin Naturals | Equilibrio Emocional, claridad mental y enfoque | 75 cápsulas",Vitaminate,ACTIVE,,,,Adaptógenos y manejo del estrés,gid://shopify/TaxonomyCategory/hb-1-9-6-5,Herbal Supplements,ai: Rhodiola adaptógena para equilibrio emocional y enfoque,alta,si,no
9722365772097,super-enzimas-de-now-foods-apoyo-para-la-digestion-saludable-descomposicion-de-grasas-carbohidratos-y-proteinas-optimiza-la-disponibilidad-de-nutrientes-90-tabletas-vegetales,Super Enzimas de NOW Foods | Bienestar general | 90 Tabletas Vegetales,OLSEGO GROUP,ACTIVE,+18 Años | Adultos | duracion 45 | enzimas-digestivas | Indiferente | Keto | NOW Foods | prebióticos y enzimas | PRO | Probioticos | Salud digestiva | Sin azúcar | Sin gluten | Sin lactosa | Vegetariano | vitadeals,,,Enzimas digestivas,gid://shopify/TaxonomyCategory/hb-1-9-6-4-3,Digestive Enzymes,enzimas,alta,no,
9602949644609,super-enzimas-digestivas-140mg-con-probioticos-10mg-de-life-extension-contribuye-en-la-digestion-y-absorcion-de-nutrientes-60-capsulas-vegetarianas,Súper Enzimas digestivas 140mg con Probióticos 10mg de Life Extension | Contribuye en la digestión y absorción de nutrientes  | 60 cápsulas vegetarianas,OLSEGO GROUP,ACTIVE,+18 Años | Adultos | duracion 60 | enzimas-digestivas | Indiferente | Life Extension | prebióticos y enzimas | Probioticos | Salud digestiva | Sin azúcar | Sin lactosa | Sistema inmunitario | Vegetariano,,,Probióticos,gid://shopify/TaxonomyCategory/hb-1-9-6-4-5,Probiotics,probiotico,alta,no,
9999951954241,super-omega-3-6-9-1200-mg-90-softgels,Super Omega 3-6-9 NOW 1200 mg | Apoyo Cardiovascular |  90 cápsulas blandas,Vitaminate,ACTIVE,duracion 45 | PRO,,,Omega 3 y aceites de pescado,gid://shopify/TaxonomyCategory/hb-1-9-6-11,Omega Fatty Acids,omega,alta,no,
9620348043585,super-omega-epa-360-epa-240-dha-de-now-foods-apoyo-cardiovascular-240-capsulas-blandas,Super Omega 360 mg EPA + 240 mg DHA por cápsula de NOW Foods | Apoyo Cardiovascular | 240 Cápsulas blandas,OLSEGO GROUP,ACTIVE,+18 Años | Adultos | duracion 120 | Indiferente | Keto | NOW Foods | omega-3 | PRO | Salud cognitiva | Sin azúcar | Sin gluten | Sin lactosa | Sistema inmunitario | vitadeals | Ácidos grasos y omegas,,,Omega 3 y aceites de pescado,gid://shopify/TaxonomyCategory/hb-1-9-6-11,Omega Fatty Acids,omega,alta,no,
9603958047041,super-omega-3-con-epa-dha-2000mg-de-life-extension-promueve-la-funcion-cerebral-y-cardiovascular-240-capsulas-blandas,Súper Omega-3 con EPA + DHA 2000mg de Life Extension | Promueve la función cerebral y cardiovascular | 240 cápsulas blandas,OLSEGO GROUP,ACTIVE,+18 Años | Adultos | descuento-20 | duracion 60 | Indiferente | Life Extension | omega-3 | PRO | Salud ocular | Sin azúcar | Sin gluten | Sin lactosa | Sistema cardiovascular | Ácidos grasos y omegas,,,Omega 3 y aceites de pescado,gid://shopify/TaxonomyCategory/hb-1-9-6-11,Omega Fatty Acids,omega,alta,no,
9624169939265,super-selenio-200mcg-vitamina-e-de-life-extension-apoya-la-funcion-metabolica-y-cardiovascular-100-capsulas-vegetarianas,Súper Selenio 200mcg + Vitamina E de Life Extension | Apoya la función metabólica y cardiovascular | 100 cápsulas vegetarianas,OLSEGO GROUP,ACTIVE,+18 Años | Adultos | descuento-10 | duracion 100 | Indiferente | Life Extension | Longevidad y vitalidad | Minerales | PRO | selenio | Sin azúcar | Sin gluten | Sin lactosa | Sistema cardiovascular | Sistema inmunitario | Vegano | Vegetariano,,,Otros minerales y multiminerales,gid://shopify/TaxonomyCategory/hb-1-9-6-6,Minerals,"ai: Selenio como mineral principal, vitamina E secundaria",alta,si,no
9604101046593,super-ubiquinol-coq10-100mg-de-life-extension-apoyo-de-la-funcion-cardiovascular-aumentando-los-niveles-de-energia-60-capsulas-blandas,"Súper Ubiquinol CoQ10 100mg de Life Extension | Apoyo de la función Cardiovascular, aumentando los niveles de energía | 60 cápsulas blandas",Vitaminate,ACTIVE,+18 Años | Adultos | coenzima-q-10 | duracion 60 | Indiferente | Life Extension | Potenciar la energía | Sin azúcar | Sin gluten | Sin lactosa | Sistema cardiovascular | Vegano | Vegetariano | Vitaminas,,,CoQ10 y energía celular,gid://shopify/TaxonomyCategory/hb-1-9-6-9-1,CoQ10,coq10,alta,no,
9633172422977,super-vitamina-k1-k2-2600mcg-de-life-extension-apoyo-del-sistema-cardiovascular-y-oseo-90-capsulas-blandas,Super Vitamina K1 + K2 2600mcg de Life Extension | Apoyo del Sistema Cardiovascular y Óseo | 90 cápsulas blandas,OLSEGO GROUP,ACTIVE,+18 Años | Adultos | articulaciones y cartílago | duracion 90 | Fortalecimiento de huesos | Indiferente | Life Extension | PRO | Sin azúcar | Sin gluten | Sin lactosa | Sistema cardiovascular | Vegano | Vegetariano | Vitamina C | vitamina-k | Vitaminas,,,Vitamina D y K,gid://shopify/TaxonomyCategory/hb-1-9-6-9-7,Vitamin K,vitamina-VIT_K,alta,no,
10326025437505,superoxido-dismutasa-sod-booster-de-life-extension-apoya-la-proteccion-antioxidante-30-capsulas,"Superóxido Dismutasa, SOD Booster de  Life Extension  | Apoya la protección antioxidante | 30 Cápsulas",Vitaminate,ACTIVE,PRO,,,Antioxidantes,gid://shopify/TaxonomyCategory/hb-1-9-6,Vitamins & Supplements,"ai: Booster de superóxido dismutasa, protección antioxidante enzimática",media,si,no
9811785056577,desintoxicacion-hepatica-irwin-naturals-60-capsulas-blandas-liquidas,Suplemento de Cardo Mariano Liver Detox & Blood Refresh de Irwin Naturals |  Complementa procesos de detoxificación | 60 cápsulas,OLSEGO GROUP,ACTIVE,descuento-15,,,Detox y apoyo hepático,gid://shopify/TaxonomyCategory/hb-1-9-6-5,Herbal Supplements,ai: Cardo mariano botánico para procesos de detoxificación hepática,alta,si,no
9625524207937,taurina-1000mg-de-life-extension-apoya-la-funcion-cardiovascular-y-el-equilibrio-electrolitico-90-capsulas-vegetarianas,Taurina 1000mg de Life Extension | Apoya la función Cardiovascular y el equilibrio electrolítico | 90 cápsulas vegetarianas,Vitaminate,ACTIVE,+18 Años | Adultos | Aminoácidos | descuento-15 | duracion 90 | Indiferente | Life Extension | Recuperación y regeneración muscular | Sin azúcar | Sin gluten | Sin lactosa | Sistema cardiovascular | taurina,,,Aminoácidos y BCAA,gid://shopify/TaxonomyCategory/hb-1-9-6-1-2,Single Amino Acid Supplements,aminoacido-individual,alta,no,
9999949922625,taurina-500-mg-100-veg-caps,Taurina de NOW Foods 500 mg | Apoya la función cardiovascular y muscular | 100 cápsulas vegetales,OLSEGO GROUP,ACTIVE,duracion 100,,,Aminoácidos y BCAA,gid://shopify/TaxonomyCategory/hb-1-9-6-1-2,Single Amino Acid Supplements,aminoacido-individual,alta,no,
9999950152001,taurina-polvo-puro-8-oz-227gr,Taurina en Polvo Puro de Now Foods | Contribuye al equilibrio de electrolitos en el cuerpo | 227 g,Vitaminate,ACTIVE,duracion 227,,,Aminoácidos y BCAA,gid://shopify/TaxonomyCategory/hb-1-9-6-1-2,Single Amino Acid Supplements,aminoacido-individual,alta,no,
9665843134785,te-matcha-organico-premium-hongo-melena-de-leon-5g-de-landa-adaptogeno-apoyo-cardiovascular-antioxidante-100g-20-porciones,Té Matcha Orgánico Premium + Hongo Melena de León 5g de Landa Adaptógenos | Apoyo Cardiovascular - Antioxidante | 100g - 20 porciones,Landa Adaptógenos,ACTIVE,+18 Años | Adultos | combinado-de-hongos-adaptogenos | Concentración | descuento-25 | duracion 20 | Hongos Adaptógenos | Indiferente | Landa Adaptógenos | memoria y atención | Potenciar la energía | Sin azúcar | Sin gluten | Sin lactosa | Sistema cardiovascular | Sistema inmunitario | Vegano,,,Hongos funcionales,gid://shopify/TaxonomyCategory/hb-1-9-6-5,Herbal Supplements,ai: Matcha con melena de león; hongo funcional define categoría,media,si,no
9799326368065,te-verde-cafeina-vitaminas-del-complejo-b-de-natures-answer-shot-energetico-disenado-para-potenciar-la-energia-de-manera-natural-bebida-de-60ml-sabor-bayas-mixtas,Té verde + Cafeína + Vitaminas del Complejo B de Nature's Answer | Shot energético diseñado para potenciar la energía de manera natural | Bebida de 60ml Sabor Bayas Mixtas,Vitaminate,ACTIVE,descuento-20,,,Complejo B y B12,gid://shopify/TaxonomyCategory/hb-1-9-6-9-3,Vitamin B,vitamina-VIT_B,alta,no,
9625227526465,te-verde-con-700-mg-de-extracto-de-te-verde-350-mg-de-egcg-de-now-foods-apoya-un-metabolismo-saludable-y-activo-90-capsulas-vegetarianas,"Té Verde con 700 mg de Extracto de Té Verde, 350 mg de EGCG de NOW Foods | Apoya un metabolismo saludable y activo | 90 Cápsulas Vegetarianas",OLSEGO GROUP,ACTIVE,+18 Años | Adultos | Control del peso | extracto-de-te-verde | Hierbas | Indiferente | NOW Foods | Potenciar la energía | Suplementos herbales,,,Control de peso y metabolismo,gid://shopify/TaxonomyCategory/hb-1-9-6-5,Herbal Supplements,ai: Extracto de té verde con EGCG para metabolismo,media,si,no
9633402061121,te-verde-matcha-organico-85-porciones-85-g-de-now-foods-apoyo-digestivo-y-energetico-rico-en-polifenoles-y-l-teanina,"Té Verde Matcha Orgánico - 85 Porciones, 85 g de NOW Foods - Apoyo Digestivo y Energético, Rico en Polifenoles y L-Teanina",Vitaminate,ACTIVE,+18 Años | Adultos | Control del peso | descuento-15 | Desintoxicación | Extracto de té verde | Hierbas | Indiferente | NOW Foods | Potenciar la energía | Sin azúcar | Sin gluten | Sin lactosa | Sistema inmunitario | Suplementos herbales | Vegetariano,,,Aminoácidos y BCAA,gid://shopify/TaxonomyCategory/hb-1-9-6-1-2,Single Amino Acid Supplements,aminoacido-individual,alta,no,
9620350140737,test-genetico-nutricion-toma-el-control-de-tu-bienestar-nutricional,"Test genético ""Gen Test"" de Nutrición + Envío",ZenGen,ACTIVE,descuento-15 | duracion 1 | Indiferente | Salud digestiva,,,,,,"ai:revisar — Test genético de nutrición: servicio, no suplemento ni cosmético",revisar,si,si
9620352631105,test-genetico-skin-care-toma-el-control-de-tu-bienestar-cutaneo,Test genético de Skin Care + Envío,ZenGen,ACTIVE,Cuidado del cabello | descuento-15 | duracion 1 | Indiferente | piel y uñas | ZenGen,,,,,,"ai:revisar — Test genético dermatológico: servicio de diagnóstico, sin nodo aplicable",revisar,si,si
9999952445761,testojack-100™-para-hombres-60-veg-caps,TestoJack 100 NOW Foods | Energía y vitalidad masculina |60 cápsulas,Vitaminate,ACTIVE,duracion 30 | vitadeals,,,Bienestar masculino y próstata,gid://shopify/TaxonomyCategory/hb-1-9-6-5,Herbal Supplements,ai: Mezcla botánica tipo TestoJack para vitalidad masculina,alta,si,no
10031977398593,testomen-complex-suplemento-para-hombres-precursor-con-6-ingredientes-60-capsulas,TestoMEN Complex | Suplemento para Hombres| Precursor con 6 ingredientes | 60 Cápsulas,OLSEGO GROUP,ACTIVE,,,,Bienestar masculino y próstata,gid://shopify/TaxonomyCategory/hb-1-9-6-5,Herbal Supplements,ai: Complejo de seis ingredientes enfocado en vitalidad masculina,media,si,no
9798284017985,testosterona-up-red-con-extracto-de-raiz-de-maca-de-irwin-naturals-incrementa-la-energia-y-favorece-la-vitalidad-masculina-60-capsulas-blandas,Testosterona UP RED con Extracto de raíz de maca de Irwin Naturals | Incrementa la energía y favorece la vitalidad masculina | 60 Cápsulas Blandas,Vitaminate,ACTIVE,vitadeals,,,Bienestar masculino y próstata,gid://shopify/TaxonomyCategory/hb-1-9-6-5,Herbal Supplements,ai: Extracto de maca botánico para vitalidad masculina,alta,si,no
9803300405569,l-treonato-de-magnesio-melena-de-leon-y-colageno-hidrolizado-threonate-mag-de-b-life-180-capsulas,Threonate Mag B Life Treonato Magnesio y Melena de León | 180 cápsulas,Blife,ACTIVE,duracion 60 | vitadeals,,,Magnesio,gid://shopify/TaxonomyCategory/hb-1-9-6-6-3,Magnesium,mineral-MAGNESIUM,alta,no,
9644622381377,tirosina-vitamina-a-b2-zinc-selenio-thyroid-synergy™-de-designs-for-health-apoyo-de-la-funcion-tiroidea-120-capsulas-vegetarianas,"Tirosina, Vitamina A, B2, Zinc, Selenio Thyroid Synergy™ de Designs for Health | Apoyo de la Función Tiroidea | 120 Cápsulas Vegetarianas",Vitaminate,ACTIVE,+18 Años | Adultos | Cobre | Combinados temas de salud | Cromo | Designs for health | duracion 60 | Ginseng | Indiferente | Manganeso | Potenciar la energía | Salud ocular | Selenio | Sin azúcar | Sin gluten | Sin lactosa | Sistema cardiovascular | Sistema inmunitario | Suplementos Combinados | tirosina | Vegetariano | Vitamina A (Retinol) | Yodo | Zinc,,,Apoyo tiroideo,gid://shopify/TaxonomyCategory/hb-1-9-6,Vitamins & Supplements,"ai: Fórmula combinada tirosina, vitaminas y minerales para tiroides",media,si,no
9625556156737,tmg-1000-mg-por-porcion-de-life-extension-apoyo-para-el-funcionamiento-cardiovascular-y-hepatico-60-capsulas-liquidas-vegetales-30-servicios,"TMG 1000 mg por porción de Life Extension | Apoyo para el funcionamiento cardiovascular y hepático | 60 cápsulas liquidas vegetales, 30 servicios",Vitaminate,ACTIVE,+18 Años | Adultos | Aminoácidos | descuento-15 | duracion 30 | Indiferente | Life Extension | Potenciar la energía | Salud digestiva | Sin azúcar | Sin gluten | Sin lactosa | Sistema cardiovascular | trimetilglicina-tmg,,,Aminoácidos y BCAA,gid://shopify/TaxonomyCategory/hb-1-9-6-1-2,Single Amino Acid Supplements,"ai: TMG (betaína), derivado aminoacídico donador de metilos",media,si,no
9647387246913,tongkat-ali-1000mg-por-porcion-de-tibet-natura-contribuye-al-bienestar-hormonal-y-potencia-la-energia-60-capsulas-vegetales,Tongkat Ali 1000mg por porción de Tibet Natura | Contribuye al Bienestar Hormonal y Potencia la Energía |  60 cápsulas vegetales,Flow Supplements,ACTIVE,+18 Años | Adultos | descuento-15 | Hierbas | Indiferente | Keto | Placer y deseo sexual | Potenciar la energía | Recuperación y regeneración muscular | Sin azúcar | Sin gluten | Sin lactosa | Suplementos herbales | Tibet Natura | tongkat-ali | vitadeals,,,Bienestar masculino y próstata,gid://shopify/TaxonomyCategory/hb-1-9-6-5,Herbal Supplements,ai: Tongkat Ali botánico para bienestar hormonal masculino,alta,si,no
9941591884097,tongkat-ali-200-1-con-arginina-amz-nutrition-apoya-la-vitalidad-masculina-y-el-rendimiento-fisico-60-capsulas,Tongkat Ali 200:1 con Arginina AMZ Nutrition | Apoya la vitalidad masculina y el rendimiento físico | 60 cápsulas,AMZ Nutrition,ACTIVE,,,,Bienestar masculino y próstata,gid://shopify/TaxonomyCategory/hb-1-9-6-5,Herbal Supplements,ai: Extracto de Tongkat Ali con arginina para vitalidad masculina,alta,si,no
9975691706689,tongkat-ali-200-1-de-supplement-factory-apoya-la-vitalidad-y-el-rendimiento-fisico-equilibrio-hormonal-masculino-60-capsulas,Tongkat Ali 200:1 de Supplement Factory | Equilibrio hormonal masculino | 60 cápsulas,Natsa,ACTIVE,duracion 30,,,Bienestar masculino y próstata,gid://shopify/TaxonomyCategory/hb-1-9-6-5,Herbal Supplements,ai: Tongkat Ali botánico para equilibrio hormonal masculino,alta,si,no
9935933079873,tongkat-ali-200-1-energia-y-testosterona-300-capsulas,Tongkat Ali 200:1 Eternal Nutrition | Contribuye al aumento de energía y resistencia | 150 y 300 cápsulas,Eternal,ACTIVE,,,,Bienestar masculino y próstata,gid://shopify/TaxonomyCategory/hb-1-9-6-5,Herbal Supplements,"ai: Extracto herbal Tongkat Ali, energía y resistencia",alta,si,no
9621527494977,tongkat-ali-800mg-por-porcion-de-swanson-extracto-herbal-para-la-estimulacion-sexual-que-proporciona-energia-y-vitalidad-120-capsulas-vegetales-60-servicios,Tongkat Ali 800mg por porción Swanson | Suplemento para Energía y Salud Hormonal,Superlabs,ACTIVE,+18 Años | Adultos | descuento-10 | Indiferente | Placer y deseo sexual | Potenciar la energía | Recuperación y regeneración muscular | Sin azúcar | Sin gluten | Sin lactosa | Suplementos herbales | Swanson | tongkat-ali | Vegano | Vegetariano,,,Bienestar masculino y próstata,gid://shopify/TaxonomyCategory/hb-1-9-6-5,Herbal Supplements,"ai: Tongkat Ali herbal, salud hormonal masculina",alta,si,no
9932447809857,total-beauty-de-matter-proteina-con-probioticos-y-acido-hialuronico-700-g,Total Beauty de Matter | Proteína con probióticos y ácido hialurónico | 700 g,You Matter,ACTIVE,PRO,,,Proteínas en polvo y barras,gid://shopify/TaxonomyCategory/hb-1-9-6-8,Protein Supplements,proteina,alta,no,
9974753689921,trans-resveratrol-plus-de-prohealth-bienestar-celular-60-capsulas-vegetales,Trans-Resveratrol Plus de ProHealth| Bienestar Celular | 60 cápsulas vegetales,Vitaminate,ACTIVE,duracion 30,,,"Longevidad: NAD+, NMN y resveratrol",gid://shopify/TaxonomyCategory/hb-1-9-6-5,Herbal Supplements,"ai: Trans-resveratrol, bienestar celular y longevidad",alta,si,no
9999955198273,trebol-rojo-375-mg-100-veg-caps,Trébol Rojo de Now | Equilibrio Hormonal Femenino | 100 Cápsulas,Vitaminate,ACTIVE,,,,Bienestar femenino y menopausia,gid://shopify/TaxonomyCategory/hb-1-9-6-5,Herbal Supplements,ai: Trébol rojo con isoflavonas para equilibrio hormonal femenino,alta,si,no
9649425711425,treonato-de-magnesio-colageno-hidrolizado-bcaas-1000mg-por-porcion-de-tibet-natura-disenado-para-apoyar-la-funcion-cerebral-y-cognitiva-aliviando-el-estres-y-ansiedad-60-capsulas-vegetales,"Treonato de magnesio + Colágeno hidrolizado + BCAAS 1000mg por porción de Tibet Natura |  Diseñado para apoyar la función cerebral y cognitiva, aliviando el estrés y ansiedad |  60 cápsulas vegetales",Flow Supplements,ACTIVE,Ansiedad y estrés | descuento-15 | duracion 30 | Indiferente | Minerales | Potenciar la energía | Sistema cardiovascular | Tibet Natura | treonato-de-magnesio | vitadeals,,,Colágeno,gid://shopify/TaxonomyCategory/hb-1-9-6-2,Collagen,colageno,alta,no,
9649221271873,treonato-de-magnesio-1000-mg-por-porcion-de-natsa-apoyo-de-la-funcion-cognitiva-60-capsulas-vegetales,Treonato de magnesio 1000 mg por porción de Natsa | Apoyo de la Función Cognitiva | 60 cápsulas vegetales,Natsa,ACTIVE,+18 Años | Adultos | Ansiedad y estrés | descuento-10 | duracion 30 | Indiferente | Minerales | Natsa | Potenciar la energía | Sin azúcar | Sin gluten | Sin lactosa | Sistema cardiovascular | treonato-de-magnesio | Vegetariano,,,Magnesio,gid://shopify/TaxonomyCategory/hb-1-9-6-6-3,Magnesium,mineral-MAGNESIUM,alta,no,
9623755718977,tribulus-terrestris-1-000-mg-calcio-130-mg-de-now-sports-extracto-estandarizado-doble-fuerza-90-tabletas,"Tribulus terrestris 1,000 mg + Calcio 130 mg de NOW Sports | Extracto Estandarizado, Doble Fuerza | 90 tabletas",Vitaminate,ACTIVE,+18 Años | Adultos | descuento-15 | Ganancia de masa muscular | Hombre | Keto | NOW Sports | Potenciar la energía | Recuperación y regeneración muscular | Salud masculina | Sin azúcar | Sin gluten | Sin lactosa | Sistema cardiovascular | Sistema inmunitario | Suplementos herbales | tribulus-terrestris | Vegano | Vegetariano,,,Calcio,gid://shopify/TaxonomyCategory/hb-1-9-6-6-1,Calcium,mineral-CALCIUM,alta,no,
10031977955649,tripack-cardo-mariano-apoyo-a-la-funcion-hepatica,Tripack Cardo Mariano | Apoyo a la función Hepática,OLSEGO GROUP,ACTIVE,,,,Detox y apoyo hepático,gid://shopify/TaxonomyCategory/hb-1-9-6-5,Herbal Supplements,"ai: Cardo mariano, apoyo hepático",alta,si,no
9999955362113,triphala-500-mg-120-tabs,Triphala 500mg de Now Foods |  Soporte Digestivo  | 120 Cápsulas,Vitaminate,ACTIVE,,,,Digestivos y confort intestinal,gid://shopify/TaxonomyCategory/hb-1-9-6-5,Herbal Supplements,ai: Triphala ayurvédica para soporte digestivo,alta,si,no
9808570679617,triple-source-magnesium-ashwagandha-irwin-naturals-magnesio-y-ashwagandha-reduce-el-estres-60-capsulas,"Triple-Source Magnesium + Ashwagandha Irwin Naturals, Magnesio y Ashwagandha | Reduce el estrés | 60 cápsulas",Vitaminate,ACTIVE,,,,Magnesio,gid://shopify/TaxonomyCategory/hb-1-9-6-6-3,Magnesium,mineral-MAGNESIUM,alta,no,
9999949988161,true-calm-aminoacidos-relajantes-90-veg-caps,True Calm de NOW | Complejo aminoácidos y valeriana | 90 cápsulas,Vitaminate,ACTIVE,duracion 90,,,Sueño y relajación,gid://shopify/TaxonomyCategory/hb-1-9-6-12,Sleep Supplements,ai: Complejo GABA/aminoácidos con valeriana para relajación,media,si,no
9663003689281,suplemento-reduce-inflamacion,Turmeric + Ginger B Life Cúrcuma Jengibre Aceite de Coco y Pimienta | 180 cápsulas,Blife,ACTIVE,+18 Años | Aceite de coco | Adultos | B-Life | Combinados de hierbas | curcuma | descuento-15 | Hierbas | Indiferente | Jengibre | Pimienta | PRO | Salud digestiva | Sin azúcar | Sin gluten | Sistema cardiovascular | Sistema inmunitario | Suplementos herbales | Vegetariano | vitadeals,,,Cúrcuma y antiinflamatorios naturales,gid://shopify/TaxonomyCategory/hb-1-9-6-5,Herbal Supplements,ai: Cúrcuma con jengibre y pimienta,alta,si,no
9884852879681,tyroenergy-ivb-wellness-lab-apoyo-para-la-energia-y-la-funcion-tiroidea-60-capsulas,TyroEnergy | IVB Wellness Lab | Apoyo para la Energía y la Función Tiroidea | 60 Cápsulas,OLSEGO GROUP,ACTIVE,duracion 30 | PRO,,,Apoyo tiroideo,gid://shopify/TaxonomyCategory/hb-1-9-6-1-2,Single Amino Acid Supplements,"ai: Tirosina como base, apoyo tiroideo y energía",media,si,no
9625411518785,ubiquinol-100-mg-coq10-de-now-foods-activo-de-alta-biodisponibilidad-para-el-apoyo-cardiovascular-y-proteccion-antioxidante-60-capsulas-blandas,Ubiquinol 100 mg - CoQ10 de NOW Foods | Activo de Alta Biodisponibilidad para el Apoyo Cardiovascular y Protección Antioxidante | 60 Cápsulas Blandas,Vitaminate,ACTIVE,+18 Años | Adultos | Coenzima Q10 | coenzima-q-10 | duracion 60 | Indiferente | Longevidad y vitalidad | NOW Foods | Potenciar la energía | PRO | Sin azúcar | Sin gluten | Sin lactosa | Sistema cardiovascular | Sistema inmunitario | Vegetariano | Vitaminas,,,CoQ10 y energía celular,gid://shopify/TaxonomyCategory/hb-1-9-6-9-1,CoQ10,coq10,alta,no,
9644653740353,ubiquinol-200mg-y-transgeranilgeraniol-gg-120mg-de-designs-for-health-apoya-la-funcion-cardiovascular-y-del-sistema-inmunologico-60-capsulas-blandas,Ubiquinol 200mg y transgeranilgeraniol (GG) 120mg de Designs For Health | Apoya la función Cardiovascular y del Sistema Inmunológico | 60 Cápsulas Blandas,OLSEGO GROUP,ACTIVE,+18 Años | Adultos | Coenzima Q10 | coenzima-q-10 | Designs for health | duracion 60 | Indiferente | Longevidad y vitalidad | Potenciar la energía | Salud ocular | Sin azúcar | Sin gluten | Sin lactosa | Sistema cardiovascular | Sistema inmunitario | Vegetariano | Vitaminas,,,CoQ10 y energía celular,gid://shopify/TaxonomyCategory/hb-1-9-6-9-1,CoQ10,coq10,alta,no,
9794301264193,ubiquinol-coenzima-q10-100-mg-kaneka™-de-health-thru-nutrition-actua-como-antioxidante-y-energizante-celular-120-capsulas-blandas,Ubiquinol Coenzima Q10 100 mg Kaneka™  de Health Thru Nutrition | Actúa como antioxidante y energizante celular | 120 cápsulas Blandas,Vitaminate,ACTIVE,duracion 120,,,CoQ10 y energía celular,gid://shopify/TaxonomyCategory/hb-1-9-6-9-1,CoQ10,coq10,alta,no,
9797498700097,ubiquinol-coenzima-q10-50-mg-kaneka™-de-health-thru-nutrition-actua-como-antioxidante-y-energizante-celular-90-capsulas-blandas,Ubiquinol Coenzima Q10 50 mg Kaneka™  de Health Thru Nutrition | Actúa como antioxidante y energizante celular | 90 cápsulas Blandas,Vitaminate,ACTIVE,duracion 90,,,CoQ10 y energía celular,gid://shopify/TaxonomyCategory/hb-1-9-6-9-1,CoQ10,coq10,alta,no,
9999953822017,ubiquinol-coqh-cf™-60-softgels,"Ubiquinol CoQH-CF NOW Foods 50 mg | Apoyo Cardiovascular, vitalidad y rendimiento físico | 60 Cápsulas",Superlabs,ACTIVE,duracion 60,,,CoQ10 y energía celular,gid://shopify/TaxonomyCategory/hb-1-9-6-9-1,CoQ10,coq10,alta,no,
9999953789249,uc-ii®-colageno-tipo-ii-40mg-60-veg-caps,UC-II Colágeno Tipo II NOW Foods | Soporte Articular | 60 cápsulas,Vitaminate,ACTIVE,duracion 60,,,Colágeno,gid://shopify/TaxonomyCategory/hb-1-9-6-2,Collagen,colageno,alta,no,
9619271057729,ultra-5-htp-100mg-de-swanson-proporciona-un-descanso-reparador-que-ayuda-a-la-relajacion-y-buen-estado-de-animo-60-capsulas-vegetales,"Ultra 5-HTP 100mg de Swanson  | Proporciona un descanso reparador, que ayuda a la relajación y buen estado de ánimo | 60 cápsulas vegetales",Vitaminate,ACTIVE,+18 Años | 5-htp | Adultos | Ansiedad y estrés | descuento-10 | duracion 60 | Hormonas y Neurotransmisores | Indiferente | Sin azúcar | Sin gluten | Sin lactosa | Sueño y descanso | Swanson | Vegano | Vegetariano,,,Aminoácidos y BCAA,gid://shopify/TaxonomyCategory/hb-1-9-6-1-2,Single Amino Acid Supplements,aminoacido-individual,alta,no,
9605777883457,ultra-omega-3-epa-y-dha-de-vida-labs-apoyo-de-la-funcion-cardiovascular-y-reduce-la-inflamacion-ayudando-a-aliviar-dolores-y-malestares-60-capsulas-blandas,"Ultra Omega 3 EPA y DHA de Vida Labs | Apoyo de la Función Cardiovascular y Reduce la Inflamación, Ayudando a Aliviar Dolores y Malestares | 30 Cápsulas Blandas",Wohl/VidaLabs,ACTIVE,+18 Años | Adultos | duracion 60 | Indiferente | omega-3 | Salud ocular | Sin azúcar | Sin gluten | Sin lactosa | Sistema cardiovascular | VidaLabs | vitadeals | Ácidos grasos y omegas,,,Omega 3 y aceites de pescado,gid://shopify/TaxonomyCategory/hb-1-9-6-11,Omega Fatty Acids,omega,alta,no,
9766466060609,ultra-omega-3-6-9-borraja-pescado-y-linaza-de-kal-con-vitamina-e-sistema-cardiovascular-colesterol-trigliceridos-y-funcion-arterial-50-capsulas-blandas,"Ultra Omega 3-6-9 Borraja, Pescado y Linaza de KAL con Vitamina E | Sistema cardiovascular, colesterol, triglicéridos y función arterial | 50 cápsulas blandas",Fresh Vitamins,ACTIVE,duracion 50,,,Omega 3 y aceites de pescado,gid://shopify/TaxonomyCategory/hb-1-9-6-11,Omega Fatty Acids,omega,alta,no,
9603821961537,omega-3-con-vitamina-d-3-now-ultra-omega-3-d-600-mg-epa-300-mg-dha-apoyo-cardiovascular-90-y-180-capsulas-blandas,Ultra Omega-3 con Vitamina D-3 600 mg EPA - 300 mg DHA | Apoyo Cardiovascular | 90 y 180 Cápsulas Blandas,OLSEGO GROUP,ACTIVE,+18 Años | Adultos | Ansiedad y estrés | duracion 90 | Indiferente | Keto | NOW Foods | omega-3 | Potenciar la energía | PRO | Salud digestiva | Sin azúcar | Sin gluten | Sin lactosa | Sistema cardiovascular | Sistema inmunitario | Sueño y descanso | vitadeals | Ácidos grasos y omegas,,,Omega 3 y aceites de pescado,gid://shopify/TaxonomyCategory/hb-1-9-6-11,Omega Fatty Acids,omega,alta,no,
10298693648705,ultra-omega-3-fish-oil-500-epa-250-dha-de-now-foods-funcionamiento-cardiovascular-cognitiva-y-memoria-180-capsulas-blandas,"Ultra Omega-3 Fish Oil 500 EPA / 250 DHA de NOW Foods | Funcionamiento cardiovascular, cognitiva y memoria | 180 cápsulas blandas",OLSEGO GROUP,ACTIVE,PRO,,,Omega 3 y aceites de pescado,gid://shopify/TaxonomyCategory/hb-1-9-6-11,Omega Fatty Acids,omega,alta,no,
9603771957569,ultra-omega-3-concentrado-de-aceite-de-pescado-con-500-mg-de-epa-y-250-mg-de-dha-de-now-foods-apoyo-cardiovascular-y-funcion-cerebral-90-capsulas-blandas-entericas,"Ultra Omega-3, Concentrado de Aceite de Pescado con 500 mg de EPA y 250 mg de DHA de NOW Foods | Apoyo Cardiovascular y Función Cerebral | 90 Cápsulas Blandas Entéricas",OLSEGO GROUP,ACTIVE,+18 Años | Adultos | descuento-25 | duracion 90 | Indiferente | Keto | NOW Foods | omega-3 | PRO | Sin azúcar | Sin gluten | Sin lactosa | Sistema cardiovascular | Sistema inmunitario | tiene-resena | vitadeals | Ácidos grasos y omegas,,,Omega 3 y aceites de pescado,gid://shopify/TaxonomyCategory/hb-1-9-6-11,Omega Fatty Acids,omega,alta,no,
9634465317185,ultra-selenio-200-mcg-de-swanson-proteccion-antioxidante-fortalece-el-sistema-inmunologico-y-ayuda-a-regular-la-funcion-tiroidea-60-capsulas-vegetales,"Ultra Selenio 200 mcg de Swanson |  Protección antioxidante, fortalece el sistema inmunológico y ayuda a regular la función tiroidea | 60 cápsulas vegetales",Superlabs,ACTIVE,+18 Años | Adultos | descuento-20 | duracion 60 | Indiferente | Minerales | selenio | Sin azúcar | Sin gluten | Sin lactosa | Sistema cardiovascular | Sistema inmunitario | Swanson | Vegano | Vegetariano | vitadeals,,,Otros minerales y multiminerales,gid://shopify/TaxonomyCategory/hb-1-9-6-6,Minerals,ai: Selenio mineral único antioxidante,alta,si,no
9888766394689,ultraflora-eq-probioticos-de-metagenics-bienestar-digestivo,UltraFlora EQ | Probióticos de Metagenics | Bienestar digestivo| 60 cápsulas,Ultragenics,ACTIVE,,,,Probióticos,gid://shopify/TaxonomyCategory/hb-1-9-6-4-5,Probiotics,probiotico,alta,no,
9888776716609,ultraflora-womens-probi-ticos-de-metagenics,UltraFlora Women's | Probióticos de Metagenics | Equilibrio Femenino | 30 cápsulas,Ultragenics,ACTIVE,duracion 30 | PRO,,,Probióticos,gid://shopify/TaxonomyCategory/hb-1-9-6-4-5,Probiotics,probiotico,alta,no,
9999954837825,una-de-gato-500mg-100-veg-caps,Uña de Gato de Now 500 mg  | Equilibrio Inmunológico | 100 cápsulas veganas,Vitaminate,ACTIVE,,,,Defensas e inmunidad,gid://shopify/TaxonomyCategory/hb-1-9-6-5,Herbal Supplements,"ai: Uña de gato herbal, apoyo inmunológico",alta,si,no
9692220522817,una-de-gato-hierba-500mg-de-adapto-heal-fortalece-la-funcion-oseo-articular-antioxidante-150-capsulas-vegetales,Uña de Gato UDG 500 mg Adaptoheal | Fortalece la función Óseo Articular - Antioxidante | 150 Cápsulas Vegetales,AdaptoHeal,ACTIVE,+18 Años | AdaptoHeal | Adultos | articulaciones y cartílago | Fortalecimiento de huesos | Hierbas | Indiferente | Salud digestiva | Sin azúcar | Sin gluten | Sin lactosa | Sistema inmunitario | Suplementos herbales | Uña de gato | Vegetariano | vitadeals,,,Hierbas y extractos botánicos,gid://shopify/TaxonomyCategory/hb-1-9-6-5,Herbal Supplements,ai: Uña de gato herbal con enfoque articular y antioxidante,media,si,no
9889316143425,proteina-vegana-528-gr-de-valara-nutrition,VALARA Proteína Vegana en Polvo 528 g | Baja en Carbohidratos y Libre de Azúcar | 16 Porciones,Valara,ACTIVE,duracion 16 | PRO | vitadeals,,,Proteínas en polvo y barras,gid://shopify/TaxonomyCategory/hb-1-9-6-8,Protein Supplements,proteina,alta,no,
9845436219713,suplemento-para-el-descanso-con-valeriana-y-melatonina-natsa-apoyo-para-el-sueno-reparador-100-capsulas,"Valeriana, pasiflora, tila y manzanilla ZLP de NATSA | Apoyo para el sueño reparador | 100 cápsulas",Natsa,ACTIVE,descuento-10,,,Sueño y relajación,gid://shopify/TaxonomyCategory/hb-1-9-6-12,Sleep Supplements,"ai: Valeriana, pasiflora y manzanilla para sueño",alta,si,no
9884907274561,vegan-omega-3-ivb-wellness-lab-dha-y-epa-de-microalgas-60-capsulas,Vegan Omega 3+ | IVB Wellness Lab | DHA y EPA de Microalgas | 60 Cápsulas,OLSEGO GROUP,ACTIVE,duracion 60 | PRO | vitadeals,,,Omega 3 y aceites de pescado,gid://shopify/TaxonomyCategory/hb-1-9-6-11,Omega Fatty Acids,omega,alta,no,
10049505526081,metabolaid-satisens-de-ivb-60-capsulas,"Verbena de limón, Hibisco estandarizados, Extracto seco de azafrán | Satisens de IVB | Control del apetito | 60 Cápsulas",OLSEGO GROUP,ACTIVE,PRO,,,Control de peso y metabolismo,gid://shopify/TaxonomyCategory/hb-1-9-7-1,Weight Loss Supplements,ai: Extractos botánicos para control del apetito,alta,si,no
9664829587777,vinagre-de-manzana-magnesio-500mg-de-5h8-nutrition-formulado-para-apoyar-la-detoxificacion-del-cuerpo-y-promover-el-control-de-peso-120-capsulas-vegetales,Vinagre de Manzana + Magnesio 500mg de 5H8 Nutrition | Formulado para apoyar la detoxificación del cuerpo y promover el control de peso | 120 Cápsulas,5H8 Nutrition,ACTIVE,+18 Años | 5H8 Nutrition | Adultos | Control del peso | descuento-15 | Desintoxicación | Hierbas | Indiferente | Potenciar la energía | Recuperación y regeneración muscular | Salud digestiva | Sin azúcar | Sin gluten | Sin lactosa | Suplementos herbales | Vegano | vinagre-de-manzana | vitadeals,,,Magnesio,gid://shopify/TaxonomyCategory/hb-1-9-6-6-3,Magnesium,mineral-MAGNESIUM,alta,no,
9649348870465,vinagre-de-manzana-1000mg-por-porcion-de-natsa-bienestar-digestivo-control-de-peso-100-capsulas-vegetales,Vinagre de Manzana 1000mg por porción de Natsa | Bienestar Digestivo - Control de peso | 100 cápsulas vegetales,Natsa,ACTIVE,+18 Años | Adultos | descuento-10 | Hierbas | Indiferente | Natsa | Salud digestiva | Sin azúcar | Sistema inmunitario | Suplementos herbales | Vegetariano | vinagre-de-manzana,,,Control de peso y metabolismo,gid://shopify/TaxonomyCategory/hb-1-9-6-5,Herbal Supplements,"ai: Vinagre de manzana, digestión y control de peso",media,si,no
10090708959553,vinagre-de-manzana-bienestar-digestivo-100-capsulas,Vinagre de Manzana | Bienestar Digestivo | 100 Cápsulas,Superlabs,ACTIVE,,,,Digestivos y confort intestinal,gid://shopify/TaxonomyCategory/hb-1-9-6-5,Herbal Supplements,"ai: Vinagre de manzana en cápsulas, bienestar digestivo",media,si,no
9665210712385,vinagre-de-manzana-curcuma-cardo-mariano-y-aloe-vera-dtox-de-5h8-nutrition-bienestar-digestivo-desintoxicacion-90-capsulas-vegetales,"Vinagre de Manzana, Cúrcuma, Cardo Mariano y Aloe Vera DTOX de 5H8 Nutrition | Bienestar Digestivo - Desintoxicación | 90 Cápsulas",5H8 Nutrition,ACTIVE,+18 Años | 5H8 Nutrition | Adultos | Cardo mariano | Combinados de hierbas | Cúrcuma | descuento-15 | Indiferente | Salud digestiva | Sin azúcar | Sin gluten | Sin lactosa | Sistema inmunitario | Suplementos Combinados | Vegano | vinagre-de-manzana | vitadeals,,,Detox y apoyo hepático,gid://shopify/TaxonomyCategory/hb-1-9-6-5,Herbal Supplements,ai: Mezcla herbal con cardo mariano para desintoxicación,media,si,no
9625226969409,vinagre-de-sidra-de-manzana-200mg-de-swanson-formulado-para-apoyar-la-detoxificacion-del-cuerpo-y-promover-el-control-de-peso-120-tabletas-vegetales,Vinagre de Sidra de Manzana 200mg de Swanson | Formulado para apoyar la detoxificación del cuerpo | 120 tabletas vegetales,Superlabs,ACTIVE,+18 Años | Adultos | Control del peso | descuento-10 | Desintoxicación | Hierbas | Indiferente | Potenciar la energía | Salud digestiva | Sin azúcar | Sin gluten | Suplementos herbales | Swanson | Vegano | Vegetariano | vinagre-de-manzana,,,Detox y apoyo hepático,gid://shopify/TaxonomyCategory/hb-1-9-6-5,Herbal Supplements,ai: Vinagre de sidra de manzana orientado a detoxificación,media,si,no
9633024672065,vinagre-de-sidra-de-manzana-450-mg-de-now-foods-180-capsulas-veganas-para-apoyo-digestivo-y-control-de-peso,Vinagre de Sidra de Manzana 450 mg de NOW Foods | 180 Cápsulas Veganas para Apoyo Digestivo y Control de Peso,Vitaminate,ACTIVE,+18 Años | Adultos | Control del peso | descuento-15 | Desintoxicación | Indiferente | NOW Foods | prebióticos y enzimas | Probioticos | Salud digestiva | Sin azúcar | Sin gluten | Sin lactosa | Sistema inmunitario | Vegano | Vegetariano | vinagre-de-manzana,,,Control de peso y metabolismo,gid://shopify/TaxonomyCategory/hb-1-9-6-5,Herbal Supplements,"ai: Vinagre de sidra de manzana en cápsulas, apoyo digestivo y peso",media,si,no
9639080853825,vinagre-de-sidra-de-manzana-700mg-manzanita-de-wu-nutrition-ayuda-a-mantener-saludable-el-sistema-inmunitario-y-disminuir-los-niveles-de-azucar-en-la-sangre-120-capsulas-vegetales,Vinagre de Sidra de Manzana 700mg Manzanita de WU Nutrition |  Ayuda a mantener saludable el sistema inmunitario y disminuir los niveles de azúcar en la sangre  | 120 cápsulas vegetales,WU Nutrition,ACTIVE,+18 Años | Adultos | Control del peso | Hierbas | Indiferente | Salud digestiva | Sin azúcar | Sin gluten | Sistema inmunitario | Suplementos herbales | vinagre-de-manzana | WU Nutrition,,,Control de peso y metabolismo,gid://shopify/TaxonomyCategory/hb-1-9-6-5,Herbal Supplements,"ai: Vinagre de manzana botánico en cápsulas, etiquetado control de peso",media,si,no
9798332481857,vision-sharp-multi-nutrient-eye-health-con-luteina-de-irwin-naturals-apoya-la-salud-ocular-y-mejora-la-vision-42-capsulas-blandas,Vision Sharp con Luteína de Irwin Naturals | Favorece el enfoque visual en adultos | 42 cápsulas,Vitaminate,ACTIVE,descuento-15,,,Salud de la vista,gid://shopify/TaxonomyCategory/hb-1-9-6,Vitamins & Supplements,"ai: Luteína como principal, enfocado en salud visual",media,si,no
10126859239745,vita-c-500-de-ivb-proteccion-celular-y-al-dano-oxidativo-60-capsulas,Vita C 500 de IVB | Protección Celular y al Daño Oxidativo | 60 Cápsulas,OLSEGO GROUP,ACTIVE,vitadeals,,,Vitamina C,gid://shopify/TaxonomyCategory/hb-1-9-6-9-4,Vitamin C,ai: Vitamina C 500 mg como único principio activo,alta,si,no
10126859698497,vitalnatal-man-de-ivb-bienestar-reproductivo-del-hombre-60-capsulas,VitalNatal Man de IVB | Bienestar reproductivo del hombre | 60 Cápsulas,OLSEGO GROUP,ACTIVE,vitadeals,,,Bienestar masculino y próstata,gid://shopify/TaxonomyCategory/hb-1-9-6,Vitamins & Supplements,ai: Fórmula orientada al bienestar reproductivo masculino,media,si,no
9616728359233,vitamina-a-10-000-iu-de-now-foods-apoya-la-salud-ocular-y-funcion-inmunologica-saludable-100-capsulas-blandas,"Vitamina A 10,000 IU de NOW Foods - Apoya la Salud Ocular y Función Inmunológica Saludable | 100 Cápsulas blandas",Vitaminate,ACTIVE,descuento-25 | duracion 100 | Indiferente | NOW Foods | Salud ocular | Sistema inmunitario | Vitaminas,,,Vitamina A y E,gid://shopify/TaxonomyCategory/hb-1-9-6-9-2,Vitamin A,vitamina-VIT_A,alta,no,
9795644293441,vitamina-a-10-000-iu-vitamina-c-vitamina-d3-zinc-de-michaels-health-soporte-integral-que-fortalece-el-sistema-inmunologico-60-capsulas-vegetarianas,"Vitamina A 10.000 IU, Vitamina C, Vitamina D3, Zinc de Michael's Health | Soporte Integral que Fortalece el Sistema Inmunológico | 60 Cápsulas Vegetarianas",Vitaminate,ACTIVE,descuento-10 | duracion 60,,,Defensas e inmunidad,gid://shopify/TaxonomyCategory/hb-1-9-6-7,Multivitamin Supplements,"ai: Combina vitaminas A, C, D3 y zinc para inmunidad",alta,si,no
9616783769921,vitamina-a-25-000-ui-de-now-foods-soporte-ocular-y-funcion-inmunitaria-100-capsulas-blandas,"Vitamina A 25,000 UI de NOW Foods - Soporte Ocular y Función Inmunitaria | 100 Cápsulas Blandas",OLSEGO GROUP,ACTIVE,+18 Años | Adultos | descuento-25 | duracion 100 | Indiferente | NOW Foods | PRO | Salud ocular | Sin azúcar | Sin gluten | Sin lactosa | Sistema inmunitario | Vegano | Vegetariano | vitadeals | vitamina-a | Vitaminas,,,Vitamina A y E,gid://shopify/TaxonomyCategory/hb-1-9-6-9-2,Vitamin A,vitamina-VIT_A,alta,no,
9606688932161,vitamina-a-c-d-betaglucanos-y-zinc-4g-pro-d-fence-de-suluu-fortalece-el-sistema-inmunologico-ayudando-en-la-recuperacion-de-los-resfriados-240g-en-60-gomitas-sabor-mandarina,"Vitamina A, C, D, Betaglucanos y Zinc 4g Pro D-Fence de Súluu | Fortalece el Sistema Inmunológico, Ayudando en la Recuperación de los Resfriados | 240g en 60 gomitas Sabor Mandarina",Súluu,ACTIVE,+18 Años | Adultos | duracion 30 | Indiferente | Sin gluten | Sin lactosa | Sistema inmunitario | Súluu | Vegetariano | vitadeals | vitamina-a | Vitaminas,,,Defensas e inmunidad,gid://shopify/TaxonomyCategory/hb-1-9-6-7,Multivitamin Supplements,"ai: Gomitas multivitamínicas A, C, D con zinc y betaglucanos",alta,si,no
9608894087489,vitamina-a-c-e-biotina-selenio-y-zinc-4g-beau-de-suluu-ayuda-a-mejorar-la-elasticidad-tonificacion-y-aspecto-general-de-la-piel-unas-y-cabello-240g-en-60-gomitas-sabor-fresa,"Vitamina A, C, E + Biotina, Selenio y Zinc 4g Beau de Súluu | Ayuda a mejorar la elasticidad, tonificación y aspecto general de la piel, uñas y cabello | 240g en 60 gomitas sabor Fresa",Súluu,ACTIVE,+18 Años | Adultos | Cabello | Cuidado del cabello | duracion 30 | Indiferente | piel y uñas | Sin gluten | Sin lactosa | Súluu | vitadeals | vitamina-a; vitamina-b-7,,,"Belleza: cabello, piel y uñas",gid://shopify/TaxonomyCategory/hb-1-9-6-7,Multivitamin Supplements,"ai: Gomitas multivitamínicas enfocadas a piel, uñas y cabello",alta,si,no
9937616077121,women-s-daily-eternal-multivitaminico-fermentado-y-minerales-antiguos-200-capsulas,"Vitamina A, Complejo B, Hierro y Zinc - Women’s Daily Eternal Nutrition | Multivitamínico fermentado y minerales antiguos | 200 cápsulas",Eternal,ACTIVE,duracion 100,,,Multivitamínicos,gid://shopify/TaxonomyCategory/hb-1-9-6-7,Multivitamin Supplements,multivitaminico-explicito,alta,no,
9654698803521,vitamina-a-zinc-mezcla-propia-con-l-glutamina-aloe-vera-y-polvo-de-malvavisco-751mg-biozincar-plus-de-bioptimizado-ayuda-a-fortalecer-el-sistema-inmunitario-promueve-la-reparacion-celular-reduciendo-inflamaciones-60-capsulas-vegetales,"Vitamina A, Zinc , Mezcla propia con L-Glutamina, Aloe Vera y Polvo de Malvavisco 751mg BioZincar Plus de Bioptimizado | Ayuda a fortalecer el sistema inmunitario, promueve la reparación celular, reduciendo inflamaciones | 60 cápsulas vegetales",Nutrasana,ACTIVE,+18 Años | Adultos | Aloe Vera | Bioptimizado | Combinados temas de salud | descuento-25 | duracion 20 | Indiferente | L-glutamina | PRO | quelato-de-zinc | Salud digestiva | Sin azúcar | Sin gluten | Sin lactosa | Sistema inmunitario | Suplementos Combinados | Vegetariano | vitadeals | Vitamina A (Retinol),,,Zinc,gid://shopify/TaxonomyCategory/hb-1-9-6-6-5,Zinc,"ai: Zinc quelado protagonista con vitamina A, glutamina y aloe",media,si,no
9605777129793,vitamina-b-12-5000mcg-de-now-foods-apoyo-para-la-funcion-del-sistema-nervioso-60-pastillas-veganas,Vitamina B-12 5000mcg de NOW Foods - Apoyo para la función del Sistema Nervioso | 60 pastillas veganas,Vitaminate,ACTIVE,+18 Años | Adultos | descuento-25 | duracion 60 | Indiferente | NOW Foods | Potenciar la energía | PRO | Sin azúcar | Sin gluten | Sin lactosa | Sistema cardiovascular | Vegano | Vegetariano | vitamina-b-12 | Vitaminas,,,Complejo B y B12,gid://shopify/TaxonomyCategory/hb-1-9-6-9-3,Vitamin B,vitamina-VIT_B,alta,no,
9719101915457,vitamina-b-12-1000-mcg-con-acido-folico-de-now-foods-para-energia-y-apoyo-al-sistema-nervioso-100-pastillas-para-masticar-vegetariano-vegano,"Vitamina B-12, 1000 mcg con Ácido Fólico de NOW Foods para Energía y Apoyo al Sistema Nervioso | 100 Pastillas para Masticar, Vegetariano/Vegano",OLSEGO GROUP,ACTIVE,+18 Años | Adultos | descuento-25 | duracion 100 | Indiferente | NOW Foods | Potenciar la energía | Sin azúcar | Sin gluten | Sin lactosa | Sistema cardiovascular | Vegano | Vegetariano | vitadeals | vitamina-b-12 | Vitaminas,,,Complejo B y B12,gid://shopify/TaxonomyCategory/hb-1-9-6-9-3,Vitamin B,vitamina-VIT_B,alta,no,
9616809066817,vitamina-b1-100-mg-de-now-foods-apoyo-para-el-sistema-nervioso-y-energetico-100-tabletas-veganas,Vitamina B1 100 mg de NOW Foods | Apoyo para el Sistema Nervioso y Energetico | 100 tabletas veganas,OLSEGO GROUP,ACTIVE,+18 Años | Adultos | descuento-10 | duracion 100 | Indiferente | NOW Foods | Potenciar la energía | PRO | Salud cognitiva | Sin azúcar | Sin gluten | Sin lactosa | Vegano | Vegetariano | vitamina-b-1-tiamina | Vitaminas,,,Complejo B y B12,gid://shopify/TaxonomyCategory/hb-1-9-6-9-3,Vitamin B,vitamina-VIT_B,alta,no,
9665184432449,vitamina-b1-b6-calcio-magnesio-y-enzimas-digestivas-nz-max-plus-de-5h8-nutrition-apoyo-de-la-funcion-articular-y-osea-120-capsulas-vegetales,"Vitamina B1, B6, Calcio, Magnesio y Enzimas Digestivas NZ Max Plus de 5H8 Nutrition | Apoyo de la función Articular y Ósea | 120 Cápsulas",5H8 Nutrition,ACTIVE,+18 Años | 5H8 Nutrition | Adultos | Alivio del dolor crónico | articulaciones y cartílago | Calcio | descuento-15 | duracion 120 | Enzimas digestivas | Fortalecimiento de huesos | Indiferente | prebióticos y enzimas | Probioticos | Sin azúcar | Sin gluten | Sin lactosa | Vegano | vitadeals | Vitamina B1 (Tiamina) | Vitamina B6 (Piridoxina),,,Articulaciones y huesos,gid://shopify/TaxonomyCategory/hb-1-9-6,Vitamins & Supplements,"ai: Fórmula mixta B1, B6, calcio y magnesio para articulaciones",media,si,no
9605796004161,vitamina-b12-2000-mcg-de-now-foods-ayuda-a-favorecer-al-funcionamiento-del-sistema-nervioso-central-100-pastillas-veganas,Vitamina B12 2000 mcg de NOW Foods | Ayuda a favorecer al funcionamiento del sistema nervioso central | 100 pastillas veganas,Vitaminate,ACTIVE,+18 Años | Adultos | duracion 100 | Indiferente | NOW Foods | Potenciar la energía | Sin azúcar | Sin gluten | Sin lactosa | Sistema cardiovascular | Vegano | Vegetariano | vitamina-b-12 | Vitaminas,,,Complejo B y B12,gid://shopify/TaxonomyCategory/hb-1-9-6-9-3,Vitamin B,vitamina-VIT_B,alta,no,
9619261882689,vitamina-b12-500-mcg-de-swanson-produccion-de-energia-combatiendo-la-fatiga-favorece-la-funcion-cerebral-contribuyendo-a-una-mejor-concentracion-y-memoria-100-y-250-capsulas-vegetales,"Vitamina B12 500 mcg de Swanson |  Producción de energía, combatiendo la fatiga - Favorece la función cerebral, contribuyendo a una mejor concentración y memoria | 100 y 250 cápsulas vegetales",Superlabs,ACTIVE,+18 Años | Adultos | duracion 100 | Indiferente | Potenciar la energía | Salud cognitiva | Sin azúcar | Sin gluten | Sin lactosa | Sistema cardiovascular | Swanson | Vegano | Vegetariano | vitamina-b-12 | Vitaminas,,,Complejo B y B12,gid://shopify/TaxonomyCategory/hb-1-9-6-9-3,Vitamin B,vitamina-VIT_B,alta,no,
9722422788417,vitamina-b12-ionico-1000mcg-de-trace-minerals-ayuda-a-favorecer-al-funcionamiento-del-sistema-nervioso-central-59ml,Vitamina B12 Iónico 1000mcg de Trace Minerals | Ayuda a favorecer al funcionamiento del sistema nervioso central | 59ml,Superlabs,ACTIVE,+18 Años | Adultos | duracion 60 | Indiferente | NOW Foods | Potenciar la energía | Salud cognitiva | Sin azúcar | Sin gluten | Sin lactosa | Sistema cardiovascular | Trace Minerals | Vegano | Vegetariano | vitamina-b-12 | Vitaminas,,,Complejo B y B12,gid://shopify/TaxonomyCategory/hb-1-9-6-9-3,Vitamin B,vitamina-VIT_B,alta,no,
9999950446913,metilo-b12-5-000-mcg-120-pastillas,Vitamina B12 Methyl B-12 NOW 5000 mcg | Función cognitiva y memoria | 120 pastillas,Vitaminate,ACTIVE,duracion 120 | vitadeals,,,Complejo B y B12,gid://shopify/TaxonomyCategory/hb-1-9-6-9-3,Vitamin B,vitamina-VIT_B,alta,no,
9605825298753,metilo-b-12-5000-mcg-de-now-foods-con-folato-y-soporte-al-sistema-nervioso-120-pastillas,Vitamina B12 Metilada 5000 mcg Now Foods con Folato | Soporte al Sistema Nervioso | 120 cápsulas,OLSEGO GROUP,ACTIVE,+18 Años | Adultos | duracion 120 | Indiferente | NOW Foods | Potenciar la energía | Sin azúcar | Sin gluten | Sin lactosa | Sistema cardiovascular | Vegano | Vegetariano | vitamina-b-12 | Vitaminas,,,Complejo B y B12,gid://shopify/TaxonomyCategory/hb-1-9-6-9-3,Vitamin B,vitamina-VIT_B,alta,no,
9999947170113,metilo-b12-organico-spray-1-fl-oz-30ml-mary-ruth-s,Vitamina B12 Metilcobalamina Spray Orgánico MaryRuth’s | Sistema nervioso | 30 ml,OLSEGO GROUP,ACTIVE,duracion 120 | PRO | vitadeals,,,Complejo B y B12,gid://shopify/TaxonomyCategory/hb-1-9-6-9-3,Vitamin B,vitamina-VIT_B,alta,no,
9620595704129,vitamina-b2-100-mg-suplemento-alimenticio-potencia-la-energia,Vitamina B2 100 mg Riboflavina de NOW | Suplemento Alimenticio | Potencia la Energía,OLSEGO GROUP,ACTIVE,descuento-25 | duracion 100 | Indiferente | Salud cognitiva | Vitaminas,,,Complejo B y B12,gid://shopify/TaxonomyCategory/hb-1-9-6-9-3,Vitamin B,vitamina-VIT_B,alta,no,
9652954693953,vitamina-b3-niacina-500mg-de-flow-supplements-apoya-la-funcion-cardiovascular-y-metabolica-aumentando-la-energia-90-capsulas-vegetales,"Vitamina B3 - Niacina 500mg de Flow Supplements | Apoya la función cardiovascular y metabólica, aumentando la energía | 90 cápsulas vegetales",Flow Supplements,ACTIVE,+18 Años | Adultos | descuento-15 | duracion 90 | Flow Supplement | Indiferente | Keto | Potenciar la energía | Sin azúcar | Sin gluten | Sistema cardiovascular | Sistema inmunitario | vitadeals | Vitamina B3 (Niacina) | vitamina-b-3 | Vitaminas,,,Complejo B y B12,gid://shopify/TaxonomyCategory/hb-1-9-6-9-3,Vitamin B,vitamina-VIT_B,alta,no,
9887453806913,vitamina-b3-multigenics-intensive-care-formula-metagenics-energia-y-metabolismo-120-tabletas,Vitamina B3 | Multigenics Intensive Care Formula | Metagenics | Energía y metabolismo | 120 Tabletas,Ultragenics,ACTIVE,duracion 120 | PRO,,,Complejo B y B12,gid://shopify/TaxonomyCategory/hb-1-9-6-9-3,Vitamin B,vitamina-VIT_B,alta,no,
9796559798593,vitamina-b6-citrato-de-potasio-combinado-de-hierbas-2700mg-de-michaels-health-apoyo-para-el-bienestar-digestivo-y-el-control-de-peso-60-tabletas-vegetarianas,Vitamina B6 & Citrato de Potasio + Combinado de Hierbas 2700mg de Michael's Health | Apoyo para el Bienestar Digestivo | 60 cápsulas,Vitaminate,ACTIVE,descuento-10,,,Digestivos y confort intestinal,gid://shopify/TaxonomyCategory/hb-1-9-6-5,Herbal Supplements,"ai: Mezcla herbal con B6 y citrato de potasio, enfoque digestivo",media,si,no
9999950414145,vitamina-b-6-100-mg-cardiovascular-250-caps,Vitamina B6 100 mg de Now | Equilibrio Energético Diario | 250 cápsulas,Vitaminate,ACTIVE,duracion 250 | PRO,,,Complejo B y B12,gid://shopify/TaxonomyCategory/hb-1-9-6-9-3,Vitamin B,vitamina-VIT_B,alta,no,
9616826630465,vitamina-b6-100-mg-now-foods-apoyo-cardiovascular-y-funcion-nerviosa-100-capsulas-vegetarianas,Vitamina B6 100 mg NOW Foods | Apoyo Cardiovascular y Función Nerviosa | 100 Cápsulas Vegetarianas,OLSEGO GROUP,ACTIVE,+18 Años | Adultos | descuento-25 | duracion 100 | Indiferente | NOW Foods | Salud cognitiva | Sin azúcar | Sin gluten | Sin lactosa | Sistema cardiovascular | Sistema inmunitario | Vegano | Vegetariano | vitadeals | vitamina-b-6 | Vitaminas,,,Complejo B y B12,gid://shopify/TaxonomyCategory/hb-1-9-6-9-3,Vitamin B,vitamina-VIT_B,alta,no,
9644593545537,vitamina-b6-b-12-inositol-gaba-y-mas-neurocalm™-de-designs-for-health-estado-de-animo-saludable-sensacion-de-bienestar-60-capsulas-vegetales,"Vitamina B6, B 12, Inositol, GABA, y más NeuroCalm™ de Designs for Health | Estado de Ánimo Saludable - Sensación de Bienestar | 60 Cápsulas Vegetales",OLSEGO GROUP,ACTIVE,Ansiedad y estrés | Designs for health | duracion 30 | Indiferente | Sueño y descanso,,,Sueño y relajación,gid://shopify/TaxonomyCategory/hb-1-9-6-12,Sleep Supplements,ai: Fórmula GABA e inositol para calma y ánimo,media,si,no
9644601049409,vitamina-b6-l-tirosina-l-glutamina-gaba-y-mas-neurolink™-de-desings-for-health-promueve-la-funcion-cerebral-y-cognitiva-180-capsulas-vegetales,"Vitamina B6, L-Tirosina, L-Glutamina, GABA y más Neurolink™ de  Designs for Health | Promueve la Función Cerebral y Cognitiva | 180 cápsulas vegetales",Vitaminate,ACTIVE,Ansiedad y estrés | Designs for health | duracion 30 | Indiferente | Sueño y descanso,,,Memoria y concentración,gid://shopify/TaxonomyCategory/hb-1-9-6-1,Amino Acids,"ai: Aminoácidos tirosina, glutamina y GABA para función cognitiva",media,si,no
9796564877633,vitamina-b6-manganeso-y-cromo-mezcla-patentada-de-hierbas-600mg-de-michaels-health-nutrientes-esenciales-para-la-produccion-de-hormonas-tiroideas-y-la-funcion-inmunologica-60-capsulas-veganas,"Vitamina B6, Manganeso y Cromo + Mezcla Patentada de Hierbas 600mg de Michael's Health | Favorece el equilibrio hormonal natural | 60 Cápsulas Veganas",Vitaminate,ACTIVE,descuento-10,,,Hierbas y extractos botánicos,gid://shopify/TaxonomyCategory/hb-1-9-6-5,Herbal Supplements,"ai: Mezcla patentada de hierbas con B6, manganeso y cromo",media,si,no
9644611109185,vitamina-b6-n-acetil-l-tirosina-te-verde-y-quercetina-dopaboost™-de-designs-for-health-apoyo-del-sistema-nervioso-central-60-capsulas-vegetales,"Vitamina B6, N-Acetil-L-Tirosina, Té Verde y Quercetina DopaBoost™ de Designs for Health | Apoyo del Sistema Nervioso Central | 60 Cápsulas Vegetales",Vitaminate,ACTIVE,+18 Años | Adultos | Ansiedad y estrés | Combinados de hierbas | Designs for health | duracion 30 | Extracto de té verde | Hierbas | Indiferente | Potenciar la energía | Quercetina | Sin azúcar | Sin gluten | Sin lactosa | Sistema cardiovascular | Sistema inmunitario | Suplementos herbales | Tirosina | Vegetariano | Vitamina B6 (Piridoxina) | vitamina-b-6,,,Memoria y concentración,gid://shopify/TaxonomyCategory/hb-1-9-6,Vitamins & Supplements,ai: N-acetil-L-tirosina con té verde para sistema nervioso central,media,si,no
9603954442561,vitamina-c-1-000-mg-y-zinc-15-mg-now-foods-para-el-apoyo-inmunologico-90-y-180-capsulas-vegetales,"Vitamina C (1,000 mg) y Zinc (15 mg) NOW Foods para el Apoyo Inmunológico | 90 y 180 Cápsulas Vegetales",Vitaminate,ACTIVE,+18 Años | Adultos | descuento-20 | duracion 90 | Indiferente | NOW Foods | Potenciar la energía | PRO | Sin azúcar | Sin gluten | Sin lactosa | Sistema inmunitario | Vegano | Vegetariano | vitamina-c | Vitaminas,,,Vitamina C,gid://shopify/TaxonomyCategory/hb-1-9-6-9-4,Vitamin C,"ai: Vitamina C 1000 mg principal, zinc secundario",alta,si,no
9653786575169,vitamina-c-equinacea-1500mg-por-porcion-de-flow-supplement-refuerza-el-sistema-inmunologico-protegiendo-contra-gripes-y-resfriados-90-capsulas-vegetales,"Vitamina C + Equinácea 1500mg por porción de Flow Supplement |  Refuerza el sistema Inmunológico, protegiendo contra gripes y resfriados | 90 cápsulas vegetales",Flow Supplements,ACTIVE,+18 Años | Adultos | descuento-15 | duracion 30 | Equinácea | Flow Supplement | Indiferente | Keto | Potenciar la energía | Sin azúcar | Sin gluten | Sistema inmunitario | vitadeals | vitamina-c | Vitaminas,,,Vitamina C,gid://shopify/TaxonomyCategory/hb-1-9-6-9-4,Vitamin C,vitamina-VIT_C,alta,no,
9664700842305,vitamina-c-magnesio-500mg-de-5h8-nutrition-c-300-fortalece-el-sistema-inmune-antioxidante-120-capsulas-vegetales,Vitamina C + Magnesio 500mg de 5H8 Nutrition - C 300 | Fortalece el Sistema Inmune - Antioxidante | 120 Cápsulas,5H8 Nutrition,ACTIVE,+18 Años | 5H8 Nutrition | Adultos | descuento-15 | duracion 120 | Indiferente | Sin azúcar | Sin gluten | Sin lactosa | Sistema cardiovascular | Sistema inmunitario | Vegano | vitadeals | vitamina-c | Vitaminas,,,Vitamina C,gid://shopify/TaxonomyCategory/hb-1-9-6-9-4,Vitamin C,ai: Vitamina C protagonista con magnesio como cofactor,alta,si,no
9733272731969,vitamina-c-zinc-con-extracto-de-baya-de-sauco-europeo-organico-de-mary-ruths-antioxidantes-y-nutrientes-que-ayudan-a-proteger-las-celulas-y-apoyar-la-funcion-respiratoria-60-gomitas-sabor-bayas-mixtas,Vitamina C + Zinc con Extracto de baya de saúco Europeo Orgánico de Mary Ruth's  | Antioxidantes y nutrientes que ayudan a proteger las células y apoyar la función respiratoria | 60 gomitas Sabor Bayas Mixtas,Vitaminate,ACTIVE,3 a 10 Años | descuento-10 | duracion 30 | Indiferente | MaryRuth's | Niños | Sin azúcar | Sin gluten | Sin lactosa | Sistema inmunitario | Sistema respiratorio | Suplementos Combinados | Vegano,,,Defensas e inmunidad,gid://shopify/TaxonomyCategory/hb-1-9-6-9-4,Vitamin C,"ai: Gomitas de vitamina C, zinc y saúco para inmunidad",media,si,no
9999950577985,vitamina-c-1000-mg-con-escaramujo-y-liberacion-sostenida-100-tabs,"Vitamina C 1000 mg con Rosa Mosqueta de Now Foods | Refuerza el sistema inmunológico, contribuye a la formación de colágeno | 100 tabletas",Vitaminate,ACTIVE,duracion 100,,,Colágeno,gid://shopify/TaxonomyCategory/hb-1-9-6-2,Collagen,colageno,alta,no,
9625118015809,vitamina-c-1000mg-con-escaramujo-de-swanson-apoya-el-sistema-inmunologico-y-ayuda-en-la-absorcion-de-hierro-90-capsulas-vegetales,Vitamina C 1000 mg con Rosa Mosqueta Swanson  | Apoya el sistema inmunológico y ayuda en la absorción de hierro | 90 cápsulas vegetales,Superlabs,ACTIVE,+18 Años | Adultos | descuento-10 | duracion 90 | Indiferente | Salud digestiva | Sin azúcar | Sin gluten | Sin lactosa | Sistema inmunitario | Swanson | Vegano | Vegetariano | vitadeals | vitamina-c | Vitaminas,,,Vitamina C,gid://shopify/TaxonomyCategory/hb-1-9-6-9-4,Vitamin C,ai: Vitamina C 1000 mg con rosa mosqueta,alta,si,no
9999950676289,vitamina-c-1000-250-tabs-vitamin-c-1000-tabs,"Vitamina C 1000 mg de NOW Foods | Funcionamiento inmunitario, antioxidante  | 250 Tabletas",Vitaminate,ACTIVE,,,,Vitamina C,gid://shopify/TaxonomyCategory/hb-1-9-6-9-4,Vitamin C,vitamina-VIT_C,alta,no,
10090701291841,vitamina-c-1000-mg,"Vitamina C 1000 mg de Superlabs | Protección Antioxidante, bienestar general | 100 tabletas",Superlabs,ACTIVE,,,,Vitamina C,gid://shopify/TaxonomyCategory/hb-1-9-6-9-4,Vitamin C,vitamina-VIT_C,alta,no,
9602953707841,vitamina-c-1000mg-y-bio-quercetina-15mg-de-life-extension-promueve-la-funcion-del-sistema-inmunologico-60-tabletas-vegetales,Vitamina C 1000mg y Bio-Quercetina 15mg de Life Extension | Promueve la función del sistema inmunológico | 60 tabletas vegetales,OLSEGO GROUP,ACTIVE,+18 Años | Adultos | descuento-10 | duracion 60 | Indiferente | Life Extension | PRO | Sin azúcar | Sin gluten | Sin lactosa | Sistema cardiovascular | Sistema inmunitario | Vegano | Vegetariano | vitamina-c | Vitaminas,,,Vitamina C,gid://shopify/TaxonomyCategory/hb-1-9-6-9-4,Vitamin C,vitamina-VIT_C,alta,no,
9605126357313,vitamina-c-100mg-bio-quercetina-15mg-de-life-extension-promueve-la-fortaleza-del-sistema-inmunologico-250-capsulas-vegetales,Vitamina C 100mg + Bio-Quercetina 15mg de Life Extension | Promueve la fortaleza del sistema inmunológico | 250 cápsulas vegetales,OLSEGO GROUP,ACTIVE,+18 Años | Adultos | duracion 250 | Indiferente | Life Extension | Sin azúcar | Sin gluten | Sin lactosa | Sistema cardiovascular | Sistema inmunitario | Vegano | Vegetariano | vitamina-c | Vitaminas,,,Vitamina C,gid://shopify/TaxonomyCategory/hb-1-9-6-9-4,Vitamin C,vitamina-VIT_C,alta,no,
9769333883201,vitamina-c-300mg-con-rosa-mosqueta-de-kal-sistema-inmunologico-antioxidante-apoya-el-bienestar-de-la-piel-y-la-produccion-de-colageno-100-capsulas-veganas,"Vitamina C 300mg con Rosa Mosqueta de KAL | Sistema inmunológico, Antioxidante, Apoya el bienestar de la piel y la producción de colágeno | 100 Cápsulas veganas",Fresh Vitamins,ACTIVE,descuento-10 | duracion 100,,,Colágeno,gid://shopify/TaxonomyCategory/hb-1-9-6-2,Collagen,colageno,alta,no,
9733250744641,vitamina-c-90mg-para-ninos-en-gomitas-organicas-de-mary-ruths-fortalece-el-sistema-inmune-60-gomitas-sabor-naranja-30-servicios,Vitamina C 90mg Para Niños en Gomitas Orgánicas de Mary Ruth's | Fortalece el Sistema Inmune | 60 gomitas Sabor Naranja - 30 servicios,Vitaminate,ACTIVE,3 a 10 Años | Cuidado del cabello | descuento-10 | duracion 30 | Indiferente | MaryRuth's | Niños | piel y uñas | Potenciar la energía | Salud infantil | Sin azúcar | Sin gluten | Sin lactosa | Sistema inmunitario | Vegano | Vitaminas,,,Vitamina C,gid://shopify/TaxonomyCategory/hb-1-9-6-9-4,Vitamin C,vitamina-VIT_C,alta,no,
9999950840129,polvo-de-ascorbato-de-sodio-8oz-227gr,Vitamina C Ascorbato de Sodio de Now Foods |  Forma de vitamina C suave para el estómago| 227 g,Vitaminate,ACTIVE,duracion 119 | PRO,,,Vitamina C,gid://shopify/TaxonomyCategory/hb-1-9-6-9-4,Vitamin C,vitamina-VIT_C,alta,no,
9621414969665,vitamina-c-con-rosa-mosqueta-500mg-de-swanson-refuerza-el-sistema-inmune-ayudando-al-cuerpo-a-defenderse-contra-enfermedades-e-infecciones-100-capsulas-vegetales,"Vitamina C con rosa mosqueta 500mg de Swanson |  Refuerza el sistema inmune, ayudando al cuerpo a defenderse contra enfermedades e infecciones | 100 cápsulas vegetales",Superlabs,ACTIVE,+18 Años | Adultos | descuento-20 | duracion 50 | Indiferente | Sin azúcar | Sin gluten | Sin lactosa | Sistema cardiovascular | Sistema inmunitario | Swanson | Vegano | Vegetariano | vitadeals | vitamina-c | Vitaminas,,,Vitamina C,gid://shopify/TaxonomyCategory/hb-1-9-6-9-4,Vitamin C,vitamina-VIT_C,alta,no,
9999947104577,vitamina-c-sabor-cereza-60-gomitas-mary-ruth-s,Vitamina C de Mary Ruth´s | Soporte inmune | 60 Gomitas,Vitaminate,ACTIVE,,,,Vitamina C,gid://shopify/TaxonomyCategory/hb-1-9-6-9-4,Vitamin C,vitamina-VIT_C,alta,no,
9624140316993,vitamina-c-con-curcuma-y-jengibre-2000mg-por-porcion-de-silvia-strauss-propiedades-antiinflamatorias-ayuda-a-reducir-la-inflamacion-y-promueve-la-funcion-digestiva-100-capsulas-vegetales,Vitamina C Hello Radiance! Silvia Strauss | Refuerza el sistema inmune de forma natural | 100 cápsulas vegetales,Silvia Strauss,ACTIVE,+18 Años | Adultos | Cuidado del cabello | descuento-15 | duracion 50 | Indiferente | piel y uñas | Salud digestiva | Silvia Strauss | Sin gluten | Sin lactosa | Sistema inmunitario | Vegano | vitadeals | vitamina-c | Vitaminas,,,Vitamina C,gid://shopify/TaxonomyCategory/hb-1-9-6-9-4,Vitamin C,vitamina-VIT_C,alta,no,
9598001643841,vitamina-c-liposomal-1-450-mg-de-humble-absorcion-mejorada-y-fortalece-el-sistema-inmune-60-capsulas-vegetales,"Vitamina C Liposomal 1,450 mg de Humble | Absorción Mejorada y Fortalece el Sistema Inmune | 60 cápsulas vegetales",Vitaminate,ACTIVE,+18 Años | Adultos | articulaciones y cartílago | descuento-10 | duracion 30 | Fortalecimiento de huesos | Humble | Indiferente | Potenciar la energía | PRO | Sin azúcar | Sin gluten | Sin lactosa | Sistema inmunitario | Vegano | Vegetariano | vitamina-c | Vitaminas,,,Vitamina C,gid://shopify/TaxonomyCategory/hb-1-9-6-9-4,Vitamin C,vitamina-VIT_C,alta,no,
9605612798273,vitamina-c-liposomal-1-000mg-de-now-foods-defensas-y-fortalecimiento-del-sistema-inmune-120-capsulas-vegetarianas,Vitamina C Liposomal 1.000mg de NOW Foods | Defensas y Fortalecimiento del Sistema Inmune | 120 cápsulas vegetarianas,OLSEGO GROUP,ACTIVE,+18 Años | Adultos | duracion 120 | Indiferente | NOW Foods | Potenciar la energía | PRO | Sin azúcar | Sin gluten | Sin lactosa | Sistema inmunitario | Vegano | Vegetariano | vitamina-c | Vitaminas,,,Vitamina C,gid://shopify/TaxonomyCategory/hb-1-9-6-9-4,Vitamin C,vitamina-VIT_C,alta,no,
9605195891009,vitamina-c-liposomal-24-horas-350mg-con-lipo-cmax-1000mg-y-ascorbato-de-calcio-formula-hydrogel-de-life-extension-apoyo-del-sistema-inmunologico-60-tabletas-vegetales-de-alta-absorcion,"Vitamina C Liposomal 24 Horas 350mg con Lipo-Cmax 1000mg y Ascorbato de Calcio, Fórmula Hydrogel de Life Extension |  Apoyo del Sistema Inmunológico | 60 tabletas vegetales de alta absorción",OLSEGO GROUP,ACTIVE,+18 Años | Adultos | duracion 60 | Indiferente | Life Extension | PRO | Sin azúcar | Sin gluten | Sin lactosa | Sistema cardiovascular | Sistema inmunitario | Vegano | Vegetariano | vitadeals | vitamina-c | Vitaminas,,,Vitamina C,gid://shopify/TaxonomyCategory/hb-1-9-6-9-4,Vitamin C,ai: Vitamina C liposomal de alta absorción,alta,si,no
9999948874049,vitamina-c-liposomal-sabor-naranja-y-vainilla-7-6-fl-oz-225ml-mary-ruth-s,Vitamina C Liposomal Megadosis de MaryRuth’s | Promueve energía y vitalidad diaria | 225 ml,Vitaminate,ACTIVE,duracion 30 | PRO,,,Vitamina C,gid://shopify/TaxonomyCategory/hb-1-9-6-9-4,Vitamin C,vitamina-VIT_C,alta,no,
9999947596097,vitamina-c-organica-para-bebes-liquida2-fl-oz-60ml-mary-ruth-s,"Vitamina C Líquida Orgánica para Bebés, MaryRuth’s | Apoyo inmune |60 ml",Vitaminate,ACTIVE,duracion 30,,,Vitamina C,gid://shopify/TaxonomyCategory/hb-1-9-6-9-4,Vitamin C,vitamina-VIT_C,alta,no,
9999947727169,vitamina-c-para-ninos-sabor-naranja-y-vainilla-2-fl-oz-60ml-mary-ruth-s,"Vitamina C Líquida Orgánica para Niños, MaryRuth’s | Apoyo inmune y antioxidante |  60 ml",Vitaminate,ACTIVE,,,,Vitamina C,gid://shopify/TaxonomyCategory/hb-1-9-6-9-4,Vitamin C,vitamina-VIT_C,alta,no,
9615613493569,vitamina-c-liquida-para-ninos-de-child-life-apoyo-del-sistema-inmunologico-118ml-formula-liquida-con-sabor-a-naranja-natural,Vitamina C Líquida para niños de Child Life | Apoyo del Sistema Inmunológico | 118ml fórmula líquida con sabor a naranja natural,Vitaminate,ACTIVE,0 a 3 Años | Child Life | descuento-10 | duracion 12 | Indiferente | Niños | Sin azúcar | Sin gluten | Sin lactosa | Sistema inmunitario | Vegano | Vegetariano | vitamina-c | Vitaminas,Vitamina,,Vitamina C,gid://shopify/TaxonomyCategory/hb-1-9-6-9-4,Vitamin C,vitamina-VIT_C,alta,no,
9999947563329,vitamina-c-organica-para-ninos-liquida-1-fl-oz-30ml-mary-ruth-s,Vitamina C para niños de MaryRuth’s| Función Inmunológica | 30 ml,Vitaminate,ACTIVE,duracion 30,,,Vitamina C,gid://shopify/TaxonomyCategory/hb-1-9-6-9-4,Vitamin C,vitamina-VIT_C,alta,no,
9982182654273,vitamina-c-acido-ascorbico-500-mg-natsa-apoya-el-funcionamiento-del-sistema-inmune-100-tabletas,"Vitamina C, Ácido Ascórbico 500 mg Natsa | Apoya el funcionamiento del sistema inmune | 100 tabletas",Natsa,ACTIVE,duracion 50 | PRO,,,Vitamina C,gid://shopify/TaxonomyCategory/hb-1-9-6-9-4,Vitamin C,vitamina-VIT_C,alta,no,
9718966518081,vitamina-c-b-paba-complejo-suprarrenal-n-acetil-l-tirosina-de-designs-for-health-apoya-la-funcion-suprarrenal-saludable-120-capsulas-vegetales,"Vitamina C, B, PABA, Complejo Suprarrenal, N-Acetil-L-Tirosina de Designs for Health | Apoya la función suprarrenal saludable | 120 cápsulas vegetales",OLSEGO GROUP,ACTIVE,+18 Años | Ansiedad y estrés | Designs for health | duracion 60 | Indiferente | Potenciar la energía | Salud urinaria | Sin azúcar | Sin gluten | Sin lactosa | Suplementos Combinados | Vegetariano,,,Adaptógenos y manejo del estrés,gid://shopify/TaxonomyCategory/hb-1-9-6,Vitamins & Supplements,"ai: Complejo suprarrenal con vitaminas, PABA y tirosina; apoyo al estrés",media,si,no
9654869786945,vitamina-c-calcio-zinc-con-bacopa-y-diente-de-leon-1000mg-por-porcion-unstoppable-mind-de-moods-ayuda-a-la-concentracion-memoria-y-aprendizaje-60-capsulas-veganas,"Vitamina C, Calcio, Zinc con Bacopa y Diente de león 1000mg por porción Unstoppable Mind de Moods | Ayuda a la concentración, memoria y aprendizaje | 60 cápsulas veganas",Moods,ACTIVE,+18 Años | Adultos | Carbonato de calcio | Combinados temas de salud | Concentración | duracion 30 | Gluconato de zinc | Indiferente | Melena de Léon | memoria y atención | Moods | Sin gluten | Sin lactosa | Suplementos Combinados | Vegano | vitadeals | Vitamina B5 (Ácido pantoténico) | Vitamina B6 (Piridoxina) | vitamina-c | Ácido alfa lipoico (ALA),,,Memoria y concentración,gid://shopify/TaxonomyCategory/hb-1-9-6,Vitamins & Supplements,ai: Fórmula combinada con bacopa orientada a concentración y memoria,media,si,no
9654859137345,vitamina-c-d-b12-con-antioxidantes-y-hongos-adaptogenos-1400mg-por-porcion-shields-up-de-moods-multivitaminico-para-el-apoyo-del-sistema-inmune-energia-y-vitalidad-60-capsulas-veganas,"Vitamina C, D, B12 con antioxidantes y hongos adaptógenos 1400mg por porción Shields Up!  de Moods | Multivitamínico para el apoyo del sistema inmune, energía y vitalidad | 60 cápsulas veganas",Moods,ACTIVE,+18 Años | Adultos | Combinados temas de salud | Cúrcuma | duracion 30 | Indiferente | Jengibre | Melena de Léon | Moods | Resveratrol | Shiitake | Sin gluten | Sin lactosa | Sistema inmunitario | Suplementos Combinados | Vegano | vitadeals | Vitamina B12 | Vitamina D3 | vitamina-c | Zinc,,,Multivitamínicos,gid://shopify/TaxonomyCategory/hb-1-9-6-7,Multivitamin Supplements,multivitaminico-explicito,alta,no,
9620820885825,vitamina-c-d-fruto-de-sauco-de-child-life-disenado-para-fortalecer-el-sistema-inmunologico-27-gomitas-masticables-sabor-natural-a-bayas,"Vitamina C, D, Fruto de Saúco de Child Life | Diseñado para fortalecer el sistema inmunológico | 27 gomitas masticables sabor natural a bayas",Vitaminate,ACTIVE,3 a 10 Años | Child Life | descuento-10 | duracion 27 | Indiferente | Niños | Salud infantil | Sin azúcar | Sin gluten | Sin lactosa | Sistema inmunitario | Vegano | Vegetariano | vitamina-c | Vitaminas,,,Vitamina C,gid://shopify/TaxonomyCategory/hb-1-9-6-9-4,Vitamin C,vitamina-VIT_C,alta,no,
9794389082433,vitamina-c-d3-b3-b5-b6-calcio-panax-ginseng-y-otros-compuestos-de-michaels-health-apoyo-para-el-bienestar-hormonal-masculino-promoviendo-la-vitalidad-60-tabletas-vegetarianas,"Vitamina C, D3, B3, B5, B6, Calcio, Panax Ginseng y otros compuestos de Michael's Health | Bienestar masculino | 60 tabletas vegetarianas",Vitaminate,ACTIVE,duracion 60,,,Bienestar masculino y próstata,gid://shopify/TaxonomyCategory/hb-1-9-6-7,Multivitamin Supplements,ai: Multivitamínico con ginseng formulado para bienestar masculino,media,si,no
9726259724609,vitamina-c-e-biotina-cabello-piel-y-unas-gomitas-de-mary-ruths-fortalece-piel-unas-y-cabello-60-gomitas-sabor-fresa-30-servicios,"Vitamina C, E, Biotina - Cabello, Piel y Uñas Gomitas de Mary Ruth's | Fortalece Piel, Uñas y Cabello | 60 gomitas Sabor Fresa - 30 Servicios",Vitaminate,ACTIVE,+18 Años | Adultos | articulaciones y cartílago | colageno | Cuidado del cabello | descuento-15 | duracion 30 | Fortalecimiento de huesos | Indiferente | MaryRuth's | piel y uñas | Sin azúcar | Sin gluten | Sin lactosa | Vegetariano | Vitamina B7 (Biotina) | Vitaminas | Ácido hialurónico,,,"Belleza: cabello, piel y uñas",gid://shopify/TaxonomyCategory/hb-1-9-6-7,Multivitamin Supplements,"ai: Gomitas con biotina y vitaminas para cabello, piel y uñas",alta,no,no
9625640534337,vitamina-c-zinc-amla-semillas-de-uva-antialergico-para-ninos-de-child-life-apoyo-inmunitario-118-ml-formula-liquida-con-sabor-a-uva-natural,"Vitamina C, Zinc, Amla, Semillas de uva  - Antialérgico para niños de Child Life | Apoyo Inmunitario | 118 ml fórmula líquida con sabor a uva natural",Vitaminate,ACTIVE,3 a 10 Años | Child Life | combinados-de-hierbas | Hierbas | Indiferente | Niños | Sin azúcar | Sin gluten | Sin lactosa | Sistema inmunitario | Sistema respiratorio | Suplementos herbales | Vegano | Vegetariano,,,Suplementos para niños,gid://shopify/TaxonomyCategory/hb-1-9-6,Vitamins & Supplements,"ai: Fórmula líquida infantil con vitamina C, zinc y hierbas",media,si,no
9935943270721,vitamina-c-avanzada-con-zinc-y-glutation-200-capsulas,"Vitamina C, Zinc, Echinacea y Jengibre  Infinity Eternal Nutrition | Favorece la producción de colágeno | 200 cápsulas",Eternal,ACTIVE,duracion 200,,,Colágeno,gid://shopify/TaxonomyCategory/hb-1-9-6-2,Collagen,colageno,alta,no,
9794463891777,vitamina-c-b5-b6-d3-calcio-yodo-magnesio-y-combinado-de-hierbas-de-micahels-health-extractos-organicos-formulados-para-el-equilibrio-hormonal-femenino-90-tabletas-vegetarianas,"Vitamina C,B5, B6, D3, Calcio, Yodo, Magnesio y Combinado de Hierbas de Micahel's Health | Extractos orgánicos formulados para el equilibrio hormonal femenino | 90 tabletas vegetarianas",Vitaminate,ACTIVE,duracion 22,,,Bienestar femenino y menopausia,gid://shopify/TaxonomyCategory/hb-1-9-6-7,Multivitamin Supplements,"ai: Vitaminas, minerales y hierbas para equilibrio hormonal femenino",media,si,no
9603836084545,vitamina-c-1000-con-bioflavonoides-100mg-de-now-foods-proteccion-antioxidante-fortalece-sistema-inmunologico-100-tabletas-veganas,Vitamina C-1000 con Bioflavonoides 100mg de Now Foods | Protección Antioxidante - Fortalece Sistema Inmunológico | 100 Cápsulas veganas,OLSEGO GROUP,ACTIVE,descuento-10 | duracion 100 | Indiferente | PRO | Sistema inmunitario | Vitaminas,,,Vitamina C,gid://shopify/TaxonomyCategory/hb-1-9-6-9-4,Vitamin C,vitamina-VIT_C,alta,no,
9625457230145,vitamina-c-1000-con-rosa-mosqueta-y-bioflavonoides-1000-mg-de-now-foods-proteccion-antioxidante-para-el-sistema-inmunologico-100-tabletas-vegetales,"Vitamina C-1000 con Rosa Mosqueta y Bioflavonoides, 1000 mg, de NOW Foods | Protección Antioxidante para el Sistema Inmunológico | 100 Tabletas Vegetales",OLSEGO GROUP,ACTIVE,+18 Años | Adultos | descuento-20 | duracion 50 | Indiferente | NOW Foods | Potenciar la energía | PRO | Sin azúcar | Sin gluten | Sin lactosa | Sistema inmunitario | Vegano | Vegetariano | vitadeals | vitamina-c | Vitaminas,,,Vitamina C,gid://shopify/TaxonomyCategory/hb-1-9-6-9-4,Vitamin C,vitamina-VIT_C,alta,no,
9999950643521,vitamina-c-1000-liberacion-sostenida-250-tabs,"Vitamina C-1000 NOW | Beneficia piel, huesos y articulaciones | 250 tabletas",OLSEGO GROUP,ACTIVE,duracion 250,,,Vitamina C,gid://shopify/TaxonomyCategory/hb-1-9-6-9-4,Vitamin C,vitamina-VIT_C,alta,no,
9599675367745,vitamina-d-3-k-2-1000-iu-45-mcg-de-now-foods-apoyo-para-la-funcion-osea-cardiovascular-y-absorcion-de-calcio-120-capsulas-veganas,"Vitamina D-3 & K-2, 1000 IU - 45 mcg de NOW Foods - Apoyo para la función ósea, cardiovascular y absorción de calcio | 120 cápsulas veganas",OLSEGO GROUP,ACTIVE,+18 Años | Adultos | articulaciones y cartílago | descuento-10 | duracion 60 | Fortalecimiento de huesos | Indiferente | Keto | NOW Foods | PRO | Sin azúcar | Sin gluten | Sin lactosa | Sistema inmunitario | Vegano | Vegetariano | vitamina-d | Vitaminas,,,Vitamina D y K,gid://shopify/TaxonomyCategory/hb-1-9-6-9-5,Vitamin D,ai: Vitamina D3 con K2 como principal,alta,si,no
9757374611777,vitamina-d-3-1-000-iu-alta-potencia-de-now-foods-apoyo-estructural-para-huesos-fuertes-e-inmunidad-saludable-no-ogm-sin-gluten-ni-derivados-lacteos-180-capsulas-blandas-vegetales,"Vitamina D-3 1,000 IU Alta Potencia de NOW Foods | Apoyo Inmunológico y Óseo | 180 Cápsulas Blandas Vegetales",Vitaminate,ACTIVE,duracion 180 | PRO,,,Vitamina D y K,gid://shopify/TaxonomyCategory/hb-1-9-6-9-5,Vitamin D,vitamina-VIT_D,alta,no,
9597396451649,vitamina-d-3-2000-ui-de-now-foods-fortalecimiento-oseo-y-del-sistema-inmune-30-120-y-240-capsulas-blandas,"Vitamina D-3 2000 UI de NOW Foods | Fortalecimiento Óseo y del Sistema Inmune | 30, 120 y 240 cápsulas blandas",Vitaminate,ACTIVE,+18 Años | Adultos | articulaciones y cartílago | descuento-10 | duracion 30 | Fortalecimiento de huesos | Indiferente | NOW Foods | PRO | Sin azúcar | Sin gluten | Sin lactosa | Sistema inmunitario | Vegano | Vegetariano | vitamina-d | Vitaminas,,,Vitamina D y K,gid://shopify/TaxonomyCategory/hb-1-9-6-9-5,Vitamin D,vitamina-VIT_D,alta,no,
9599618646337,vitamina-d-3-50-000-ui-de-now-foods-maxima-potencia-soporte-estructural-no-gmo-fortalece-el-sistema-inmunologico-50-capsulas-blandas,"Vitamina D-3 50,000 UI de NOW Foods - Máxima Potencia Soporte Estructural, No-GMO | Fortalece el sistema inmunológico | 50 cápsulas Blandas",Vitaminate,ACTIVE,+18 Años | Adultos | articulaciones y cartílago | descuento-20 | duracion 50 | Fortalecimiento de huesos | Indiferente | Keto | NOW Foods | PRO | Sin azúcar | Sin gluten | Sin lactosa | Sistema cardiovascular | Sistema inmunitario | Vegano | Vegetariano | vitamina-d | Vitaminas,,,Vitamina D y K,gid://shopify/TaxonomyCategory/hb-1-9-6-9-5,Vitamin D,vitamina-VIT_D,alta,no,
9814063219009,vitamina-d-3-5000-ui-alta-potencia-soporte-inmunologico-fortalece-dientes-y-huesos-mejora-la-salud-muscular-no-gmo-30-120-y-240-capsulas-blandas-copia-1,"Vitamina D-3 5000 UI Alta Potencia, Soporte Inmunológico, Fortalece Dientes y Huesos, Mejora la Salud Muscular, No GMO | 30 y 120 Cápsulas",OLSEGO GROUP,ACTIVE,+18 Años | Adultos | articulaciones y cartílago | descuento-25 | duracion 30 | Fortalecimiento de huesos | Indiferente | NOW Foods | PRO | Sin azúcar | Sin gluten | Sin lactosa | Sistema inmunitario | Vegano | Vegetariano | vitamina-d | Vitaminas,,,Vitamina D y K,gid://shopify/TaxonomyCategory/hb-1-9-6-9-5,Vitamin D,vitamina-VIT_D,alta,no,
9587711050049,vitamina-d-3-5000-ui-alta-potencia-soporte-inmunologico-fortalece-dientes-y-huesos-mejora-la-salud-muscular-no-gmo-30-120-y-240-capsulas-blandas,"Vitamina D-3 5000 UI Alta Potencia| Apoya sistema inmune y huesos | 30, 120 y 240 Cápsulas Blandas",OLSEGO GROUP,ACTIVE,+18 Años | Adultos | articulaciones y cartílago | descuento-25 | duracion 30 | Fortalecimiento de huesos | Indiferente | NOW Foods | PRO | Sin azúcar | Sin gluten | Sin lactosa | Sistema inmunitario | Vegano | Vegetariano | vitadeals | vitamina-d | Vitaminas,,,Vitamina D y K,gid://shopify/TaxonomyCategory/hb-1-9-6-9-5,Vitamin D,vitamina-VIT_D,alta,no,
9594152059201,vitamina-d-3-liquida-de-now-foods-apoyo-para-la-funcion-osea-y-sistema-inmune-59ml,Vitamina D-3 Líquida de NOW Foods | Apoyo para la función Ósea y Sistema Inmune | 59ml,Vitaminate,ACTIVE,3 a 10 Años | Adultos | articulaciones y cartílago | descuento-25 | duracion 60 | Fortalecimiento de huesos | Indiferente | NOW Foods | Potenciar la energía | PRO | Sin azúcar | Sin gluten | Sin lactosa | Sistema inmunitario | Vegano | Vegetariano | vitamina-d | Vitaminas,,,Vitamina D y K,gid://shopify/TaxonomyCategory/hb-1-9-6-9-5,Vitamin D,vitamina-VIT_D,alta,no,
9999950250305,vitamina-d-1000-ui-120-veg-capsules,Vitamina D2 1000 IU de Now | Apoyo huesos e inmunidad | 120 cápsulas,Vitaminate,ACTIVE,duracion 120,,,Vitamina D y K,gid://shopify/TaxonomyCategory/hb-1-9-6-9-5,Vitamin D,ai: Vitamina D2 única,alta,si,no
9597715841345,vitamina-d2-1000-ui-de-now-foods-apoyo-para-huesos-y-sistema-inmunologico-120-capsulas-vegetarianas,Vitamina D2 1000 UI de NOW Foods | Apoyo para Huesos y Sistema Inmunológico |  120 Cápsulas vegetarianas,OLSEGO GROUP,ACTIVE,+18 Años | Adultos | articulaciones y cartílago | descuento-10 | duracion 120 | Fortalecimiento de huesos | Indiferente | NOW Foods | Sin azúcar | Sin gluten | Sin lactosa | Sistema inmunitario | Vegano | Vegetariano | vitamina-d | Vitaminas,,,Vitamina D y K,gid://shopify/TaxonomyCategory/hb-1-9-6-9-5,Vitamin D,ai: Vitamina D2 1000 UI única,alta,si,no
9982184358209,vitamina-d3-5000-iu-natsa-contribuye-al-mantenimiento-de-huesos-fuertes-300-capsulas-blandas,Vitamina D3  5000 IU Natsa | Contribuye al mantenimiento de huesos fuertes | 300 cápsulas blandas,Natsa,ACTIVE,duracion 150 | vitadeals,,,Vitamina D y K,gid://shopify/TaxonomyCategory/hb-1-9-6-9-5,Vitamin D,vitamina-VIT_D,alta,no,
10238580916545,vitamina-d3-c-zinc-de-bioflora-35-capsulas,"Vitamina D3 + C + Zinc de Bioflora | Apoya el sistema inmune, respuesta al estrés oxidativo | 35 cápsulas",Bioflora,ACTIVE,,,,Defensas e inmunidad,gid://shopify/TaxonomyCategory/hb-1-9-6,Vitamins & Supplements,"ai: Combinación D3, C y zinc con enfoque inmune",media,si,no
9884896493889,vitamina-d3-k2-ivb-wellness-lab-soporte-oseo-absorcion-de-calcio-y-salud-cardiovascular-60-capsulas,"Vitamina D3 + K2  | IVB Wellness Lab | Soporte Óseo, Absorción de Calcio y Apoyo Cardiovascular | 60 Cápsulas",OLSEGO GROUP,ACTIVE,duracion 60 | PRO | vitadeals,,,Vitamina D y K,gid://shopify/TaxonomyCategory/hb-1-9-6-9-5,Vitamin D,ai: Vitamina D3 con K2,alta,si,no
9650861080897,vitamina-d3-k2-20mcg-bio-dk-de-bioptimizado-vitaminas-esenciales-para-la-funcion-osea-y-cardiovascular-ademas-del-apoyo-a-nivel-inmunitario-gotero-de-30ml,Vitamina D3 + K2 20mcg Bio-DK de Bioptimizado | Vitaminas esenciales para la función ósea y cardiovascular además del apoyo a nivel Inmunitario | Gotero de 30ml,Nutrasana,ACTIVE,+18 Años | Adultos | Bioptimizado | descuento-20 | duracion 30 | Indiferente | PRO | Sin azúcar | Sin gluten | Sin lactosa | Sistema cardiovascular | Sistema inmunitario | Vegetariano | vitadeals | Vitamina D3 + K2 | vitamina-d-3-k-2 | Vitaminas,,,Multivitamínicos,gid://shopify/TaxonomyCategory/hb-1-9-6-7,Multivitamin Supplements,multi-vitamina-VIT_D+VIT_K,alta,no,
10236210708801,vitamina-d3-k2-cellx-gotas-30-ml-alta-absorcion,Vitamina D3 + K2 Alta absorción de CellX | Favorece metabolismo del calcio | gotas 30 ml,Cellx,ACTIVE,PRO | vitadeals,,,Vitamina D y K,gid://shopify/TaxonomyCategory/hb-1-9-6-9-5,Vitamin D,ai: Gotas de vitamina D3 con K2,alta,si,no
10020728537409,vitamina-d3-k2-de-birdman-funcion-inmune-150-capsulas,Vitamina D3 + K2 de Birdman | Función Inmune | 150 Cápsulas,Birdman,ACTIVE,,,,Multivitamínicos,gid://shopify/TaxonomyCategory/hb-1-9-6-7,Multivitamin Supplements,multi-vitamina-VIT_D+VIT_K,alta,no,
9999946875201,d3-k2-spray-organico-1-fl-oz-30ml-mary-ruth-s,Vitamina D3 + K2 vegana de MaryRuth’s | Apoya la salud del sistema inmunológico | 30 ml,Vitaminate,ACTIVE,,,,Multivitamínicos,gid://shopify/TaxonomyCategory/hb-1-9-6-7,Multivitamin Supplements,multi-vitamina-VIT_D+VIT_K,alta,no,
9597886071105,vitamina-d3-10-000-ui-de-now-foods-apoyo-del-sistema-inmunitario-y-osea-240-capsulas-blandas,Vitamina D3 10.000 UI de NOW Foods | Apoyo del Sistema Inmunitario y Ósea | 240 cápsulas blandas,OLSEGO GROUP,ACTIVE,+18 Años | Adultos | articulaciones y cartílago | duracion 240 | Fortalecimiento de huesos | Indiferente | NOW Foods | PRO | Sin azúcar | Sin gluten | Sin lactosa | Sistema inmunitario | Vegano | Vegetariano | vitadeals | vitamina-d | Vitaminas,,,Vitamina D y K,gid://shopify/TaxonomyCategory/hb-1-9-6-9-5,Vitamin D,vitamina-VIT_D,alta,no,
9899449483585,vitamina-d3-10-000-ui-de-now-foods-apoyo-del-sistema-inmunitario-y-osea-240-capsulas-blandas-copia,Vitamina D3 10.000 UI de NOW Foods | Apoyo del Sistema Inmunitario y Ósea | 30 y 120 cápsulas blandas,OLSEGO GROUP,ACTIVE,+18 Años | Adultos | articulaciones y cartílago | descuento-25 | duracion 60 | Fortalecimiento de huesos | Indiferente | NOW Foods | PRO | Sin azúcar | Sin gluten | Sin lactosa | Sistema inmunitario | Vegano | Vegetariano | vitadeals | vitamina-d | Vitaminas,,,Vitamina D y K,gid://shopify/TaxonomyCategory/hb-1-9-6-9-5,Vitamin D,vitamina-VIT_D,alta,no,
9999950184769,vitamina-d3-1000-iu-180-masticables,Vitamina D3 1000 IU de Now | Apoya del sistema inmune| 180 Cápsulas Masticables,Vitaminate,ACTIVE,duracion 180,,,Vitamina D y K,gid://shopify/TaxonomyCategory/hb-1-9-6-9-5,Vitamin D,vitamina-VIT_D,alta,no,
9598617780545,vitamina-d3-125mcg-5000-ui-de-life-extension-fortalece-el-sistema-oseo-y-el-sistema-inmunologico-60-capsulas-blandas,Vitamina D3 125mcg 5000 UI de Life Extension | Fortalece el Sistema Óseo y el Sistema Inmunológico  | 60 cápsulas blandas,Vitaminate,ACTIVE,+18 Años | Adultos | articulaciones y cartílago | descuento-10 | duracion 60 | Fortalecimiento de huesos | Indiferente | Life Extension | Potenciar la energía | PRO | Sin azúcar | Sin gluten | Sin lactosa | Sistema inmunitario | Vegano | Vegetariano | vitamina-d | Vitaminas,,,Vitamina D y K,gid://shopify/TaxonomyCategory/hb-1-9-6-9-5,Vitamin D,vitamina-VIT_D,alta,no,
9651472793921,vitamina-d3-1500mg-por-porcion-de-flow-supplement-apoyo-de-la-funcion-osea-y-dental-que-contribuye-a-la-absorcion-de-calcio-90-capsulas-vegetales,"Vitamina D3 1500mg por porción de Flow Supplement | Apoyo de la función Ósea y Dental, que contribuye a la absorción de calcio | 90 cápsulas vegetales",Flow Supplements,ACTIVE,+18 Años | Adultos | descuento-15 | duracion 30 | Flow Supplement | Indiferente | Keto | Sin azúcar | Sin gluten | Sistema cardiovascular | Sistema inmunitario | vitadeals | Vitamina D3 | vitamina-d | Vitaminas,,,Vitamina D y K,gid://shopify/TaxonomyCategory/hb-1-9-6-9-5,Vitamin D,ai: Vitamina D3 única en cápsulas,alta,si,no
9604296573249,vitamina-d3-25mcg-1000-ui-de-life-extension-fortalecimiento-de-huesos-dientes-y-del-sistema-inmunologico-250-capsulas-blandas,"Vitamina D3 25mcg 1000 UI de Life Extension | Fortalecimiento de huesos, dientes y del sistema Inmunológico | 250 cápsulas blandas",Vitaminate,ACTIVE,+18 Años | Adultos | descuento-15 | duracion 250 | Indiferente | Life Extension | Recuperación y regeneración muscular | Sin azúcar | Sin gluten | Sin lactosa | Sistema inmunitario | Vegano | Vegetariano | vitamina-d | Vitaminas,,,Vitamina D y K,gid://shopify/TaxonomyCategory/hb-1-9-6-9-5,Vitamin D,vitamina-VIT_D,alta,no,
9639022592321,vitamina-d3-400-ui-aceite-de-cartamo-0-25g-activa-de-wu-nutrition-contribuye-a-fortalecer-los-huesosy-mantener-un-sistema-inmunologico-saludable-250-capsulas-vegetales,Vitamina D3 400 UI + Aceite de Cártamo 0.25g Activa de WU Nutrition  | Contribuye a fortalecer los huesosy mantener un sistema inmunológico saludable | 250 cápsulas vegetales,WU Nutrition,ACTIVE,+18 Años | aceite-de-cartamo | Adultos | duracion 50 | Indiferente | Potenciar la energía | Sin azúcar | Sin gluten | Sistema cardiovascular | Sistema inmunitario | Vitamina D3 | WU Nutrition | Ácidos grasos y omegas,,,Vitamina D y K,gid://shopify/TaxonomyCategory/hb-1-9-6-9-5,Vitamin D,vitamina-VIT_D,alta,no,
9633426309441,vitamina-d3-400-ui-10mcg-de-swanson-apoyo-para-la-absorcion-de-calcio-asegurando-que-el-cuerpo-utilice-eficientemente-este-mineral-crucial-para-la-funcion-sea-250-capsulas-vegetales,Vitamina D3 400 UI de Swanson | Favorece la absorción de calcio en el cuerpo | 250 cápsulas,Superlabs,ACTIVE,+18 Años | Adultos | descuento-25 | duracion 250 | Indiferente | Recuperación y regeneración muscular | Sin azúcar | Sin gluten | Sin lactosa | Sistema inmunitario | Swanson | Vegano | Vegetariano | Vitamina D3 | vitamina-d | Vitaminas,,,Vitamina D y K,gid://shopify/TaxonomyCategory/hb-1-9-6-9-5,Vitamin D,ai: Vitamina D3 400 UI única,alta,si,no
9619225674049,vitamina-d3-5000-ui-125mcg-de-swanson-apoya-la-absorcion-de-calcio-asegurando-que-el-cuerpo-utilice-eficientemente-este-mineral-crucial-para-la-funcion-osea-250-capsulas-blandas-vegetales,"Vitamina D3 5000 UI 125mcg de Swanson | Apoya la absorción de calcio, asegurando que el cuerpo utilice eficientemente este mineral crucial para la función ósea | 250 cápsulas blandas vegetales",Vitaminate,ACTIVE,+18 Años | Adultos | articulaciones y cartílago | descuento-10 | duracion 250 | Fortalecimiento de huesos | Indiferente | PRO | Sin azúcar | Sin gluten | Sin lactosa | Sistema inmunitario | Swanson | Vegano | Vegetariano | vitamina-d | Vitaminas,,,Vitamina D y K,gid://shopify/TaxonomyCategory/hb-1-9-6-9-5,Vitamin D,ai: Vitamina D3 5000 UI única,alta,si,no
9978783826241,vitamina-d3-5000-ui-briah-mejora-la-absorcion-de-calcio-y-fosforo-60-capsulas-blandas,"Vitamina D3 5000 UI Briah | Mejora la absorción de calcio y fósforo,  | 60 cápsulas blandas",OLSEGO GROUP,ACTIVE,duracion 60,,,Vitamina D y K,gid://shopify/TaxonomyCategory/hb-1-9-6-9-5,Vitamin D,ai: Vitamina D3 5000 UI única,alta,si,no
9599592300865,vitamina-d3-5000-ui-de-now-foods-apoyo-para-la-funcion-osea-y-sistema-inmunitario-120-gomitas-masticables-vegetarianas,Vitamina D3 5000 UI de NOW Foods | Apoyo para la función Ósea y Sistema Inmunitario | 120 gomitas masticables vegetarianas,OLSEGO GROUP,ACTIVE,+18 Años | Adultos | articulaciones y cartílago | descuento-25 | duracion 120 | Fortalecimiento de huesos | Indiferente | Keto | NOW Foods | PRO | Sin azúcar | Sin gluten | Sin lactosa | Sistema inmunitario | Vegano | Vegetariano | vitadeals | vitamina-d | Vitaminas,,,Vitamina D y K,gid://shopify/TaxonomyCategory/hb-1-9-6-9-5,Vitamin D,vitamina-VIT_D,alta,no,
9990455132481,vitamina-d3-5000-ui-support-de-nutriadn-apoyo-oseo-e-inmunologico-60-capsulas,Vitamina D3 5000 UI Support de NutriADN | Apoyo óseo e inmunológico | 60 cápsulas,NutriADN,ACTIVE,duracion 60 | PRO | vitadeals,,,Vitamina D y K,gid://shopify/TaxonomyCategory/hb-1-9-6-9-5,Vitamin D,vitamina-VIT_D,alta,no,
10090688840001,vitamina-d3,Vitamina D3 5000 UI | Apoyo óseo y funcion muscular | 100 Cápsulas,Superlabs,ACTIVE,,,,Vitamina D y K,gid://shopify/TaxonomyCategory/hb-1-9-6-9-5,Vitamin D,vitamina-VIT_D,alta,no,
9932455215425,desol-de-youmatter-vitamina-d3-frasco-con-52ml,Vitamina D3 Desol de Matter | Fortalece Huesos y Sistema Inmune | Frasco con 52ml,You Matter,ACTIVE,descuento-25,,,Vitamina D y K,gid://shopify/TaxonomyCategory/hb-1-9-6-9-5,Vitamin D,vitamina-VIT_D,alta,no,
9999947137345,vitamina-d3-sabor-limon-fresa-y-naranja-60-gomitas-mary-ruth-s,"Vitamina D3 en Gomitas, MaryRuth’s | Huesos y Dientes Fuertes | 60 Gomitas",Vitaminate,ACTIVE,duracion 60,,,Vitamina D y K,gid://shopify/TaxonomyCategory/hb-1-9-6-9-5,Vitamin D,vitamina-VIT_D,alta,no,
10238567874881,vitamina-d3-k2-desol-k-de-matter-fortalece-huesos-y-sistema-inmune-frasco-con-52ml,Vitamina D3 K2 Desol-K de Matter | Fortalece Huesos y Sistema Inmune | Frasco con 30ml,You Matter,ACTIVE,PRO,,,Multivitamínicos,gid://shopify/TaxonomyCategory/hb-1-9-6-7,Multivitamin Supplements,multi-vitamina-VIT_D+VIT_K,alta,no,
9615623160129,vitamina-d3-liquida-500ui-de-childlife-fortalece-los-huesos-y-apoya-el-sistema-inmunologico-gotero-de-30ml-sabor-a-bayas,Vitamina D3 Líquida 500UI de Child'Life | Fortalece los huesos y Apoya el Sistema Inmunológico | Gotero de 30ml Sabor a Bayas,Vitaminate,ACTIVE,0 a 3 Años | Child Life | descuento-10 | duracion 30 | Indiferente | Niños | Sin azúcar | Sin gluten | Sin lactosa | Sistema inmunitario | Vegano | Vegetariano | vitamina-d | Vitaminas,Vitamina,,Vitamina D y K,gid://shopify/TaxonomyCategory/hb-1-9-6-9-5,Vitamin D,vitamina-VIT_D,alta,no,
9999947694401,vitamina-d3-para-ninos-organica-liquida-0-5-fl-oz-15ml-mary-ruth-s,Vitamina D3 Líquida Orgánica para Niños de MaryRuth’s | Apoyo huesos e inmunidad | 15 ml,Vitaminate,ACTIVE,duracion 30 | vitadeals,,,Vitamina D y K,gid://shopify/TaxonomyCategory/hb-1-9-6-9-5,Vitamin D,vitamina-VIT_D,alta,no,
9615328772417,vitamina-d3-organica-400-iu-por-gota-de-child-life-apoyo-del-sistema-inmunitario-para-ninos-liquido-de-6-25-ml-sabor-a-bayas-naturales,Vitamina D3 Orgánica 400 IU por gota de Child Life | Apoyo del Sistema Inmunitario para Niños | Liquido de 6.25 ml Sabor a Bayas Naturales,Vitaminate,ACTIVE,0 a 3 Años | Child Life | descuento-10 | duracion 30 | Indiferente | Niños | Sin azúcar | Sin gluten | Sin lactosa | Sistema inmunitario | Vegano | Vegetariano | vitamina-d | Vitaminas,,,Vitamina D y K,gid://shopify/TaxonomyCategory/hb-1-9-6-9-5,Vitamin D,vitamina-VIT_D,alta,no,
9999948349761,vitamina-d3-organico-liquido-1-fl-oz-30-ml-mary-ruth-s,Vitamina D3 Vegana Spray Líquido de MaryRuth’s | Apoya el sistema inmune| 30 ml,Vitaminate,ACTIVE,duracion 30,,,Vitamina D y K,gid://shopify/TaxonomyCategory/hb-1-9-6-9-5,Vitamin D,vitamina-VIT_D,alta,no,
9635093807425,vitamina-d3-y-calcio-alive-gomas-de-fruta-con-mezcla-de-vegetales-orchard-100mg-soporte-oseo-e-inmunologico-60-gominolas,Vitamina D3 y Calcio Alive! Gomas de Fruta con Mezcla de Vegetales Orchard 100mg | Soporte Óseo e Inmunológico | 60 Gominolas,Vitaminate,ACTIVE,+18 Años | Adultos | Antioxidantes | articulaciones y cartílago | Calcio | descuento-10 | duracion 30 | Fortalecimiento de huesos | Indiferente | Natures Way | Sin azúcar | Sin gluten | Sin lactosa | Sistema inmunitario | Vegano | Vegetariano | Vitamina D3 | vitamina-d | Vitaminas,,,Calcio,gid://shopify/TaxonomyCategory/hb-1-9-6-6-1,Calcium,ai: Gomitas de calcio con vitamina D3 para soporte óseo,media,si,no
9624133861697,vitamina-d3-y-k2-con-aceite-de-aguacate-linaza-y-germen-de-trigo-650mg-por-capsula-de-silvia-strauss-disenado-para-contribuir-en-la-funcion-osea-y-apoyar-la-absorcion-de-calcio-en-el-organismo-110-capsulas-vegetales,"Vitamina D3 y K2 con Aceite de aguacate, Linaza y Germen de Trigo 650mg de Silvia Strauss | 110 cápsulas vegetales",Silvia Strauss,ACTIVE,+18 Años | Adultos | descuento-15 | duracion 110 | Indiferente | Silvia Strauss | Sin lactosa | Sistema cardiovascular | Sistema inmunitario | Vegano | vitadeals | vitamina-d-3-k-2 | Vitaminas,,,Multivitamínicos,gid://shopify/TaxonomyCategory/hb-1-9-6-7,Multivitamin Supplements,multi-vitamina-VIT_D+VIT_K,alta,no,
9655041982785,vitamina-d3-k2-500mg-con-extracto-de-baya-de-flow-supplement-apoyo-de-la-funcion-cardiovascular-e-inmunologica-90-capsulas-vegetales,Vitamina D3+K2 500mg con extracto de baya de Flow Supplement | Apoyo de la función cardiovascular e Inmunológica | 90 cápsulas vegetales,Flow Supplements,ACTIVE,+18 Años | Adultos | descuento-20 | duracion 90 | Flow Supplement | Indiferente | Keto | PRO | Sin azúcar | Sin gluten | Sistema cardiovascular | Sistema inmunitario | vitadeals | Vitamina D3 + K2 | vitamina-d-3-k-2 | Vitaminas,,,Multivitamínicos,gid://shopify/TaxonomyCategory/hb-1-9-6-7,Multivitamin Supplements,multi-vitamina-VIT_D+VIT_K,alta,no,
9604135158081,vitamina-d3-calcio-magnesio-y-zinc-en-liquido-de-childlife-essentials-apoya-el-desarrollo-de-huesos-y-dientes-fuertes-473ml-sabor-naranja,"Vitamina D3, Calcio, Magnesio y Zinc en líquido de ChildLife Essentials | Apoya el desarrollo de huesos y dientes fuertes | 473ml Sabor Naranja",Vitaminate,ACTIVE,0 a 3 Años | Child Life | citrato-de-calcio | descuento-10 | duracion 60 | Indiferente | Minerales | Niños | Salud infantil | Sin azúcar | Sin gluten | Sin lactosa | Vegano | Vegetariano,Vitamina,,Suplementos para niños,gid://shopify/TaxonomyCategory/hb-1-9-6-6-4,Multimineral Supplements,"ai: Líquido infantil con calcio, magnesio, zinc y D3",media,si,no
9999950971201,vitamin-e-1000-mixed-tocopherols-50-softgels,Vitamina E 1000 IU de Now | Antioxidante natural |50 Cápsulas,Vitaminate,ACTIVE,duracion 50 | PRO,,,Vitamina A y E,gid://shopify/TaxonomyCategory/hb-1-9-6-9-6,Vitamin E,vitamina-VIT_E,alta,no,
9982185701697,vitamina-e-400-iu-natsa-complementa-rutinas-de-bienestar-antioxidante-100-capsulas-blandas,Vitamina E 400 IU  Natsa | Complementa rutinas de bienestar antioxidante  | 100 cápsulas blandas,Natsa,ACTIVE,duracion 50,,,Vitamina A y E,gid://shopify/TaxonomyCategory/hb-1-9-6-9-6,Vitamin E,vitamina-VIT_E,alta,no,
9999946907969,vitamina-e-organica-liquida-2-fl-oz-60ml-mary-ruth-s,"Vitamina E líquida MaryRuth’s | Bienestar de piel, cabello y uñas  | Gotas 60 ml",Vitaminate,ACTIVE,,,,Vitamina A y E,gid://shopify/TaxonomyCategory/hb-1-9-6-9-6,Vitamin E,vitamina-VIT_E,alta,no,
9966740570433,natural-e-de-matter-vitamina-e-60-capsulas,"Vitamina E, Natural E de Matter | Apoya la hidratación y elasticidad de la piel | 60 Cápsulas",You Matter,ACTIVE,vitadeals,,,Vitamina A y E,gid://shopify/TaxonomyCategory/hb-1-9-6-9-6,Vitamin E,vitamina-VIT_E,alta,no,
9999950938433,vitamin-e-200-134mg-con-tocoferoles-100-softgels,"Vitamina E-200 de Now Foods | Protección de la piel, sistema inmune | 100 Cápsulas blandas",Vitaminate,ACTIVE,duracion 100 | PRO,,,Vitamina A y E,gid://shopify/TaxonomyCategory/hb-1-9-6-9-6,Vitamin E,vitamina-VIT_E,alta,no,
9618600657217,vitamina-e-400-iu-d-alfa-tocoferol-derivado-de-plantas-de-now-foods-apoya-la-funcion-inmune-100-capsulas-blandas,"Vitamina E-400 IU, D-Alfa Tocoferol, Derivado de Plantas de NOW Foods | Apoya la función inmune | 100 Cápsulas Blandas",OLSEGO GROUP,ACTIVE,+18 Años | Adultos | descuento-20 | duracion 100 | Indiferente | NOW Foods | PRO | Sin azúcar | Sin gluten | Sin lactosa | Sistema cardiovascular | Sistema inmunitario | Vegano | Vegetariano | vitamina-e | Vitaminas,,,Vitamina A y E,gid://shopify/TaxonomyCategory/hb-1-9-6-9-6,Vitamin E,vitamina-VIT_E,alta,no,
9618643714369,vitamina-k-2-100-mcg-de-now-foods-soporte-oseo-forma-biologicamente-activa-menaquinona-4-mk-4-metabolismo-del-calcio-100-capsulas-vegetales,"Vitamina K-2 100 mcg de NOW Foods - Soporte Óseo, Forma Biológicamente Activa Menaquinona-4 (MK-4), Metabolismo del Calcio | 100 Cápsulas Vegetales",Vitaminate,ACTIVE,+18 Años | Adultos | descuento-15 | duracion 100 | Indiferente | NOW Foods | Sin azúcar | Sin gluten | Sin lactosa | Sistema cardiovascular | Vegano | Vegetariano | vitamina-k | Vitaminas,,,Vitamina D y K,gid://shopify/TaxonomyCategory/hb-1-9-6-9-7,Vitamin K,ai: Vitamina K2 MK-4 única,alta,si,no
9621454684481,vitamina-k2-100-mcg-de-swanson-esencial-para-la-correcta-coagulacion-sanguinea-y-para-prevenir-la-calcificacion-arterial-ayudando-a-mantener-las-arterias-saludables-30-capsulas-vegetales,"Vitamina K2 100 mcg de Swanson | Esencial para la correcta coagulación sanguínea y para prevenir la calcificación arterial, ayudando a mantener las arterias saludables | 30 cápsulas vegetales",Superlabs,ACTIVE,+18 Años | Adultos | descuento-25 | duracion 30 | Indiferente | Sin azúcar | Sin gluten | Sin lactosa | Sistema cardiovascular | Swanson | Vegetariano | vitamina-k | Vitaminas,,,Vitamina D y K,gid://shopify/TaxonomyCategory/hb-1-9-6-9-7,Vitamin K,vitamina-VIT_K,alta,no,
9715979714881,vitamina-k2-50-mcg-de-swanson-esencial-para-la-correcta-coagulacion-sanguinea-y-para-prevenir-la-calcificacion-arterial-ayudando-a-mantener-las-arterias-saludables-30-capsulas-blandas-vegetales,"Vitamina K2 50 mcg de Swanson | Esencial para la correcta coagulación sanguínea y para prevenir la calcificación arterial, ayudando a mantener las arterias saludables | 30 cápsulas blandas vegetales",Superlabs,ACTIVE,+18 Años | Adultos | descuento-20 | duracion 30 | Indiferente | PRO | Sin azúcar | Sin gluten | Sin lactosa | Sistema cardiovascular | Swanson | Vegetariano | vitamina-k | Vitaminas,,,Vitamina D y K,gid://shopify/TaxonomyCategory/hb-1-9-6-9-7,Vitamin K,vitamina-VIT_K,alta,no,
9615344140609,vitamina-k2-organica-5mcg-por-gota-de-child-life-contribuye-al-desarrollo-y-fortalecimiento-de-los-huesos-liquido-de-7-5-ml-sabor-natural-a-bayas,Vitamina K2 Orgánica 5mcg por gota de Child Life | Contribuye al desarrollo y fortalecimiento de los huesos | Liquido de 7.5 ml Sabor Natural a Bayas,Vitaminate,ACTIVE,0 a 3 Años | Child Life | descuento-10 | duracion 30 | Indiferente | Niños | Sin azúcar | Sin gluten | Sin lactosa | Vegano | Vegetariano | vitamina-k | Vitaminas,Vitamina,,Vitamina D y K,gid://shopify/TaxonomyCategory/hb-1-9-6-9-7,Vitamin K,vitamina-VIT_K,alta,no,
9606724550977,vitaminas-a-c-d-e-calcio-magnesio-yodo-zinc-inositol-vitaminas-del-complejo-b-multivitaminico-para-ninos-4g-de-suluu-240g-en-60-gomitas-sabor-fruta,"Vitaminas A, C, D, E, Calcio, Magnesio, Yodo, Zinc, Inositol, Vitaminas del complejo B - Multivitamínico para niños 4g de Súluu | 240g en 60 gomitas sabor Fruta",Súluu,ACTIVE,3 a 10 Años | duracion 30 | Indiferente | Niños | Salud infantil | Sin lactosa | Sistema inmunitario | Súluu | Vegetariano | vitadeals | vitamina-a | Vitaminas,,,Suplementos para niños,gid://shopify/TaxonomyCategory/hb-1-9-6-7,Multivitamin Supplements,ai: Multivitamínico infantil en gomitas con vitaminas y minerales,alta,no,no
9635947020609,vitaminas-b-multivitaminico-para-mujeres-50-energia-y-fortalecimiento-oseo-130-gomitas-de-alive-natures-way,"Vitaminas B, Multivitamínico para Mujeres 50+ | Energía y Fortalecimiento Óseo | 130 Gomitas de  Alive! Nature's Way",Vitaminate,ACTIVE,+18 Años | Adultos | Antioxidantes | Boro | Calcio | complejo-vitamina-b | duracion 65 | Luteína | Mujer | Multivitaminicos para mujer | Natures Way | Potenciar la energía | Salud femenina | Sin azúcar | Sin gluten | Sin lactosa | Sistema inmunitario | Vegano | Vegetariano | Vitamina A (Retinol) | Vitamina B1 (Tiamina) | Vitamina B12 | Vitamina B5 (Ácido pantoténico) | Vitamina B9 (Ácido fólico) | Vitamina C | Vitamina D3 | Vitamina E | Vitaminas | Yodo | Zinc,,,Multivitamínicos,gid://shopify/TaxonomyCategory/hb-1-9-6-7,Multivitamin Supplements,multivitaminico-explicito,alta,no,
9795074163009,vitaminas-b3-b6-d3-colina-magnesio-y-mezcla-patentada-de-michaels-health-elaborado-para-promover-el-metabolismo-saludable-del-colesterol-90-tabletas-vegetarianas,"Vitaminas B3, B6, D3, Colina, Magnesio y Mezcla Patentada de Michael's Health | Elaborado para promover el metabolismo saludable del colesterol | 90 tabletas vegetarianas",Vitaminate,ACTIVE,duracion 15,,,Salud cardiovascular y circulación,gid://shopify/TaxonomyCategory/hb-1-9-6,Vitamins & Supplements,"ai: Combinado de vitaminas, colina y magnesio para metabolismo del colesterol",media,si,no
9795187441985,vitaminas-b6-d3-hawthorn-berry-flor-de-lupulo-calcio-y-citrato-magnesio-de-michaels-health-factores™-de-presion-arterial-sistema-cardiovascular-60-capsulas-veganas,"Vitaminas B6, D3, Hawthorn Berry, Flor de Lúpulo, Calcio y Citrato Magnesio de Michael's Health | Factores™ de Presión Arterial - Sistema Cardiovascular  | 60 Cápsulas Veganas",Vitaminate,ACTIVE,descuento-10,,,Salud cardiovascular y circulación,gid://shopify/TaxonomyCategory/hb-1-9-6,Vitamins & Supplements,ai: Fórmula con hawthorn y minerales para apoyo de presión arterial,media,si,no
9733159780673,vitaminas-complejo-b-c-d-a-multivitaminico-matutino-de-mary-ruths-apoya-la-energia-el-sistema-inmunologico-y-el-bienestar-general-liquidos-946-y-450ml-sabor-ponche-de-frutas-y-frambuesa,"Vitaminas Complejo B, C,D,A - Multivitamínico Matutino de Mary Ruth's | Apoya la energía, el sistema inmunológico y el bienestar general | Líquidos 946 y 450ml Sabor Ponche de Frutas y Frambuesa",Vitaminate,ACTIVE,3 a 10 Años | Cuidado del cabello | duracion 30 | Indiferente | MaryRuth's | Niños | piel y uñas | Potenciar la energía | PRO | Salud infantil | Sin azúcar | Sin gluten | Sin lactosa | Sistema inmunitario | Vegano | Vitaminas,,,Multivitamínicos,gid://shopify/TaxonomyCategory/hb-1-9-6-7,Multivitamin Supplements,multivitaminico-explicito,alta,no,
9602980774209,vitaminas-d-y-k-con-complejo-de-yodo-marino-de-life-extension-fortalecimiento-oseo-e-inmune-60-capsulas-vegetarianas,Vitaminas D y K con Complejo de Yodo Marino de Life Extension | Fortalecimiento Óseo e Inmune | 60 cápsulas vegetarianas,OLSEGO GROUP,ACTIVE,+18 Años | Adultos | descuento-25 | duracion 60 | Indiferente | Life Extension | PRO | Sin azúcar | Sin gluten | Sin lactosa | Sistema cardiovascular | Sistema inmunitario | Vegano | Vegetariano | vitamina-k | Vitaminas,,,Vitamina D y K,gid://shopify/TaxonomyCategory/hb-1-9-6-9-5,Vitamin D,ai: Vitaminas D y K con yodo; protagonista vitamina D,media,si,no
9621663744321,vitaminas-del-complejo-b-colina-inositol-paba-de-swanson-apoya-un-metabolismo-saludable-con-energia-y-vitalidad-100-y-250-capsulas-vegetales,"Vitaminas del complejo B + Colina + Inositol + PABA de Swanson | Apoya un metabolismo saludable, con energía y vitalidad | 100 y 250 cápsulas vegetales",Superlabs,ACTIVE,+18 Años | Adultos | complejo-vitamina-b | duracion 100 | Indiferente | Potenciar la energía | Salud cognitiva | Sin azúcar | Sin gluten | Sin lactosa | Sistema cardiovascular | Sistema inmunitario | Swanson | Vegetariano | Vitaminas,,,Complejo B y B12,gid://shopify/TaxonomyCategory/hb-1-9-6-9-3,Vitamin B,ai: Complejo B con colina e inositol como cofactores,alta,no,no
9621744550209,vitaminas-del-complejo-b-colina-inositol-paba-de-swanson-promueve-un-metabolismo-saludable-con-energia-y-vitalidad-100-capsulas-vegetales,Vitaminas del complejo B + Colina + Inositol + PABA de Swanson | Promueve un metabolismo saludable con energía y vitalidad | 100 cápsulas vegetales,Superlabs,ACTIVE,+18 Años | Adultos | complejo-vitamina-b | duracion 100 | Indiferente | Potenciar la energía | Salud cognitiva | Sin azúcar | Sin gluten | Sin lactosa | Sistema cardiovascular | Sistema inmunitario | Swanson | Vegetariano | Vitaminas,,,Complejo B y B12,gid://shopify/TaxonomyCategory/hb-1-9-6-9-3,Vitamin B,ai: Complejo B con colina e inositol como cofactores,alta,no,no
9766475399489,vitaminas-del-complejo-b-con-calcio-colina-e-inositol-de-kal-60-tabletas,"Vitaminas del Complejo B con Calcio, Colina e Inositol de KAL | Apoyo Energético | 60 Tabletas",Fresh Vitamins,ACTIVE,descuento-25 | duracion 30,,,Complejo B y B12,gid://shopify/TaxonomyCategory/hb-1-9-6-9-3,Vitamin B,"ai: Complejo B en tabletas con calcio, colina e inositol",alta,si,no
9606745063745,vitaminas-del-complejo-b-calcio-hierro-y-vitamina-c-d-y-k-4g-de-suluu-disenado-con-el-fin-de-promover-la-fortaleza-del-sistema-inmune-de-la-mujer-240g-en-60-gomitas-sabor-fresa-mango,"Vitaminas del complejo B, Calcio, Hierro y Vitamina C, D y K 4g de Súluu | Diseñado con el fin de promover la fortaleza del sistema inmune de la mujer | 240g en 60 gomitas sabor Fresa - Mango",Súluu,ACTIVE,+18 Años | Adultos | duracion 30 | Mujer | Potenciar la energía | Salud femenina | Sin lactosa | Sistema cardiovascular | Sistema inmunitario | Súluu | Vegetariano | vitadeals | vitamina-b-6 | Vitaminas,,,Multivitamínicos,gid://shopify/TaxonomyCategory/hb-1-9-6-7,Multivitamin Supplements,"ai: Gomitas con múltiples vitaminas y minerales, sin protagonista",alta,si,no
9935938879809,vitaminas-del-complejo-b-alta-absorcion-300-capsulas,"Vitaminas del complejo B, GABA, Colina y Vitamina C - Vitamin B  Infinity Eternal Nutrition | Apoya la producción natural de energía celular | 300 cápsulas",Eternal,ACTIVE,duracion 300 | PRO,,,Multivitamínicos,gid://shopify/TaxonomyCategory/hb-1-9-6-7,Multivitamin Supplements,multi-vitamina-VIT_B+VIT_C,alta,no,
10022674432321,harmony-de-reset-90-capsulas,"Vitex Agnus Castus, DIM, isoflavonas de soya, selenio y vitamina B9 | Harmony+ de Reset | 90 Cápsulas",Reset,ACTIVE,,,,Bienestar femenino y menopausia,gid://shopify/TaxonomyCategory/hb-1-9-6-5,Herbal Supplements,"ai: Vitex, DIM e isoflavonas para equilibrio hormonal femenino",alta,si,no
10130871550273,vitex-agnus-castus-0-5-commons-extracto-en-polvo-50-g,Vitex agnus-castus 0.5% de Commons | Contribuye al bienestar del ciclo menstrual | Polvo 50 g,Commons,ACTIVE,vitadeals,,,Bienestar femenino y menopausia,gid://shopify/TaxonomyCategory/hb-1-9-6-5,Herbal Supplements,"ai: Extracto de Vitex agnus-castus en polvo, ciclo menstrual",alta,si,no
10133029519681,vitex-agnus-castus-commons-apoyo-hormonal-120-capsulas,Vitex agnus-castus Commons | Apoya el equilibrio hormonal femenino | 120  cápsulas,Commons,ACTIVE,vitadeals,,,Bienestar femenino y menopausia,gid://shopify/TaxonomyCategory/hb-1-9-6-5,Herbal Supplements,"ai: Vitex agnus-castus en cápsulas, equilibrio hormonal",alta,si,no
9686451814721,v-agnus-castus-500mg-de-adapto-heal-vtx-disenado-para-apoyar-la-funcion-hormonal-y-el-bienestar-femenino-150-capsulas-vegetales,Vitex VTX  500 mg  Adaptoheal  | Bienestar femenino | 150 cápsulas Vegetales,AdaptoHeal,ACTIVE,+18 Años | AdaptoHeal | Adultos | Hierbas | Mujer | PRO | Salud femenina | Sin azúcar | Sin gluten | Sin lactosa | Suplementos herbales | V. agnus-castus | Vegano | vitadeals | Vitex agnus castus,,,Bienestar femenino y menopausia,gid://shopify/TaxonomyCategory/hb-1-9-6-5,Herbal Supplements,ai: Vitex herbal para bienestar femenino,alta,si,no
9799626916161,vtex-v-agnus-castus-40mg-por-porcion-de-natures-answer-formula-disenada-para-apoyar-el-equilibrio-hormonal-femenino-90-capsulas-veganas,VTEX (V. Agnus Castus) 40mg por porción de Nature's Answer | Formula diseñada para apoyar el equilibrio hormonal femenino | 90 cápsulas veganas,OLSEGO GROUP,ACTIVE,+18 Años | Adultos | descuento-20 | Hierbas | Mujer | Salud femenina | Sin azúcar | Sin gluten | Sin lactosa | Suplementos herbales | V. agnus-castus | Vegano | Vitex agnus castus,,,Bienestar femenino y menopausia,gid://shopify/TaxonomyCategory/hb-1-9-6-5,Herbal Supplements,"ai: Vitex agnus castus herbal, equilibrio hormonal femenino",alta,si,no
9810208424257,whole-body-turmeric-curcumin-c3-complex-de-irwin-naturals-apoyo-integral-con-curcuma-y-curcumina-60-capsulas,Whole-Body Turmeric + Curcumin C3 Complex de Irwin Naturals | Aporta antioxidantes que combaten el estrés oxidativo | 60 Cápsulas,Vitaminate,ACTIVE,,,,Cúrcuma y antiinflamatorios naturales,gid://shopify/TaxonomyCategory/hb-1-9-6-5,Herbal Supplements,ai: Cúrcuma con curcumina C3 Complex,alta,si,no
9945173754177,barra-de-proteina-vegetal-wild-foods,Wild Protein | Barras altas en proteína 15g | Pack de 5 y 16 unidades | Sin azúcares ni grasa añadida,Wild Foods,ACTIVE,duracion 5 | PRO | vitadeals,,,Proteínas en polvo y barras,gid://shopify/TaxonomyCategory/hb-1-9-6-8,Protein Supplements,proteina,alta,no,
9661647585601,multivitaminico-mujer-suplemento-salud-inmune-hormonal,Womens Blend B Life Multivitamínico y Colágeno | Cuidado Femenino | 180 cápsulas,Blife,ACTIVE,+18 Años | Adultos | B-Life | Colágeno Hidrolizado | Complejo Vitamina B | Cuidado del cabello | descuento-15 | duracion 180 | Mujer | Multivitaminicos para mujer | piel y uñas | Potenciar la energía | Sin azúcar | Sin gluten | Sistema inmunitario | Vegetariano | vitadeals | Vitamina C | Vitamina D | Vitamina E | Vitamina K | Vitaminas,,,Colágeno,gid://shopify/TaxonomyCategory/hb-1-9-6-2,Collagen,colageno,alta,no,
9657175146817,womens-mult-matur3-multivitaminico-para-mujeres-40,Womens Mult Matur3 | B-Life | Multivitamínico para Mujeres +40 | 180 cápsulas,Blife,ACTIVE,+18 Años | Adultos | B-Life | Calcio | colageno-hidrolizado | Complejo Vitamina B | descuento-15 | duracion 90 | Inositol | Maca | Mujer | Multivitaminicos para mujer | Potasio | Potenciar la energía | PRO | Probióticos | Sin azúcar | Sin gluten | Sin lactosa | Sistema cardiovascular | Sistema inmunitario | Vegetariano | vitadeals | Vitamina C | Vitamina K | Vitaminas,,,Multivitamínicos,gid://shopify/TaxonomyCategory/hb-1-9-6-7,Multivitamin Supplements,multivitaminico-explicito,alta,no,
9663007949121,maca-isoflavonas-y-name-silvestre-womens-zen-de-b-life-bienestar-femenino-150-capsulas,Womens Zen B Life Maca Isoflavonas y Cohosh Negro | Balance Femenino | 150 cápsulas,Blife,ACTIVE,+18 Años | Adultos | Ansiedad y estrés | Arándano | B-Life | Calcio | Combinados de hierbas | descuento-15 | Hierbas | Isoflavonas | maca | Menopausia | Mujer | Potenciar la energía | PRO | Sin azúcar | Sin gluten | Sin lactosa | Suplementos herbales | Vegetariano | vitadeals | Vitamina B7 (Biotina) | Ñame silvestre,,,Bienestar femenino y menopausia,gid://shopify/TaxonomyCategory/hb-1-9-6-5,Herbal Supplements,"ai: Maca, isoflavonas y cohosh negro para menopausia",alta,si,no
9692197192001,yerba-mate-500mg-de-adapto-heal-bienestar-digestivo-energia-y-control-de-peso-150-capsulas-vegetales,Yerba Mate YBM 500 mg Adaptoheal | Bienestar Digestivo - Energía y Control de peso | 150 Cápsulas Vegetales,AdaptoHeal,ACTIVE,+18 Años | AdaptoHeal | Adultos | Control del peso | Hierbas | Indiferente | Potenciar la energía | Salud digestiva | Sin azúcar | Sin gluten | Sin lactosa | Suplementos herbales | Vegetariano | vitadeals | Yerba mate,,,Hierbas y extractos botánicos,gid://shopify/TaxonomyCategory/hb-1-9-6-5,Herbal Supplements,"ai: Yerba mate herbal, energía y control de peso",alta,si,no
9966693941569,yielpi-1-de-matter-berberina-glucovantage®-picolinato-de-cromo-extracto-de-mora-y-pimienta-negra-30-capsulas,"YIELPI-1 de Matter| Berberina GlucoVantage®, Picolinato de Cromo, Extracto de Mora y Pimienta Negra | 30 Cápsulas",You Matter,ACTIVE,PRO,,,Control de peso y metabolismo,gid://shopify/TaxonomyCategory/hb-1-9-6-5,Herbal Supplements,ai: Berberina y cromo para metabolismo de glucosa,media,si,no
9722518470977,yodo-ionico-225mcg-de-trace-minerals-esencial-para-la-funcion-tiroidea-el-metabolismo-energetico-y-el-bienestar-general-59ml,Yodo Iónico 225mcg de Trace Minerals | Apoyo Metabólico | 59ml,Vitaminate,ACTIVE,+18 Años | Adultos | duracion 295 | Indiferente | Minerales | Potenciar la energía | Salud cognitiva | Sin azúcar | Sin gluten | Sin lactosa | Trace Minerals | Vegano,,,Apoyo tiroideo,gid://shopify/TaxonomyCategory/hb-1-9-6-6,Minerals,"ai: Yodo iónico mineral, apoyo metabólico tiroideo",alta,si,no